customer_id,customer_name,email,gender,city,state,signup_date
C00001,Aditi Shah,aditi.shah2506@gmail.com,Male,Hyderabad,Telangana,2023-02-11
C00002,Vikram Kadam,vikram.kadam7629@gmail.com,Female,Mumbai,Maharashtra,2024-03-22
C00003,Ishaan Malhotra,ishaan.malhotra2693@gmail.com,Male,Nagpur,Maharashtra,2023-08-23
C00004,Raj Sharma,raj.sharma9443@gmail.com,Female,Kochi,Kerala,2024-09-30
C00005,Kavya Mehta,kavya.mehta1679@gmail.com,Male,NAGPUR,Maharashtra,2024-05-12
C00006,Pallavi Saxena,pallavi.saxena8738@gmail.com,Female,Bengaluru,Karnataka,2024-12-12
C00007,Ananya Naik,ananya.naik217@gmail.com,Female,Nashik,Maharashtra,2024-11-29
C00008,Arjun Singh,arjun.singh2516@gmail.com,Male,Delhi,Delhi,2025-07-30
C00009,Isha Chavan,isha.chavan7626@gmail.com,Female,Chennai,Tamil Nadu,2025-09-17
C00010,Priya Banerjee,priya.banerjee4579@outlook.com,Male,HYDERABAD,Telangana,2023-06-27
C00011,Varun Jain,varun.jain5521@gmail.com,Female,nagpur,Maharashtra,2025-02-15
C00012,Priya Iyer,priya.iyer5823@gmail.com,Female,Kolkata,West Bengal,2024-03-10
C00013,Neha Menon,neha.menon9116@gmail.com,Male,Nagpur,Maharashtra,2024-07-19
C00014,Anika Shah,anika.shah8014@yahoo.com,Male,Mysuru,Karnataka,2025-04-12
C00015,Vikram Chavan,vikram.chavan7352@gmail.com,Male,Mysuru,Karnataka,2025-10-02
C00016,Nikhil Shah,nikhil.shah5026@gmail.com,Female,Ahmedabad,Gujarat,2024-05-13
C00017,Nisha Naik,nisha.naik9027@gmail.com,Female,Delhi,Delhi,2025-05-21
C00018,Varun Joshi,varun.joshi3787@gmail.com,Male,Chennai,Tamil Nadu,2024-05-29
C00019,Priya Kulkarni,priya.kulkarni3148@gmail.com,Female,Mysuru,Karnataka,2024-01-15
C00020,Neha Mishra,neha.mishra9787@gmail.com,Male,Nagpur,Maharashtra,2025-12-10
C00021,Kavya Deshmukh,kavya.deshmukh2949@gmail.com,Male,Hyderabad,Telangana,2025-01-09
C00022,Kabir Reddy,kabir.reddy903@yahoo.com,Female,Chennai,Tamil Nadu,2023-04-04
C00023,Deepak Chavan,deepak.chavan1690@gmail.com,Female,indore,Madhya Pradesh,2025-10-02
C00024,Vikram Pillai,vikram.pillai3030@gmail.com,Female,Kolkata,West Bengal,2024-11-28
C00025,Vikram Kulkarni,vikram.kulkarni6575@outlook.com,Male,Indore,Madhya Pradesh,2023-05-14
C00026,Pallavi Chavan,pallavi.chavan2495@gmail.com,Female,Nashik,Maharashtra,2023-04-20
C00027,Anika Shah,anika.shah9943@gmail.com,Female,Mumbai,Maharashtra,2025-05-02
C00028,Tanvi Shetty,tanvi.shetty9652@gmail.com,Female,Kolkata,West Bengal,2024-08-31
C00029,Pallavi Malhotra,pallavi.malhotra3414@gmail.com,Female,Bengaluru,Karnataka,2023-07-23
C00030,Anika Iyer,anika.iyer9053@gmail.com,Male,HYDERABAD,Telangana,2023-12-22
C00031,Aarav Singh,aarav.singh4781@gmail.com,Male,Kolkata,West Bengal,2025-08-20
C00032,Nikhil More,nikhil.more1176@gmail.com,Female,Chennai,Tamil Nadu,2025-07-18
C00033,Raj Kadam,raj.kadam6975@gmail.com,Male,Surat,Gujarat,2024-02-10
C00034,Diya Shetty,diya.shetty1179@gmail.com,Male,Chennai,Tamil Nadu,2023-10-19
C00035,Pooja Malhotra,pooja.malhotra7205@gmail.com,Female,Mysuru,Karnataka,2024-08-14
C00036,Pooja More,pooja.more8209@yahoo.com,Female,Ahmedabad,Gujarat,2024-07-11
C00037,Tanvi Mehta,tanvi.mehta7088@gmail.com,Female,Nagpur,Maharashtra,2023-03-23
C00038,Aditi Mehta,aditi.mehta4425@gmail.com,Male,Hyderabad,Telangana,2023-02-12
C00039,Vikram Naik,vikram.naik4567@gmail.com,Female,Nashik,Maharashtra,2025-06-24
C00040,Yash Mehta,yash.mehta6700@gmail.com,Female,Kolkata,West Bengal,2024-12-13
C00041,Arjun Banerjee,arjun.banerjee6754@outlook.com,Female,Pune,Maharashtra,2024-11-06
C00042,Sameer Das,sameer.das7461@gmail.com,Female,Surat,Gujarat,2023-03-17
C00043,Nandini Kumar,nandini.kumar8441@gmail.com,Female,Mumbai,Maharashtra,2025-04-07
C00044,Shivani Patil,shivani.patil5937@outlook.com,Female,Hyderabad,Telangana,2025-11-27
C00045,Akash Nair,akash.nair4729@outlook.com,Female,Chennai,Tamil Nadu,2023-09-26
C00046,Ayush Sharma,ayush.sharma2604@gmail.com,Male,Nashik,Maharashtra,2024-05-05
C00047,Nisha Singh,nisha.singh1868@outlook.com,Male,Mumbai,Maharashtra,2024-04-05
C00048,Diya Pillai,diya.pillai8347@gmail.com,Female,Kochi,Kerala,2024-08-20
C00049,Vikram Pillai,vikram.pillai9041@gmail.com,Female,Hyderabad,Telangana,2025-07-24
C00050,Kavya Shetty,kavya.shetty2246@gmail.com,Female,Nagpur,Maharashtra,2025-11-06
C00051,Shivani Kumar,shivani.kumar4387@gmail.com,Female,Kochi,Kerala,2025-11-05
C00052,Pooja Das,pooja.das2444@outlook.com,Female,Nagpur,Maharashtra,2025-09-29
C00053,Riya Kumar,riya.kumar7470@gmail.com,Male,Jaipur,Rajasthan,2025-02-11
C00054,Mohit Jain,mohit.jain6740@gmail.com,Female,Ahmedabad,Gujarat,2024-04-23
C00055,Vikram More,vikram.more6335@gmail.com,Female,Kochi,Kerala,2025-02-19
C00056,Aditya Reddy,aditya.reddy1654@outlook.com,Male,Jaipur,Rajasthan,2024-11-10
C00057,Isha Shetty,isha.shetty2371@gmail.com,Male,Kolkata,West Bengal,2023-02-01
C00058,Ananya Pillai,ananya.pillai5556@gmail.com,Male,Surat,Gujarat,2024-06-26
C00059,Rahul Banerjee,rahul.banerjee6236@gmail.com,Female,Nashik,Maharashtra,2025-12-28
C00060,Kabir Patil,kabir.patil3856@gmail.com,Male,Nagpur,Maharashtra,2023-05-21
C00061,Anika Singh,anika.singh7279@gmail.com,Female,Mumbai,Maharashtra,2023-07-25
C00062,Aditi Patil,aditi.patil4816@gmail.com,Female,Delhi,Delhi,2023-04-25
C00063,Sneha Reddy,sneha.reddy6761@gmail.com,Male,Hyderabad,Telangana,2025-12-23
C00064,Karan Mehta,karan.mehta3955@outlook.com,Male,Nagpur,Maharashtra,2025-02-22
C00065,Meera Rao,meera.rao7539@gmail.com,Male,Nashik,Maharashtra,2024-06-04
C00066,Varun Menon,varun.menon1220@outlook.com,Female,Chennai,Tamil Nadu,2023-11-20
C00067,Raj Deshmukh,raj.deshmukh4107@outlook.com,Female,Nashik,Maharashtra,2025-05-18
C00068,Kavya Gupta,kavya.gupta1757@gmail.com,Female,Indore,Madhya Pradesh,2025-09-16
C00069,Pallavi Verma,pallavi.verma4847@gmail.com,Female,Nagpur,Maharashtra,2024-08-28
C00070,Neha Sharma,neha.sharma9945@outlook.com,Female,Nagpur,Maharashtra,2023-04-11
C00071,Meera Malhotra,meera.malhotra3598@gmail.com,Female,Surat,Gujarat,2024-12-22
C00072,Deepak Chavan,deepak.chavan5071@outlook.com,Male,Mumbai,Maharashtra,2023-03-22
C00073,Raj Verma,raj.verma1486@gmail.com,Female,Mysuru,Karnataka,2023-09-27
C00074,Shivani Iyer,shivani.iyer8847@gmail.com,Female,Hyderabad,Telangana,2023-09-28
C00075,Ishaan Joshi,ishaan.joshi4845@gmail.com,Male,Kochi,Kerala,2025-09-13
C00076,Varun Mehta,varun.mehta6521@yahoo.com,Female,Pune,Maharashtra,2024-04-07
C00077,Anika Saxena,anika.saxena4342@yahoo.com,Male,Ahmedabad,Gujarat,2023-01-29
C00078,Varun Verma,varun.verma9587@gmail.com,Female,Nashik,Maharashtra,2024-06-20
C00079,Arjun Kadam,arjun.kadam420@yahoo.com,Female,Hyderabad,Telangana,2025-08-23
C00080,Shruti Shah,shruti.shah7616@gmail.com,Female,Nashik,Maharashtra,2023-05-10
C00081,Ayush Reddy,ayush.reddy4996@outlook.com,Male,Bengaluru,Karnataka,2023-03-18
C00082,Arjun Shah,arjun.shah6377@outlook.com,Female,Kochi,Kerala,2023-10-05
C00083,Kabir Singh,kabir.singh6807@gmail.com,Female,Nagpur,Maharashtra,2023-11-13
C00084,Shruti Singh,,Female,Chennai,Tamil Nadu,2023-03-09
C00085,Tanvi Shah,tanvi.shah1637@gmail.com,Female,Indore,Madhya Pradesh,2025-01-12
C00086,Akash Gupta,akash.gupta2011@outlook.com,Male,Chennai,Tamil Nadu,2024-01-24
C00087,Manish Chavan,,Male, Nashik ,Maharashtra,2023-02-13
C00088,Deepak Saxena,deepak.saxena1134@yahoo.com,Male,Nagpur,Maharashtra,2024-02-25
C00089,Raj Nair,raj.nair5393@gmail.com,Male,Indore,Madhya Pradesh,2024-04-22
C00090,Neha Banerjee,neha.banerjee8860@gmail.com,Male,Pune,Maharashtra,2023-09-24
C00091,Ayush Kadam,ayush.kadam2169@gmail.com,Female,Indore,Madhya Pradesh,2023-02-22
C00092,Mohit Jain,mohit.jain2864@gmail.com,Male,Delhi,Delhi,2023-02-02
C00093,Deepak Mishra,deepak.mishra1872@gmail.com,Female,Ahmedabad,Gujarat,2025-12-13
C00094,Tanvi Agarwal,tanvi.agarwal9736@gmail.com,Female,Delhi,Delhi,2025-11-17
C00095,Zoya Shah,zoya.shah8553@gmail.com,Female,Nagpur,Maharashtra,2023-03-30
C00096,Aditi Patil,aditi.patil6994@gmail.com,Female,Kolkata,West Bengal,2025-04-02
C00097,Tanvi Mehta,tanvi.mehta5287@gmail.com,Male,kochi,Kerala,2023-06-15
C00098,Deepak Joshi,deepak.joshi6250@yahoo.com,Female,Nagpur,Maharashtra,2024-10-27
C00099,Varun Naik,varun.naik1634@gmail.com,Male,Nagpur,Maharashtra,2025-05-31
C00100,Sneha Rao,sneha.rao6789@gmail.com,Female,Kochi,Kerala,2024-04-12
C00101,Sameer Singh,sameer.singh5130@gmail.com,Female,Mysuru,Karnataka,2023-07-14
C00102,Nandini Verma,nandini.verma1109@gmail.com,Male,Pune,Maharashtra,2025-08-29
C00103,Anika Singh,anika.singh2141@yahoo.com,Male,Mumbai,Maharashtra,2025-02-02
C00104,Raj Bhat,raj.bhat2012@gmail.com,Female,Jaipur,Rajasthan,2024-11-06
C00105,Sneha Banerjee,sneha.banerjee4722@gmail.com,Female,Kochi,Kerala,2023-04-16
C00106,Arjun Jain,arjun.jain2545@outlook.com,Male,Jaipur,Rajasthan,2024-03-11
C00107,Arjun Verma,arjun.verma1892@gmail.com,Male,Indore,Madhya Pradesh,2025-01-22
C00108,Sneha Banerjee,sneha.banerjee9987@gmail.com,Male,jaipur,Rajasthan,2023-02-23
C00109,Karan Joshi,karan.joshi5577@gmail.com,Male,Mysuru,Karnataka,2024-09-24
C00110,Karan Banerjee,karan.banerjee1150@gmail.com,Male,Pune,Maharashtra,2025-03-31
C00111,Anika Mishra,anika.mishra6173@gmail.com,Female,Jaipur,Rajasthan,2024-03-16
C00112,Rahul Iyer,rahul.iyer5324@gmail.com,Male,Delhi,Delhi,2024-09-30
C00113,Diya Iyer,diya.iyer1346@gmail.com,Female,Surat,Gujarat,2023-04-12
C00114,Sneha Pillai,sneha.pillai6795@gmail.com,Male,Nagpur,Maharashtra,2025-06-24
C00115,Zoya Kulkarni,zoya.kulkarni1826@gmail.com,Female,Delhi,Delhi,2025-05-30
C00116,Isha Kadam,isha.kadam3622@gmail.com,Male,CHENNAI,Tamil Nadu,2023-04-04
C00117,Aarav Nair,aarav.nair2258@gmail.com,Female,Chennai,Tamil Nadu,2024-03-08
C00118,Priya Kulkarni,priya.kulkarni7065@gmail.com,female,Bengaluru,Karnataka,2025-10-15
C00119,Sakshi Bhat,sakshi.bhat8206@yahoo.com,Female,Mysuru,Karnataka,2024-04-16
C00120,Ananya Gupta,ananya.gupta7157@gmail.com,Female,Indore,Madhya Pradesh,2023-03-28
C00121,Ananya Banerjee,ananya.banerjee9404@gmail.com,Female,Delhi,Delhi,2025-05-29
C00122,Nikhil Kulkarni,nikhil.kulkarni5331@gmail.com,Female,Ahmedabad,Gujarat,2023-02-12
C00123,Rohan Mehta,rohan.mehta3996@gmail.com,Female,Ahmedabad,Gujarat,2023-08-05
C00124,Isha Mehta,isha.mehta5572@gmail.com,Female,Ahmedabad,Gujarat,2024-09-27
C00125,Ishaan Mehta,ishaan.mehta8703@yahoo.com,Male,Jaipur,Rajasthan,2023-08-22
C00126,Riya Verma,riya.verma3881@gmail.com,Male,Mysuru,Karnataka,2023-10-30
C00127,Nandini Nair,nandini.nair1244@gmail.com,Female,Pune,Maharashtra,2023-11-10
C00128,Varun Agarwal,varun.agarwal9258@gmail.com,Female,Nagpur,Maharashtra,2025-07-08
C00129,Diya Rao,diya.rao7255@gmail.com,Female,Mumbai,Maharashtra,2025-08-18
C00130,Raj Patil,raj.patil1225@gmail.com,Female,Delhi,Delhi,2025-11-05
C00131,Tanvi Patil,tanvi.patil4713@gmail.com,Male,Bengaluru,Karnataka,2025-01-25
C00132,Shruti Malhotra,shruti.malhotra7591@yahoo.com,Male,Jaipur,Rajasthan,2025-02-26
C00133,Tanvi Shetty,tanvi.shetty5277@outlook.com,Male,Surat,Gujarat,2024-01-21
C00134,Akash Rao,akash.rao1391@yahoo.com,Male,Mumbai,Maharashtra,2024-12-04
C00135,Aditya Shah,aditya.shah7209@yahoo.com,Male,Mysuru,Karnataka,2025-06-15
C00136,Rohan Verma,rohan.verma6357@gmail.com,Female,Kochi,Kerala,2024-08-02
C00137,Sanjay Patil,sanjay.patil1089@gmail.com,Male,Surat,Gujarat,2024-11-16
C00138,Nisha Kadam,nisha.kadam4138@gmail.com,Female,Ahmedabad,Gujarat,2024-08-04
C00139,Anika Jain,anika.jain5741@gmail.com,Female,Nashik,Maharashtra,17-Oct-2023
C00140,Deepak Malhotra,deepak.malhotra5082@yahoo.com,Female,Mysuru,Karnataka,2023-06-23
C00141,Rahul Das,rahul.das1541@gmail.com,Female,Pune,Maharashtra,2025-12-14
C00142,Aditi Verma,aditi.verma3519@gmail.com,Female,Chennai,Tamil Nadu,2024-01-05
C00143,Kavya Shah,kavya.shah1274@gmail.com,Male,Pune,Maharashtra,2023-11-14
C00144,Zoya Agarwal,zoya.agarwal628@gmail.com,Male,Jaipur,Rajasthan,2025-12-14
C00145,Sanjay Gupta,sanjay.gupta2972@gmail.com,Female,Pune,Maharashtra,2023-11-29
C00146,Aditya Singh,aditya.singh7287@gmail.com,Female,Delhi,Delhi,2024-05-01
C00147,Meera Bhat,meera.bhat7694@gmail.com,Female,Hyderabad,Telangana,2024-09-25
C00148,Pallavi Rao,pallavi.rao6266@yahoo.com,Female, Kolkata ,West Bengal,2024-07-31
C00149,Ishaan Das,ishaan.das4106@gmail.com,Female,Hyderabad,Telangana,2023-10-11
C00150,Rohan Bhat,rohan.bhat8462@gmail.com,Female,Kochi,Kerala,2023-07-30
C00151,Anika Agarwal,anika.agarwal7371@yahoo.com,Male,Pune,Maharashtra,2024-07-12
C00152,Sneha Mehta,sneha.mehta7401@gmail.com,Male,Kochi,Kerala,2024-03-30
C00153,Shivani Patil,shivani.patil6136@gmail.com,Female,Ahmedabad,Gujarat,2025-10-25
C00154,Anika Verma,anika.verma5231@gmail.com,Female,Hyderabad,Telangana,2023-02-27
C00155,Diya Reddy,diya.reddy7750@gmail.com,Female,Bengaluru,Karnataka,2024-08-10
C00156,Tanvi Malhotra,tanvi.malhotra321@gmail.com,Male,Bengaluru,Karnataka,2023-06-12
C00157,Diya Bhat,diya.bhat6944@gmail.com,Female,Mysuru,Karnataka,2025-12-16
C00158,Mohit Deshmukh,mohit.deshmukh3916@gmail.com,Female,Mumbai,Maharashtra,2023-04-08
C00159,Ananya Kulkarni,ananya.kulkarni9786@yahoo.com,Male,Indore,Madhya Pradesh,2025-10-20
C00160,Zoya Jain,zoya.jain4782@gmail.com,Male,HYDERABAD,Telangana,2023-10-22
C00161,Shruti Verma,shruti.verma3078@gmail.com,Female,Hyderabad,Telangana,2025-05-03
C00162,Ananya Naik,ananya.naik8326@yahoo.com,Male,JAIPUR,Rajasthan,2025-11-05
C00163,Sakshi Banerjee,sakshi.banerjee6348@gmail.com,Female,Kolkata,West Bengal,2023-03-31
C00164,Aditi Verma,aditi.verma5659@gmail.com,Male,Surat,Gujarat,2023-05-19
C00165,Raj Mishra,raj.mishra2195@gmail.com,Female,Surat,Gujarat,2024-11-11
C00166,Kabir Kumar,kabir.kumar7622@outlook.com,Male,Indore,Madhya Pradesh,2023-12-25
C00167,Deepak Mehta,deepak.mehta615@gmail.com,Male,Mysuru,Karnataka,2025-07-26
C00168,Aditya Saxena,aditya.saxena5180@gmail.com,Female,Hyderabad,Telangana,2023-03-27
C00169,Kabir Pillai,kabir.pillai3141@gmail.com,Female,Chennai,Tamil Nadu,2023-03-16
C00170,Akash Banerjee,akash.banerjee4486@gmail.com,Female,Nashik,Maharashtra,2024-11-10
C00171,Sneha Menon,sneha.menon6344@gmail.com,Male,Ahmedabad,Gujarat,2025-06-19
C00172,Yash More,yash.more8517@gmail.com,Male,Kolkata,West Bengal,2025-01-22
C00173,Sneha Mehta,sneha.mehta8947@gmail.com,Female,Ahmedabad,Gujarat,2024-01-05
C00174,Arjun Mehta,arjun.mehta5031@outlook.com,Female,Delhi,Delhi,2024/08/28
C00175,Ishaan More,ishaan.more7335@gmail.com,Female,Kolkata,West Bengal,2024-12-20
C00176,Shruti Singh,shruti.singh1239@gmail.com,Female,Chennai,Tamil Nadu,2023-04-28
C00177,Zoya Saxena,zoya.saxena520@gmail.com,Female,Mysuru,Karnataka,2023-11-24
C00178,Aditya Reddy,aditya.reddy6011@gmail.com,Female,Mumbai,Maharashtra,2024-04-28
C00179,Pallavi Patil,pallavi.patil7381@gmail.com,Female,Nagpur,Maharashtra,2023-11-11
C00180,Tanvi Agarwal,tanvi.agarwal8684@gmail.com,Female,Mumbai,Maharashtra,2023-10-09
C00181,Priya Chavan,priya.chavan1868@gmail.com,Male,Chennai,Tamil Nadu,2024-05-26
C00182,Yash Naik,yash.naik4298@gmail.com,Female,Ahmedabad,Gujarat,2023-08-30
C00183,Manish Malhotra,manish.malhotra3289@gmail.com,Male,Chennai,Tamil Nadu,2025-10-02
C00184,Ananya Rao,ananya.rao1448@gmail.com,Female,Pune,Maharashtra,2025-06-30
C00185,Ananya Bhat,ananya.bhat4924@gmail.com,Male,Jaipur,Rajasthan,2024-08-17
C00186,Rohan Naik,,Male,Hyderabad,Telangana,2023-09-06
C00187,Yash Sharma,yash.sharma7667@yahoo.com,Male,Delhi,Delhi,2025-01-25
C00188,Shruti Menon,shruti.menon5077@gmail.com,Female,Mumbai,Maharashtra,2023-05-15
C00189,Isha Singh,isha.singh9429@gmail.com,Male,Surat,Gujarat,2025-04-18
C00190,Priya Chavan,priya.chavan7642@yahoo.com,Female,Mumbai,Maharashtra,2025-07-10
C00191,Deepak Menon,deepak.menon2124@gmail.com,Male,Indore,Madhya Pradesh,2024-01-08
C00192,Ayush Naik,ayush.naik2707@gmail.com,Female,Pune,Maharashtra,2024-09-14
C00193,Meera Verma,meera.verma1302@gmail.com,Male,Jaipur,Rajasthan,2024-08-04
C00194,Nisha Joshi,nisha.joshi8750@gmail.com,Male,Pune,Maharashtra,2024-09-12
C00195,Raj Jain,raj.jain9924@gmail.com,Male,Pune,Maharashtra,2023-12-17
C00196,Aditi Mehta,aditi.mehta3463@gmail.com,Male,Bengaluru,Karnataka,2024-06-26
C00197,Yash Menon,,Male,Nashik,Maharashtra,2024-08-16
C00198,Sameer Deshmukh,sameer.deshmukh991@gmail.com,Female,Kolkata,West Bengal,2023-05-30
C00199,Shivani Pillai,shivani.pillai5583@gmail.com,Female,Kolkata,West Bengal,2024-02-22
C00200,Priya Mishra,priya.mishra6542@gmail.com,Female,Indore,Madhya Pradesh,2024-12-08
C00201,Zoya Bhat,zoya.bhat3970@outlook.com,Male,Mumbai,Maharashtra,2024-10-15
C00202,Neha Rao,neha.rao1596@gmail.com,Female,Hyderabad,Telangana,2023-10-16
C00203,Sakshi Banerjee,sakshi.banerjee4077@gmail.com,Female,Nagpur,Maharashtra,2025-05-06
C00204,Pallavi Mishra,pallavi.mishra2620@outlook.com,Female,Delhi,Delhi,2024-01-24
C00205,Yash Menon,yash.menon389@gmail.com,Female,Chennai,Tamil Nadu,2025-10-15
C00206,Zoya Rao,zoya.rao9567@gmail.com,Male,Hyderabad,Telangana,2024-03-16
C00207,Akash Deshmukh,akash.deshmukh4691@yahoo.com,Male,Kolkata,West Bengal,2025-08-21
C00208,Arjun Singh,arjun.singh6002@gmail.com,Female,Pune,Maharashtra,2024-06-25
C00209,Aditya Gupta,aditya.gupta5949@yahoo.com,Female,Bengaluru,Karnataka,2024/02/03
C00210,Ananya Gupta,ananya.gupta9018@gmail.com,Male,Jaipur,Rajasthan,2025-07-11
C00211,Deepak Kulkarni,deepak.kulkarni5565@yahoo.com,Female,Ahmedabad,Gujarat,2025-02-03
C00212,Diya Nair,diya.nair6586@yahoo.com,Male,Nagpur,Maharashtra,2025-11-08
C00213,Aditya Patil,aditya.patil7771@yahoo.com,Female,Pune,Maharashtra,2024-11-13
C00214,Diya Malhotra,diya.malhotra2300@gmail.com,Female,Kochi,Kerala,2025-11-21
C00215,Ishaan Gupta,ishaan.gupta9737@gmail.com,Female,Nagpur,Maharashtra,2024-09-04
C00216,Pallavi Deshmukh,pallavi.deshmukh6045@gmail.com,Male,Kolkata,West Bengal,2023-02-04
C00217,Shivani Jain,shivani.jain9789@outlook.com,Female,Chennai,Tamil Nadu,2023-02-24
C00218,Raj Jain,raj.jain9570@outlook.com,Male,Hyderabad,Telangana,2023-04-16
C00219,Isha Chavan,isha.chavan2431@gmail.com,Male,Mysuru,Karnataka,2025-02-17
C00220,Pallavi More,pallavi.more320@outlook.com,Female,MUMBAI,Maharashtra,2024-01-26
C00221,Shivani Reddy,shivani.reddy6733@yahoo.com,Female,Ahmedabad,Gujarat,2024-02-22
C00222,Akash More,akash.more3407@yahoo.com,Female,Pune,Maharashtra,2025-11-28
C00223,Vikram Naik,vikram.naik2847@outlook.com,male,Ahmedabad,Gujarat,2024-10-04
C00224,Kabir Verma,kabir.verma7942@gmail.com,Male,Nashik,Maharashtra,2024-06-25
C00225,Neha Bhat,neha.bhat4886@gmail.com,Male,Chennai,Tamil Nadu,2024-04-05
C00226,Yash Kumar,yash.kumar9193@gmail.com,Female,Kolkata,West Bengal,2024-12-15
C00227,Ayush Jain,ayush.jain6474@gmail.com,Male,Nashik,Maharashtra,2025-02-16
C00228,Nikhil Patil,nikhil.patil5684@outlook.com,Female,Chennai,Tamil Nadu,2023-06-11
C00229,Vikram Nair,vikram.nair9218@gmail.com,Male,Hyderabad,Telangana,2024-07-09
C00230,Arjun Malhotra,arjun.malhotra3982@gmail.com,Male,Mysuru,Karnataka,2024-05-05
C00231,Meera Patil,meera.patil5421@outlook.com,Male, Mumbai ,Maharashtra,2025-04-26
C00232,Deepak Sharma,deepak.sharma6676@outlook.com,female,Jaipur,Rajasthan,2023-11-20
C00233,Kavya Agarwal,kavya.agarwal4686@gmail.com,Male,Chennai,Tamil Nadu,2024-10-19
C00234,Pallavi Shah,pallavi.shah2878@gmail.com,Male,Jaipur,Rajasthan,2023-03-18
C00235,Aditya Das,aditya.das3062@gmail.com,Male,Ahmedabad,Gujarat,2025-10-11
C00236,Aarav Deshmukh,aarav.deshmukh5499@gmail.com,M,Nagpur,Maharashtra,2023-08-08
C00237,Kabir Naik,kabir.naik8271@outlook.com,Female,Kolkata,West Bengal,2023-10-02
C00238,Kavya Saxena,,Female,Mumbai,Maharashtra,2024-11-08
C00239,Karan Sharma,karan.sharma4843@gmail.com,Male,Mysuru,Karnataka,2024-11-21
C00240,Shruti Banerjee,shruti.banerjee7017@yahoo.com,Female,Nashik,Maharashtra,2025-04-10
C00241,Anika Gupta,anika.gupta3037@gmail.com,Female,Nashik,Maharashtra,2023-07-15
C00242,Priya Shetty,priya.shetty4282@gmail.com,Male,Hyderabad,Telangana,2023-01-14
C00243,Tanvi Agarwal,tanvi.agarwal4957@gmail.com,Female,Chennai,Tamil Nadu,2024-11-06
C00244,Rohan More,rohan.more1946@outlook.com,Female,Hyderabad,Telangana,2023-05-08
C00245,Ishaan Gupta,ishaan.gupta5105@gmail.com,Female,Nashik,Maharashtra,2025-10-26
C00246,Rohan Malhotra,rohan.malhotra2198@outlook.com,Male,Hyderabad,Telangana,2024-03-24
C00247,Varun Mishra,varun.mishra6823@yahoo.com,Female,Nagpur,Maharashtra,2025-02-04
C00248,Kabir Saxena,kabir.saxena4064@gmail.com,F,Nashik,Maharashtra,2024-03-23
C00249,Isha More,isha.more9253@gmail.com,Male,Delhi,Delhi,2023-06-09
C00250,Nisha Menon,nisha.menon9393@yahoo.com,Male,Jaipur,Rajasthan,2024-02-19
C00251,Ishaan Kumar,ishaan.kumar7249@gmail.com,Male,Indore,Madhya Pradesh,2025-12-01
C00252,Raj Pillai,raj.pillai7308@gmail.com,Female,Mumbai,Maharashtra,2025-11-11
C00253,Deepak Naik,deepak.naik9249@gmail.com,Female,Ahmedabad,Gujarat,2025-07-24
C00254,Pooja Mishra,pooja.mishra4179@gmail.com,Male,Bengaluru,Karnataka,2025-03-21
C00255,Raj Mehta,raj.mehta5654@gmail.com,Male,Bengaluru,Karnataka,2025-05-17
C00256,Ananya Shetty,ananya.shetty4713@gmail.com,Male,Kolkata,West Bengal,2023-03-06
C00257,Deepak Agarwal,deepak.agarwal6145@gmail.com,Female,Nashik,Maharashtra,2025-05-10
C00258,Sakshi Gupta,sakshi.gupta5707@gmail.com,Male,Mumbai,Maharashtra,2023-09-30
C00259,Kabir Gupta,kabir.gupta3658@gmail.com,Male,Jaipur,Rajasthan,2023-09-18
C00260,Pooja Rao,pooja.rao8725@gmail.com,Male,Nashik,Maharashtra,2025-05-18
C00261,Mohit Rao,,Male,Delhi,Delhi,2023-11-14
C00262,Aditya Saxena,aditya.saxena266@gmail.com,Male,Nashik,Maharashtra,2025-05-08
C00263,Ananya Kulkarni,ananya.kulkarni7324@gmail.com,Male,Nagpur,Maharashtra,2023-03-10
C00264,Aditya Gupta,aditya.gupta8853@gmail.com,Male,Kolkata,West Bengal,2024-04-24
C00265,Deepak Naik,deepak.naik9448@gmail.com,Female,Chennai,Tamil Nadu,2024-04-24
C00266,Mohit Deshmukh,mohit.deshmukh8550@gmail.com,Female,Kochi,Kerala,2023-10-21
C00267,Pooja Joshi,pooja.joshi7009@yahoo.com,Female,Bengaluru,Karnataka,2023-12-25
C00268,Akash Verma,akash.verma8602@gmail.com,Female,Nashik,Maharashtra,2025-02-19
C00269,Shivani Reddy,shivani.reddy3022@yahoo.com,Female,Chennai,Tamil Nadu,2025-02-09
C00270,Mohit Banerjee,mohit.banerjee2375@outlook.com,Male,Hyderabad,Telangana,2024-09-07
C00271,Nisha Singh,nisha.singh2206@gmail.com,Male,Ahmedabad,Gujarat,2025-12-21
C00272,Nandini Nair,nandini.nair7379@gmail.com,Male,Delhi,Delhi,2023-06-11
C00273,Kabir Mishra,kabir.mishra854@gmail.com,Female,INDORE,Madhya Pradesh,2024-01-26
C00274,Sanjay Malhotra,sanjay.malhotra3092@yahoo.com,Male,Bengaluru,Karnataka,2023-05-30
C00275,Vikram Nair,vikram.nair4977@gmail.com,Male,Indore,Madhya Pradesh,2024-11-12
C00276,Kavya Mishra,kavya.mishra3984@gmail.com,Female,Mumbai,Maharashtra,2025-09-07
C00277,Mohit Bhat,mohit.bhat6246@outlook.com,Female,Delhi,Delhi,2024-08-02
C00278,Pooja Joshi,pooja.joshi8157@outlook.com,Male,Delhi,Delhi,2025-11-16
C00279,Vikram Agarwal,vikram.agarwal3338@gmail.com,Female,Indore,Madhya Pradesh,2024-10-17
C00280,Shivani Patil,shivani.patil2400@gmail.com,Female,Nagpur,Maharashtra,2024-03-29
C00281,Nisha Shetty,nisha.shetty4846@gmail.com,Male,Nagpur,Maharashtra,2025-05-05
C00282,Rahul Shah,rahul.shah8190@yahoo.com,Female,Ahmedabad,Gujarat,2024-05-18
C00283,Nandini Agarwal,nandini.agarwal8047@outlook.com,Male,Indore,Madhya Pradesh,2025-09-27
C00284,Riya Iyer,riya.iyer3025@yahoo.com,Male,Pune,Maharashtra,2025-09-27
C00285,Isha Patil,isha.patil804@gmail.com,Female,Indore,Madhya Pradesh,2023-06-02
C00286,Deepak Das,deepak.das1123@gmail.com,Male,Nashik,Maharashtra,2024-04-18
C00287,Manish Naik,manish.naik1000@outlook.com,Female,KOLKATA,West Bengal,2025-02-03
C00288,Aditi Sharma,aditi.sharma204@gmail.com, Female ,Jaipur,Rajasthan,2025-04-22
C00289,Kabir Deshmukh,kabir.deshmukh7064@gmail.com,Male,Bengaluru,Karnataka,2025-10-25
C00290,Arjun Naik,arjun.naik3154@yahoo.com,Female,Pune,Maharashtra,2024-05-08
C00291,Riya Joshi,riya.joshi1304@gmail.com,Female,Surat,Gujarat,2025-03-23
C00292,Varun Jain,varun.jain4924@gmail.com,Male,Hyderabad,Telangana,2024-04-07
C00293,Anika Gupta,anika.gupta9065@outlook.com,Male,Ahmedabad,Gujarat,2025-02-11
C00294,Aarav More,aarav.more8199@gmail.com,Female,Pune,Maharashtra,2023-06-19
C00295,Pallavi Banerjee,pallavi.banerjee707@gmail.com,Male,Mumbai,Maharashtra,2025-12-17
C00296,Pallavi Pillai,pallavi.pillai1228@gmail.com,Male,Chennai,Tamil Nadu,2023-04-06
C00297,Karan Shetty,karan.shetty266@gmail.com,Male,Indore,Madhya Pradesh,2024-10-06
C00298,Sameer Shetty,sameer.shetty2671@gmail.com,Female,Mumbai,Maharashtra,2024-09-04
C00299,Kabir Kumar,kabir.kumar1294@yahoo.com,Female,Ahmedabad,Gujarat,2023-10-14
C00300,Akash Kulkarni,akash.kulkarni1255@gmail.com,Female,Ahmedabad,Gujarat,2024-04-20
C00301,Priya Sharma,priya.sharma7391@outlook.com,Male,Nashik,Maharashtra,2024-07-13
C00302,Riya Bhat,riya.bhat3053@gmail.com,Male,Ahmedabad,Gujarat,2025-06-03
C00303,Shruti Deshmukh,shruti.deshmukh1214@gmail.com,Female,Surat,Gujarat,2024-05-19
C00304,Diya Gupta,diya.gupta6393@gmail.com,Female,Mysuru,Karnataka,2023-11-12
C00305,Arjun Mehta,arjun.mehta7296@gmail.com,Female,Bengaluru,Karnataka,2024-09-23
C00306,Arjun Reddy,arjun.reddy7071@outlook.com,Female,Mumbai,Maharashtra,2024-01-19
C00307,Arjun Sharma,arjun.sharma9090@gmail.com,Female,Mumbai,Maharashtra,2024-12-25
C00308,Sakshi Sharma,sakshi.sharma6363@gmail.com,Male,Chennai,Tamil Nadu,2025-04-27
C00309,Pallavi Naik,pallavi.naik2787@gmail.com,Female,Pune,Maharashtra,2025-02-18
C00310,Pooja Joshi,pooja.joshi1046@gmail.com,Female,Kolkata,West Bengal,2023-10-26
C00311,Neha Singh,neha.singh1270@gmail.com,Female,Chennai,Tamil Nadu,2025-09-18
C00312,Mohit Mishra,mohit.mishra9738@gmail.com,Female,Nashik,Maharashtra,2025-10-12
C00313,Arjun Reddy,arjun.reddy6493@gmail.com,Female,Chennai,Tamil Nadu,14-Jan-2023
C00314,Rahul Rao,rahul.rao9748@gmail.com,Female,Delhi,Delhi,2025-05-31
C00315,Priya Malhotra,priya.malhotra7858@gmail.com,Male,Mysuru,Karnataka,2024-02-16
C00316,Sameer Kumar,sameer.kumar9445@gmail.com,Female,Chennai,Tamil Nadu,2025-10-02
C00317,Sakshi Joshi,,Male,Indore,Madhya Pradesh,2025-03-15
C00318,Raj Bhat,raj.bhat7573@gmail.com,Female,Pune,Maharashtra,2023-02-25
C00319,Nikhil Das,nikhil.das6713@outlook.com,Male,Mysuru,Karnataka,2023-05-22
C00320,Pooja Shah,pooja.shah6942@gmail.com,Male,Chennai,Tamil Nadu,2023-11-12
C00321,Tanvi Malhotra,tanvi.malhotra8765@yahoo.com,Female,Kolkata,West Bengal,2025-03-31
C00322,Kabir Patil,kabir.patil8806@gmail.com,Male,Surat,Gujarat,2025-01-06
C00323,Mohit Kadam,mohit.kadam2735@gmail.com,Female, Nashik ,Maharashtra,2024-12-28
C00324,Rahul Saxena,rahul.saxena182@gmail.com,Female,Ahmedabad,Gujarat,2023-08-05
C00325,Meera Naik,meera.naik9152@gmail.com,Female,Mysuru,Karnataka,2025-11-28
C00326,Rohan Gupta,rohan.gupta2479@gmail.com,Male,Kolkata,West Bengal,2025-10-21
C00327,Vikram Kulkarni,vikram.kulkarni1416@gmail.com,Male,Chennai,Tamil Nadu,2025-05-01
C00328,Riya Deshmukh,riya.deshmukh3399@yahoo.com,Female,Delhi,Delhi,2025-07-21
C00329,Riya Pillai,riya.pillai7422@gmail.com,Male,Mumbai,Maharashtra,2025-06-16
C00330,Pooja Patil,pooja.patil380@gmail.com,Male,Surat,Gujarat,2023-08-24
C00331,Ishaan Shetty,ishaan.shetty8464@gmail.com,Male,Mysuru,Karnataka,2024-05-14
C00332,Rahul Bhat,rahul.bhat3808@gmail.com,Male,Ahmedabad,Gujarat,2025-08-04
C00333,Karan Chavan,karan.chavan6491@gmail.com,Male,Nashik,Maharashtra,2025-06-04
C00334,Tanvi Jain,tanvi.jain82@gmail.com,Male,Ahmedabad,Gujarat,2025-03-07
C00335,Neha Agarwal,neha.agarwal9469@gmail.com,Male,Mysuru,Karnataka,2023-05-09
C00336,Rohan Kumar,rohan.kumar1877@gmail.com,Female,Hyderabad,Telangana,2025-07-26
C00337,Isha Chavan,isha.chavan6441@gmail.com,Female,Delhi,Delhi,2025-03-06
C00338,Riya Banerjee,riya.banerjee4883@gmail.com,Male,Kolkata,West Bengal,2023-12-20
C00339,Priya Kulkarni,priya.kulkarni1926@gmail.com,Female,Hyderabad,Telangana,2024-09-17
C00340,Diya Naik,diya.naik9781@gmail.com,female,Ahmedabad,Gujarat,2025-05-06
C00341,Sneha Iyer,sneha.iyer9101@gmail.com,Female,Kolkata,West Bengal,2023-12-21
C00342,Nikhil Reddy,nikhil.reddy7399@gmail.com,Female,Pune,Maharashtra,2024-10-06
C00343,Aarav Pillai,,Female,Pune,Maharashtra,2024-02-04
C00344,Shivani Kadam,shivani.kadam7282@outlook.com,Male,Kolkata,West Bengal,2025-05-01
C00345,Anika Jain,anika.jain4795@gmail.com,Female,Bengaluru,Karnataka,2024-03-27
C00346,Meera Bhat,meera.bhat7502@outlook.com,Male,Chennai,Tamil Nadu,2023-12-11
C00347,Pallavi Kulkarni,pallavi.kulkarni8890@gmail.com,Female,Chennai,Tamil Nadu,2025-01-21
C00348,Kabir Nair,kabir.nair4065@gmail.com,Male,Ahmedabad,Gujarat,2023-07-29
C00349,Tanvi Joshi,tanvi.joshi7203@gmail.com,Male,Delhi,Delhi,2023-06-28
C00350,Manish Saxena,manish.saxena7025@gmail.com,Male,Mysuru,Karnataka,2024-12-19
C00351,Manish Das,manish.das9350@gmail.com,Female,Hyderabad,Telangana,2023-05-02
C00352,Sanjay Bhat,sanjay.bhat4804@gmail.com,Female,Pune,Maharashtra,2024-10-24
C00353,Zoya Menon,zoya.menon2231@gmail.com,Male,Nashik,Maharashtra,2023-07-15
C00354,Neha Banerjee,neha.banerjee2184@gmail.com,Male,Nashik,Maharashtra,2023-09-17
C00355,Priya Das,priya.das8029@gmail.com,Female,Hyderabad,Telangana,2025-03-15
C00356,Shivani Gupta,shivani.gupta1535@gmail.com,Female,Kolkata,West Bengal,2023-06-04
C00357,Rohan Rao,rohan.rao9544@gmail.com,Male,Kolkata,West Bengal,2024-11-01
C00358,Varun Chavan,varun.chavan1047@yahoo.com,Female,Nashik,Maharashtra,2025-01-03
C00359,Manish Singh,manish.singh8115@gmail.com,Female,Indore,Madhya Pradesh,2024-03-09
C00360,Nikhil Kumar,nikhil.kumar9285@outlook.com,Female,Jaipur,Rajasthan,2023-09-25
C00361,Akash Patil,akash.patil276@gmail.com,Male,Mumbai,Maharashtra,2025-07-30
C00362,Tanvi Rao,tanvi.rao3324@gmail.com,Female,Bengaluru,Karnataka,2025-05-26
C00363,Ishaan Banerjee,ishaan.banerjee1539@gmail.com,Female,Kochi,Kerala,2024-07-15
C00364,Anika Verma,anika.verma858@gmail.com,Female,Nashik,Maharashtra,2023-12-05
C00365,Meera Singh,meera.singh1569@gmail.com,Male,Nashik,Maharashtra,2023-07-06
C00366,Vikram Mehta,vikram.mehta8520@outlook.com,Male,Pune,Maharashtra,2024-04-08
C00367,Aarav More,aarav.more6929@gmail.com,Female,Delhi,Delhi,2023-09-04
C00368,Ananya Shah,ananya.shah1688@gmail.com,Female,Ahmedabad,Gujarat,2023-07-02
C00369,Rohan Menon,rohan.menon6280@gmail.com,Male,Chennai,Tamil Nadu,2023-10-08
C00370,Ananya Naik,ananya.naik2698@outlook.com,Female,Nagpur,Maharashtra,2023-01-18
C00371,Manish Chavan,manish.chavan6755@outlook.com,Male,Mysuru,Karnataka,2023-11-07
C00372,Anika Menon,anika.menon2027@gmail.com,Female,Mumbai,Maharashtra,2023-10-14
C00373,Sneha Kumar,sneha.kumar4069@gmail.com,Male,Surat,Gujarat,2023-10-14
C00374,Mohit Bhat,mohit.bhat449@gmail.com,Male,Nagpur,Maharashtra,2024-08-06
C00375,Isha Malhotra,isha.malhotra6428@gmail.com,Male,Jaipur,Rajasthan,2024-01-22
C00376,Mohit Pillai,mohit.pillai3959@outlook.com,Male,Ahmedabad,Gujarat,2023-08-19
C00377,Isha Menon,isha.menon5195@gmail.com,Female,Bengaluru,Karnataka,2025-01-09
C00378,Pallavi Singh,pallavi.singh7727@gmail.com,Male,Delhi,Delhi,2023-12-20
C00379,Raj Mehta,raj.mehta3544@gmail.com,Male,Bengaluru,Karnataka,2024-06-20
C00380,Sameer Naik,sameer.naik6816@gmail.com,Female,Chennai,Tamil Nadu,2025-10-23
C00381,Anika Chavan,anika.chavan4556@gmail.com,Female,Jaipur,Rajasthan,2023-11-09
C00382,Anika Naik,anika.naik2555@yahoo.com,Female,Kochi,Kerala,2024-02-21
C00383,Sameer Jain,sameer.jain5091@gmail.com,Male,Nashik,Maharashtra,2023-05-16
C00384,Akash Shah,akash.shah1910@outlook.com,Male,Mumbai,Maharashtra,2025-06-08
C00385,Pooja Kadam,pooja.kadam1966@gmail.com,Male,Mysuru,Karnataka,2023-12-26
C00386,Aarav Iyer,aarav.iyer8578@yahoo.com,Female,Kolkata,West Bengal,2024-12-11
C00387,Ishaan Verma,,Female,Pune,Maharashtra,2024-07-04
C00388,Sneha Joshi,sneha.joshi4318@gmail.com,Female,Jaipur,Rajasthan,2023-05-11
C00389,Varun Naik,varun.naik8195@gmail.com,Female,Delhi,Delhi,2023-04-24
C00390,Ishaan Joshi,ishaan.joshi9412@gmail.com, Female ,Surat,Gujarat,2023-07-30
C00391,Zoya Sharma,zoya.sharma4016@gmail.com,Female,Bengaluru,Karnataka,2023-01-26
C00392,Rohan Gupta,rohan.gupta2942@gmail.com,Female,Kochi,Kerala,2023-11-04
C00393,Meera Kumar,meera.kumar5251@gmail.com,Male,Hyderabad,Telangana,2025-05-02
C00394,Pallavi Verma,pallavi.verma872@gmail.com,Male,Mumbai,Maharashtra,2025-10-25
C00395,Isha Patil,isha.patil7630@gmail.com,Female,Ahmedabad,Gujarat,2023-05-22
C00396,Priya Mehta,priya.mehta140@gmail.com,Male,Jaipur,Rajasthan,2025-07-24
C00397,Nikhil Jain,nikhil.jain3984@outlook.com,Female,Surat,Gujarat,2024-09-14
C00398,Raj Pillai,raj.pillai8964@gmail.com,Male,Surat,Gujarat,2024-02-05
C00399,Aarav Shetty,aarav.shetty3827@yahoo.com,Female,Ahmedabad,Gujarat,2023-02-18
C00400,Aarav Kumar,aarav.kumar5048@gmail.com,Male,Bengaluru,Karnataka,2025-02-09
C00401,Isha Shah,isha.shah991@gmail.com,Female,Ahmedabad,Gujarat,2025-10-04
C00402,Anika Patil,anika.patil8525@gmail.com,Female,Kochi,Kerala,2024-04-19
C00403,Varun Mishra,varun.mishra8290@gmail.com,Female,Mumbai,Maharashtra,2023-07-15
C00404,Ananya Jain,ananya.jain7136@gmail.com,Male,Nagpur,Maharashtra,2023-05-08
C00405,Nikhil Joshi,nikhil.joshi6448@gmail.com,Female,Indore,Madhya Pradesh,2024-10-07
C00406,Tanvi Joshi,tanvi.joshi3331@gmail.com,Male,Hyderabad,Telangana,2023-06-02
C00407,Diya Kulkarni,diya.kulkarni7645@gmail.com,Female,Pune,Maharashtra,2025-07-09
C00408,Ayush Bhat,ayush.bhat7414@gmail.com,Female,Delhi,Delhi,2024-03-01
C00409,Nandini Banerjee,nandini.banerjee2592@gmail.com,Male,Mumbai,Maharashtra,2023-07-05
C00410,Manish Das,manish.das2440@gmail.com,Male,Indore,Madhya Pradesh,2024-11-02
C00411,Riya Gupta,riya.gupta4906@gmail.com,Male,Jaipur,Rajasthan,2023-04-11
C00412,Aditi Gupta,aditi.gupta9118@yahoo.com,Male,Indore,Madhya Pradesh,2025-07-15
C00413,Arjun Rao,arjun.rao1999@gmail.com,Male,Mumbai,Maharashtra,2023-10-14
C00414,Meera Reddy,meera.reddy6108@gmail.com,Female,Hyderabad,Telangana,2025-03-31
C00415,Ananya Sharma,ananya.sharma7275@gmail.com,Male,Mumbai,Maharashtra,2024-02-09
C00416,Rahul Kulkarni,rahul.kulkarni839@gmail.com,Female,Bengaluru,Karnataka,2025-08-02
C00417,Sameer Pillai,sameer.pillai7000@gmail.com,Female,Bengaluru,Karnataka,2025-02-22
C00418,Manish Shetty,manish.shetty4595@outlook.com,Male, Pune ,Maharashtra,2024-07-17
C00419,Aditya Malhotra,aditya.malhotra4845@outlook.com,Female,Nagpur,Maharashtra,2024-05-18
C00420,Nisha Pillai,nisha.pillai4593@gmail.com,Male,BENGALURU,Karnataka,2023-06-29
C00421,Shivani Nair,shivani.nair4092@yahoo.com,Male,Nashik,Maharashtra,2025-12-12
C00422,Sakshi Saxena,sakshi.saxena7869@yahoo.com,Female,Mysuru,Karnataka,2025-01-05
C00423,Riya Shetty,riya.shetty5279@gmail.com,Female,Nagpur,Maharashtra,2025-10-25
C00424,Karan Sharma,karan.sharma490@gmail.com,Male,Delhi,Delhi,2024-03-24
C00425,Vikram Naik,vikram.naik2625@gmail.com,Male,Delhi,Delhi,2024-04-21
C00426,Mohit Joshi,mohit.joshi3604@gmail.com,Female,Jaipur,Rajasthan,2023-04-25
C00427,Karan Iyer,karan.iyer5888@gmail.com,Female,Hyderabad,Telangana,2024-10-13
C00428,Pallavi Jain,pallavi.jain8074@yahoo.com,Female,Pune,Maharashtra,2024-01-21
C00429,Karan Pillai,karan.pillai930@gmail.com,Male,Bengaluru,Karnataka,2023-07-04
C00430,Aditi Naik,aditi.naik5445@gmail.com,Male,Kolkata,West Bengal,2023-01-02
C00431,Rahul More,rahul.more985@gmail.com,Male,Pune,Maharashtra,2024-10-24
C00432,Raj More,raj.more1827@yahoo.com,Female,Kochi,Kerala,2023-10-18
C00433,Ananya Verma,ananya.verma9611@gmail.com,Female,Mysuru,Karnataka,2025-03-21
C00434,Pooja Kumar,pooja.kumar7167@outlook.com, Female ,PUNE,Maharashtra,2023-11-19
C00435,Karan More,karan.more3667@gmail.com,Female,jaipur,Rajasthan,2024-12-31
C00436,Pooja Mishra,pooja.mishra2096@gmail.com,Male,Mysuru,Karnataka,2024-08-26
C00437,Pallavi Gupta,pallavi.gupta2993@gmail.com,Male,Indore,Madhya Pradesh,08/03/2023
C00438,Pallavi Kulkarni,pallavi.kulkarni2314@gmail.com,Male,Kochi,Kerala,2025-10-13
C00439,Mohit Verma,mohit.verma1463@gmail.com,Female,Delhi,Delhi,2023-12-10
C00440,Aarav Joshi,aarav.joshi1120@gmail.com,Female,hyderabad,Telangana,2024-05-26
C00441,Arjun Mishra,arjun.mishra6333@outlook.com,Female,Bengaluru,Karnataka,2023-04-09
C00442,Ishaan Menon,ishaan.menon6214@gmail.com,Female,Ahmedabad,Gujarat,2025-10-06
C00443,Arjun Das,arjun.das2674@outlook.com,Male,Kolkata,West Bengal,2024-04-06
C00444,Aditya Deshmukh,aditya.deshmukh4288@gmail.com,Male,Bengaluru,Karnataka,2024-10-14
C00445,Rahul Iyer,rahul.iyer2646@gmail.com,Male,Kochi,Kerala,2025-02-07
C00446,Rahul Malhotra,rahul.malhotra517@gmail.com,Male,Nagpur,Maharashtra,2025-09-15
C00447,Sanjay Menon,sanjay.menon887@gmail.com,Female,Ahmedabad,Gujarat,2023-11-18
C00448,Manish Nair,manish.nair4622@gmail.com,Male,Ahmedabad,Gujarat,2024-06-27
C00449,Arjun Patil,arjun.patil2526@gmail.com,Female,Ahmedabad,Gujarat,2025-10-02
C00450,Aarav Singh,aarav.singh9843@outlook.com,Male,Mumbai,Maharashtra,2024-08-26
C00451,Arjun Sharma,arjun.sharma4791@gmail.com,Female,Hyderabad,Telangana,2023-12-16
C00452,Ayush Deshmukh,ayush.deshmukh7725@outlook.com,Female,Surat,Gujarat,2025-03-25
C00453,Anika Chavan,anika.chavan3039@gmail.com,Female,Jaipur,Rajasthan,2025-03-04
C00454,Rohan Iyer,rohan.iyer4323@outlook.com,Female,Kolkata,West Bengal,2023-04-02
C00455,Nandini Shah,nandini.shah9254@gmail.com,Male,Indore,Madhya Pradesh,2024-07-04
C00456,Arjun Mehta,arjun.mehta8881@gmail.com,Male,Nashik,Maharashtra,2024-12-05
C00457,Nisha Patil,nisha.patil8571@gmail.com,Female,Indore,Madhya Pradesh,2025-03-03
C00458,Pallavi Menon,pallavi.menon4906@gmail.com,Female,Hyderabad,Telangana,2025-09-02
C00459,Aditya Naik,aditya.naik9373@gmail.com,Male,Nagpur,Maharashtra,2025-11-24
C00460,Tanvi Iyer,tanvi.iyer3167@gmail.com,Male,Pune,Maharashtra,2024-03-09
C00461,Sneha Mehta,sneha.mehta3318@gmail.com,Female,Nashik,Maharashtra,2025-06-10
C00462,Priya Shetty,priya.shetty1435@gmail.com,Female,Mysuru,Karnataka,2023-05-18
C00463,Nisha Kumar,nisha.kumar8524@outlook.com,Male,Indore,Madhya Pradesh,2024-07-19
C00464,Shruti Jain,shruti.jain1853@gmail.com,Male,Jaipur,Rajasthan,2025-05-09
C00465,Diya Jain,diya.jain1740@gmail.com,Female,Nagpur,Maharashtra,2023-07-25
C00466,Kabir Menon,kabir.menon4337@gmail.com,Female,Delhi,Delhi,2025-04-21
C00467,Pallavi Malhotra,pallavi.malhotra2831@gmail.com,Female,Kolkata,West Bengal,2023-03-18
C00468,Diya Malhotra,diya.malhotra645@gmail.com,Female,Nagpur,Maharashtra,2025-04-02
C00469,Mohit Patil,mohit.patil4410@gmail.com,Male,Mysuru,Karnataka,2025-08-31
C00470,Rahul Das,rahul.das5104@gmail.com,Female,Surat,Gujarat,2024-09-12
C00471,Arjun Banerjee,arjun.banerjee4933@outlook.com,Female,Hyderabad,Telangana,2023-10-03
C00472,Neha Mishra,neha.mishra3089@outlook.com,Male,Ahmedabad,Gujarat,2023-07-02
C00473,Shivani Mishra,shivani.mishra6136@gmail.com,Male,Kolkata,West Bengal,2025-11-23
C00474,Ananya Deshmukh,ananya.deshmukh6619@gmail.com,Male,Mysuru,Karnataka,2025-11-03
C00475,Karan Nair,karan.nair954@gmail.com,Male,Kochi,Kerala,2024-02-16
C00476,Varun Patil,varun.patil3272@gmail.com,Female,Kochi,Kerala,2025-01-08
C00477,Varun Naik,varun.naik510@gmail.com,Female, Ahmedabad ,Gujarat,2023-09-11
C00478,Yash Malhotra,yash.malhotra7785@yahoo.com,Female,Kolkata,West Bengal,2023-12-30
C00479,Riya Iyer,riya.iyer1490@gmail.com,Male,Indore,Madhya Pradesh,2024-06-13
C00480,Sakshi Patil,sakshi.patil3636@gmail.com,Male,Pune,Maharashtra,2024-03-14
C00481,Neha Chavan,neha.chavan338@gmail.com,Female,Ahmedabad,Gujarat,2025-11-17
C00482,Deepak Chavan,deepak.chavan3676@gmail.com,Female,Pune,Maharashtra,2023-01-18
C00483,Neha Singh,neha.singh5723@outlook.com,Female,Kochi,Kerala,2025-02-10
C00484,Manish Rao,manish.rao6516@gmail.com,Male,Chennai,Tamil Nadu,2025-12-02
C00485,Zoya Kadam,,Female,Indore,Madhya Pradesh,2025-02-05
C00486,Arjun Pillai,arjun.pillai4539@gmail.com,Female,Mumbai,Maharashtra,2024-11-19
C00487,Nandini Chavan,nandini.chavan3096@gmail.com,Male,Mysuru,Karnataka,2024-09-03
C00488,Akash Saxena,akash.saxena5246@gmail.com,Male,Indore,Madhya Pradesh,2025-04-07
C00489,Yash Deshmukh,yash.deshmukh6638@gmail.com,Male,Chennai,Tamil Nadu,2025-05-07
C00490,Raj More,raj.more5632@gmail.com,Female,Nagpur,Maharashtra,2024-01-24
C00491,Riya Naik,riya.naik9156@gmail.com,Female,Chennai,Tamil Nadu,2023-12-15
C00492,Arjun Pillai,arjun.pillai9169@gmail.com,Female,Pune,Maharashtra,2024-06-13
C00493,Anika Shah,anika.shah5041@gmail.com,Female,Delhi,Delhi,2024-04-02
C00494,Rohan Joshi,rohan.joshi7608@gmail.com,Female,Nagpur,Maharashtra,2024-08-25
C00495,Akash Banerjee,akash.banerjee7746@gmail.com,Male,Nashik,Maharashtra,2023-05-26
C00496,Sakshi Naik,sakshi.naik895@gmail.com,Male,Chennai,Tamil Nadu,2025-04-26
C00497,Kavya Kumar,kavya.kumar2356@gmail.com,Male,Ahmedabad,Gujarat,2025-07-26
C00498,Anika Pillai,anika.pillai5144@gmail.com,Male,Delhi,Delhi,2023-12-29
C00499,Tanvi Joshi,tanvi.joshi9451@gmail.com,Female,Hyderabad,Telangana,2023-12-12
C00500,Anika Reddy,anika.reddy7045@gmail.com,Female,Nagpur,Maharashtra,2025-06-07
C00501,Vikram Gupta,vikram.gupta8755@gmail.com,Female,Bengaluru,Karnataka,2023-03-19
C00502,Aarav Menon,aarav.menon3132@gmail.com,Male,Delhi,Delhi,2025-12-23
C00503,Mohit Shah,mohit.shah5123@gmail.com,Male, Mysuru ,Karnataka,2024-12-06
C00504,Sakshi Naik,sakshi.naik2746@gmail.com,Male,Nagpur,Maharashtra,2024-09-18
C00505,Pooja Deshmukh,pooja.deshmukh9780@yahoo.com,Female,Kolkata,West Bengal,2025-12-01
C00506,Sneha Menon,sneha.menon5625@outlook.com,Female,Nashik,Maharashtra,2023/10/02
C00507,Kavya Iyer,kavya.iyer323@gmail.com,Male,Kochi,Kerala,2025-04-06
C00508,Deepak Nair,deepak.nair9671@yahoo.com,Male,Mysuru,Karnataka,2023-02-14
C00509,Ayush Verma,ayush.verma6157@gmail.com,F,Mysuru,Karnataka,2023-03-18
C00510,Sanjay Patil,sanjay.patil333@gmail.com,Male,Nashik,Maharashtra,2023-08-10
C00511,Shivani Rao,shivani.rao8976@gmail.com,Female,Ahmedabad,Gujarat,2023-09-11
C00512,Diya Nair,diya.nair4943@gmail.com,Male,Mysuru,Karnataka,2023-01-20
C00513,Isha Joshi,isha.joshi6872@gmail.com,Male,Nagpur,Maharashtra,2023-10-08
C00514,Nikhil Kulkarni,nikhil.kulkarni8164@gmail.com, Female ,Surat,Gujarat,2023-08-06
C00515,Nandini Das,nandini.das5874@gmail.com,Female,Jaipur,Rajasthan,2024-02-18
C00516,Ishaan Patil,ishaan.patil3412@outlook.com,Female,Jaipur,Rajasthan,2025-10-13
C00517,Mohit Sharma,mohit.sharma1819@outlook.com,Male,Bengaluru,Karnataka,2023-07-02
C00518,Anika Agarwal,anika.agarwal1669@gmail.com,Male,Jaipur,Rajasthan,2023-06-03
C00519,Varun Deshmukh,varun.deshmukh830@gmail.com,Male,Chennai,Tamil Nadu,2025-08-08
C00520,Aditya Banerjee,aditya.banerjee5133@gmail.com,Male,Chennai,Tamil Nadu,2025-01-07
C00521,Arjun Banerjee,arjun.banerjee168@gmail.com,Male,Surat,Gujarat,2023-04-04
C00522,Rahul Verma,rahul.verma4405@gmail.com,Female,Kochi,Kerala,2025-06-15
C00523,Rahul Iyer,rahul.iyer6567@outlook.com,Female,Mumbai,Maharashtra,2025-03-31
C00524,Sakshi More,sakshi.more6919@gmail.com,Male,Indore,Madhya Pradesh,2025-09-06
C00525,Deepak More,deepak.more2621@gmail.com,female,Mysuru,Karnataka,2023-05-01
C00526,Raj Pillai,raj.pillai2979@gmail.com,Female,surat,Gujarat,2025-06-16
C00527,Shruti Sharma,shruti.sharma7924@outlook.com,Male,Indore,Madhya Pradesh,2023-09-25
C00528,Shivani Rao,shivani.rao4296@gmail.com,Male,Bengaluru,Karnataka,2023-05-10
C00529,Isha Agarwal,isha.agarwal5552@yahoo.com,Male,Mysuru,Karnataka,2024-04-03
C00530,Sneha Kadam,sneha.kadam7905@gmail.com,Female,Mysuru,Karnataka,2024-05-24
C00531,Diya Das,diya.das200@gmail.com,Female,Indore,Madhya Pradesh,2023-04-22
C00532,Yash Banerjee,yash.banerjee8065@gmail.com,Male,Pune,Maharashtra,2023-06-03
C00533,Rahul Joshi,rahul.joshi3658@yahoo.com,Female,Bengaluru,Karnataka,2025-11-04
C00534,Sameer Das,sameer.das7531@outlook.com,Female,Hyderabad,Telangana,2023-06-11
C00535,Anika Banerjee,anika.banerjee5188@gmail.com,Female,Kolkata,West Bengal,2025-07-04
C00536,Aditi Kulkarni,aditi.kulkarni597@yahoo.com,Male,Ahmedabad,Gujarat,2025-04-24
C00537,Anika Saxena,anika.saxena8338@yahoo.com,Male,Nagpur,Maharashtra,2024-09-15
C00538,Varun Kumar,varun.kumar3662@outlook.com,Female,Delhi,Delhi,2023-04-22
C00539,Nisha Agarwal,nisha.agarwal5962@outlook.com,Male,Nagpur,Maharashtra,2025-08-26
C00540,Arjun Agarwal,arjun.agarwal45@gmail.com,Female,Nashik,Maharashtra,2024-03-30
C00541,Nikhil Bhat,nikhil.bhat1751@gmail.com,Male,Jaipur,Rajasthan,2025-02-04
C00542,Yash Reddy,yash.reddy1762@gmail.com,Male,Indore,Madhya Pradesh,2025-04-18
C00543,Kavya Kulkarni,kavya.kulkarni3542@outlook.com,Male,Kochi,Kerala,2025-03-15
C00544,Rahul Kulkarni,rahul.kulkarni771@gmail.com,Female,Surat,Gujarat,2025-04-28
C00545,Varun Kadam,varun.kadam2215@outlook.com,Male,Nagpur,Maharashtra,2025-10-29
C00546,Isha Mishra,isha.mishra9596@outlook.com,Male,Bengaluru,Karnataka,2025-06-05
C00547,Raj Iyer,raj.iyer1706@gmail.com,Female,Mysuru,Karnataka,2023-09-20
C00548,Zoya Menon,zoya.menon9987@gmail.com,Female,Ahmedabad,Gujarat,2025-05-07
C00549,Sameer Kumar,sameer.kumar2195@gmail.com,Female,Chennai,Tamil Nadu,2025-07-16
C00550,Sanjay More,sanjay.more4907@yahoo.com,Female,Kochi,Kerala,2025-11-15
C00551,Nisha Chavan,nisha.chavan3445@gmail.com,Female,Hyderabad,Telangana,2024-02-16
C00552,Deepak More,deepak.more8265@yahoo.com,Female,NASHIK,Maharashtra,2023-12-31
C00553,Ayush Agarwal,ayush.agarwal9558@gmail.com,female,Delhi,Delhi,2025-09-10
C00554,Sneha Saxena,sneha.saxena1754@gmail.com,Female,Bengaluru,Karnataka,2025-12-06
C00555,Diya Patil,diya.patil3285@gmail.com,Male,Nashik,Maharashtra,2023-04-26
C00556,Nikhil Kadam,nikhil.kadam1026@gmail.com,Male,Chennai,Tamil Nadu,2023-10-27
C00557,Kabir Patil,kabir.patil1689@yahoo.com,Male,Delhi,Delhi,2025-07-15
C00558,Nisha Gupta,nisha.gupta4722@gmail.com,Female,Hyderabad,Telangana,2025-11-12
C00559,Sakshi Singh,sakshi.singh9056@gmail.com,Male,Surat,Gujarat,2024-10-02
C00560,Nandini Nair,nandini.nair3705@gmail.com,Male,Nagpur,Maharashtra,2025-06-26
C00561,Kavya Deshmukh,kavya.deshmukh1230@gmail.com,Male,Kolkata,West Bengal,2023-12-30
C00562,Zoya Kulkarni,zoya.kulkarni7030@gmail.com,Female,Ahmedabad,Gujarat,2023-03-25
C00563,Deepak Iyer,deepak.iyer102@gmail.com,Female,Nagpur,Maharashtra,2024-06-06
C00564,Diya Patil,diya.patil9789@gmail.com,Female,Pune,Maharashtra,2024-10-22
C00565,Yash Saxena,yash.saxena1204@gmail.com,Male,Nagpur,Maharashtra,2025-01-03
C00566,Karan Naik,karan.naik2621@gmail.com,Female,Mumbai,Maharashtra,2025-10-31
C00567,Anika Verma,,Female,Hyderabad,Telangana,2024-03-12
C00568,Nikhil Nair,nikhil.nair7790@yahoo.com,Male,Surat,Gujarat,2025-12-22
C00569,Ayush Kadam,ayush.kadam3947@gmail.com,Male,Delhi,Delhi,2025-07-01
C00570,Priya Gupta,priya.gupta6332@gmail.com,Female,Kochi,Kerala,2023-08-21
C00571,Aditi Shetty,aditi.shetty8436@yahoo.com,Female,Jaipur,Rajasthan,2025-02-06
C00572,Yash Patil,yash.patil5258@yahoo.com,Male,Chennai,Tamil Nadu,2024-01-30
C00573,Arjun Iyer,arjun.iyer130@gmail.com,female,Surat,Gujarat,2025-12-28
C00574,Manish Banerjee,manish.banerjee1712@gmail.com,Female,Nashik,Maharashtra,2025-05-18
C00575,Ananya Mishra,ananya.mishra399@outlook.com,Female,Nashik,Maharashtra,2023-11-11
C00576,Aditya Mehta,aditya.mehta2926@gmail.com,Male,Mumbai,Maharashtra,2023-04-22
C00577,Pallavi Das,pallavi.das6688@gmail.com,Female,Hyderabad,Telangana,2024-06-13
C00578,Sameer Singh,,Male,Delhi,Delhi,2023-02-04
C00579,Shruti Mehta,shruti.mehta1199@gmail.com,Male,Surat,Gujarat,2023-04-04
C00580,Nikhil Saxena,nikhil.saxena9947@gmail.com,Female,Nashik,Maharashtra,2024-09-09
C00581,Tanvi Gupta,tanvi.gupta7775@gmail.com,Male,Ahmedabad,Gujarat,2023/03/05
C00582,Deepak Mishra,deepak.mishra2370@gmail.com,Female,Ahmedabad,Gujarat,2024-08-27
C00583,Aarav Bhat,aarav.bhat2029@gmail.com,Male,Indore,Madhya Pradesh,2023-10-17
C00584,Pallavi Malhotra,pallavi.malhotra5002@gmail.com,Female,AHMEDABAD,Gujarat,2023-06-24
C00585,Manish Singh,manish.singh2343@gmail.com,Male,Kochi,Kerala,2025-11-15
C00586,Meera Malhotra,meera.malhotra3193@gmail.com,Male,Indore,Madhya Pradesh,2024-06-01
C00587,Pallavi Banerjee,pallavi.banerjee9015@gmail.com,Female,Bengaluru,Karnataka,2025-08-02
C00588,Ananya Joshi,ananya.joshi9522@outlook.com,Female,Mumbai,Maharashtra,2024-02-09
C00589,Riya Reddy,riya.reddy1649@gmail.com,Male,Nashik,Maharashtra,2024-04-25
C00590,Kavya Kumar,kavya.kumar5389@gmail.com,Male,Kolkata,West Bengal,2025-07-11
C00591,Pallavi Jain,pallavi.jain7027@gmail.com,Male,Delhi,Delhi,2024-10-09
C00592,Priya Shah,priya.shah7155@gmail.com,Female,Surat,Gujarat,2024-03-29
C00593,Deepak Kadam,deepak.kadam7873@outlook.com,Female,Mysuru,Karnataka,2024-11-10
C00594,Riya Agarwal,riya.agarwal9048@gmail.com,Male,Chennai,Tamil Nadu,2025-09-24
C00595,Sanjay Mehta,sanjay.mehta2303@yahoo.com,Male,Indore,Madhya Pradesh,2024-07-28
C00596,Nandini Mishra,nandini.mishra1245@gmail.com,Male,Kochi,Kerala,2023-06-06
C00597,Raj Jain,raj.jain610@yahoo.com,Female,Ahmedabad,Gujarat,2024-03-11
C00598,Kabir Menon,kabir.menon2445@gmail.com,Female,Jaipur,Rajasthan,2025-08-24
C00599,Meera Menon,meera.menon2203@outlook.com,Male,Surat,Gujarat,2024-08-18
C00600,Sameer Verma,sameer.verma3923@gmail.com,Male,Jaipur,Rajasthan,2023-01-22
C00601,Tanvi Iyer,tanvi.iyer7931@gmail.com,Male,Pune,Maharashtra,2023-10-27
C00602,Meera Agarwal,meera.agarwal1039@gmail.com,Female,Kolkata,West Bengal,2024-04-19
C00603,Meera Patil,meera.patil8495@gmail.com,Female,Nashik,Maharashtra,2024-02-28
C00604,Vikram Shetty,vikram.shetty663@gmail.com,Male,Kolkata,West Bengal,2023-04-06
C00605,Isha Chavan,isha.chavan4324@yahoo.com,Male,Indore,Madhya Pradesh,2024-07-14
C00606,Sakshi Chavan,sakshi.chavan9638@gmail.com,Female,Ahmedabad,Gujarat,2025-01-18
C00607,Sakshi Shetty,sakshi.shetty6659@gmail.com,Female,Hyderabad,Telangana,2025-11-23
C00608,Yash Saxena,yash.saxena8232@gmail.com,Female,Kolkata,West Bengal,2023-01-14
C00609,Ishaan Shah,ishaan.shah4610@gmail.com,Male, Mumbai ,Maharashtra,19/11/2025
C00610,Karan Iyer,karan.iyer3783@gmail.com,Female,Delhi,Delhi,2023-08-31
C00611,Ayush Pillai,ayush.pillai7858@gmail.com,Male,nashik,Maharashtra,2025-09-07
C00612,Shivani Sharma,shivani.sharma2105@gmail.com,Male,Hyderabad,Telangana,2023-03-30
C00613,Zoya Patil,zoya.patil926@gmail.com,Female,Kochi,Kerala,2023-10-28
C00614,Karan Naik,karan.naik4654@gmail.com,Male,Ahmedabad,Gujarat,2023-02-08
C00615,Tanvi Malhotra,tanvi.malhotra2804@gmail.com,Female,Kolkata,West Bengal,2025-09-13
C00616,Sanjay Reddy,sanjay.reddy8379@gmail.com,Male,Surat,Gujarat,2024-01-08
C00617,Rahul Shetty,rahul.shetty3775@gmail.com,Female,Kolkata,West Bengal,2023-05-21
C00618,Deepak Kulkarni,deepak.kulkarni8574@yahoo.com,Female,Bengaluru,Karnataka,2024-02-19
C00619,Diya Malhotra,diya.malhotra7806@gmail.com,Male,Mumbai,Maharashtra,2023-12-30
C00620,Anika Pillai,anika.pillai9897@yahoo.com,Male,Nashik,Maharashtra,2023-09-24
C00621,Sneha Naik,sneha.naik721@yahoo.com,Female,Ahmedabad,Gujarat,28-Jan-2025
C00622,Meera Saxena,meera.saxena5752@gmail.com,Female,Kolkata,West Bengal,2025-02-19
C00623,Deepak Joshi,deepak.joshi1383@gmail.com,male,Kolkata,West Bengal,2024-04-21
C00624,Nandini Nair,nandini.nair9479@yahoo.com,Male,Bengaluru,Karnataka,2023-01-15
C00625,Isha Sharma,isha.sharma5185@gmail.com,Female,Ahmedabad,Gujarat,2024-02-25
C00626,Arjun Reddy,arjun.reddy4291@yahoo.com,Female,Ahmedabad,Gujarat,2024-06-03
C00627,Pallavi Verma,pallavi.verma6521@gmail.com,female,Nagpur,Maharashtra,2024-07-18
C00628,Nisha Saxena,nisha.saxena2938@gmail.com,Female,Jaipur,Rajasthan,2025-09-15
C00629,Nandini Deshmukh,nandini.deshmukh6532@gmail.com,Male,Nagpur,Maharashtra,2024-12-06
C00630,Meera Rao,meera.rao1652@gmail.com,Female,Surat,Gujarat,2023-11-28
C00631,Rahul Saxena,rahul.saxena2643@gmail.com,Male,Jaipur,Rajasthan,2023-04-17
C00632,Anika Das,anika.das9844@gmail.com,Male,Pune,Maharashtra,2025-08-23
C00633,Ananya Joshi,ananya.joshi1321@gmail.com,Female,Hyderabad,Telangana,2025-01-29
C00634,Sameer Malhotra,sameer.malhotra4703@gmail.com,Male,Nashik,Maharashtra,2025-12-03
C00635,Yash Rao,yash.rao8499@gmail.com,Male,Bengaluru,Karnataka,2024-02-18
C00636,Aditya Saxena,aditya.saxena8461@gmail.com,female,Nagpur,Maharashtra,2025-11-11
C00637,Aditya Verma,aditya.verma2589@gmail.com,Female,Hyderabad,Telangana,2023-01-01
C00638,Sameer Verma,sameer.verma6652@gmail.com,Male,Nashik,Maharashtra,2025-03-20
C00639,Ananya Shetty,ananya.shetty9170@gmail.com,Female,Mumbai,Maharashtra,2024-08-05
C00640,Neha Shah,neha.shah7460@gmail.com,Male,Nagpur,Maharashtra,2024-02-03
C00641,Nandini Iyer,nandini.iyer1754@yahoo.com,Male,Ahmedabad,Gujarat,2025-11-02
C00642,Zoya Deshmukh,zoya.deshmukh8419@gmail.com,Female,Delhi,Delhi,2023-08-28
C00643,Tanvi Gupta,tanvi.gupta3995@gmail.com,Female,Nagpur,Maharashtra,2025-09-17
C00644,Varun Menon,varun.menon7906@gmail.com,Female,Nagpur,Maharashtra,2023-02-26
C00645,Ananya Gupta,ananya.gupta3777@gmail.com,Female,Nashik,Maharashtra,2024-03-27
C00646,Riya Naik,riya.naik4324@gmail.com,Female,Jaipur,Rajasthan,2023-01-20
C00647,Anika Gupta,anika.gupta1255@yahoo.com,Male,Nashik,Maharashtra,2024-12-01
C00648,Vikram Kumar,vikram.kumar9409@gmail.com,Male,Delhi,Delhi,2024-03-23
C00649,Kavya Pillai,kavya.pillai3857@gmail.com,Female,mysuru,Karnataka,2024-02-13
C00650,Manish Shah,manish.shah5843@gmail.com,Male,Hyderabad,Telangana,2024-05-26
C00651,Ayush Shetty,ayush.shetty118@yahoo.com,Male,Mumbai,Maharashtra,2025-10-05
C00652,Vikram Verma,vikram.verma8076@gmail.com,Female,Nagpur,Maharashtra,2024-10-07
C00653,Karan Agarwal,karan.agarwal4601@gmail.com,Male,Kochi,Kerala,2025-11-12
C00654,Pallavi Reddy,pallavi.reddy6943@outlook.com,Male,Bengaluru,Karnataka,2025-12-12
C00655,Zoya Verma,zoya.verma7500@gmail.com,M,Ahmedabad,Gujarat,2023-12-24
C00656,Priya More,priya.more3462@gmail.com,Male,Bengaluru,Karnataka,2023-01-25
C00657,Priya Verma,priya.verma3076@yahoo.com,Female,Nagpur,Maharashtra,2024-06-15
C00658,Mohit Joshi,mohit.joshi6005@gmail.com,Female,Kolkata,West Bengal,2024-12-03
C00659,Sneha Nair,sneha.nair5991@gmail.com,Female,Ahmedabad,Gujarat,2025-02-01
C00660,Tanvi Iyer,tanvi.iyer9445@gmail.com,Male,Nagpur,Maharashtra,2023-09-26
C00661,Neha Saxena,neha.saxena6250@gmail.com,Male,Hyderabad,Telangana,2025-06-04
C00662,Diya Pillai,diya.pillai2903@gmail.com,Female,Surat,Gujarat,2023-01-20
C00663,Deepak Menon,deepak.menon8758@gmail.com,Female,Indore,Madhya Pradesh,2025-11-24
C00664,Pooja Joshi,pooja.joshi6537@gmail.com,Male,Jaipur,Rajasthan,2023-04-08
C00665,Akash Nair,akash.nair7817@gmail.com,Female,Indore,Madhya Pradesh,2024-06-04
C00666,Rahul Joshi,rahul.joshi9190@yahoo.com,Female,Delhi,Delhi,2025-01-07
C00667,Riya Sharma,riya.sharma5762@gmail.com,Male,Ahmedabad,Gujarat,2023-09-06
C00668,Nikhil Verma,nikhil.verma7997@outlook.com,Male,Delhi,Delhi,2025-11-11
C00669,Sakshi Malhotra,sakshi.malhotra2383@gmail.com,Female,Chennai,Tamil Nadu,2025-08-07
C00670,Shivani Chavan,shivani.chavan1178@gmail.com,Male,Nagpur,Maharashtra,2025-04-08
C00671,Rahul Shah,rahul.shah4783@gmail.com,Female,Delhi,Delhi,2024-10-10
C00672,Neha Menon,neha.menon9626@yahoo.com,Female,Kolkata,West Bengal,2025-01-13
C00673,Shivani Iyer,shivani.iyer2058@gmail.com,Female,Pune,Maharashtra,2023-02-17
C00674,Anika Nair,anika.nair1697@gmail.com,Male,Pune,Maharashtra,2025-03-24
C00675,Vikram Bhat,vikram.bhat6514@yahoo.com,Male,Bengaluru,Karnataka,2023-02-23
C00676,Arjun Joshi,arjun.joshi1391@gmail.com,Female,Nagpur,Maharashtra,2023-11-15
C00677,Meera Shah,meera.shah7270@gmail.com,Male,Mysuru,Karnataka,2024-08-04
C00678,Isha Das,isha.das585@gmail.com,Female,Pune,Maharashtra,2023-02-28
C00679,Vikram Rao,vikram.rao8997@outlook.com,Male,Indore,Madhya Pradesh,2024-07-11
C00680,Kabir Iyer,kabir.iyer9250@gmail.com,Female,Nagpur,Maharashtra,2025/07/24
C00681,Riya Pillai,riya.pillai1477@outlook.com,Female,Jaipur,Rajasthan,2024-04-10
C00682,Rohan Singh,rohan.singh4983@gmail.com,Male,chennai,Tamil Nadu,2023-11-15
C00683,Isha Das,isha.das5644@gmail.com,Female,Surat,Gujarat,2023-10-07
C00684,Kabir Sharma,kabir.sharma7826@gmail.com,Male,Mysuru,Karnataka,2025-10-04
C00685,Sneha Saxena,sneha.saxena128@yahoo.com,Female,Chennai,Tamil Nadu,2024-04-18
C00686,Kavya Singh,kavya.singh6477@gmail.com,Male,Kochi,Kerala,2025-06-14
C00687,Sakshi Das,sakshi.das4318@gmail.com,Female,Ahmedabad,Gujarat,2024-03-27
C00688,Mohit Naik,mohit.naik4674@yahoo.com,Female,Surat,Gujarat,2024-07-10
C00689,Shivani Nair,shivani.nair2998@gmail.com,Female,Indore,Madhya Pradesh,2023-05-21
C00690,Ayush Chavan,ayush.chavan4468@outlook.com,Male,Kolkata,West Bengal,2025-07-16
C00691,Priya Sharma,priya.sharma8774@gmail.com,Male,Pune,Maharashtra,2023-04-12
C00692,Arjun Deshmukh,arjun.deshmukh7193@gmail.com,Male,Chennai,Tamil Nadu,2023-09-14
C00693,Anika Reddy,anika.reddy3568@gmail.com,Female,Bengaluru,Karnataka,2025-10-07
C00694,Pooja Saxena,pooja.saxena6094@outlook.com,Male,Surat,Gujarat,2025-10-17
C00695,Rahul Mehta,rahul.mehta928@gmail.com,Female,INDORE,Madhya Pradesh,2023-10-27
C00696,Ananya Bhat,ananya.bhat3158@gmail.com,Female,Kolkata,West Bengal,2024-01-07
C00697,Aarav Kulkarni,aarav.kulkarni6314@outlook.com,Male,Surat,Gujarat,2024-05-24
C00698,Aditya Nair,,Female,Kolkata,West Bengal,2023-07-12
C00699,Sakshi Kadam,sakshi.kadam2608@gmail.com,Male,Chennai,Tamil Nadu,2024-10-23
C00700,Nandini Pillai,nandini.pillai3265@gmail.com,Male,Nashik,Maharashtra,2024-09-03
C00701,Manish Kulkarni,manish.kulkarni5326@gmail.com,Male,Hyderabad,Telangana,2025-06-08
C00702,Neha Jain,neha.jain3992@gmail.com,Male, Mumbai ,Maharashtra,2025-03-21
C00703,Raj Saxena,raj.saxena9778@gmail.com,Female,Mysuru,Karnataka,2025-08-31
C00704,Anika Shah,anika.shah1507@gmail.com,Male,Pune,Maharashtra,2025-10-20
C00705,Akash Verma,akash.verma8797@gmail.com,Male,Nashik,Maharashtra,2023-11-12
C00706,Yash Shah,yash.shah7197@gmail.com,Male,Delhi,Delhi,2024-12-12
C00707,Sakshi Verma,sakshi.verma4117@gmail.com,Female,Mysuru,Karnataka,2023-10-03
C00708,Tanvi Bhat,tanvi.bhat3119@gmail.com,Female,CHENNAI,Tamil Nadu,2025-09-30
C00709,Priya Mishra,priya.mishra9818@yahoo.com,Male,Kolkata,West Bengal,2024-07-17
C00710,Ananya Naik,ananya.naik4854@gmail.com,Female,Pune,Maharashtra,2025-07-09
C00711,Varun Sharma,varun.sharma6220@gmail.com,Male,Surat,Gujarat,2025-11-02
C00712,Shruti Banerjee,shruti.banerjee5264@gmail.com,Female,Delhi,Delhi,2024-05-04
C00713,Kavya Naik,kavya.naik9045@gmail.com,Female,Nashik,Maharashtra,2025-10-15
C00714,Priya Singh,priya.singh1819@gmail.com,Male,Nashik,Maharashtra,2024-10-21
C00715,Aditya Das,aditya.das522@gmail.com,Male,Pune,Maharashtra,2024-01-01
C00716,Yash Nair,yash.nair9365@gmail.com,Female,Mumbai,Maharashtra,2023-03-07
C00717,Isha Malhotra,isha.malhotra814@gmail.com,Male,Mysuru,Karnataka,2024-06-08
C00718,Sanjay More,sanjay.more3429@outlook.com,Male,Mumbai,Maharashtra,2023-01-27
C00719,Varun Saxena,varun.saxena5923@yahoo.com,Female,Nashik,Maharashtra,2023-05-05
C00720,Rohan Saxena,rohan.saxena4365@yahoo.com,Male,Mysuru,Karnataka,2023-04-30
C00721,Ananya Das,ananya.das3547@yahoo.com,Male,Chennai,Tamil Nadu,2023-06-09
C00722,Arjun Mishra,arjun.mishra6323@gmail.com,Male,Hyderabad,Telangana,2025-12-24
C00723,Isha Kadam,isha.kadam9159@yahoo.com,Female,Hyderabad,Telangana,2024-01-02
C00724,Arjun Agarwal,arjun.agarwal7525@gmail.com,Male,Nashik,Maharashtra,2025-01-03
C00725,Ishaan Saxena,ishaan.saxena8278@gmail.com,Male,Pune,Maharashtra,2025-04-02
C00726,Kabir Malhotra,kabir.malhotra5173@yahoo.com,Female,Kolkata,West Bengal,2024-12-22
C00727,Rohan Singh,rohan.singh5309@gmail.com,Male,Surat,Gujarat,2025-05-31
C00728,Sakshi Agarwal,sakshi.agarwal5908@outlook.com,Female,Jaipur,Rajasthan,2024-06-04
C00729,Sameer Sharma,sameer.sharma4670@gmail.com,Male,Mysuru,Karnataka,2023-03-12
C00730,Pooja Sharma,pooja.sharma3529@gmail.com,Male,Chennai,Tamil Nadu,2024-03-30
C00731,Neha Shetty,neha.shetty9124@gmail.com,Male,Jaipur,Rajasthan,2025-11-13
C00732,Aditya Rao,aditya.rao2277@gmail.com,Female,Delhi,Delhi,2023-11-16
C00733,Raj Shah,raj.shah4930@gmail.com,Female,Hyderabad,Telangana,2024-06-08
C00734,Pallavi Shetty,pallavi.shetty5329@outlook.com,Male,Hyderabad,Telangana,2023-06-08
C00735,Yash Das,yash.das9762@gmail.com,Male,Kochi,Kerala,2023-07-15
C00736,Pallavi Gupta,pallavi.gupta5488@gmail.com,Female,Mumbai,Maharashtra,2023-04-25
C00737,Shivani Shetty,shivani.shetty3724@gmail.com,Female,Indore,Madhya Pradesh,2023-09-04
C00738,Akash Deshmukh,akash.deshmukh5241@yahoo.com,Male,Jaipur,Rajasthan,2023-03-26
C00739,Priya Naik,priya.naik2519@gmail.com,Female,Mysuru,Karnataka,2024-03-28
C00740,Tanvi Agarwal,tanvi.agarwal1485@gmail.com,Female,Nagpur,Maharashtra,2025-10-30
C00741,Nikhil Saxena,nikhil.saxena2175@gmail.com,Male,Ahmedabad,Gujarat,2023-10-31
C00742,Vikram Jain,vikram.jain8990@gmail.com,Female,Mysuru,Karnataka,2023-04-11
C00743,Anika Gupta,anika.gupta2146@gmail.com,Female,Jaipur,Rajasthan,2025-06-08
C00744,Nisha Nair,nisha.nair9370@gmail.com,Male,Kolkata,West Bengal,2025-03-20
C00745,Mohit Mehta,mohit.mehta5308@gmail.com,Male,Chennai,Tamil Nadu,2025-05-30
C00746,Shivani Singh,shivani.singh3130@gmail.com,Female,Delhi,Delhi,2024-12-14
C00747,Sanjay Chavan,sanjay.chavan2783@gmail.com,Female,Bengaluru,Karnataka,16-Sep-2024
C00748,Shruti Reddy,shruti.reddy3835@gmail.com,Female,Kolkata,West Bengal,2023-04-02
C00749,Diya Agarwal,diya.agarwal1851@gmail.com,Male,Mysuru,Karnataka,2023-06-25
C00750,Shruti Shetty,shruti.shetty235@gmail.com,Male,Pune,Maharashtra,2024-08-12
C00751,Pooja Rao,pooja.rao5447@gmail.com,Male,KOLKATA,West Bengal,2023-02-16
C00752,Manish Bhat,manish.bhat9001@outlook.com,Male,Jaipur,Rajasthan,2024-06-13
C00753,Aditi Gupta,aditi.gupta722@gmail.com,Male,Nagpur,Maharashtra,2025-12-14
C00754,Akash Deshmukh,akash.deshmukh879@outlook.com,Male,Hyderabad,Telangana,2024-07-09
C00755,Ananya Gupta,ananya.gupta5911@gmail.com,Male,Nashik,Maharashtra,2024-07-09
C00756,Nikhil Banerjee,nikhil.banerjee3797@gmail.com,Male,Kochi,Kerala,2025-03-02
C00757,Priya Pillai,priya.pillai1452@gmail.com,Male,Indore,Madhya Pradesh,2025-12-24
C00758,Zoya Rao,zoya.rao661@gmail.com,Female,Jaipur,Rajasthan,2023-02-14
C00759,Rahul Pillai,rahul.pillai311@gmail.com,Female,Ahmedabad,Gujarat,2023-11-18
C00760,Riya Chavan,riya.chavan8222@gmail.com,Male,Chennai,Tamil Nadu,2024-04-28
C00761,Nandini Menon,nandini.menon9102@gmail.com,Male,Ahmedabad,Gujarat,2023-03-02
C00762,Diya Kumar,diya.kumar2258@gmail.com,Female,Kochi,Kerala,2025-03-15
C00763,Isha Kadam,isha.kadam6847@gmail.com,Male,Nagpur,Maharashtra,2024-04-10
C00764,Sneha Deshmukh,sneha.deshmukh7369@yahoo.com,Male,Kochi,Kerala,2024-11-05
C00765,Manish Chavan,manish.chavan2272@gmail.com,Male,Pune,Maharashtra,2024-02-19
C00766,Sneha Shetty,sneha.shetty9264@gmail.com,Female,Surat,Gujarat,2023-10-25
C00767,Ananya Bhat,ananya.bhat3026@gmail.com,Male,Jaipur,Rajasthan,2023-08-31
C00768,Aditi Agarwal,aditi.agarwal6747@gmail.com,Female,Delhi,Delhi,2025-04-27
C00769,Neha Reddy,neha.reddy1759@gmail.com,Male,Surat,Gujarat,2024-01-20
C00770,Aditi Agarwal,aditi.agarwal9932@gmail.com,Male,Nagpur,Maharashtra,2024-06-30
C00771,Meera Kadam,meera.kadam1312@outlook.com,Male,Bengaluru,Karnataka,2025-01-05
C00772,Zoya Banerjee,zoya.banerjee6136@gmail.com,Female,Nagpur,Maharashtra,2025-08-18
C00773,Yash Pillai,yash.pillai3176@gmail.com,Male,Pune,Maharashtra,2023-12-02
C00774,Shivani Agarwal,shivani.agarwal6777@gmail.com,Male,Bengaluru,Karnataka,2024-07-06
C00775,Manish Mehta,manish.mehta8037@gmail.com,Female,Pune,Maharashtra,2025-06-18
C00776,Mohit Singh,mohit.singh9970@gmail.com,Female,Ahmedabad,Gujarat,2023-03-27
C00777,Sameer Malhotra,sameer.malhotra640@yahoo.com,Male,Mysuru,Karnataka,2025-12-11
C00778,Tanvi Rao,tanvi.rao4035@yahoo.com,Female,Indore,Madhya Pradesh,2023-03-28
C00779,Aditya Bhat,aditya.bhat817@gmail.com,Female,Ahmedabad,Gujarat,2025-11-23
C00780,Tanvi Gupta,tanvi.gupta4694@outlook.com,Male,Kochi,Kerala,2024-09-15
C00781,Sneha Deshmukh,sneha.deshmukh8480@gmail.com,Female,Nagpur,Maharashtra,2023-04-22
C00782,Tanvi Mehta,tanvi.mehta1864@gmail.com,Male,Mysuru,Karnataka,2025-10-22
C00783,Sameer Singh,sameer.singh418@gmail.com,Female,Delhi,Delhi,2025-07-12
C00784,Raj Menon,raj.menon7459@gmail.com,Female,Mysuru,Karnataka,2024-02-18
C00785,Priya More,priya.more2034@gmail.com,Male,Nashik,Maharashtra,2023-12-02
C00786,Tanvi Chavan,tanvi.chavan8592@gmail.com,Male,Delhi,Delhi,2023-06-24
C00787,Sakshi Bhat,sakshi.bhat2809@gmail.com,Male,Ahmedabad,Gujarat,2023-03-31
C00788,Ishaan Banerjee,ishaan.banerjee850@gmail.com,Female,Pune,Maharashtra,2024-01-02
C00789,Pooja Mishra,pooja.mishra4741@gmail.com,Male,Surat,Gujarat,2025-07-02
C00790,Deepak Nair,deepak.nair210@outlook.com,Female,Bengaluru,Karnataka,2024-06-02
C00791,Yash Bhat,yash.bhat9971@outlook.com,Male,Surat,Gujarat,2023-01-12
C00792,Manish Jain,manish.jain7444@gmail.com,Female,Nashik,Maharashtra,2025-09-01
C00793,Anika Malhotra,anika.malhotra4019@yahoo.com,Female,Nagpur,Maharashtra,2023-01-14
C00794,Shruti Chavan,shruti.chavan811@gmail.com,Male,Jaipur,Rajasthan,2024-03-01
C00795,Akash Chavan,akash.chavan2391@gmail.com,Female,Delhi,Delhi,2023-03-17
C00796,Rahul Shetty,rahul.shetty1794@gmail.com,Male,Mumbai,Maharashtra,2023-04-11
C00797,Ishaan Kadam,ishaan.kadam7470@gmail.com,Male,Chennai,Tamil Nadu,2023-12-30
C00798,Anika Agarwal,anika.agarwal6048@gmail.com,Male,Chennai,Tamil Nadu,2024-10-23
C00799,Sneha Das,sneha.das4807@outlook.com,Male,Jaipur,Rajasthan,2023-05-13
C00800,Ayush More,ayush.more5403@yahoo.com,Female,Indore,Madhya Pradesh,2024-07-16
C00801,Isha Nair,isha.nair963@gmail.com,Male,Mysuru,Karnataka,2024-03-04
C00802,Vikram Mishra,vikram.mishra7006@gmail.com,Female,Mysuru,Karnataka,2024-08-11
C00803,Isha Jain,isha.jain2135@outlook.com,Female,Nagpur,Maharashtra,2024-12-25
C00804,Yash Saxena,yash.saxena4769@gmail.com,Male,Pune,Maharashtra,2024-04-21
C00805,Ayush Sharma,ayush.sharma3406@gmail.com,Female,Kolkata,West Bengal,2023-08-30
C00806,Aditya Kumar,aditya.kumar195@gmail.com,Female,Delhi,Delhi,2024-03-10
C00807,Nandini Saxena,nandini.saxena4929@yahoo.com,Female,Mumbai,Maharashtra,2024-09-22
C00808,Aarav Kulkarni,aarav.kulkarni5602@gmail.com,Male,Nashik,Maharashtra,2024-11-13
C00809,Karan Nair,karan.nair7859@outlook.com,Male,Delhi,Delhi,2024-11-23
C00810,Deepak Pillai,deepak.pillai8807@gmail.com,Female,Pune,Maharashtra,2025-08-01
C00811,Shivani Shetty,shivani.shetty8547@gmail.com,Female,Mysuru,Karnataka,2023-04-25
C00812,Nisha Bhat,nisha.bhat9470@gmail.com,Female,Bengaluru,Karnataka,2024-03-02
C00813,Ananya Reddy,ananya.reddy5566@gmail.com,Male,Chennai,Tamil Nadu,2023-03-05
C00814,Pallavi Malhotra,pallavi.malhotra9761@gmail.com,Female,Ahmedabad,Gujarat,2024-01-19
C00815,Priya More,priya.more6790@gmail.com,Female,Bengaluru,Karnataka,2024-07-10
C00816,Mohit Verma,mohit.verma3551@yahoo.com,Female,Kolkata,West Bengal,2024-09-11
C00817,Karan Kulkarni,karan.kulkarni3321@gmail.com,Female,Delhi,Delhi,2023-03-18
C00818,Zoya Sharma,zoya.sharma8202@gmail.com,Male,Surat,Gujarat,2025-09-15
C00819,Rahul Shetty,rahul.shetty5094@gmail.com,Male,Kolkata,West Bengal,2025-12-08
C00820,Arjun Das,arjun.das3371@gmail.com,Female,Jaipur,Rajasthan,2023-09-29
C00821,Sakshi More,sakshi.more1907@gmail.com,Female,Indore,Madhya Pradesh,2025-12-05
C00822,Aditya Kadam,aditya.kadam5470@outlook.com,Male,Indore,Madhya Pradesh,2023-06-28
C00823,Arjun Naik,arjun.naik378@gmail.com,Male,Surat,Gujarat,2024-10-01
C00824,Priya Nair,priya.nair4542@yahoo.com,Female,Hyderabad,Telangana,2024-08-09
C00825,Tanvi Kadam,tanvi.kadam2456@gmail.com,Female,Mumbai,Maharashtra,2024-07-12
C00826,Ayush Sharma,ayush.sharma1687@gmail.com,Female,Nagpur,Maharashtra,2025-11-18
C00827,Nisha Kumar,nisha.kumar4651@gmail.com,Male,Chennai,Tamil Nadu,2023-10-17
C00828,Ananya Deshmukh,ananya.deshmukh8866@outlook.com,Male,Nagpur,Maharashtra,2024-11-24
C00829,Deepak Sharma,deepak.sharma1745@gmail.com,Male,Kolkata,West Bengal,2023-04-14
C00830,Anika Singh,anika.singh9776@outlook.com,Female,Ahmedabad,Gujarat,2024-01-02
C00831,Pooja Kumar,pooja.kumar8750@gmail.com,Female,Indore,Madhya Pradesh,2024-02-10
C00832,Pallavi Reddy,pallavi.reddy1603@outlook.com,Female,Mumbai,Maharashtra,2025-08-17
C00833,Varun Pillai,varun.pillai2364@gmail.com,Female,Hyderabad,Telangana,2024-04-03
C00834,Sameer Iyer,sameer.iyer5330@outlook.com,Female,Mysuru,Karnataka,2024-11-07
C00835,Aditi Mehta,aditi.mehta5768@outlook.com,Female,Kolkata,West Bengal,2023-08-20
C00836,Ishaan Deshmukh,ishaan.deshmukh9913@gmail.com,Male,Surat,Gujarat,2024-12-14
C00837,Sameer Das,sameer.das5349@yahoo.com, Male ,Mysuru,Karnataka,2023-08-08
C00838,Pooja Bhat,pooja.bhat9685@gmail.com,Male,Kolkata,West Bengal,2025-03-31
C00839,Shruti Shah,shruti.shah7913@gmail.com,Male,Jaipur,Rajasthan,2023-11-22
C00840,Rahul Nair,rahul.nair7142@gmail.com,Male,Indore,Madhya Pradesh,2025-06-01
C00841,Karan Kadam,karan.kadam9417@outlook.com,Male,Nashik,Maharashtra,2023-06-09
C00842,Raj Malhotra,raj.malhotra9104@gmail.com,Female, Kolkata ,West Bengal,2024-10-28
C00843,Karan Deshmukh,karan.deshmukh9811@gmail.com,Female,Ahmedabad,Gujarat,2023-05-23
C00844,Priya Pillai,priya.pillai1493@gmail.com,Male,Nashik,Maharashtra,2023-05-06
C00845,Raj Menon,raj.menon2413@gmail.com,Female,Surat,Gujarat,2023-01-01
C00846,Kabir Deshmukh,kabir.deshmukh3215@gmail.com,Female,Ahmedabad,Gujarat,2025-07-04
C00847,Pooja Jain,pooja.jain7132@gmail.com,Male,Surat,Gujarat,2024-09-15
C00848,Raj Sharma,raj.sharma6632@gmail.com,Female,NAGPUR,Maharashtra,2025-11-11
C00849,Akash Verma,akash.verma23@yahoo.com,Female,Kochi,Kerala,2023-04-19
C00850,Ayush Banerjee,ayush.banerjee3864@gmail.com,Female,Chennai,Tamil Nadu,2023-03-05
C00851,Priya More,priya.more6261@gmail.com,Male,Ahmedabad,Gujarat,2025-04-11
C00852,Karan Pillai,,Female,Pune,Maharashtra,2024-01-21
C00853,Shivani Reddy,shivani.reddy2210@gmail.com,Male,Chennai,Tamil Nadu,2023-09-15
C00854,Aditi Reddy,aditi.reddy7165@gmail.com,Male,Mysuru,Karnataka,2025-09-23
C00855,Deepak Chavan,,Male,Surat,Gujarat,2025-05-01
C00856,Varun Naik,varun.naik6313@gmail.com,Male,Ahmedabad,Gujarat,2025-07-10
C00857,Karan Singh,karan.singh9478@outlook.com,Male,Nagpur,Maharashtra,2023-01-16
C00858,Zoya Joshi,zoya.joshi558@gmail.com,Female,Ahmedabad,Gujarat,2025-01-21
C00859,Rohan Kulkarni,rohan.kulkarni1321@gmail.com,Female,Nagpur,Maharashtra,2025-09-13
C00860,Varun Naik,varun.naik1459@gmail.com,Female,Mumbai,Maharashtra,2025-12-07
C00861,Ananya Kadam,ananya.kadam874@gmail.com,Male,Nashik,Maharashtra,2024-10-01
C00862,Vikram Rao,vikram.rao9413@gmail.com,male,Jaipur,Rajasthan,2025-08-18
C00863,Riya Saxena,riya.saxena2754@gmail.com,Female,Chennai,Tamil Nadu,2024-08-15
C00864,Pallavi Joshi,pallavi.joshi9482@gmail.com,Male,Bengaluru,Karnataka,2025-08-27
C00865,Nikhil Saxena,nikhil.saxena4709@outlook.com,Male,Mysuru,Karnataka,2023-02-25
C00866,Deepak Naik,deepak.naik4139@gmail.com,Female,Mumbai,Maharashtra,2024-07-23
C00867,Neha Banerjee,neha.banerjee1837@gmail.com,Male,Chennai,Tamil Nadu,2023-01-30
C00868,Tanvi Verma,tanvi.verma4290@gmail.com,Female,Surat,Gujarat,2023-12-26
C00869,Karan Saxena,karan.saxena5627@gmail.com,Male,Jaipur,Rajasthan,2023-03-09
C00870,Sanjay Shetty,sanjay.shetty8135@gmail.com,Female, Indore ,Madhya Pradesh,2023-11-12
C00871,Mohit Kadam,mohit.kadam3464@gmail.com,Male,Kolkata,West Bengal,2023-12-09
C00872,Nandini Agarwal,nandini.agarwal870@gmail.com,Female,Indore,Madhya Pradesh,2023-08-26
C00873,Sameer Pillai,sameer.pillai8734@gmail.com,Female,Chennai,Tamil Nadu,2025-09-02
C00874,Sakshi Pillai,sakshi.pillai8700@gmail.com,Male,Chennai,Tamil Nadu,2023-10-25
C00875,Nikhil Shetty,nikhil.shetty6268@gmail.com,Male,Surat,Gujarat,2025-07-08
C00876,Arjun Shetty,arjun.shetty7084@gmail.com,Female,Jaipur,Rajasthan,2024-12-25
C00877,Neha Joshi,neha.joshi4193@gmail.com,Female,Surat,Gujarat,2023-07-21
C00878,Mohit Mishra,mohit.mishra8528@gmail.com,Male,Nashik,Maharashtra,2024-02-04
C00879,Priya Bhat,priya.bhat1123@gmail.com,Female,Bengaluru,Karnataka,2023-01-18
C00880,Arjun Naik,arjun.naik5769@gmail.com,Female,Mumbai,Maharashtra,2025-07-02
C00881,Nandini Nair,nandini.nair1516@gmail.com,Male,Bengaluru,Karnataka,2023-02-18
C00882,Sanjay Chavan,sanjay.chavan1425@gmail.com,Female,Mumbai,Maharashtra,2023-09-03
C00883,Pallavi Saxena,pallavi.saxena3028@gmail.com,Female,Pune,Maharashtra,2023-08-16
C00884,Varun Kadam,varun.kadam7439@gmail.com,Female,Kochi,Kerala,2023-06-05
C00885,Priya Joshi,priya.joshi4553@gmail.com,Female,Pune,Maharashtra,2023-06-01
C00886,Sakshi Kumar,sakshi.kumar4346@gmail.com,Female,Bengaluru,Karnataka,2024-06-12
C00887,Ananya Pillai,ananya.pillai6442@gmail.com,Female,Kochi,Kerala,2024-02-15
C00888,Arjun Reddy,arjun.reddy3588@gmail.com,Female,Jaipur,Rajasthan,2025-06-02
C00889,Nandini Kulkarni,nandini.kulkarni1163@gmail.com,Female,Bengaluru,Karnataka,2023-05-30
C00890,Aditi Menon,aditi.menon24@gmail.com,Female,Kolkata,West Bengal,2023-11-01
C00891,Neha Reddy,neha.reddy6421@gmail.com,Female,Mysuru,Karnataka,2024-11-06
C00892,Vikram Singh,vikram.singh8859@gmail.com,Male,Ahmedabad,Gujarat,2023-05-24
C00893,Sakshi More,sakshi.more1995@yahoo.com,Female,Indore,Madhya Pradesh,2025-09-14
C00894,Rahul Kadam,rahul.kadam914@gmail.com,Female,Chennai,Tamil Nadu,2025-03-31
C00895,Kabir Banerjee,kabir.banerjee7540@gmail.com,Male,Delhi,Delhi,2023-06-14
C00896,Karan Bhat,karan.bhat3139@gmail.com,Female,Bengaluru,Karnataka,2025-02-25
C00897,Arjun Chavan,arjun.chavan7980@gmail.com,Female,Mysuru,Karnataka,2025-01-05
C00898,Kavya Reddy,kavya.reddy425@gmail.com,Female,Bengaluru,Karnataka,2024-01-31
C00899,Sakshi Mehta,sakshi.mehta8196@yahoo.com,Female,Surat,Gujarat,2024-09-22
C00900,Aditi Patil,aditi.patil5543@gmail.com,Female,Delhi,Delhi,2023-04-25
C00901,Ayush Nair,ayush.nair7519@yahoo.com,Male,Surat,Gujarat,2025-12-07
C00902,Raj Shah,raj.shah614@gmail.com,Female,Kochi,Kerala,2023-05-28
C00903,Aditi Pillai,aditi.pillai3986@gmail.com,Male,Kochi,Kerala,2023-04-04
C00904,Karan Chavan,karan.chavan1604@outlook.com,Male,Bengaluru,Karnataka,2024-09-21
C00905,Raj Mehta,raj.mehta1880@outlook.com,Male,Indore,Madhya Pradesh,2023-08-06
C00906,Ananya Saxena,ananya.saxena5537@gmail.com,Female,Hyderabad,Telangana,2025-05-22
C00907,Ayush Kadam,ayush.kadam5278@gmail.com,Male,Nagpur,Maharashtra,2023-10-09
C00908,Raj Iyer,raj.iyer1988@gmail.com,Male,Delhi,Delhi,2023-05-10
C00909,Shivani Iyer,shivani.iyer9077@gmail.com,female,Mysuru,Karnataka,2025-01-27
C00910,Mohit Shetty,mohit.shetty2195@gmail.com,Female,Nagpur,Maharashtra,2023-03-25
C00911,Ishaan Sharma,ishaan.sharma1332@gmail.com,Male,Kochi,Kerala,2025-09-24
C00912,Karan Shetty,karan.shetty6829@outlook.com,Male,Mumbai,Maharashtra,2024-08-04
C00913,Manish Reddy,manish.reddy8580@outlook.com,Female,Nashik,Maharashtra,2024-07-08
C00914,Mohit Iyer,mohit.iyer9779@gmail.com,Female,Nagpur,Maharashtra,2023-03-19
C00915,Shruti Mehta,shruti.mehta5709@gmail.com,Male,Nashik,Maharashtra,2024-09-08
C00916,Nisha Shah,nisha.shah8696@gmail.com,Female,Hyderabad,Telangana,2023-08-29
C00917,Kabir Naik,kabir.naik3419@gmail.com,Male,Hyderabad,Telangana,2025-08-08
C00918,Kavya Kulkarni,kavya.kulkarni7782@outlook.com,Male,Surat,Gujarat,2023-11-02
C00919,Ishaan Kadam,ishaan.kadam895@gmail.com,Female,Kochi,Kerala,2023-03-30
C00920,Manish Singh,manish.singh7434@gmail.com,Male,Chennai,Tamil Nadu,2024-11-15
C00921,Akash Shetty,akash.shetty2599@gmail.com,Female,Jaipur,Rajasthan,2023-12-27
C00922,Zoya Kulkarni,zoya.kulkarni7297@gmail.com,Female,Mumbai,Maharashtra,2024-04-26
C00923,Kavya Mishra,kavya.mishra3779@gmail.com,Female,Nashik,Maharashtra,2024-10-29
C00924,Meera Kulkarni,meera.kulkarni3286@gmail.com,Male,Hyderabad,Telangana,2025-04-24
C00925,Ananya Pillai,ananya.pillai900@gmail.com,Male,Nagpur,Maharashtra,2025-09-19
C00926,Manish Shetty,manish.shetty2927@gmail.com,Female,Nagpur,Maharashtra,2025-07-20
C00927,Deepak Rao,deepak.rao5885@gmail.com,Male,Mysuru,Karnataka,2024-02-02
C00928,Rahul Reddy,rahul.reddy4607@gmail.com,Male,Bengaluru,Karnataka,2023-05-03
C00929,Varun Rao,varun.rao5639@gmail.com,Female,Ahmedabad,Gujarat,2023-12-17
C00930,Sanjay Iyer,sanjay.iyer9481@yahoo.com,Male,Surat,Gujarat,2023-12-15
C00931,Anika Singh,anika.singh8025@gmail.com,Female,Indore,Madhya Pradesh,2025-12-04
C00932,Varun Joshi,varun.joshi4051@gmail.com,Female,Bengaluru,Karnataka,2025-05-26
C00933,Sneha Jain,sneha.jain9409@gmail.com,Female,Hyderabad,Telangana,2023-11-02
C00934,Aditya Patil,aditya.patil560@gmail.com,Female,Kolkata,West Bengal,2025-10-29
C00935,Vikram Saxena,vikram.saxena7422@outlook.com,Male,Surat,Gujarat,2023-07-20
C00936,Anika Bhat,anika.bhat6672@gmail.com,Male,Surat,Gujarat,2023-01-26
C00937,Riya Deshmukh,riya.deshmukh270@outlook.com,Female,Hyderabad,Telangana,2023-07-05
C00938,Ishaan More,ishaan.more7462@outlook.com,Male,Kolkata,West Bengal,2023-02-19
C00939,Sameer Iyer,sameer.iyer7617@gmail.com,Male,Surat,Gujarat,2025-01-28
C00940,Sakshi Menon,sakshi.menon8708@gmail.com,Female,Mysuru,Karnataka,2024/11/12
C00941,Sneha Agarwal,sneha.agarwal1336@gmail.com,Male,Chennai,Tamil Nadu,2024-02-29
C00942,Zoya Shetty,zoya.shetty854@gmail.com,Female,Nashik,Maharashtra,2025-01-15
C00943,Rohan Rao,rohan.rao5999@gmail.com,Male,Nagpur,Maharashtra,2023-03-25
C00944,Nisha More,nisha.more2277@gmail.com,Male,Mumbai,Maharashtra,2024-02-24
C00945,Kabir Kulkarni,kabir.kulkarni9514@gmail.com,Male,Nashik,Maharashtra,2025-09-06
C00946,Priya Verma,priya.verma8260@gmail.com,Female,Kochi,Kerala,2024-07-01
C00947,Akash Mehta,akash.mehta7422@outlook.com,Male,Delhi,Delhi,2024-12-08
C00948,Vikram More,vikram.more4798@outlook.com,Female,Jaipur,Rajasthan,2025-12-27
C00949,Ananya Nair,ananya.nair1440@gmail.com,Female,Kochi,Kerala,2025-07-26
C00950,Karan Deshmukh,karan.deshmukh2709@gmail.com,Male,Mumbai,Maharashtra,2023-08-12
C00951,Diya Pillai,diya.pillai8540@gmail.com,Female,Pune,Maharashtra,2024-02-23
C00952,Shivani Kadam,shivani.kadam7774@gmail.com,Female,Jaipur,Rajasthan,2023-09-28
C00953,Tanvi Mishra,tanvi.mishra4786@gmail.com,Male,Nashik,Maharashtra,2023-02-13
C00954,Aditi Banerjee,aditi.banerjee8523@gmail.com,Female,Surat,Gujarat,2024-04-20
C00955,Raj Kumar,raj.kumar7975@yahoo.com,Female,Nashik,Maharashtra,2024-10-30
C00956,Varun Deshmukh,varun.deshmukh5031@gmail.com,Female,Nagpur,Maharashtra,2023-09-28
C00957,Meera Pillai,meera.pillai785@gmail.com,Female,Delhi,Delhi,2024-08-13
C00958,Nikhil Rao,nikhil.rao8780@gmail.com,Male,Pune,Maharashtra,2023-11-26
C00959,Karan Das,karan.das2651@gmail.com,Male,Mysuru,Karnataka,11-Nov-2023
C00960,Aditya Kumar,aditya.kumar7233@gmail.com,Female,Nagpur,Maharashtra,2023-09-17
C00961,Karan Nair,karan.nair5202@gmail.com,Male,Jaipur,Rajasthan,2023-03-13
C00962,Rohan Rao,,Male,Jaipur,Rajasthan,2023-11-29
C00963,Aditi Gupta,aditi.gupta2391@outlook.com,Female,Kochi,Kerala,2025-10-19
C00964,Diya Sharma,diya.sharma5437@gmail.com,Female,Mysuru,Karnataka,2025-11-05
C00965,Nikhil Agarwal,nikhil.agarwal9270@outlook.com,Female,Nagpur,Maharashtra,2023-10-29
C00966,Ayush Mishra,ayush.mishra2294@yahoo.com,Male,Kolkata,West Bengal,2023-03-24
C00967,Pooja Sharma,pooja.sharma7316@gmail.com,Male,Ahmedabad,Gujarat,2024-03-27
C00968,Priya Patil,priya.patil9568@yahoo.com,Male,Nagpur,Maharashtra,2024-02-04
C00969,Neha Nair,neha.nair8831@outlook.com,Male,Bengaluru,Karnataka,2023-06-21
C00970,Zoya Gupta,zoya.gupta5216@yahoo.com,Male,Hyderabad,Telangana,2025-10-01
C00971,Rohan Gupta,rohan.gupta6066@gmail.com,Female,Pune,Maharashtra,2025-05-25
C00972,Aarav Deshmukh,aarav.deshmukh5057@outlook.com,Male,Delhi,Delhi,2024-12-20
C00973,Manish Mishra,manish.mishra6819@outlook.com,Female,Kochi,Kerala,2025-06-28
C00974,Ishaan Saxena,ishaan.saxena6796@gmail.com,female,Mysuru,Karnataka,2025-05-18
C00975,Diya Nair,diya.nair8616@gmail.com,Male,Chennai,Tamil Nadu,2025-08-30
C00976,Raj Agarwal,raj.agarwal118@gmail.com,Female,Ahmedabad,Gujarat,2023-07-01
C00977,Shivani Iyer,shivani.iyer9314@gmail.com,Male,Jaipur,Rajasthan,2025-08-04
C00978,Karan Das,karan.das9084@outlook.com,Male,Ahmedabad,Gujarat,2024-08-15
C00979,Pooja Das,pooja.das8105@yahoo.com,Female,Nagpur,Maharashtra,2024-09-14
C00980,Meera Sharma,meera.sharma2533@gmail.com,Female, Surat ,Gujarat,2023-01-06
C00981,Vikram Kulkarni,vikram.kulkarni6844@gmail.com,Female,Nashik,Maharashtra,2024-08-12
C00982,Mohit Sharma,mohit.sharma8088@gmail.com,Female,Mumbai,Maharashtra,2024-07-21
C00983,Raj Pillai,raj.pillai4235@outlook.com,Male,Nagpur,Maharashtra,2025-06-12
C00984,Rohan Naik,rohan.naik4262@gmail.com,Male,Mysuru,Karnataka,2023-02-05
C00985,Diya Kumar,diya.kumar5865@gmail.com,Male,Kolkata,West Bengal,2023-10-05
C00986,Neha Verma,neha.verma808@gmail.com,Female,Ahmedabad,Gujarat,2024-12-30
C00987,Isha Chavan,isha.chavan8429@gmail.com,Male,Kochi,Kerala,2023-06-07
C00988,Arjun Malhotra,arjun.malhotra8918@gmail.com,Female,Surat,Gujarat,2023-12-09
C00989,Pooja Joshi,pooja.joshi1580@yahoo.com,Female,Nashik,Maharashtra,2025-01-12
C00990,Diya Sharma,diya.sharma4620@gmail.com,Female,Pune,Maharashtra,2025-11-27
C00991,Shivani Kumar,shivani.kumar1688@gmail.com,Male,Kochi,Kerala,2023-11-30
C00992,Zoya Shah,zoya.shah9163@yahoo.com,Male,Indore,Madhya Pradesh,2024-01-21
C00993,Shivani Rao,shivani.rao1919@gmail.com,Male,Kochi,Kerala,2023-06-06
C00994,Vikram Verma,vikram.verma2287@outlook.com,Female,Chennai,Tamil Nadu,2025-01-12
C00995,Karan More,karan.more1953@gmail.com,Male,Chennai,Tamil Nadu,2023-02-28
C00996,Diya More,diya.more2063@gmail.com,Male,Hyderabad,Telangana,2024-09-21
C00997,Anika Singh,anika.singh1283@gmail.com,Female,Mysuru,Karnataka,2023-08-17
C00998,Sneha Patil,sneha.patil547@yahoo.com,Male,Hyderabad,Telangana,2023-08-09
C00999,Vikram Kulkarni,vikram.kulkarni719@gmail.com,Female,Kochi,Kerala,2024-06-02
C01000,Aarav Agarwal,aarav.agarwal9869@gmail.com,Male,Mumbai,Maharashtra,2023-09-11
C01001,Karan Kadam,karan.kadam1497@gmail.com,Female,Delhi,Delhi,2023-03-01
C01002,Raj Verma,raj.verma8212@gmail.com,Male,Delhi,Delhi,2023-11-25
C01003,Arjun Das,arjun.das8674@gmail.com,Male,Nagpur,Maharashtra,2023-01-29
C01004,Nikhil Iyer,nikhil.iyer1626@gmail.com,Female,Kochi,Kerala,2023-01-09
C01005,Rohan More,rohan.more7213@gmail.com,Male,Nagpur,Maharashtra,2024-01-15
C01006,Riya Gupta,riya.gupta8435@gmail.com,Female,Ahmedabad,Gujarat,2024-03-14
C01007,Ayush Agarwal,ayush.agarwal7643@gmail.com,Male,Delhi,Delhi,2023-09-11
C01008,Yash Agarwal,yash.agarwal9138@gmail.com,Male,Delhi,Delhi,2024-08-13
C01009,Priya Pillai,priya.pillai4656@outlook.com,Female,Mumbai,Maharashtra,2025-02-27
C01010,Tanvi Shah,tanvi.shah4771@gmail.com,Male,JAIPUR,Rajasthan,2025-04-14
C01011,Ananya Menon,ananya.menon6030@gmail.com,Male,Indore,Madhya Pradesh,2025-09-01
C01012,Yash Kadam,yash.kadam7187@yahoo.com,Male,Mumbai,Maharashtra,2025-03-22
C01013,Ayush Reddy,ayush.reddy9685@gmail.com,Male,Ahmedabad,Gujarat,2025-03-31
C01014,Ananya Verma,ananya.verma3291@gmail.com,Male,Hyderabad,Telangana,2024-11-24
C01015,Meera Das,meera.das4573@gmail.com,Female,Ahmedabad,Gujarat,2025-10-19
C01016,Riya Pillai,riya.pillai7948@yahoo.com,Female,Nashik,Maharashtra,2025-04-08
C01017,Diya Agarwal,diya.agarwal2011@gmail.com,Female,Kolkata,West Bengal,2023-08-10
C01018,Yash Shah,yash.shah496@gmail.com,Male,Nashik,Maharashtra,2023-10-03
C01019,Ananya Pillai,ananya.pillai2944@gmail.com,Female,Nashik,Maharashtra,2023-02-24
C01020,Diya Deshmukh,diya.deshmukh1263@yahoo.com,Female,Nagpur,Maharashtra,2023-07-17
C01021,Varun Nair,varun.nair8042@yahoo.com,Female,Chennai,Tamil Nadu,2025-10-16
C01022,Kabir Kumar,kabir.kumar527@gmail.com,Male,Surat,Gujarat,2023-02-06
C01023,Sakshi Rao,sakshi.rao7260@outlook.com,Male,Delhi,Delhi,2025-02-09
C01024,Aditya Iyer,aditya.iyer2699@outlook.com,Female,Jaipur,Rajasthan,2024-09-12
C01025,Deepak Deshmukh,deepak.deshmukh7996@gmail.com,Female,Mysuru,Karnataka,2025-03-07
C01026,Nisha Kadam,nisha.kadam7807@yahoo.com,Male,Jaipur,Rajasthan,2025-08-20
C01027,Zoya Patil,zoya.patil8115@gmail.com,Female,Ahmedabad,Gujarat,2024-06-23
C01028,Nikhil Kumar,nikhil.kumar9684@gmail.com,Male,Bengaluru,Karnataka,2023-02-27
C01029,Rohan Verma,rohan.verma5601@gmail.com,Male,Surat,Gujarat,2023-02-25
C01030,Sneha Verma,sneha.verma5765@gmail.com,Male,Delhi,Delhi,2025-04-23
C01031,Mohit Shah,mohit.shah9718@gmail.com,Male,Nashik,Maharashtra,2024-10-01
C01032,Pooja Kulkarni,pooja.kulkarni332@yahoo.com,Female,Delhi,Delhi,2023-12-14
C01033,Aditya Rao,aditya.rao9316@yahoo.com,Female,Nashik,Maharashtra,2025-05-15
C01034,Neha Sharma,neha.sharma9643@gmail.com,Female,Mysuru,Karnataka,2025-08-19
C01035,Sakshi Jain,sakshi.jain9390@gmail.com,Female,Ahmedabad,Gujarat,2024-10-22
C01036,Arjun More,arjun.more5514@outlook.com,Female,Nashik,Maharashtra,2024-02-26
C01037,Ishaan Malhotra,ishaan.malhotra7153@gmail.com,Female,Chennai,Tamil Nadu,2025-01-14
C01038,Ananya Das,ananya.das4718@gmail.com,Male,Indore,Madhya Pradesh,2024-03-14
C01039,Pooja Jain,pooja.jain1516@gmail.com,Female,Ahmedabad,Gujarat,2024-04-07
C01040,Neha Mehta,neha.mehta7796@gmail.com,Male,Nagpur,Maharashtra,2025-12-23
C01041,Riya Saxena,riya.saxena8278@gmail.com,Female,Mumbai,Maharashtra,2024-09-10
C01042,Kabir Kumar,kabir.kumar6601@gmail.com,Female,Hyderabad,Telangana,2025-04-28
C01043,Nisha Iyer,nisha.iyer8467@gmail.com,Female,Kochi,Kerala,2023-02-08
C01044,Manish Kadam,manish.kadam4399@yahoo.com,Female,Indore,Madhya Pradesh,2025-08-15
C01045,Pallavi Mishra,pallavi.mishra8566@gmail.com,Female,Nashik,Maharashtra,2023-05-03
C01046,Varun Reddy,varun.reddy4929@gmail.com,Female,Hyderabad,Telangana,2023-11-05
C01047,Priya Banerjee,priya.banerjee3345@gmail.com,Female,Indore,Madhya Pradesh,2023-05-12
C01048,Nikhil Chavan,nikhil.chavan9860@gmail.com,Female,Pune,Maharashtra,2024-06-09
C01049,Mohit Kulkarni,mohit.kulkarni463@gmail.com,Female,Pune,Maharashtra,2024-01-29
C01050,Varun Pillai,varun.pillai6924@gmail.com,Male,Jaipur,Rajasthan,2025-06-12
C01051,Ishaan Joshi,ishaan.joshi4243@gmail.com,Male,Pune,Maharashtra,2023-03-01
C01052,Aditya Mishra,aditya.mishra916@gmail.com,Female,Kolkata,West Bengal,2023-02-10
C01053,Sanjay Deshmukh,sanjay.deshmukh6678@gmail.com,Male,Indore,Madhya Pradesh,2023-05-11
C01054,Sameer Das,sameer.das3877@gmail.com,Male,Mysuru,Karnataka,2023-10-15
C01055,Isha Kadam,,Male,Indore,Madhya Pradesh,2025-12-11
C01056,Mohit Malhotra,mohit.malhotra5405@gmail.com,Male,Mumbai,Maharashtra,2024-10-03
C01057,Sneha Nair,sneha.nair2879@gmail.com,Female,Pune,Maharashtra,2023-08-07
C01058,Tanvi Singh,tanvi.singh8044@yahoo.com,Female,Chennai,Tamil Nadu,2023-04-25
C01059,Ayush Kumar,ayush.kumar7790@gmail.com,Female,Jaipur,Rajasthan,2025-05-17
C01060,Diya Verma,diya.verma5059@gmail.com,Male,Kolkata,West Bengal,23-Jan-2025
C01061,Akash More,akash.more4154@yahoo.com,Female,Kochi,Kerala,2024-05-05
C01062,Pooja Chavan,pooja.chavan2009@yahoo.com,Male,Mysuru,Karnataka,2025-01-13
C01063,Tanvi Gupta,tanvi.gupta4196@gmail.com,Male,Bengaluru,Karnataka,2025-03-15
C01064,Mohit Deshmukh,mohit.deshmukh7200@gmail.com,Female,Hyderabad,Telangana,2023-11-25
C01065,Aditya Joshi,aditya.joshi8065@outlook.com,Female,Indore,Madhya Pradesh,2023-06-14
C01066,Rahul More,rahul.more2637@gmail.com,F,Ahmedabad,Gujarat,2023-07-25
C01067,Riya Singh,riya.singh7436@gmail.com,Male,Nagpur,Maharashtra,2024-10-31
C01068,Karan Chavan,karan.chavan60@gmail.com,Male,Kolkata,West Bengal,2023-10-06
C01069,Pooja Kumar,pooja.kumar1825@gmail.com,Male,Nagpur,Maharashtra,2023-06-18
C01070,Isha More,isha.more9742@gmail.com,female,Surat,Gujarat,2023-09-24
C01071,Tanvi Pillai,tanvi.pillai4280@gmail.com,Female,Indore,Madhya Pradesh,2023-10-01
C01072,Nikhil Nair,nikhil.nair6032@gmail.com,Female,Mumbai,Maharashtra,2025-04-28
C01073,Sakshi Das,sakshi.das349@gmail.com,Male,Kochi,Kerala,2024-04-04
C01074,Anika Rao,anika.rao2774@gmail.com,Female,Hyderabad,Telangana,20/06/2024
C01075,Shruti Singh,shruti.singh2455@gmail.com,Female,Nagpur,Maharashtra,2024-06-16
C01076,Ishaan Jain,ishaan.jain8625@gmail.com,M,Mumbai,Maharashtra,2023-01-29
C01077,Yash Kulkarni,yash.kulkarni3131@gmail.com,Female,Hyderabad,Telangana,2024-02-21
C01078,Yash Gupta,yash.gupta3395@gmail.com,Female,Pune,Maharashtra,2025-06-02
C01079,Kavya Singh,kavya.singh2401@gmail.com,Female,Pune,Maharashtra,2025-04-16
C01080,Nandini Shah,nandini.shah4078@gmail.com,Female,Nagpur,Maharashtra,2025-07-12
C01081,Anika Sharma,anika.sharma5306@gmail.com,Male,Kolkata,West Bengal,2023-09-30
C01082,Sakshi More,sakshi.more1206@gmail.com,Male,Ahmedabad,Gujarat,2024-06-08
C01083,Akash Kumar,akash.kumar7725@gmail.com,Male,Kochi,Kerala,2024-04-25
C01084,Aarav Joshi,aarav.joshi4966@gmail.com,F,Jaipur,Rajasthan,2025-02-19
C01085,Deepak Menon,deepak.menon9520@gmail.com,Female,Jaipur,Rajasthan,2023-03-26
C01086,Ishaan Naik,ishaan.naik7679@gmail.com,Male,Kolkata,West Bengal,2024-11-25
C01087,Priya More,priya.more2333@gmail.com,Male,Jaipur,Rajasthan,2025-06-05
C01088,Priya Patil,priya.patil4613@gmail.com,Female,Pune,Maharashtra,2025-10-19
C01089,Nikhil Menon,nikhil.menon4331@yahoo.com,Female,Kochi,Kerala,2024-06-23
C01090,Sneha Menon,sneha.menon8059@gmail.com,Female,Pune,Maharashtra,2024-10-08
C01091,Akash Nair,akash.nair3776@gmail.com,Male,Pune,Maharashtra,2023-04-22
C01092,Vikram Joshi,vikram.joshi7160@gmail.com,Female,Pune,Maharashtra,2025-08-14
C01093,Aditya Rao,aditya.rao7509@outlook.com,Male,Delhi,Delhi,2025-09-20
C01094,Diya Kulkarni,diya.kulkarni3347@gmail.com,Male,Delhi,Delhi,2023-07-11
C01095,Ishaan Mishra,ishaan.mishra9238@gmail.com,Male,Jaipur,Rajasthan,2024-07-12
C01096,Isha Agarwal,isha.agarwal6832@gmail.com,Male,Nagpur,Maharashtra,2024-01-05
C01097,Yash Kadam,yash.kadam435@gmail.com,Male,Mumbai,Maharashtra,2024-11-04
C01098,Sameer Verma,sameer.verma5310@gmail.com,Male,Nagpur,Maharashtra,06/08/2023
C01099,Anika Rao,anika.rao7449@gmail.com,Male,Indore,Madhya Pradesh,2025-09-09
C01100,Rahul Patil,rahul.patil5333@gmail.com,Male,Nashik,Maharashtra,2025-07-16
C01101,Akash Saxena,akash.saxena5304@gmail.com,Male,Nashik,Maharashtra,2024-08-02
C01102,Nisha Malhotra,nisha.malhotra6544@gmail.com,Male,Ahmedabad,Gujarat,2023-07-09
C01103,Mohit Agarwal,mohit.agarwal1471@gmail.com,Male,Indore,Madhya Pradesh,2025-03-27
C01104,Ishaan Gupta,ishaan.gupta4678@gmail.com,Male,Surat,Gujarat,2025-04-04
C01105,Pooja Pillai,pooja.pillai5090@gmail.com,Female,Surat,Gujarat,2025-06-04
C01106,Arjun Das,arjun.das3284@outlook.com,Female,Delhi,Delhi,2025-11-15
C01107,Sakshi Pillai,sakshi.pillai1488@gmail.com,Female,Chennai,Tamil Nadu,2025-05-16
C01108,Shruti Iyer,shruti.iyer1532@gmail.com,Female,Ahmedabad,Gujarat,2025-05-22
C01109,Varun Kadam,varun.kadam8125@yahoo.com,Male,Hyderabad,Telangana,2023-11-14
C01110,Nikhil Rao,nikhil.rao7835@gmail.com,Male,Ahmedabad,Gujarat,2023-06-12
C01111,Deepak Kadam,deepak.kadam4083@yahoo.com,Female,Kochi,Kerala,2024-09-07
C01112,Nikhil Jain,nikhil.jain748@yahoo.com,Male,Bengaluru,Karnataka,2023-06-06
C01113,Zoya Singh,zoya.singh7622@gmail.com,Female,Ahmedabad,Gujarat,2023-07-13
C01114,Nandini Jain,nandini.jain276@gmail.com,Female,Mumbai,Maharashtra,2025-10-28
C01115,Karan Saxena,karan.saxena751@gmail.com,F,Pune,Maharashtra,2025-03-15
C01116,Pooja Kumar,pooja.kumar7381@gmail.com,Female,Nagpur,Maharashtra,2025-07-20
C01117,Karan Nair,karan.nair9906@gmail.com,Male,pune,Maharashtra,2023-06-10
C01118,Sneha Bhat,sneha.bhat6480@gmail.com,Male,Bengaluru,Karnataka,2023-01-12
C01119,Ishaan Chavan,ishaan.chavan6647@outlook.com,Female,Kolkata,West Bengal,2025-07-31
C01120,Shruti Das,shruti.das6481@gmail.com,Male,Nagpur,Maharashtra,2025-01-08
C01121,Deepak Reddy,deepak.reddy1843@gmail.com,Male,Bengaluru,Karnataka,2024-01-26
C01122,Aditi Nair,aditi.nair3971@gmail.com,Male,Kolkata,West Bengal,2023-10-25
C01123,Anika Deshmukh,anika.deshmukh2437@outlook.com,Female,Surat,Gujarat,2025-08-07
C01124,Aditi Kulkarni,aditi.kulkarni7305@outlook.com,Female,Pune,Maharashtra,2023-11-09
C01125,Aditi Banerjee,aditi.banerjee3308@gmail.com,Female,Kolkata,West Bengal,2024-05-11
C01126,Akash Kumar,akash.kumar7084@gmail.com,Female, Bengaluru ,Karnataka,2023-07-30
C01127,Raj Malhotra,raj.malhotra616@outlook.com,Female,Mysuru,Karnataka,2024-08-18
C01128,Yash Naik,yash.naik3809@gmail.com,Male,Nagpur,Maharashtra,2025-09-26
C01129,Sneha Jain,sneha.jain4398@gmail.com,Female,Delhi,Delhi,2023-05-11
C01130,Ayush Pillai,ayush.pillai7355@gmail.com,Male,Nagpur,Maharashtra,2024-12-11
C01131,Ishaan Deshmukh,ishaan.deshmukh7698@gmail.com,Female,Mysuru,Karnataka,2024-01-29
C01132,Meera Naik,meera.naik9874@outlook.com,Male,Hyderabad,Telangana,2024-11-25
C01133,Nikhil Mishra,nikhil.mishra6839@gmail.com,Female,Mysuru,Karnataka,2025-03-10
C01134,Ishaan Malhotra,ishaan.malhotra1422@outlook.com,Male,Hyderabad,Telangana,2024-08-01
C01135,Karan Nair,karan.nair1663@gmail.com,Female,Pune,Maharashtra,2025-10-04
C01136,Pooja Shah,pooja.shah307@gmail.com,Female,Hyderabad,Telangana,2023-04-07
C01137,Riya Kadam,riya.kadam8258@gmail.com,Male,Pune,Maharashtra,2023-12-24
C01138,Rahul Singh,rahul.singh1987@yahoo.com,Male,Mumbai,Maharashtra,2024-04-09
C01139,Yash Joshi,yash.joshi774@yahoo.com,Female,Delhi,Delhi,2024-12-28
C01140,Diya Banerjee,diya.banerjee9910@gmail.com,Male,Mysuru,Karnataka,2025-11-21
C01141,Tanvi Saxena,tanvi.saxena1744@gmail.com,Male,Kolkata,West Bengal,2023-08-16
C01142,Zoya Kulkarni,zoya.kulkarni3375@gmail.com,Male,Pune,Maharashtra,2023-08-30
C01143,Nikhil More,nikhil.more8175@gmail.com,female,Kolkata,West Bengal,2025-11-02
C01144,Rohan Kumar,rohan.kumar2024@gmail.com,Female,Indore,Madhya Pradesh,2023-10-10
C01145,Shivani Agarwal,shivani.agarwal4029@outlook.com,Female,Surat,Gujarat,2023-01-14
C01146,Nikhil Naik,nikhil.naik4368@gmail.com,Female,Pune,Maharashtra,2023-06-24
C01147,Rohan Chavan,rohan.chavan2493@yahoo.com,Female,Nashik,Maharashtra,2024-05-17
C01148,Meera Reddy,meera.reddy6783@gmail.com,Female,Surat,Gujarat,2025-05-28
C01149,Isha Saxena,isha.saxena497@outlook.com,Male,Nashik,Maharashtra,2025-01-10
C01150,Aarav More,aarav.more1150@gmail.com,Female,Surat,Gujarat,2025-11-25
C01151,Priya Gupta,priya.gupta7121@gmail.com,Female,Surat,Gujarat,2023-12-03
C01152,Aditya Kadam,aditya.kadam9423@gmail.com,Female,Kochi,Kerala,2023-11-06
C01153,Shivani Gupta,shivani.gupta5149@gmail.com,Male,Kochi,Kerala,2024-09-15
C01154,Neha Menon,neha.menon6628@outlook.com,Male,Jaipur,Rajasthan,2023-10-28
C01155,Kabir Malhotra,kabir.malhotra5666@gmail.com,Male,Surat,Gujarat,2025-06-24
C01156,Pooja Mehta,pooja.mehta6399@gmail.com,Female,Bengaluru,Karnataka,2024-11-16
C01157,Manish Mehta,manish.mehta8551@gmail.com,Male,Jaipur,Rajasthan,2024-10-01
C01158,Aditi Sharma,aditi.sharma3964@gmail.com,Female,Kochi,Kerala,2024-06-13
C01159,Zoya Kulkarni,zoya.kulkarni6120@gmail.com,Female,Mysuru,Karnataka,2023-05-03
C01160,Ayush Patil,ayush.patil7362@gmail.com,Male,Surat,Gujarat,2023-09-13
C01161,Varun Kumar,varun.kumar9767@gmail.com,Female,Hyderabad,Telangana,2025-12-28
C01162,Pooja Deshmukh,pooja.deshmukh6197@yahoo.com,Male,Nashik,Maharashtra,2023-10-14
C01163,Arjun Kumar,arjun.kumar5929@outlook.com,Male,Jaipur,Rajasthan,2024-01-30
C01164,Diya More,diya.more1352@gmail.com,Male,Ahmedabad,Gujarat,2025-04-23
C01165,Sneha Menon,sneha.menon3529@outlook.com,Male,Pune,Maharashtra,2025-09-02
C01166,Rohan Kadam,rohan.kadam9647@yahoo.com,Female, Jaipur ,Rajasthan,2025-04-04
C01167,Nandini Jain,nandini.jain7220@outlook.com,Female,Kolkata,West Bengal,2025-05-17
C01168,Ishaan Reddy,ishaan.reddy7952@outlook.com,Male,Jaipur,Rajasthan,2023-09-18
C01169,Zoya Banerjee,zoya.banerjee3493@outlook.com,Female,Jaipur,Rajasthan,2023-08-30
C01170,Aditya Mishra,aditya.mishra1955@gmail.com,Male,Pune,Maharashtra,2025-01-26
C01171,Ayush Verma,ayush.verma669@yahoo.com,Male,Nagpur,Maharashtra,2024-08-16
C01172,Ayush Verma,ayush.verma4978@gmail.com,Female,Chennai,Tamil Nadu,2025-02-05
C01173,Aditi Saxena,aditi.saxena9670@gmail.com,Male,Pune,Maharashtra,2023-10-19
C01174,Pooja Menon,pooja.menon3009@outlook.com,Male,Chennai,Tamil Nadu,2024-03-17
C01175,Ayush Bhat,ayush.bhat742@gmail.com,Female,Delhi,Delhi,19-May-2023
C01176,Pallavi Deshmukh,pallavi.deshmukh5544@gmail.com,Female,Nagpur,Maharashtra,2025-07-15
C01177,Sanjay Reddy,sanjay.reddy8280@outlook.com,Female,Surat,Gujarat,2023-10-11
C01178,Tanvi Reddy,tanvi.reddy1473@gmail.com,Female,Indore,Madhya Pradesh,28-Oct-2024
C01179,Meera Menon,meera.menon8873@gmail.com,Female,Ahmedabad,Gujarat,2024-11-25
C01180,Neha Chavan,neha.chavan416@gmail.com,Male,Mumbai,Maharashtra,2023-12-06
C01181,Nisha Mehta,nisha.mehta9352@yahoo.com,Male,Hyderabad,Telangana,2023-04-19
C01182,Vikram Naik,vikram.naik1980@yahoo.com,Male,Kochi,Kerala,2023-02-08
C01183,Aditi Joshi,aditi.joshi4028@outlook.com,Male, Surat ,Gujarat,2024-02-26
C01184,Kabir Malhotra,kabir.malhotra9658@gmail.com,Female,Delhi,Delhi,2025-04-02
C01185,Aditi Kumar,aditi.kumar6808@gmail.com,Female,Ahmedabad,Gujarat,2024-01-05
C01186,Sakshi Joshi,sakshi.joshi1637@yahoo.com,Male,Mumbai,Maharashtra,2023-08-23
C01187,Nikhil Reddy,nikhil.reddy1478@gmail.com,Female,Pune,Maharashtra,2024-06-07
C01188,Shivani Kadam,shivani.kadam5339@gmail.com,Male,Pune,Maharashtra,2023-05-01
C01189,Akash Deshmukh,akash.deshmukh5253@gmail.com,Female,Ahmedabad,Gujarat,2023-07-22
C01190,Priya Joshi,priya.joshi859@gmail.com,Male,Ahmedabad,Gujarat,2023-09-05
C01191,Sanjay Jain,sanjay.jain8343@yahoo.com,Female,Hyderabad,Telangana,2025-10-06
C01192,Ayush Joshi,ayush.joshi7625@yahoo.com,Female,Bengaluru,Karnataka,2024-10-13
C01193,Ananya Pillai,ananya.pillai3839@gmail.com,Female,Bengaluru,Karnataka,2025-04-14
C01194,Nisha Jain,nisha.jain4045@yahoo.com,Male,Nashik,Maharashtra,2023-07-27
C01195,Pooja Jain,pooja.jain1384@yahoo.com,Male,Ahmedabad,Gujarat,2025-07-02
C01196,Diya Verma,diya.verma4026@yahoo.com,Female,Jaipur,Rajasthan,2023-12-11
C01197,Nisha Rao,nisha.rao7622@gmail.com,Male,Bengaluru,Karnataka,2023-01-03
C01198,Aarav Patil,aarav.patil4487@gmail.com,Female,Kochi,Kerala,2025-09-14
C01199,Riya Das,riya.das9597@yahoo.com,Female,Nashik,Maharashtra,2024-03-11
C01200,Aditya Iyer,aditya.iyer9235@gmail.com,Female,Mysuru,Karnataka,2025-12-29
C01201,Anika Gupta,anika.gupta2298@yahoo.com,Female,Mysuru,Karnataka,2023-09-09
C01202,Sneha Nair,sneha.nair5225@gmail.com,Female,Nagpur,Maharashtra,2025-10-30
C01203,Tanvi Joshi,tanvi.joshi5607@gmail.com,Female,Hyderabad,Telangana,2024-10-20
C01204,Sanjay Kumar,sanjay.kumar43@outlook.com,Male,Bengaluru,Karnataka,2023-10-01
C01205,Aarav Kadam,aarav.kadam9116@outlook.com,Female,Pune,Maharashtra,2025-04-26
C01206,Kabir Mehta,kabir.mehta8835@gmail.com,Female,Surat,Gujarat,2023-06-08
C01207,Ayush Verma,ayush.verma9861@gmail.com,Female,Indore,Madhya Pradesh,2025-02-09
C01208,Karan Das,karan.das2054@outlook.com,Female,Surat,Gujarat,2023-01-18
C01209,Kavya Rao,kavya.rao334@gmail.com,Female,Bengaluru,Karnataka,2024-03-29
C01210,Kavya Mehta,kavya.mehta3633@gmail.com,Female,Indore,Madhya Pradesh,2024-09-12
C01211,Rohan Patil,rohan.patil9939@gmail.com,Male,Chennai,Tamil Nadu,2025-10-06
C01212,Kavya Das,kavya.das1827@gmail.com,Female,Nashik,Maharashtra,2025-03-22
C01213,Ishaan Bhat,ishaan.bhat1080@gmail.com,Male,Hyderabad,Telangana,2023-12-26
C01214,Deepak Joshi,deepak.joshi8580@gmail.com,Male,Kochi,Kerala,2024-04-11
C01215,Aditi More,aditi.more4153@yahoo.com,Female,Nashik,Maharashtra,2025-12-27
C01216,Aarav Singh,aarav.singh5302@gmail.com,Female,Nashik,Maharashtra,2023-04-17
C01217,Neha Kulkarni,neha.kulkarni7654@outlook.com,Female,Nashik,Maharashtra,2025-11-27
C01218,Isha Agarwal,isha.agarwal779@gmail.com,Female,Bengaluru,Karnataka,2024-04-04
C01219,Kabir Rao,kabir.rao6430@gmail.com,Female,Delhi,Delhi,2023-01-11
C01220,Anika Menon,anika.menon3706@gmail.com,Male,Nagpur,Maharashtra,2023-02-21
C01221,Mohit Nair,mohit.nair5102@gmail.com,Male,Pune,Maharashtra,2024-11-05
C01222,Aditi Pillai,aditi.pillai9718@gmail.com,Female,Ahmedabad,Gujarat,2023-02-19
C01223,Mohit Kulkarni,mohit.kulkarni5593@gmail.com,Female,Kolkata,West Bengal,2024-05-03
C01224,Isha Saxena,isha.saxena9839@outlook.com,Male,Hyderabad,Telangana,2023-05-30
C01225,Tanvi Jain,tanvi.jain1004@gmail.com,Female,Mumbai,Maharashtra,2023-06-25
C01226,Priya Menon,priya.menon2099@gmail.com,Female,Indore,Madhya Pradesh,2023-05-14
C01227,Akash Deshmukh,akash.deshmukh1087@gmail.com,Male,Nagpur,Maharashtra,2025-06-03
C01228,Nisha Patil,nisha.patil6591@gmail.com,Female,Chennai,Tamil Nadu,2025-02-20
C01229,Meera Banerjee,meera.banerjee7438@gmail.com,Female,Nagpur,Maharashtra,2023-01-22
C01230,Sneha Menon,sneha.menon5574@gmail.com,Female,Nagpur,Maharashtra,2023-07-27
C01231,Isha Kumar,isha.kumar1779@gmail.com,Male,Nagpur,Maharashtra,2024-01-30
C01232,Sanjay More,sanjay.more9401@gmail.com,Female,Mumbai,Maharashtra,2024-02-01
C01233,Riya Singh,riya.singh3056@gmail.com,Male,Kolkata,West Bengal,2025-06-29
C01234,Aditya Patil,aditya.patil9586@gmail.com,Female,Pune,Maharashtra,2024-09-30
C01235,Pooja Jain,pooja.jain2425@outlook.com,Female,Kochi,Kerala,2023-10-26
C01236,Sanjay Kumar,sanjay.kumar142@yahoo.com,Male,Chennai,Tamil Nadu,2025-01-25
C01237,Akash Shah,akash.shah6925@gmail.com,Male,Jaipur,Rajasthan,2023-04-22
C01238,Kavya Chavan,kavya.chavan1130@gmail.com,Male,Kochi,Kerala,2024-02-17
C01239,Vikram More,vikram.more9836@gmail.com,Female,Mysuru,Karnataka,2025-08-15
C01240,Shruti Deshmukh,shruti.deshmukh2668@gmail.com,Female,Ahmedabad,Gujarat,2024-11-04
C01241,Aditya Pillai,aditya.pillai3664@gmail.com,Female,Hyderabad,Telangana,2023-01-08
C01242,Shruti Nair,shruti.nair5441@gmail.com,Male,Hyderabad,Telangana,2025-09-11
C01243,Sameer Iyer,sameer.iyer5954@gmail.com,Male,Indore,Madhya Pradesh,2023-01-14
C01244,Riya Sharma,riya.sharma2343@gmail.com,Female,Jaipur,Rajasthan,2023-08-24
C01245,Kavya Chavan,kavya.chavan729@gmail.com,Male,Nagpur,Maharashtra,2025-01-07
C01246,Kavya Deshmukh,kavya.deshmukh4302@gmail.com,Female,Pune,Maharashtra,2024-03-24
C01247,Nisha Shah,nisha.shah362@gmail.com,Female,Pune,Maharashtra,2024-02-06
C01248,Arjun Sharma,arjun.sharma6218@gmail.com,Female,Indore,Madhya Pradesh,2023-10-09
C01249,Manish Deshmukh,,Male,Kolkata,West Bengal,2024-05-06
C01250,Isha Saxena,isha.saxena1081@gmail.com,Male,Nagpur,Maharashtra,2025-06-07
C01251,Deepak Saxena,deepak.saxena8735@gmail.com,Female,Hyderabad,Telangana,2024-01-28
C01252,Priya Malhotra,priya.malhotra766@gmail.com,Female,Ahmedabad,Gujarat,2024-05-15
C01253,Diya Kumar,diya.kumar4598@gmail.com,Female,Hyderabad,Telangana,2023-04-20
C01254,Manish Mishra,manish.mishra1072@gmail.com,Female,Mumbai,Maharashtra,2025-08-21
C01255,Zoya Verma,zoya.verma7616@gmail.com,male,Kolkata,West Bengal,2025-11-28
C01256,Rohan Naik,rohan.naik8116@outlook.com,Female,Mysuru,Karnataka,2025-09-16
C01257,Raj Gupta,raj.gupta3404@gmail.com,Male,Nashik,Maharashtra,2023-03-16
C01258,Tanvi Banerjee,tanvi.banerjee3591@gmail.com,Female,Hyderabad,Telangana,2025-03-21
C01259,Sakshi Jain,sakshi.jain4180@yahoo.com,Male,Pune,Maharashtra,2025-02-05
C01260,Deepak Agarwal,deepak.agarwal7292@yahoo.com,Female,Mumbai,Maharashtra,2024-08-27
C01261,Meera Jain,meera.jain8402@gmail.com,Female,Bengaluru,Karnataka,2025-08-10
C01262,Tanvi Rao,tanvi.rao6031@outlook.com,Female,Ahmedabad,Gujarat,2025-04-17
C01263,Neha Gupta,neha.gupta7246@gmail.com,Female,Bengaluru,Karnataka,2024-01-03
C01264,Ananya Verma,ananya.verma4835@yahoo.com,Male,Kochi,Kerala,2023-06-18
C01265,Neha Shetty,neha.shetty1952@gmail.com,Female,Hyderabad,Telangana,2023-07-21
C01266,Aditya Bhat,aditya.bhat3231@gmail.com,Female,Hyderabad,Telangana,2024-11-14
C01267,Pooja Mishra,pooja.mishra3133@gmail.com,Female,Indore,Madhya Pradesh,2024-07-16
C01268,Aarav Agarwal,aarav.agarwal5689@gmail.com,Female,Chennai,Tamil Nadu,2024-07-31
C01269,Raj Agarwal,raj.agarwal7743@yahoo.com,Male,Nashik,Maharashtra,2023-01-25
C01270,Sameer Shah,sameer.shah7783@gmail.com,Female,Hyderabad,Telangana,2024-03-05
C01271,Varun Kumar,varun.kumar5139@gmail.com,Female,Surat,Gujarat,2023-06-25
C01272,Shivani Nair,shivani.nair9159@gmail.com,Female,Kolkata,West Bengal,2025-07-10
C01273,Deepak Jain,deepak.jain5016@gmail.com,Female,Indore,Madhya Pradesh,2023-09-20
C01274,Riya Kumar,riya.kumar6984@gmail.com,Female,Hyderabad,Telangana,2025-05-08
C01275,Priya Jain,priya.jain2289@gmail.com,Female, Bengaluru ,Karnataka,2023-03-07
C01276,Pallavi Chavan,pallavi.chavan6257@gmail.com,Female,Surat,Gujarat,2025-03-11
C01277,Ananya Bhat,ananya.bhat7788@gmail.com,Female,Ahmedabad,Gujarat,2024-01-21
C01278,Pallavi Rao,pallavi.rao1537@gmail.com,Male,Nashik,Maharashtra,2024-09-15
C01279,Nisha Iyer,nisha.iyer449@gmail.com,Male,Bengaluru,Karnataka,2025-09-27
C01280,Ananya Shetty,ananya.shetty3383@gmail.com,Female,Ahmedabad,Gujarat,2024-08-04
C01281,Isha Mehta,isha.mehta6049@yahoo.com,Male,Kolkata,West Bengal,2023-04-28
C01282,Ishaan Kumar,ishaan.kumar6417@gmail.com,Male,Indore,Madhya Pradesh,2025-04-21
C01283,Deepak Bhat,deepak.bhat1136@gmail.com,Male,Ahmedabad,Gujarat,2025-09-06
C01284,Deepak Banerjee,deepak.banerjee7091@outlook.com,Male,Hyderabad,Telangana,2024-09-26
C01285,Sanjay Jain,sanjay.jain8242@outlook.com,Female,Chennai,Tamil Nadu,2024-02-20
C01286,Kavya Sharma,kavya.sharma1058@gmail.com,Male,Pune,Maharashtra,2025-07-01
C01287,Isha Kumar,isha.kumar7549@outlook.com,Male,Kochi,Kerala,2025-10-02
C01288,Anika Deshmukh,anika.deshmukh5691@gmail.com,Female,Nashik,Maharashtra,2025-07-23
C01289,Shruti Das,shruti.das6810@gmail.com,Male,Surat,Gujarat,2023-12-25
C01290,Shruti Mishra,shruti.mishra6312@gmail.com,Male,Ahmedabad,Gujarat,2025-07-26
C01291,Sameer More,sameer.more2597@gmail.com,Female,Bengaluru,Karnataka,2024-05-05
C01292,Ananya More,ananya.more8095@gmail.com,Male,Mysuru,Karnataka,2024-03-20
C01293,Rohan Mehta,rohan.mehta8274@gmail.com,Female,Surat,Gujarat,2023-08-04
C01294,Tanvi Iyer,tanvi.iyer8301@gmail.com,Female,Chennai,Tamil Nadu,2024-02-29
C01295,Aditi Mehta,aditi.mehta6254@gmail.com,Female,Nashik,Maharashtra,2025-08-03
C01296,Kavya Gupta,kavya.gupta4115@gmail.com,Male,Bengaluru,Karnataka,2023-01-22
C01297,Priya Kadam,priya.kadam7952@outlook.com,Male,Mysuru,Karnataka,2025-08-08
C01298,Anika Bhat,anika.bhat7181@gmail.com,Female,Nashik,Maharashtra,2024-05-11
C01299,Neha Das,neha.das305@gmail.com,Male,Pune,Maharashtra,2023-12-16
C01300,Nikhil Kulkarni,nikhil.kulkarni2769@gmail.com,Male,Jaipur,Rajasthan,2025-03-11
C01301,Neha Reddy,neha.reddy2925@gmail.com,Male,Kolkata,West Bengal,2025-01-03
C01302,Kabir Nair,kabir.nair8576@gmail.com,Female,Kolkata,West Bengal,2023-04-08
C01303,Pooja Rao,pooja.rao807@gmail.com,Male,Bengaluru,Karnataka,2023-01-10
C01304,Mohit Verma,mohit.verma3286@gmail.com,Male,Kochi,Kerala,2024-05-03
C01305,Shivani Sharma,shivani.sharma3158@gmail.com,Male,Bengaluru,Karnataka,2024-11-21
C01306,Arjun Saxena,arjun.saxena2746@gmail.com,Female,Indore,Madhya Pradesh,2023-12-10
C01307,Zoya Kulkarni,zoya.kulkarni5296@yahoo.com,Male,Indore,Madhya Pradesh,2024-10-31
C01308,Shruti Nair,,Male,Kochi,Kerala,2025-03-20
C01309,Manish Kulkarni,manish.kulkarni2854@gmail.com,Female,Delhi,Delhi,2024-10-24
C01310,Priya Sharma,priya.sharma7526@gmail.com,Male,Ahmedabad,Gujarat,2024-03-11
C01311,Neha Chavan,neha.chavan729@gmail.com,Male,Nagpur,Maharashtra,2025-01-25
C01312,Shivani Deshmukh,shivani.deshmukh1678@yahoo.com,Male,Surat,Gujarat,2025-10-20
C01313,Nandini Kulkarni,nandini.kulkarni6376@gmail.com,Female,Nagpur,Maharashtra,2024-10-26
C01314,Karan Chavan,karan.chavan7909@gmail.com,Female,Surat,Gujarat,2024-10-13
C01315,Aditi Malhotra,aditi.malhotra6274@yahoo.com,Male,Kochi,Kerala,2025/07/08
C01316,Zoya Jain,zoya.jain3821@gmail.com,Male,Mysuru,Karnataka,2023-01-28
C01317,Pooja Shah,pooja.shah4000@gmail.com,Male,Mysuru,Karnataka,2025-05-27
C01318,Deepak Verma,deepak.verma3319@gmail.com,Female,Kolkata,West Bengal,2024-08-30
C01319,Manish Chavan,manish.chavan9808@outlook.com,Female,Bengaluru,Karnataka,2024-05-02
C01320,Deepak Joshi,deepak.joshi8543@gmail.com,Female,Delhi,Delhi,2023-03-23
C01321,Aditi Shah,aditi.shah5625@gmail.com,Male,Indore,Madhya Pradesh,2024-11-09
C01322,Kabir Patil,kabir.patil3654@gmail.com,Female,Kochi,Kerala,2024-05-23
C01323,Karan Rao,karan.rao1068@outlook.com,Male,Nashik,Maharashtra,2023-01-13
C01324,Kavya Patil,kavya.patil3355@gmail.com,Male,Nashik,Maharashtra,2023-10-17
C01325,Karan Jain,,Male,Jaipur,Rajasthan,2024-02-23
C01326,Sneha Mishra,sneha.mishra2699@gmail.com,Male,Kolkata,West Bengal,2024-09-29
C01327,Sneha Iyer,sneha.iyer4976@gmail.com,F,Nagpur,Maharashtra,2024-05-24
C01328,Kavya Joshi,kavya.joshi1320@gmail.com,Female,Indore,Madhya Pradesh,2025-09-12
C01329,Sakshi Iyer,sakshi.iyer6935@yahoo.com,Female,Kolkata,West Bengal,2025-06-22
C01330,Diya Das,diya.das334@gmail.com,Female,Surat,Gujarat,2025-09-14
C01331,Anika Agarwal,anika.agarwal9761@yahoo.com,Male,Kochi,Kerala,2024-09-06
C01332,Nisha Mishra,nisha.mishra6243@outlook.com,Female,Pune,Maharashtra,2024-06-10
C01333,Varun Deshmukh,varun.deshmukh1188@gmail.com,Male,Ahmedabad,Gujarat,2025-09-11
C01334,Vikram Nair,vikram.nair78@gmail.com,Female,Pune,Maharashtra,2024-01-24
C01335,Yash Gupta,yash.gupta6475@gmail.com,Female,Kochi,Kerala,2025-05-01
C01336,Yash Deshmukh,,Male,Nashik,Maharashtra,2023-05-26
C01337,Sakshi Shetty,sakshi.shetty3192@gmail.com,Female,Nagpur,Maharashtra,2023-11-29
C01338,Riya Naik,,Female,Mysuru,Karnataka,2025-09-27
C01339,Sneha Mishra,sneha.mishra7837@gmail.com,Female,Hyderabad,Telangana,2024-05-11
C01340,Aditi More,aditi.more4291@outlook.com,Male, Nashik ,Maharashtra,2023-10-30
C01341,Nandini Shah,nandini.shah212@gmail.com,Male,Nagpur,Maharashtra,2023-11-27
C01342,Sakshi Gupta,sakshi.gupta8505@gmail.com,Female,Mysuru,Karnataka,2023-06-14
C01343,Ishaan Das,ishaan.das4961@yahoo.com,Female,Ahmedabad,Gujarat,2024-06-01
C01344,Raj Deshmukh,raj.deshmukh1466@gmail.com,Female,Mysuru,Karnataka,2025-04-22
C01345,Diya Joshi,diya.joshi6530@gmail.com,Male,Mysuru,Karnataka,2024-03-05
C01346,Ishaan Das,ishaan.das1597@gmail.com,Female,Kolkata,West Bengal,2023-01-04
C01347,Isha Singh,isha.singh7070@gmail.com,Male,Nashik,Maharashtra,2024-08-13
C01348,Rohan Iyer,rohan.iyer3254@outlook.com,Male,Mysuru,Karnataka,2023-10-03
C01349,Zoya Kulkarni,zoya.kulkarni3051@gmail.com,Male,Kolkata,West Bengal,2024-03-11
C01350,Karan Saxena,karan.saxena4259@gmail.com,Female,Surat,Gujarat,2024-01-28
C01351,Shruti Kulkarni,shruti.kulkarni1317@gmail.com,Male,Indore,Madhya Pradesh,2023-12-07
C01352,Sakshi Kulkarni,sakshi.kulkarni5615@gmail.com,Male,Chennai,Tamil Nadu,2023-05-12
C01353,Vikram Pillai,vikram.pillai165@gmail.com,Female,Nashik,Maharashtra,2023-07-26
C01354,Aarav Kadam,aarav.kadam1596@gmail.com, Male ,Nagpur,Maharashtra,2023-03-27
C01355,Sakshi Malhotra,sakshi.malhotra7971@outlook.com,Female,Jaipur,Rajasthan,2024-06-28
C01356,Sanjay Singh,sanjay.singh5630@gmail.com,Male,Delhi,Delhi,2025-01-29
C01357,Rohan Kadam,rohan.kadam947@gmail.com,Female,Ahmedabad,Gujarat,2025-02-14
C01358,Arjun Sharma,arjun.sharma2285@gmail.com,Male,Kolkata,West Bengal,02/04/2025
C01359,Isha Joshi,isha.joshi6046@outlook.com,Female,Mysuru,Karnataka,2024-05-24
C01360,Zoya Singh,zoya.singh61@gmail.com,Male,Nashik,Maharashtra,2024-01-20
C01361,Rohan Banerjee,rohan.banerjee7289@gmail.com,Female,Bengaluru,Karnataka,2024-10-28
C01362,Sameer Mishra,sameer.mishra5717@gmail.com,Female,Nagpur,Maharashtra,2023-06-16
C01363,Arjun Mishra,arjun.mishra9957@gmail.com,Male,Ahmedabad,Gujarat,2024-08-24
C01364,Isha Menon,isha.menon530@gmail.com,Female,Nagpur,Maharashtra,2025-10-30
C01365,Anika Deshmukh,anika.deshmukh2763@outlook.com,Male,Indore,Madhya Pradesh,2025-08-14
C01366,Vikram Kadam,vikram.kadam3997@gmail.com,Male,Jaipur,Rajasthan,2024-05-08
C01367,Anika Kulkarni,anika.kulkarni2635@gmail.com,Female,Ahmedabad,Gujarat,2023-03-01
C01368,Neha Shah,neha.shah7813@gmail.com,Male,Mysuru,Karnataka,2024-06-11
C01369,Kabir Chavan,kabir.chavan1491@gmail.com,Male,Mysuru,Karnataka,2025-10-04
C01370,Pallavi Agarwal,pallavi.agarwal5633@gmail.com,Female,Kochi,Kerala,2023-05-13
C01371,Nisha Banerjee,nisha.banerjee3672@gmail.com,Male,Ahmedabad,Gujarat,2024-04-22
C01372,Nikhil Mehta,nikhil.mehta5584@gmail.com,Male,mumbai,Maharashtra,2023-07-02
C01373,Pallavi Verma,pallavi.verma6239@gmail.com,Female,Pune,Maharashtra,2024-10-03
C01374,Akash Jain,akash.jain6369@gmail.com,Female,Jaipur,Rajasthan,2024-01-24
C01375,Rohan Saxena,rohan.saxena8525@gmail.com,Male,Nashik,Maharashtra,2023-09-16
C01376,Sameer Sharma,sameer.sharma5186@gmail.com,Female,Jaipur,Rajasthan,2025-08-01
C01377,Meera Pillai,meera.pillai2425@gmail.com,Male,Nashik,Maharashtra,2025-07-22
C01378,Aditya Malhotra,aditya.malhotra8240@gmail.com,Female,Delhi,Delhi,2024-09-24
C01379,Pallavi Pillai,pallavi.pillai8120@gmail.com,Female,Nashik,Maharashtra,2024-03-17
C01380,Akash Saxena,akash.saxena3460@gmail.com,Male,Delhi,Delhi,2023-11-09
C01381,Karan Banerjee,karan.banerjee4910@gmail.com,Male,Kolkata,West Bengal,2025-03-13
C01382,Nisha Gupta,nisha.gupta7766@gmail.com,Female,Delhi,Delhi,2025-05-15
C01383,Sameer Mehta,sameer.mehta4636@gmail.com,Female,Jaipur,Rajasthan,2024-08-02
C01384,Arjun Reddy,arjun.reddy4991@outlook.com,Male,Delhi,Delhi,2023-04-21
C01385,Pallavi Reddy,pallavi.reddy4779@gmail.com,Male,Kolkata,West Bengal,2025-09-15
C01386,Manish Saxena,manish.saxena159@gmail.com,Male,Mysuru,Karnataka,2024-02-05
C01387,Diya Gupta,diya.gupta932@gmail.com,Female,Ahmedabad,Gujarat,2023-12-11
C01388,Vikram Iyer,vikram.iyer8454@gmail.com,Female,Bengaluru,Karnataka,2023-08-29
C01389,Diya Chavan,diya.chavan4024@gmail.com,Male,Mysuru,Karnataka,2025-04-07
C01390,Mohit Gupta,mohit.gupta9777@gmail.com,Female,Kolkata,West Bengal,2024-09-11
C01391,Anika Agarwal,anika.agarwal4519@outlook.com,Female,Kolkata,West Bengal,2025-02-21
C01392,Aarav Kulkarni,aarav.kulkarni2009@outlook.com,Male,Mumbai,Maharashtra,2023-06-19
C01393,Aditi Jain,aditi.jain4494@gmail.com,Male,Nagpur,Maharashtra,2025-09-09
C01394,Sakshi Pillai,sakshi.pillai4898@gmail.com,Male,Nashik,Maharashtra,2025-06-07
C01395,Priya Mehta,priya.mehta6650@gmail.com,Female,Mysuru,Karnataka,2024-01-14
C01396,Nisha Das,nisha.das8014@gmail.com,Male,Jaipur,Rajasthan,2025-12-21
C01397,Manish Kadam,manish.kadam2970@gmail.com,Male,Kochi,Kerala,2023-08-29
C01398,Nisha Rao,nisha.rao2025@gmail.com,Male,Surat,Gujarat,2024-10-05
C01399,Pallavi Nair,pallavi.nair1448@yahoo.com,Female,Nashik,Maharashtra,2023-11-27
C01400,Aditya Mehta,aditya.mehta4901@gmail.com,Male,Mumbai,Maharashtra,2025-11-02
C01401,Sneha Kadam,sneha.kadam4935@gmail.com,Female,Bengaluru,Karnataka,2024-05-23
C01402,Kabir Rao,kabir.rao5137@yahoo.com,Female,Pune,Maharashtra,2025-10-01
C01403,Sanjay Bhat,sanjay.bhat1632@gmail.com,Male,Jaipur,Rajasthan,2024-03-05
C01404,Aditya Nair,aditya.nair3536@gmail.com,female,Pune,Maharashtra,2024-09-05
C01405,Raj Verma,raj.verma6924@gmail.com,Female,Chennai,Tamil Nadu,2023-09-21
C01406,Nandini Gupta,nandini.gupta6564@outlook.com,Male,Nashik,Maharashtra,2023-12-01
C01407,Nandini Kadam,nandini.kadam8790@gmail.com,Male,Ahmedabad,Gujarat,2023-10-21
C01408,Neha Chavan,neha.chavan6107@yahoo.com,Male,Mysuru,Karnataka,2024-01-30
C01409,Shivani Das,shivani.das7114@gmail.com,Male,Pune,Maharashtra,2024-10-09
C01410,Sanjay Shah,sanjay.shah2051@yahoo.com,Male,Mumbai,Maharashtra,2024-07-07
C01411,Nisha Singh,nisha.singh1467@gmail.com,Female,Mumbai,Maharashtra,2024-11-05
C01412,Neha Reddy,neha.reddy4493@gmail.com,Male,Indore,Madhya Pradesh,2024-04-07
C01413,Sakshi Shah,sakshi.shah2033@gmail.com,Female,Ahmedabad,Gujarat,2023-08-04
C01414,Raj Das,raj.das1575@yahoo.com,Female,Surat,Gujarat,2025-09-29
C01415,Pallavi Banerjee,pallavi.banerjee9962@gmail.com,Male,Chennai,Tamil Nadu,2024-07-09
C01416,Ishaan Kumar,ishaan.kumar2970@gmail.com,Female,Surat,Gujarat,2025-03-08
C01417,Vikram Jain,vikram.jain165@yahoo.com,Male,Pune,Maharashtra,2024-06-14
C01418,Deepak Reddy,deepak.reddy876@gmail.com,Male,Ahmedabad,Gujarat,2024-07-01
C01419,Sanjay Singh,sanjay.singh3009@outlook.com,Female,Mysuru,Karnataka,2025-07-26
C01420,Varun Naik,varun.naik7018@yahoo.com,Male,Chennai,Tamil Nadu,2024-07-18
C01421,Pooja Chavan,pooja.chavan5017@gmail.com,Female,Indore,Madhya Pradesh,2023-06-28
C01422,Anika Chavan,anika.chavan3942@gmail.com,Male,Mumbai,Maharashtra,2023-06-07
C01423,Pallavi Patil,pallavi.patil9089@outlook.com,Male,Mumbai,Maharashtra,2024-08-08
C01424,Sneha Kadam,sneha.kadam7868@outlook.com,Male,Jaipur,Rajasthan,2023-10-07
C01425,Sameer Sharma,sameer.sharma129@gmail.com,Female,Nagpur,Maharashtra,2024-01-25
C01426,Mohit Mishra,mohit.mishra9991@gmail.com,Female,Nashik,Maharashtra,2025-12-17
C01427,Ishaan Kadam,ishaan.kadam3697@gmail.com,Male,Kochi,Kerala,2025-12-08
C01428,Rohan Das,rohan.das5798@gmail.com,Female,pune,Maharashtra,2025-11-18
C01429,Yash Gupta,yash.gupta1865@gmail.com,Male,Pune,Maharashtra,2025-02-03
C01430,Kabir Banerjee,kabir.banerjee4762@gmail.com,Female,Surat,Gujarat,2023-08-30
C01431,Nikhil Joshi,nikhil.joshi9329@gmail.com,Male,Hyderabad,Telangana,2023-01-05
C01432,Pooja Shetty,pooja.shetty590@outlook.com,Female,Kochi,Kerala,2025-11-21
C01433,Akash Verma,akash.verma5392@gmail.com,Female,Bengaluru,Karnataka,2025-07-31
C01434,Arjun Sharma,arjun.sharma6597@gmail.com,Male,Delhi,Delhi,2024-01-17
C01435,Arjun Singh,arjun.singh1398@yahoo.com,Male,Kolkata,West Bengal,2024-02-09
C01436,Shivani Kulkarni,shivani.kulkarni123@gmail.com,Female,Kochi,Kerala,2025-09-25
C01437,Meera Pillai,meera.pillai4913@gmail.com,Female,Ahmedabad,Gujarat,2025-02-05
C01438,Karan Bhat,karan.bhat1790@outlook.com,Female,Surat,Gujarat,2024-07-05
C01439,Ishaan Reddy,ishaan.reddy105@gmail.com,Male,Delhi,Delhi,2025-06-07
C01440,Ayush Nair,ayush.nair2200@gmail.com,Female,Chennai,Tamil Nadu,2023-03-24
C01441,Rahul Menon,rahul.menon3270@outlook.com,Female,Bengaluru,Karnataka,2023-11-25
C01442,Ayush Singh,ayush.singh2097@gmail.com, Male ,Kolkata,West Bengal,2025-10-11
C01443,Zoya Mishra,zoya.mishra2163@gmail.com,Male,Kochi,Kerala,2025-03-07
C01444,Aditi Reddy,aditi.reddy8202@gmail.com, Female ,Pune,Maharashtra,2024-12-05
C01445,Akash Kadam,akash.kadam7049@gmail.com,Female,Indore,Madhya Pradesh,2024-12-01
C01446,Vikram Deshmukh,vikram.deshmukh1363@gmail.com,Male,Chennai,Tamil Nadu,2025-09-22
C01447,Shruti Reddy,shruti.reddy3071@gmail.com,Female,Mysuru,Karnataka,2025-11-13
C01448,Ayush Banerjee,ayush.banerjee7041@gmail.com,Female,Chennai,Tamil Nadu,2024-05-21
C01449,Arjun More,arjun.more2978@gmail.com,Male,Mysuru,Karnataka,2025-10-25
C01450,Meera Kulkarni,meera.kulkarni638@gmail.com,Male, Pune ,Maharashtra,2025-04-01
C01451,Diya Singh,diya.singh1499@gmail.com,Female,Bengaluru,Karnataka,2024-02-13
C01452,Shivani Naik,shivani.naik3643@gmail.com,Female,Chennai,Tamil Nadu,2024-04-18
C01453,Vikram Patil,vikram.patil856@gmail.com,Male,Jaipur,Rajasthan,2025-05-24
C01454,Neha Verma,neha.verma6859@gmail.com,Female,Chennai,Tamil Nadu,2024-12-19
C01455,Akash Iyer,akash.iyer864@gmail.com,Male,Bengaluru,Karnataka,2023-01-02
C01456,Nikhil Pillai,nikhil.pillai7069@gmail.com,Female,Chennai,Tamil Nadu,2023-07-26
C01457,Yash Verma,yash.verma1837@gmail.com,Male,Delhi,Delhi,2024-09-15
C01458,Nisha Agarwal,nisha.agarwal5436@gmail.com,Female,Indore,Madhya Pradesh,2023-09-24
C01459,Raj Naik,raj.naik3913@gmail.com,Male,Nagpur,Maharashtra,2025-01-31
C01460,Raj Gupta,raj.gupta2147@gmail.com,Male,Mumbai,Maharashtra,2023-08-06
C01461,Raj Shetty,,Male,Kochi,Kerala,2024-01-26
C01462,Ananya Bhat,ananya.bhat4949@outlook.com,Male,Nagpur,Maharashtra,2024-12-03
C01463,Kabir Mishra,kabir.mishra2104@gmail.com,Female,Pune,Maharashtra,2023-03-31
C01464,Nisha More,nisha.more6006@outlook.com,Male,Chennai,Tamil Nadu,2024-12-12
C01465,Sneha Mehta,sneha.mehta8591@yahoo.com,Male,Kolkata,West Bengal,2025-05-08
C01466,Ishaan Malhotra,ishaan.malhotra4755@gmail.com,Male,Chennai,Tamil Nadu,2023-09-22
C01467,Kavya Mishra,kavya.mishra8120@yahoo.com,Male,Indore,Madhya Pradesh,2025-03-25
C01468,Ishaan Rao,ishaan.rao6303@yahoo.com,Female,Surat,Gujarat,2025-11-09
C01469,Sameer Malhotra,sameer.malhotra3025@gmail.com,Male,Chennai,Tamil Nadu,2024-02-28
C01470,Pallavi Nair,pallavi.nair8411@outlook.com,Female,Nagpur,Maharashtra,2023-01-19
C01471,Pooja Banerjee,pooja.banerjee4409@yahoo.com,Male,Hyderabad,Telangana,2024-08-29
C01472,Ishaan Shah,ishaan.shah3912@gmail.com,Male,Bengaluru,Karnataka,2025-12-28
C01473,Diya Menon,diya.menon4440@gmail.com,Male,Chennai,Tamil Nadu,2023-09-30
C01474,Manish Bhat,manish.bhat5702@gmail.com,Female,Mumbai,Maharashtra,2023-01-03
C01475,Anika More,anika.more2199@gmail.com,Female,Kochi,Kerala,2024-06-24
C01476,Priya Patil,priya.patil5834@gmail.com,Female,Nashik,Maharashtra,2023-01-22
C01477,Karan Joshi,karan.joshi6268@gmail.com,Male,Bengaluru,Karnataka,2023-08-06
C01478,Tanvi Shah,tanvi.shah3351@gmail.com,Male,Delhi,Delhi,2024-07-04
C01479,Tanvi Shah,tanvi.shah6049@gmail.com,Female,Mysuru,Karnataka,2025-06-07
C01480,Anika Pillai,anika.pillai3041@gmail.com,Male,Pune,Maharashtra,2025-07-29
C01481,Pallavi Pillai,pallavi.pillai4631@gmail.com,Female,Mysuru,Karnataka,2024-01-05
C01482,Ishaan Menon,ishaan.menon9968@gmail.com,Male,Pune,Maharashtra,2025-03-18
C01483,Diya Mehta,diya.mehta7465@gmail.com,Male,Ahmedabad,Gujarat,2024-05-17
C01484,Isha Reddy,isha.reddy9894@gmail.com,Female,Mysuru,Karnataka,2023-01-25
C01485,Sakshi Sharma,sakshi.sharma726@gmail.com,Male,Mumbai,Maharashtra,2023-01-28
C01486,Anika Joshi,anika.joshi163@gmail.com,Female,Pune,Maharashtra,2023-01-28
C01487,Anika Nair,anika.nair9231@outlook.com,Male,Pune,Maharashtra,2025-09-10
C01488,Pooja Kumar,pooja.kumar4004@gmail.com,Female,Kolkata,West Bengal,2023-11-13
C01489,Kabir Kulkarni,kabir.kulkarni1694@yahoo.com,Female,Bengaluru,Karnataka,2023-04-02
C01490,Arjun Naik,arjun.naik2333@gmail.com,Male,Kochi,Kerala,2025-04-30
C01491,Aditi Shah,aditi.shah2424@gmail.com,female,Ahmedabad,Gujarat,2025-02-28
C01492,Meera Shetty,meera.shetty1851@outlook.com,Male,Kochi,Kerala,2025-02-26
C01493,Ayush Shah,ayush.shah5864@gmail.com,Female,Mumbai,Maharashtra,2024-07-31
C01494,Ayush Verma,ayush.verma720@gmail.com,Male,Kochi,Kerala,2023-06-23
C01495,Sneha Naik,sneha.naik6977@gmail.com,Female,Delhi,Delhi,2024-01-07
C01496,Shruti Das,shruti.das1712@gmail.com,Female,Chennai,Tamil Nadu,2024-12-14
C01497,Rohan Shetty,rohan.shetty45@gmail.com,Male,Chennai,Tamil Nadu,2023-06-06
C01498,Priya Reddy,priya.reddy7848@gmail.com,Male,Ahmedabad,Gujarat,2025-07-03
C01499,Pallavi Singh,pallavi.singh2380@gmail.com,Female,Mysuru,Karnataka,2024-07-24
C01500,Deepak Iyer,deepak.iyer5787@gmail.com,Female,Surat,Gujarat,2025-02-27
C01501,Sneha Pillai,sneha.pillai9868@gmail.com,Male,Mysuru,Karnataka,2025-04-27
C01502,Mohit Gupta,mohit.gupta8836@yahoo.com,Female,Ahmedabad,Gujarat,2025-10-15
C01503,Kabir Bhat,kabir.bhat6311@gmail.com,Female,Indore,Madhya Pradesh,2024-04-16
C01504,Isha Jain,isha.jain1439@gmail.com,Female,Surat,Gujarat,2024-03-25
C01505,Aarav Nair,aarav.nair5947@yahoo.com,Female,Indore,Madhya Pradesh,2023-02-05
C01506,Deepak Shetty,deepak.shetty5733@gmail.com,Male,Mumbai,Maharashtra,2023-05-03
C01507,Nikhil Rao,nikhil.rao3983@gmail.com,Male,Pune,Maharashtra,2025-05-12
C01508,Akash Mishra,akash.mishra2354@gmail.com,Male,Pune,Maharashtra,2023-08-29
C01509,Sneha Verma,sneha.verma9539@gmail.com,Female,Bengaluru,Karnataka,2023-08-06
C01510,Sanjay Banerjee,sanjay.banerjee2416@gmail.com,Male,Pune,Maharashtra,2023-03-03
C01511,Anika Shah,anika.shah9335@gmail.com,Male,Mumbai,Maharashtra,2023-01-26
C01512,Karan Pillai,karan.pillai8651@gmail.com,Female,Mysuru,Karnataka,2023-10-14
C01513,Shivani Mishra,shivani.mishra226@gmail.com,Male,Delhi,Delhi,2025-06-28
C01514,Diya Patil,diya.patil9908@gmail.com,Male,Kochi,Kerala,2023-03-07
C01515,Aarav Gupta,aarav.gupta7453@yahoo.com,Female,Indore,Madhya Pradesh,2025-05-17
C01516,Pallavi Naik,pallavi.naik6951@gmail.com,Female,Chennai,Tamil Nadu,2024-04-10
C01517,Anika Naik,anika.naik3481@gmail.com,Male,Ahmedabad,Gujarat,2023-09-14
C01518,Meera Gupta,meera.gupta7684@outlook.com,Female,Pune,Maharashtra,2023-06-08
C01519,Sameer Das,sameer.das905@gmail.com,Female,Ahmedabad,Gujarat,2023-12-04
C01520,Kavya Joshi,kavya.joshi1284@gmail.com,Female,Mumbai,Maharashtra,2023-08-02
C01521,Aditi Shah,aditi.shah8883@gmail.com,Male,Chennai,Tamil Nadu,2023-11-30
C01522,Manish Malhotra,manish.malhotra3085@yahoo.com,Male,Bengaluru,Karnataka,2024-09-25
C01523,Aditya Shah,aditya.shah9350@gmail.com,Female,Chennai,Tamil Nadu,2023-06-24
C01524,Aditya Patil,aditya.patil5066@gmail.com, Female ,Delhi,Delhi,2023-07-10
C01525,Nikhil Gupta,nikhil.gupta5162@gmail.com,Female,Jaipur,Rajasthan,2024-02-04
C01526,Deepak More,deepak.more5438@gmail.com,Male,Nashik,Maharashtra,2023-07-19
C01527,Zoya Saxena,zoya.saxena398@gmail.com,Female,Surat,Gujarat,2023-11-04
C01528,Raj Banerjee,raj.banerjee4763@gmail.com,Male,Indore,Madhya Pradesh,2023-03-18
C01529,Varun Mehta,varun.mehta3804@gmail.com,Male,Kochi,Kerala,2023-07-11
C01530,Ishaan Naik,ishaan.naik5603@outlook.com,Male,Jaipur,Rajasthan,2025-12-07
C01531,Rahul Deshmukh,rahul.deshmukh665@gmail.com,Male,Delhi,Delhi,2025-06-01
C01532,Manish Malhotra,manish.malhotra2506@outlook.com,Male,Nagpur,Maharashtra,2023-06-03
C01533,Aarav Reddy,aarav.reddy8974@gmail.com,Female,Surat,Gujarat,2024-09-25
C01534,Arjun Rao,arjun.rao4853@gmail.com,Male,Delhi,Delhi,2023-12-14
C01535,Neha Jain,neha.jain1471@gmail.com,Male,Delhi,Delhi,2024-12-24
C01536,Varun Joshi,,Male,Kolkata,West Bengal,2024-06-08
C01537,Pallavi Pillai,pallavi.pillai4706@gmail.com,Female,Bengaluru,Karnataka,2025-01-14
C01538,Shruti Shetty,shruti.shetty7232@gmail.com,Female,Nashik,Maharashtra,2023-09-22
C01539,Rohan Mehta,rohan.mehta8299@outlook.com,Female,Nashik,Maharashtra,2025-04-26
C01540,Aditya Malhotra,aditya.malhotra4021@yahoo.com,Male,Nashik,Maharashtra,2023-04-27
C01541,Diya Banerjee,diya.banerjee6167@gmail.com,male,Mumbai,Maharashtra,2024-08-18
C01542,Ananya Shah,ananya.shah1541@gmail.com,Female,Ahmedabad,Gujarat,2025-08-04
C01543,Varun Chavan,varun.chavan1797@gmail.com,Male,Jaipur,Rajasthan,2025-08-10
C01544,Arjun Shetty,arjun.shetty7106@gmail.com,Female,Kochi,Kerala,2025-03-23
C01545,Rahul Mehta,rahul.mehta9911@outlook.com,Male,Delhi,Delhi,2024-12-02
C01546,Vikram Kulkarni,vikram.kulkarni637@yahoo.com,Male,Chennai,Tamil Nadu,2025-07-19
C01547,Vikram Reddy,vikram.reddy5255@gmail.com,Female,Nashik,Maharashtra,2024-03-13
C01548,Akash Shetty,akash.shetty7056@outlook.com,Male,Surat,Gujarat,2025-01-10
C01549,Akash Nair,akash.nair6939@gmail.com,Female,Indore,Madhya Pradesh,2023-02-16
C01550,Karan Mehta,karan.mehta4497@gmail.com,Male,Pune,Maharashtra,2023-05-22
C01551,Pooja Banerjee,pooja.banerjee6886@yahoo.com,Male,Mysuru,Karnataka,2025-07-13
C01552,Nandini Iyer,nandini.iyer1524@gmail.com,Female,Indore,Madhya Pradesh,2023-04-21
C01553,Pooja Iyer,pooja.iyer6876@outlook.com,Female,Hyderabad,Telangana,2024-12-16
C01554,Kabir More,kabir.more7166@gmail.com,Female,Surat,Gujarat,2023-11-26
C01555,Aarav Bhat,aarav.bhat1284@gmail.com,Female,Surat,Gujarat,2024-02-11
C01556,Priya Sharma,priya.sharma2426@outlook.com,Female,Pune,Maharashtra,2025-07-28
C01557,Ayush Saxena,ayush.saxena4315@yahoo.com,Male,Nashik,Maharashtra,2025-04-12
C01558,Tanvi Das,tanvi.das7371@gmail.com,Male,Indore,Madhya Pradesh,2023-09-15
C01559,Manish Mishra,manish.mishra8957@gmail.com,Female,Hyderabad,Telangana,2025-05-10
C01560,Manish Verma,manish.verma9460@gmail.com,Female,Hyderabad,Telangana,2024-01-27
C01561,Rohan Sharma,rohan.sharma8236@gmail.com,Female,Chennai,Tamil Nadu,2024-09-20
C01562,Varun Singh,varun.singh5780@yahoo.com,Female,Ahmedabad,Gujarat,2024-12-21
C01563,Isha Agarwal,isha.agarwal2890@outlook.com,Female,Delhi,Delhi,2023-08-21
C01564,Rohan Iyer,rohan.iyer8902@gmail.com,Female,Jaipur,Rajasthan,2023-11-30
C01565,Nikhil Banerjee,nikhil.banerjee4650@gmail.com,Male,Nashik,Maharashtra,2025-06-14
C01566,Arjun Mehta,arjun.mehta6748@gmail.com,Female,Nashik,Maharashtra,2023-02-03
C01567,Shruti Shetty,shruti.shetty7286@yahoo.com,Male,Jaipur,Rajasthan,2023-07-24
C01568,Nikhil Banerjee,nikhil.banerjee3661@outlook.com,Female,Ahmedabad,Gujarat,2024-03-09
C01569,Ayush Nair,ayush.nair2048@gmail.com,Female,Indore,Madhya Pradesh,2025-08-19
C01570,Shivani Shetty,shivani.shetty134@gmail.com,Male,Indore,Madhya Pradesh,2025-03-21
C01571,Zoya Deshmukh,zoya.deshmukh5046@gmail.com,Male,Chennai,Tamil Nadu,2024-06-25
C01572,Aarav Menon,aarav.menon545@gmail.com,Male,Kochi,Kerala,2025-04-29
C01573,Diya Saxena,diya.saxena9839@gmail.com,Female,Delhi,Delhi,2025-11-28
C01574,Ishaan Jain,ishaan.jain9115@gmail.com,Male,Ahmedabad,Gujarat,2024-05-10
C01575,Shruti Chavan,shruti.chavan9477@gmail.com,Male,Ahmedabad,Gujarat,2023-04-16
C01576,Sakshi Mishra,sakshi.mishra5222@yahoo.com,Male,Pune,Maharashtra,2025-04-05
C01577,Sneha Shah,sneha.shah8271@gmail.com,Female,Mumbai,Maharashtra,2023-09-16
C01578,Nandini Das,nandini.das5292@gmail.com,Male,Jaipur,Rajasthan,2023-11-22
C01579,Anika Sharma,anika.sharma9730@gmail.com,Male,Ahmedabad,Gujarat,2023-01-24
C01580,Shruti More,shruti.more9378@gmail.com,Male,Jaipur,Rajasthan,2023-06-11
C01581,Deepak Rao,deepak.rao3066@gmail.com,Male,Nashik,Maharashtra,2025-01-03
C01582,Pooja Nair,pooja.nair6204@gmail.com,Male,Jaipur,Rajasthan,2024-05-17
C01583,Neha Mehta,neha.mehta389@gmail.com,Male,Kochi,Kerala,2023-10-22
C01584,Varun Shetty,varun.shetty1764@gmail.com,Female,Nagpur,Maharashtra,2023-09-09
C01585,Nandini Menon,nandini.menon1277@outlook.com,Female,Pune,Maharashtra,2023-07-10
C01586,Manish Gupta,manish.gupta369@gmail.com,Male,Mumbai,Maharashtra,2025-10-02
C01587,Yash Chavan,yash.chavan6889@gmail.com,Female,Mumbai,Maharashtra,2024-03-06
C01588,Tanvi Saxena,tanvi.saxena4904@gmail.com,Male,Pune,Maharashtra,2024-01-04
C01589,Pallavi Chavan,pallavi.chavan1930@gmail.com,Female,Nagpur,Maharashtra,2023-03-06
C01590,Vikram Malhotra,vikram.malhotra2605@yahoo.com,Female,Nagpur,Maharashtra,2023-01-11
C01591,Ayush Nair,ayush.nair8791@gmail.com,Male,Nagpur,Maharashtra,2023-03-02
C01592,Manish Banerjee,manish.banerjee3564@gmail.com,Female,Delhi,Delhi,2023-08-24
C01593,Deepak Shah,deepak.shah4394@gmail.com,Female,Mumbai,Maharashtra,2023-09-17
C01594,Kavya Mehta,kavya.mehta7662@outlook.com,Female,Delhi,Delhi,2024-08-25
C01595,Zoya Gupta,zoya.gupta4107@gmail.com,Male,Kochi,Kerala,2024-01-31
C01596,Neha Gupta,neha.gupta2724@gmail.com,Female,Mumbai,Maharashtra,2024-09-30
C01597,Sneha Menon,sneha.menon9780@gmail.com,Female,Kolkata,West Bengal,2025-05-17
C01598,Shruti Kulkarni,shruti.kulkarni7043@gmail.com,Female,Nagpur,Maharashtra,2025-02-23
C01599,Rohan Menon,rohan.menon7373@gmail.com,Male,Nashik,Maharashtra,2023-05-12
C01600,Zoya Joshi,zoya.joshi4818@yahoo.com,Female,Nagpur,Maharashtra,2025-04-19
C01601,Sameer Sharma,sameer.sharma5296@gmail.com,Male,Mumbai,Maharashtra,2024-01-04
C01602,Riya Shah,riya.shah6099@gmail.com,Male,Mumbai,Maharashtra,2024-03-16
C01603,Priya Kulkarni,priya.kulkarni188@gmail.com,Male,Bengaluru,Karnataka,2024-10-14
C01604,Varun Jain,varun.jain3821@yahoo.com,Male,Surat,Gujarat,2024-10-20
C01605,Sakshi Deshmukh,sakshi.deshmukh8648@gmail.com,Male, Nagpur ,Maharashtra,2024-03-10
C01606,Nisha Joshi,nisha.joshi9413@gmail.com,Female,Mysuru,Karnataka,2023-06-03
C01607,Priya Das,priya.das3239@gmail.com,Female,Delhi,Delhi,2024-02-10
C01608,Yash Patil,yash.patil1963@gmail.com,Female,Chennai,Tamil Nadu,2025-05-12
C01609,Ishaan Malhotra,ishaan.malhotra3883@gmail.com,Female,Delhi,Delhi,2025-02-23
C01610,Aditi Chavan,aditi.chavan7575@gmail.com,Male,Surat,Gujarat,2023-01-10
C01611,Sameer Patil,sameer.patil8652@gmail.com,Female,Kochi,Kerala,2025-12-28
C01612,Aditi Mehta,aditi.mehta6810@gmail.com,Female,Kolkata,West Bengal,2023-07-14
C01613,Priya Agarwal,priya.agarwal1316@yahoo.com,Female,Delhi,Delhi,2025-03-30
C01614,Yash Malhotra,yash.malhotra4899@outlook.com,Female,Bengaluru,Karnataka,2025-03-16
C01615,Ayush Das,ayush.das489@gmail.com,Male,Delhi,Delhi,2023-07-30
C01616,Aarav Reddy,aarav.reddy7148@gmail.com,Male,Mumbai,Maharashtra,2024-10-23
C01617,Anika Nair,anika.nair8817@gmail.com,Male,Mysuru,Karnataka,2025-01-25
C01618,Nandini Menon,nandini.menon1825@gmail.com,Female,Surat,Gujarat,2023-03-30
C01619,Ananya Joshi,ananya.joshi4432@gmail.com,Male,Delhi,Delhi,2025-02-16
C01620,Raj Rao,raj.rao5241@gmail.com,Female,Mumbai,Maharashtra,16/09/2023
C01621,Tanvi Kadam,tanvi.kadam8654@gmail.com,Female,Mumbai,Maharashtra,2025-12-04
C01622,Yash Joshi,yash.joshi3710@gmail.com,Female,Delhi,Delhi,2025-09-15
C01623,Nikhil More,nikhil.more9160@gmail.com,Male,Mumbai,Maharashtra,2024-12-23
C01624,Ananya Mehta,ananya.mehta3491@gmail.com,Male,Kolkata,West Bengal,2023-05-04
C01625,Varun Das,varun.das7999@gmail.com,Female,Ahmedabad,Gujarat,2024-01-20
C01626,Manish Das,manish.das8430@gmail.com,Female,Nagpur,Maharashtra,2025-12-16
C01627,Varun Chavan,varun.chavan1741@gmail.com,Male,Pune,Maharashtra,2025-10-30
C01628,Rohan Gupta,rohan.gupta3336@gmail.com,Male,Kolkata,West Bengal,2025-11-17
C01629,Ananya Joshi,ananya.joshi5042@gmail.com,Male,Ahmedabad,Gujarat,2023-12-03
C01630,Varun Menon,varun.menon3951@gmail.com,Female,Mumbai,Maharashtra,2023-08-14
C01631,Karan Joshi,karan.joshi8708@outlook.com,Female,Bengaluru,Karnataka,2025-09-02
C01632,Nandini Kulkarni,nandini.kulkarni5816@gmail.com,Male,Kochi,Kerala,2023-06-22
C01633,Diya Gupta,diya.gupta8331@gmail.com,Male,Jaipur,Rajasthan,2025-06-01
C01634,Tanvi Joshi,tanvi.joshi815@gmail.com,Female,Delhi,Delhi,2023-07-20
C01635,Kavya Deshmukh,kavya.deshmukh2904@gmail.com,Female,Hyderabad,Telangana,2025-04-04
C01636,Isha Singh,isha.singh4088@gmail.com,Male,Mumbai,Maharashtra,2023-04-13
C01637,Ayush Patil,ayush.patil9434@gmail.com,Male,Kochi,Kerala,2023-03-15
C01638,Ananya Bhat,ananya.bhat3720@gmail.com,Female,Mumbai,Maharashtra,2024-07-18
C01639,Sameer Kulkarni,sameer.kulkarni8122@gmail.com,Male,Hyderabad,Telangana,2024-07-03
C01640,Manish Verma,manish.verma9779@gmail.com,Male,Nashik,Maharashtra,2024-08-12
C01641,Arjun Iyer,arjun.iyer5012@gmail.com,Male,Jaipur,Rajasthan,2025-09-03
C01642,Priya Kadam,priya.kadam3079@gmail.com,Female,Mumbai,Maharashtra,2023-12-08
C01643,Diya Sharma,diya.sharma7021@gmail.com,Male,Nashik,Maharashtra,2025-08-29
C01644,Karan Joshi,karan.joshi2807@gmail.com,Female,Kochi,Kerala,2023-06-07
C01645,Vikram Jain,vikram.jain4065@outlook.com,Male,Bengaluru,Karnataka,2025-09-27
C01646,Aditya Das,aditya.das3750@yahoo.com,Male,Bengaluru,Karnataka,2024-08-18
C01647,Diya Agarwal,diya.agarwal5000@gmail.com,Female,Mumbai,Maharashtra,2023-07-24
C01648,Yash Mishra,yash.mishra7980@gmail.com,Female,Delhi,Delhi,2024-06-11
C01649,Varun Sharma,varun.sharma4943@gmail.com,Female,Indore,Madhya Pradesh,2024-12-23
C01650,Ayush Joshi,ayush.joshi349@gmail.com,Female,Nashik,Maharashtra,2025-11-29
C01651,Meera Kadam,meera.kadam8166@gmail.com,Male,Pune,Maharashtra,2025-01-01
C01652,Pallavi Mishra,pallavi.mishra5898@gmail.com,Male,Mysuru,Karnataka,2025-06-01
C01653,Kavya Shetty,kavya.shetty4497@yahoo.com,Female,Ahmedabad,Gujarat,2023-08-10
C01654,Isha Iyer,isha.iyer5436@gmail.com,Female,Chennai,Tamil Nadu,2024-12-15
C01655,Neha Deshmukh,neha.deshmukh9504@yahoo.com,Female,Hyderabad,Telangana,2023-03-26
C01656,Shruti Kulkarni,shruti.kulkarni9294@gmail.com,Female,Ahmedabad,Gujarat,2025-07-20
C01657,Ayush Sharma,ayush.sharma7650@gmail.com,Female,Kolkata,West Bengal,2023-10-29
C01658,Shruti Bhat,shruti.bhat4984@outlook.com,Female,Nashik,Maharashtra,2023-11-30
C01659,Ananya Saxena,ananya.saxena7446@gmail.com,Male,Chennai,Tamil Nadu,2023-02-01
C01660,Nikhil Das,nikhil.das881@outlook.com,Female,Nagpur,Maharashtra,2023-09-10
C01661,Aarav Singh,aarav.singh827@gmail.com,Male,Delhi,Delhi,2023-01-02
C01662,Riya Menon,riya.menon9197@gmail.com,Male,Chennai,Tamil Nadu,2025-10-25
C01663,Neha Reddy,neha.reddy7088@gmail.com,Female,Mysuru,Karnataka,2024-02-07
C01664,Meera Patil,meera.patil4085@gmail.com,Female,Kolkata,West Bengal,2024-12-27
C01665,Sameer Menon,sameer.menon4958@gmail.com,Male,Mumbai,Maharashtra,2024-06-19
C01666,Pallavi Singh,pallavi.singh9482@gmail.com,Male,Nashik,Maharashtra,2024-10-22
C01667,Nandini Reddy,nandini.reddy4942@gmail.com,Male,Ahmedabad,Gujarat,2024-02-13
C01668,Pooja Jain,pooja.jain8952@gmail.com,Female,Kochi,Kerala,2025-08-02
C01669,Sneha Kulkarni,sneha.kulkarni7250@gmail.com,Female,Pune,Maharashtra,2025-12-14
C01670,Varun Verma,varun.verma6899@gmail.com,Female,Ahmedabad,Gujarat,2025-08-13
C01671,Aditi Shetty,aditi.shetty6906@gmail.com,Male,Jaipur,Rajasthan,2023-02-24
C01672,Shruti Shetty,shruti.shetty9518@yahoo.com,Female,Chennai,Tamil Nadu,2024-05-11
C01673,Deepak Malhotra,deepak.malhotra887@gmail.com,Male,Jaipur,Rajasthan,2024-08-23
C01674,Sameer Kadam,sameer.kadam8497@outlook.com,Male,Bengaluru,Karnataka,2025-08-05
C01675,Anika Patil,anika.patil5473@gmail.com,Female,Chennai,Tamil Nadu,2023-08-08
C01676,Pallavi Pillai,pallavi.pillai1007@gmail.com,Male,Mysuru,Karnataka,2024-11-09
C01677,Manish Naik,manish.naik2244@gmail.com,Male,Pune,Maharashtra,2025-10-11
C01678,Pooja Chavan,pooja.chavan7955@gmail.com,Male,Chennai,Tamil Nadu,2023-01-14
C01679,Ananya Sharma,ananya.sharma8526@gmail.com,Male,Pune,Maharashtra,2023-09-05
C01680,Manish Kulkarni,manish.kulkarni8297@outlook.com,Female,Kolkata,West Bengal,2023-02-20
C01681,Akash Shetty,akash.shetty6638@outlook.com,Male,Mumbai,Maharashtra,2024-09-06
C01682,Mohit Das,mohit.das7204@gmail.com,Female,Indore,Madhya Pradesh,2024-06-17
C01683,Diya Chavan,diya.chavan2331@gmail.com,Male,Bengaluru,Karnataka,2024-01-14
C01684,Zoya Mishra,zoya.mishra7811@outlook.com,Female,Mysuru,Karnataka,2024-02-15
C01685,Nikhil Kadam,nikhil.kadam6028@gmail.com,Female,Mumbai,Maharashtra,2025-10-06
C01686,Sakshi More,sakshi.more7611@gmail.com,Female,Surat,Gujarat,2023-08-08
C01687,Diya Sharma,diya.sharma1978@gmail.com,Male,Chennai,Tamil Nadu,2025-07-25
C01688,Raj Deshmukh,raj.deshmukh708@gmail.com,Male,Bengaluru,Karnataka,2025-06-29
C01689,Varun Menon,varun.menon4546@gmail.com,Male,Mysuru,Karnataka,2025-07-27
C01690,Riya Naik,riya.naik3463@gmail.com,Female,Indore,Madhya Pradesh,2025-10-27
C01691,Zoya Mehta,,Female,Pune,Maharashtra,2023-11-07
C01692,Deepak Joshi,deepak.joshi6464@gmail.com,Female,Surat,Gujarat,2024-09-12
C01693,Sakshi Pillai,sakshi.pillai9447@yahoo.com,Female,Nagpur,Maharashtra,2024-01-05
C01694,Deepak More,deepak.more9586@gmail.com,Male,Delhi,Delhi,13/12/2024
C01695,Aditya Sharma,aditya.sharma3806@gmail.com,Male,Indore,Madhya Pradesh,2023-11-22
C01696,Yash Shetty,yash.shetty5312@gmail.com,Male,Nashik,Maharashtra,2025-09-02
C01697,Arjun Menon,arjun.menon6302@gmail.com,Male,Kochi,Kerala,2023-12-23
C01698,Akash Malhotra,,Female,Chennai,Tamil Nadu,2023-08-23
C01699,Rohan Malhotra,rohan.malhotra2861@gmail.com,Male,Nashik,Maharashtra,2023-03-02
C01700,Tanvi Gupta,tanvi.gupta3216@gmail.com,Female,Pune,Maharashtra,2024-02-14
C01701,Tanvi Kadam,tanvi.kadam3306@gmail.com,Female,Chennai,Tamil Nadu,2024-04-06
C01702,Isha Saxena,isha.saxena1419@gmail.com,Male,Surat,Gujarat,2024-01-29
C01703,Manish Patil,manish.patil95@gmail.com,Female,Surat,Gujarat,2023-10-15
C01704,Pallavi Bhat,pallavi.bhat5592@gmail.com,Female,Indore,Madhya Pradesh,2023-05-28
C01705,Kavya Das,kavya.das8215@gmail.com,Female,Hyderabad,Telangana,2025-08-28
C01706,Shruti Menon,shruti.menon1110@outlook.com,Female,Jaipur,Rajasthan,2023-10-10
C01707,Sakshi Banerjee,sakshi.banerjee2093@yahoo.com,Female,Mumbai,Maharashtra,2023-06-10
C01708,Arjun Kulkarni,arjun.kulkarni853@yahoo.com,Female,Kolkata,West Bengal,2024-04-17
C01709,Aditi Shah,aditi.shah4128@gmail.com,Female,Indore,Madhya Pradesh,2024-08-16
C01710,Ananya Banerjee,ananya.banerjee4729@gmail.com,Male,Indore,Madhya Pradesh,2023-11-20
C01711,Isha Shetty,isha.shetty5125@gmail.com, Male ,Nagpur,Maharashtra,2025-10-21
C01712,Kabir More,kabir.more9558@outlook.com,Female,Kochi,Kerala,2023-08-16
C01713,Aditi Patil,aditi.patil4284@gmail.com,Female,Delhi,Delhi,2025-05-13
C01714,Akash Reddy,akash.reddy1031@gmail.com,Female,Hyderabad,Telangana,2024-11-06
C01715,Ananya Saxena,ananya.saxena5676@gmail.com,Female,Nagpur,Maharashtra,2023-03-14
C01716,Sanjay Mishra,sanjay.mishra9044@outlook.com,Male,Nagpur,Maharashtra,2023-06-15
C01717,Neha Mishra,neha.mishra593@outlook.com,Male,Bengaluru,Karnataka,2023-08-02
C01718,Riya Singh,riya.singh3741@gmail.com, Female ,Kolkata,West Bengal,2024-09-13
C01719,Aditi Agarwal,aditi.agarwal8762@gmail.com,Male,Surat,Gujarat,2024-02-06
C01720,Nisha Pillai,nisha.pillai6190@gmail.com,Female,Bengaluru,Karnataka,2025-03-03
C01721,Sneha Bhat,sneha.bhat7185@gmail.com,Female,Pune,Maharashtra,2023-08-25
C01722,Riya Nair,riya.nair959@gmail.com,Male,Delhi,Delhi,2025-06-13
C01723,Anika Jain,anika.jain6777@yahoo.com,Male,Bengaluru,Karnataka,2024-04-10
C01724,Aarav Banerjee,aarav.banerjee941@gmail.com,Male,Mysuru,Karnataka,2024-05-26
C01725,Deepak Rao,deepak.rao726@gmail.com,Female,Pune,Maharashtra,2024-08-01
C01726,Sanjay Chavan,sanjay.chavan4800@gmail.com,Female,Kochi,Kerala,2024-05-15
C01727,Vikram Kadam,vikram.kadam1261@gmail.com,Male,Mumbai,Maharashtra,2023-06-07
C01728,Yash More,yash.more3619@outlook.com,Female,Mysuru,Karnataka,2025-01-01
C01729,Rohan Agarwal,rohan.agarwal4011@yahoo.com,Female,Jaipur,Rajasthan,2024-08-22
C01730,Priya More,priya.more1720@gmail.com,Female,Jaipur,Rajasthan,2025-10-28
C01731,Shivani More,shivani.more4593@gmail.com,Male,Nagpur,Maharashtra,2025-09-22
C01732,Deepak Das,deepak.das5006@yahoo.com,Male,Jaipur,Rajasthan,2024-04-17
C01733,Ayush Verma,ayush.verma597@gmail.com,Female,Mysuru,Karnataka,2023-10-18
C01734,Varun Kulkarni,varun.kulkarni563@gmail.com,Female,Bengaluru,Karnataka,2025-10-18
C01735,Raj Gupta,raj.gupta988@gmail.com,Female,Chennai,Tamil Nadu,2023-06-23
C01736,Yash Sharma,yash.sharma6312@outlook.com,Male,Indore,Madhya Pradesh,2025-02-22
C01737,Meera Nair,meera.nair7072@yahoo.com,Male,Ahmedabad,Gujarat,2024-01-13
C01738,Pooja Patil,pooja.patil435@gmail.com,Female,Jaipur,Rajasthan,2024-12-13
C01739,Raj Nair,raj.nair5596@gmail.com,Female,Surat,Gujarat,2023-02-26
C01740,Akash Saxena,akash.saxena4719@yahoo.com,Female,Mumbai,Maharashtra,2025-03-05
C01741,Sneha Jain,sneha.jain4271@gmail.com,Female,Mysuru,Karnataka,2025-11-28
C01742,Varun Mishra,varun.mishra2170@gmail.com,Female,Kochi,Kerala,2024-05-02
C01743,Neha Mehta,neha.mehta5540@gmail.com,Male,Hyderabad,Telangana,2024-08-28
C01744,Shruti Joshi,shruti.joshi4114@gmail.com,Male,Delhi,Delhi,2024-07-04
C01745,Pooja Jain,pooja.jain4343@gmail.com,Female,Nashik,Maharashtra,2024-10-19
C01746,Varun Sharma,varun.sharma7652@gmail.com,Female,Kolkata,West Bengal,2023-01-19
C01747,Vikram Chavan,vikram.chavan6704@gmail.com,F,Indore,Madhya Pradesh,2024-03-22
C01748,Neha Menon,neha.menon1059@outlook.com,Male,Nagpur,Maharashtra,2024-10-05
C01749,Nandini Agarwal,nandini.agarwal4262@outlook.com,Male,Surat,Gujarat,2024-07-19
C01750,Meera Chavan,meera.chavan822@gmail.com,Male,Pune,Maharashtra,2023-10-28
C01751,Aditya Iyer,aditya.iyer7224@gmail.com,Male,Nashik,Maharashtra,2025-11-03
C01752,Nisha More,nisha.more4254@gmail.com,Male,Hyderabad,Telangana,2023-05-05
C01753,Riya Bhat,riya.bhat9849@gmail.com,Female,Mysuru,Karnataka,2023-04-02
C01754,Arjun Mehta,arjun.mehta1864@yahoo.com,Male,Jaipur,Rajasthan,2025-06-27
C01755,Mohit Nair,mohit.nair6825@gmail.com,Female,Delhi,Delhi,2025-01-30
C01756,Nikhil Reddy,nikhil.reddy9954@gmail.com,Female,Bengaluru,Karnataka,2024-10-30
C01757,Shivani Menon,shivani.menon7721@gmail.com,Male,Nashik,Maharashtra,2025-02-06
C01758,Ishaan Verma,ishaan.verma2468@gmail.com,Male,Bengaluru,Karnataka,2024-08-18
C01759,Sanjay Nair,sanjay.nair8378@yahoo.com,Female,Surat,Gujarat,2024-10-03
C01760,Manish Gupta,manish.gupta2468@gmail.com,Male,Indore,Madhya Pradesh,2023-03-08
C01761,Ananya Shetty,ananya.shetty9421@yahoo.com,Female,Hyderabad,Telangana,2025-10-28
C01762,Kabir Mishra,kabir.mishra852@outlook.com,Female,Mumbai,Maharashtra,2025-12-16
C01763,Priya Joshi,priya.joshi4008@gmail.com,Male,Hyderabad,Telangana,2024-08-23
C01764,Rohan Shah,rohan.shah1900@gmail.com,Female,Kolkata,West Bengal,2024-10-06
C01765,Shivani Verma,shivani.verma9192@yahoo.com,Male,Mumbai,Maharashtra,2024-12-21
C01766,Rohan Chavan,rohan.chavan7365@gmail.com,Male,Kolkata,West Bengal,2024-04-16
C01767,Pallavi Das,pallavi.das8818@gmail.com,Female,Indore,Madhya Pradesh,2023-09-14
C01768,Raj Kadam,raj.kadam4710@gmail.com,Female,Pune,Maharashtra,2024-06-17
C01769,Ayush Mehta,ayush.mehta8284@gmail.com,Female,Ahmedabad,Gujarat,2025-05-12
C01770,Kavya Menon,kavya.menon264@gmail.com,Male,Pune,Maharashtra,2025-07-18
C01771,Shivani Joshi,shivani.joshi1664@gmail.com,Male,Surat,Gujarat,2025-08-20
C01772,Sneha Sharma,sneha.sharma1206@gmail.com,Female,Mysuru,Karnataka,2023-12-08
C01773,Sneha Verma,sneha.verma9134@gmail.com,Female,Pune,Maharashtra,2025-04-03
C01774,Ayush Kumar,ayush.kumar9700@gmail.com,Male,Kochi,Kerala,2024-11-20
C01775,Ananya Mishra,ananya.mishra7364@gmail.com,Female,Kochi,Kerala,2024-12-27
C01776,Sneha Deshmukh,sneha.deshmukh2215@gmail.com,Male,Surat,Gujarat,2025-09-04
C01777,Diya Menon,diya.menon7440@gmail.com,Female,Bengaluru,Karnataka,2025-01-27
C01778,Tanvi Iyer,tanvi.iyer1597@gmail.com,Female,Jaipur,Rajasthan,2024-07-26
C01779,Yash Kumar,yash.kumar8614@yahoo.com,Female,Bengaluru,Karnataka,2025-11-26
C01780,Nikhil Kumar,nikhil.kumar2933@gmail.com,Male,Ahmedabad,Gujarat,2024-10-14
C01781,Manish Singh,manish.singh9433@gmail.com,Male,Jaipur,Rajasthan,2024-07-23
C01782,Riya Deshmukh,riya.deshmukh4726@gmail.com,Female,pune,Maharashtra,2023-08-31
C01783,Tanvi Shah,tanvi.shah4736@gmail.com,Male,Kochi,Kerala,2023-12-13
C01784,Meera Kadam,meera.kadam1582@gmail.com,Male,Chennai,Tamil Nadu,2023-10-16
C01785,Aditi Malhotra,aditi.malhotra8854@yahoo.com,Male,Kochi,Kerala,2023-03-23
C01786,Aarav Pillai,aarav.pillai6064@gmail.com,Female,Indore,Madhya Pradesh,2023-02-22
C01787,Pallavi Singh,pallavi.singh8544@gmail.com,Female,Mysuru,Karnataka,2025-06-30
C01788,Nikhil Shetty,nikhil.shetty7291@gmail.com,Female,Mumbai,Maharashtra,2023-09-03
C01789,Nandini Mehta,nandini.mehta4572@gmail.com,Female,Indore,Madhya Pradesh,2023-10-08
C01790,Anika Mishra,anika.mishra1228@gmail.com,Male,Surat,Gujarat,31/03/2024
C01791,Zoya Kumar,zoya.kumar8412@gmail.com,Female,Chennai,Tamil Nadu,2025-07-17
C01792,Aditya Singh,aditya.singh5212@gmail.com,Male,Mumbai,Maharashtra,2025-12-03
C01793,Aarav Shah,aarav.shah3617@gmail.com,Female,Pune,Maharashtra,2025-02-09
C01794,Vikram Reddy,vikram.reddy8148@gmail.com,Male,Kolkata,West Bengal,2024-01-19
C01795,Kavya Chavan,kavya.chavan8469@gmail.com,Male,Kochi,Kerala,2023-07-01
C01796,Sneha Mehta,sneha.mehta2928@gmail.com,Female,Kolkata,West Bengal,2024-03-03
C01797,Nandini Malhotra,nandini.malhotra5723@outlook.com,Male,Ahmedabad,Gujarat,2024-04-25
C01798,Pooja Das,pooja.das7957@outlook.com,Female,Hyderabad,Telangana,2024-08-21
C01799,Sanjay Verma,sanjay.verma4850@gmail.com,Male,Jaipur,Rajasthan,2025-09-12
C01800,Ayush Menon,ayush.menon6884@outlook.com,Female,Kochi,Kerala,2024-08-11
C01801,Mohit Kadam,mohit.kadam2896@outlook.com,Female,Ahmedabad,Gujarat,2023-08-26
C01802,Ayush Verma,ayush.verma2108@outlook.com,Female,Mysuru,Karnataka,2025-03-26
C01803,Sanjay Singh,sanjay.singh484@gmail.com,Female,Nashik,Maharashtra,2024-04-25
C01804,Zoya Nair,zoya.nair1006@yahoo.com,Female,Kochi,Kerala,2025-04-17
C01805,Nandini Kadam,nandini.kadam6422@outlook.com,Female,Delhi,Delhi,2025-04-22
C01806,Sameer Joshi,sameer.joshi4406@outlook.com,Male,Kochi,Kerala,2023-04-22
C01807,Rahul Chavan,rahul.chavan5064@outlook.com,Female,Indore,Madhya Pradesh,2023-04-04
C01808,Meera Jain,meera.jain8792@gmail.com,Male,Kochi,Kerala,2023-12-08
C01809,Shruti Malhotra,shruti.malhotra9921@yahoo.com,Male,Delhi,Delhi,2023-09-22
C01810,Aditi Saxena,aditi.saxena5470@gmail.com,Male,Ahmedabad,Gujarat,2023-07-04
C01811,Akash Naik,akash.naik8783@gmail.com,Male,Hyderabad,Telangana,2025-01-11
C01812,Kabir Gupta,kabir.gupta4764@gmail.com,Female,Indore,Madhya Pradesh,2024-04-14
C01813,Rahul Singh,rahul.singh233@gmail.com,Male,Hyderabad,Telangana,2024-05-24
C01814,Isha Kulkarni,isha.kulkarni7954@gmail.com,Male,Jaipur,Rajasthan,2025-03-25
C01815,Nikhil Deshmukh,nikhil.deshmukh4061@gmail.com,Female,Bengaluru,Karnataka,2024-04-16
C01816,Ayush Das,ayush.das6575@gmail.com,Female,Surat,Gujarat,2025-02-12
C01817,Anika Mehta,anika.mehta6815@gmail.com,Male,Mumbai,Maharashtra,2025-10-30
C01818,Kabir Malhotra,kabir.malhotra1575@gmail.com,Male,Kochi,Kerala,2023-11-07
C01819,Sanjay Banerjee,sanjay.banerjee6975@yahoo.com,Male,Chennai,Tamil Nadu,2024-10-24
C01820,Pooja Joshi,pooja.joshi1643@gmail.com,Female,Kolkata,West Bengal,2024-02-20
C01821,Sakshi Deshmukh,sakshi.deshmukh3651@gmail.com,Female,Ahmedabad,Gujarat,2023-07-10
C01822,Vikram Deshmukh,vikram.deshmukh8310@gmail.com,Female,Kochi,Kerala,2025-12-28
C01823,Aditi Pillai,aditi.pillai6116@yahoo.com,Male,Mysuru,Karnataka,2025-03-17
C01824,Tanvi Shah,tanvi.shah6520@gmail.com,Female,Nagpur,Maharashtra,2023-02-20
C01825,Rohan Pillai,rohan.pillai5099@gmail.com,Male,Nagpur,Maharashtra,2023-08-12
C01826,Anika Kulkarni,anika.kulkarni3412@outlook.com,Male,Jaipur,Rajasthan,2023-12-13
C01827,Anika Reddy,,Male,Ahmedabad,Gujarat,2025-08-27
C01828,Yash Joshi,yash.joshi5545@gmail.com,Male,Ahmedabad,Gujarat,2024-09-29
C01829,Priya More,priya.more101@gmail.com,Male,Nagpur,Maharashtra,2025-04-12
C01830,Nisha Saxena,nisha.saxena5138@gmail.com,Female,Kolkata,West Bengal,2025-10-20
C01831,Varun More,varun.more9099@gmail.com,Male,Kolkata,West Bengal,2025-11-19
C01832,Sneha More,sneha.more2095@gmail.com,Male,Mumbai,Maharashtra,2025-02-08
C01833,Isha Mishra,isha.mishra3243@outlook.com,Male,Mumbai,Maharashtra,2023-12-07
C01834,Aditya Menon,aditya.menon2807@yahoo.com,Female,Ahmedabad,Gujarat,11/10/2025
C01835,Deepak Mishra,deepak.mishra6553@gmail.com,Female,Indore,Madhya Pradesh,2025-05-06
C01836,Ayush Singh,ayush.singh8570@gmail.com,Female,Chennai,Tamil Nadu,2024-07-09
C01837,Pallavi Chavan,pallavi.chavan4764@yahoo.com,Male,Pune,Maharashtra,2023-10-17
C01838,Shruti More,shruti.more9914@gmail.com,Female,Delhi,Delhi,29/11/2025
C01839,Varun Nair,varun.nair2227@gmail.com,Female,Kochi,Kerala,2024-11-07
C01840,Aarav Kumar,aarav.kumar2473@outlook.com,Male,Ahmedabad,Gujarat,2024-01-03
C01841,Aarav Deshmukh,aarav.deshmukh3274@gmail.com,Female,Mysuru,Karnataka,2024-01-20
C01842,Rahul Kulkarni,rahul.kulkarni9749@gmail.com,Male,Bengaluru,Karnataka,2025-08-17
C01843,Riya Chavan,riya.chavan5661@gmail.com,Male,Jaipur,Rajasthan,2024-04-07
C01844,Neha Deshmukh,neha.deshmukh9585@gmail.com,Female,Indore,Madhya Pradesh,2025-05-22
C01845,Shruti Agarwal,shruti.agarwal9203@yahoo.com,Male,Ahmedabad,Gujarat,2024-06-05
C01846,Ananya Jain,ananya.jain3556@gmail.com,Male,Pune,Maharashtra,2023-07-30
C01847,Nandini Jain,,Female,Mumbai,Maharashtra,2023-09-17
C01848,Pallavi Agarwal,pallavi.agarwal7766@gmail.com,Male,Indore,Madhya Pradesh,2024-07-21
C01849,Aarav Saxena,aarav.saxena1506@gmail.com,Male,Hyderabad,Telangana,2024-03-19
C01850,Ishaan Pillai,ishaan.pillai5307@gmail.com,Male,Indore,Madhya Pradesh,2023-01-01
C01851,Deepak Naik,deepak.naik6979@outlook.com,Female,Surat,Gujarat,2025-06-19
C01852,Pooja Naik,pooja.naik3954@yahoo.com,Female,Surat,Gujarat,2023-08-29
C01853,Sakshi Agarwal,sakshi.agarwal5826@gmail.com,Female,ahmedabad,Gujarat,2025-08-29
C01854,Isha Mehta,isha.mehta2731@gmail.com,Male,Kochi,Kerala,2024-03-14
C01855,Sneha Bhat,sneha.bhat4114@gmail.com,Female,Kolkata,West Bengal,2025-09-30
C01856,Riya Iyer,riya.iyer7646@gmail.com,Female,Bengaluru,Karnataka,2025-01-18
C01857,Manish Malhotra,manish.malhotra6276@gmail.com,Male,Jaipur,Rajasthan,2024-01-27
C01858,Aarav Nair,aarav.nair8628@gmail.com,Male,Kolkata,West Bengal,2025-01-09
C01859,Raj Deshmukh,raj.deshmukh6053@gmail.com,Male,Delhi,Delhi,2023-07-12
C01860,Sanjay Joshi,sanjay.joshi7853@gmail.com,Male,Bengaluru,Karnataka,2024-07-17
C01861,Nandini Joshi,nandini.joshi9384@gmail.com,Female,Nashik,Maharashtra,2023-04-28
C01862,Sanjay Chavan,sanjay.chavan2857@outlook.com,Male,Kolkata,West Bengal,2025-10-01
C01863,Aditya Verma,aditya.verma2908@gmail.com,Male,Bengaluru,Karnataka,2023-11-10
C01864,Shivani Das,shivani.das928@outlook.com,Male,Indore,Madhya Pradesh,2023-09-02
C01865,Priya Kulkarni,priya.kulkarni3191@gmail.com,Female,Indore,Madhya Pradesh,2024-07-22
C01866,Priya Menon,priya.menon9624@gmail.com,Male,Mysuru,Karnataka,2023-12-13
C01867,Sameer Singh,sameer.singh1074@gmail.com,Male,Indore,Madhya Pradesh,2023-05-06
C01868,Neha Mehta,neha.mehta739@gmail.com,Male,Pune,Maharashtra,2025-06-27
C01869,Zoya Singh,zoya.singh5108@gmail.com,Female,Pune,Maharashtra,2023-01-07
C01870,Ayush Kumar,,Male,Kolkata,West Bengal,2023-06-26
C01871,Ayush Shetty,ayush.shetty1425@gmail.com,Female,Mumbai,Maharashtra,2024-01-09
C01872,Raj Chavan,raj.chavan181@gmail.com,Female,Bengaluru,Karnataka,2023-12-13
C01873,Varun Mehta,varun.mehta5052@gmail.com,Male,Kochi,Kerala,2024-05-20
C01874,Pooja Patil,pooja.patil2926@gmail.com,Male,Ahmedabad,Gujarat,2024-08-10
C01875,Pallavi Kumar,pallavi.kumar3094@gmail.com,Male,Ahmedabad,Gujarat,2024-04-07
C01876,Karan Deshmukh,karan.deshmukh4344@gmail.com,Female,Chennai,Tamil Nadu,2025-06-19
C01877,Riya Jain,riya.jain8579@outlook.com,Male,Delhi,Delhi,2024-12-15
C01878,Aditya Das,aditya.das2561@yahoo.com,Male,Nagpur,Maharashtra,2025-02-28
C01879,Sneha Verma,sneha.verma3408@gmail.com,Female,Nashik,Maharashtra,2024-08-14
C01880,Anika Naik,anika.naik4240@gmail.com,Female,Surat,Gujarat,2024-03-07
C01881,Nandini Patil,nandini.patil8481@gmail.com,Female,Kochi,Kerala,2023-08-25
C01882,Deepak Rao,deepak.rao6109@gmail.com,Male,Nagpur,Maharashtra,2024-10-23
C01883,Priya More,priya.more139@gmail.com,Female,Mumbai,Maharashtra,2025-01-04
C01884,Vikram Kumar,vikram.kumar3075@gmail.com,Female,Delhi,Delhi,2023-07-25
C01885,Ishaan Rao,ishaan.rao366@outlook.com,Female,Jaipur,Rajasthan,2024-01-17
C01886,Raj Jain,raj.jain6552@outlook.com,Male,Mysuru,Karnataka,2025-06-09
C01887,Nandini Mishra,nandini.mishra7916@gmail.com,Female,Delhi,Delhi,2024-11-22
C01888,Aditya Shetty,aditya.shetty8316@gmail.com,Female,Kochi,Kerala,2024-04-24
C01889,Sneha Agarwal,sneha.agarwal9726@gmail.com,Male,Chennai,Tamil Nadu,2025-03-31
C01890,Zoya Iyer,zoya.iyer9788@yahoo.com,Male,Kochi,Kerala,2024-09-07
C01891,Pallavi Agarwal,pallavi.agarwal5468@gmail.com,Male,Pune,Maharashtra,2023-09-24
C01892,Pooja Saxena,pooja.saxena5680@outlook.com,Female,Surat,Gujarat,2023-10-17
C01893,Ishaan Rao,ishaan.rao3293@gmail.com,Female,Bengaluru,Karnataka,2023-10-30
C01894,Pooja Mehta,pooja.mehta3341@gmail.com,Male,Pune,Maharashtra,2024-04-28
C01895,Mohit Reddy,mohit.reddy91@outlook.com,Male,Nashik,Maharashtra,2025-02-05
C01896,Riya Kulkarni,riya.kulkarni3491@outlook.com,Female,Kolkata,West Bengal,2025-03-18
C01897,Varun More,varun.more6360@gmail.com,Female,Hyderabad,Telangana,2023-07-16
C01898,Deepak Gupta,deepak.gupta4649@gmail.com, Female ,Surat,Gujarat,2024-10-31
C01899,Kabir Mehta,kabir.mehta9618@gmail.com,Male,Delhi,Delhi,2025-09-27
C01900,Sanjay Iyer,sanjay.iyer6057@gmail.com,Female,Surat,Gujarat,2024-04-26
C01901,Zoya Das,zoya.das1275@gmail.com,Male,Bengaluru,Karnataka,2025-03-26
C01902,Yash Nair,yash.nair4956@gmail.com,F,Bengaluru,Karnataka,2024-03-08
C01903,Rahul Gupta,rahul.gupta6984@gmail.com,Female,Nashik,Maharashtra,2024-01-04
C01904,Pooja Gupta,pooja.gupta580@gmail.com,Female,Nashik,Maharashtra,2025-09-11
C01905,Karan Iyer,karan.iyer1753@outlook.com,Male,Ahmedabad,Gujarat,2025-11-25
C01906,Riya Kadam,riya.kadam6636@gmail.com,Male,Mysuru,Karnataka,2023-07-27
C01907,Priya Reddy,priya.reddy6301@outlook.com,Male,Nagpur,Maharashtra,2025-11-04
C01908,Yash Chavan,,Female,Nashik,Maharashtra,2025-04-02
C01909,Sneha Joshi,sneha.joshi9899@outlook.com,Female,Mysuru,Karnataka,2023-08-26
C01910,Vikram More,vikram.more5987@gmail.com,Male,Delhi,Delhi,2025-12-31
C01911,Sneha Bhat,sneha.bhat1320@gmail.com,Male,Surat,Gujarat,2025-02-24
C01912,Rahul Shetty,rahul.shetty3247@yahoo.com,Female,Mysuru,Karnataka,2024-06-12
C01913,Sneha Patil,sneha.patil662@gmail.com,Female,Kolkata,West Bengal,2024-07-30
C01914,Varun Verma,varun.verma4144@gmail.com,Female,Bengaluru,Karnataka,2025-01-26
C01915,Nikhil Agarwal,nikhil.agarwal8902@gmail.com,Male,Indore,Madhya Pradesh,2023-02-18
C01916,Nikhil Verma,nikhil.verma7329@gmail.com,Female,Ahmedabad,Gujarat,2023-02-05
C01917,Aditya Malhotra,aditya.malhotra609@yahoo.com,Female,Mumbai,Maharashtra,2025-01-01
C01918,Mohit Iyer,mohit.iyer1559@gmail.com,Male,Mumbai,Maharashtra,2025-12-31
C01919,Yash Singh,yash.singh5668@outlook.com,Male,Kochi,Kerala,2024-07-16
C01920,Isha Jain,isha.jain1263@gmail.com,Female,Kolkata,West Bengal,2023-03-25
C01921,Aditya Reddy,aditya.reddy6267@yahoo.com,Male,Nagpur,Maharashtra,2023-07-27
C01922,Rahul Shetty,rahul.shetty6932@gmail.com,Male,Nashik,Maharashtra,2024-09-10
C01923,Karan Mishra,karan.mishra7111@gmail.com,Male,Chennai,Tamil Nadu,2023-06-12
C01924,Pallavi Joshi,pallavi.joshi8843@gmail.com,Male,Chennai,Tamil Nadu,2025-11-18
C01925,Rohan Jain,rohan.jain7168@gmail.com,Male,Kolkata,West Bengal,2024-03-16
C01926,Neha Naik,neha.naik9916@gmail.com,Male,Nashik,Maharashtra,2023-04-04
C01927,Nikhil Joshi,nikhil.joshi3403@gmail.com,Female,Bengaluru,Karnataka,2025-04-13
C01928,Deepak Joshi,deepak.joshi9825@gmail.com,Male,Chennai,Tamil Nadu,2025-08-05
C01929,Meera Shah,meera.shah3631@gmail.com,Female,Bengaluru,Karnataka,2024-10-26
C01930,Sanjay Das,sanjay.das9762@gmail.com,Female,Kolkata,West Bengal,2025-05-11
C01931,Vikram Shetty,vikram.shetty5628@gmail.com,Female,Jaipur,Rajasthan,2023-01-26
C01932,Riya Das,riya.das7578@outlook.com,Male,Kolkata,West Bengal,2023-11-07
C01933,Kabir More,kabir.more4199@gmail.com,Male,Pune,Maharashtra,2025-03-09
C01934,Pallavi Mehta,pallavi.mehta9206@gmail.com,Male,Nashik,Maharashtra,2025-09-23
C01935,Manish Mishra,manish.mishra4991@gmail.com,Female,Jaipur,Rajasthan,2025-01-26
C01936,Tanvi Kadam,tanvi.kadam2564@gmail.com,Female,Kolkata,West Bengal,2023-03-02
C01937,Pallavi Singh,pallavi.singh4661@yahoo.com,Female,Ahmedabad,Gujarat,2023-02-17
C01938,Mohit Gupta,mohit.gupta6210@gmail.com,Male,Kochi,Kerala,2023-09-27
C01939,Sameer Nair,sameer.nair9361@gmail.com,Male,Hyderabad,Telangana,2023-08-15
C01940,Ishaan Agarwal,ishaan.agarwal9022@gmail.com,Female,Surat,Gujarat,2025-04-01
C01941,Manish Singh,manish.singh5243@gmail.com,Male,Kochi,Kerala,2024-07-25
C01942,Priya Naik,priya.naik6435@gmail.com,Female,Jaipur,Rajasthan,2025-12-26
C01943,Yash Agarwal,yash.agarwal7373@gmail.com,Male,Kolkata,West Bengal,2024-08-09
C01944,Sameer Deshmukh,sameer.deshmukh5483@outlook.com,Male,Bengaluru,Karnataka,2025-12-26
C01945,Arjun Gupta,arjun.gupta6862@gmail.com,Male,Nagpur,Maharashtra,2025-05-06
C01946,Aditi Malhotra,aditi.malhotra9999@yahoo.com,Male,Hyderabad,Telangana,2023-10-11
C01947,Sanjay Jain,sanjay.jain384@gmail.com,Male,Mysuru,Karnataka,2025-04-17
C01948,Ishaan Jain,ishaan.jain1500@gmail.com,Male,Nashik,Maharashtra,2025-08-24
C01949,Sanjay Menon,sanjay.menon9054@yahoo.com,Male,Surat,Gujarat,2025-03-08
C01950,Ishaan Rao,ishaan.rao2880@outlook.com,Male,Delhi,Delhi,2024-05-05
C01951,Priya Reddy,priya.reddy516@gmail.com,Female,Chennai,Tamil Nadu,2023-05-13
C01952,Varun Shah,varun.shah3973@gmail.com,Female,nashik,Maharashtra,2025-06-27
C01953,Zoya Chavan,zoya.chavan2619@gmail.com,Female,Mumbai,Maharashtra,2024-11-09
C01954,Ananya Sharma,ananya.sharma6667@yahoo.com,Female,Mysuru,Karnataka,2023-03-08
C01955,Sakshi Mehta,sakshi.mehta4270@yahoo.com,Male,Surat,Gujarat,2025-05-04
C01956,Sanjay Chavan,sanjay.chavan7194@outlook.com,Male,Jaipur,Rajasthan,2023-02-18
C01957,Nikhil Saxena,nikhil.saxena5963@gmail.com,Female,Ahmedabad,Gujarat,2023-03-23
C01958,Sneha Saxena,sneha.saxena2401@gmail.com,Male,Mumbai,Maharashtra,2023-08-01
C01959,Ishaan Verma,ishaan.verma2335@gmail.com,Female,Ahmedabad,Gujarat,2024-11-26
C01960,Manish Joshi,,Female,Mumbai,Maharashtra,2024-11-06
C01961,Mohit Agarwal,mohit.agarwal4848@outlook.com,Female,Chennai,Tamil Nadu,2024-12-02
C01962,Tanvi More,tanvi.more9749@gmail.com,Male,Chennai,Tamil Nadu,2024-07-17
C01963,Diya Naik,diya.naik3631@gmail.com,Female,Chennai,Tamil Nadu,2023-02-23
C01964,Nikhil Deshmukh,nikhil.deshmukh9310@gmail.com,Female,Mysuru,Karnataka,2023-11-21
C01965,Tanvi Kadam,tanvi.kadam2116@gmail.com,Female,Chennai,Tamil Nadu,2023-11-13
C01966,Sakshi Joshi,sakshi.joshi468@gmail.com,Female,Nashik,Maharashtra,2024-04-11
C01967,Diya Jain,diya.jain5976@yahoo.com, Male ,Bengaluru,Karnataka,15/06/2024
C01968,Vikram Malhotra,vikram.malhotra5649@gmail.com,Female,Kochi,Kerala,2023-12-15
C01969,Isha Verma,isha.verma2780@yahoo.com,Female,Ahmedabad,Gujarat,2025-09-20
C01970,Karan Pillai,karan.pillai243@gmail.com,Female,Kochi,Kerala,2025-02-16
C01971,Meera Deshmukh,meera.deshmukh2469@gmail.com,Male,Hyderabad,Telangana,2024-04-04
C01972,Kavya Verma,kavya.verma9339@gmail.com,Male,Kolkata,West Bengal,2025-07-29
C01973,Kavya Verma,kavya.verma6538@gmail.com,Female,Nashik,Maharashtra,2023-03-09
C01974,Zoya Mehta,zoya.mehta8820@gmail.com,Male,Chennai,Tamil Nadu,2025-12-31
C01975,Tanvi Jain,tanvi.jain4019@gmail.com,Male,Jaipur,Rajasthan,2024-05-22
C01976,Mohit Shah,mohit.shah2917@gmail.com,Female,Mysuru,Karnataka,2025-07-23
C01977,Nisha Joshi,, Male ,Mumbai,Maharashtra,2024-01-25
C01978,Akash Nair,akash.nair9605@outlook.com,Female,Hyderabad,Telangana,2024-05-14
C01979,Arjun Bhat,arjun.bhat5234@gmail.com,Male,Kochi,Kerala,2023-04-15
C01980,Vikram Kulkarni,vikram.kulkarni7809@gmail.com,Male,Kolkata,West Bengal,2023-06-20
C01981,Kabir Jain,kabir.jain4924@gmail.com,Female,Hyderabad,Telangana,2025-09-24
C01982,Ayush Mishra,ayush.mishra3201@outlook.com,Male,Kochi,Kerala,2025-06-25
C01983,Nandini Agarwal,nandini.agarwal8080@gmail.com,Female,Ahmedabad,Gujarat,2024-07-08
C01984,Zoya Pillai,zoya.pillai4919@gmail.com,Male,Jaipur,Rajasthan,2024-08-04
C01985,Rahul Joshi,rahul.joshi5069@outlook.com,Male,Nashik,Maharashtra,2025-10-27
C01986,Karan Pillai,karan.pillai8358@outlook.com, Male ,Bengaluru,Karnataka,2024-10-15
C01987,Ishaan Iyer,ishaan.iyer5001@gmail.com,Female,Mumbai,Maharashtra,2025-06-03
C01988,Rahul Chavan,rahul.chavan3181@gmail.com,Male,Nashik,Maharashtra,2024-01-10
C01989,Manish Deshmukh,manish.deshmukh5253@yahoo.com,Female,Jaipur,Rajasthan,2024-09-17
C01990,Arjun Kadam,arjun.kadam9365@gmail.com,Female,Chennai,Tamil Nadu,2024-03-06
C01991,Ishaan Nair,ishaan.nair2824@gmail.com,Male,Surat,Gujarat,2025-03-22
C01992,Priya Naik,priya.naik4423@gmail.com,Female,Kolkata,West Bengal,2025-05-03
C01993,Vikram Shetty,vikram.shetty6085@gmail.com,Female,Indore,Madhya Pradesh,2024-09-13
C01994,Rahul Mishra,rahul.mishra7378@gmail.com,Female,Delhi,Delhi,2024-10-07
C01995,Pallavi Gupta,pallavi.gupta102@gmail.com,Male,Surat,Gujarat,2025-05-04
C01996,Shivani Verma,shivani.verma7495@gmail.com,Male,Nashik,Maharashtra,2023-10-14
C01997,Kavya Nair,kavya.nair4839@gmail.com,Male,Nashik,Maharashtra,2024-06-08
C01998,Priya Singh,priya.singh5346@yahoo.com,Male,Surat,Gujarat,2025-02-22
C01999,Manish Malhotra,manish.malhotra4498@gmail.com,Male,Jaipur,Rajasthan,2025-06-20
C02000,Mohit Iyer,mohit.iyer9724@outlook.com,Male,Delhi,Delhi,2025-09-09
C02001,Sakshi More,sakshi.more4103@gmail.com,Female,Kochi,Kerala,2025-09-24
C02002,Akash Kulkarni,akash.kulkarni4532@yahoo.com,Female,Bengaluru,Karnataka,2024-12-02
C02003,Tanvi Shetty,tanvi.shetty7740@gmail.com,Male,Chennai,Tamil Nadu,2023-08-16
C02004,Priya Agarwal,priya.agarwal2496@gmail.com,Female,Mysuru,Karnataka,2025-04-27
C02005,Pallavi Nair,pallavi.nair7190@gmail.com,Female,Jaipur,Rajasthan,2023-06-30
C02006,Pallavi Bhat,pallavi.bhat9130@yahoo.com,Female,Surat,Gujarat,2024-06-17
C02007,Aditi Reddy,,Female,Surat,Gujarat,2023-05-20
C02008,Manish Iyer,manish.iyer3740@outlook.com,Female,Delhi,Delhi,2025-08-17
C02009,Rahul Nair,rahul.nair4193@gmail.com,Male,Nashik,Maharashtra,2024-06-14
C02010,Ayush Chavan,ayush.chavan6503@outlook.com,Male,Ahmedabad,Gujarat,2025-05-25
C02011,Isha Patil,isha.patil6129@gmail.com,Female,Kochi,Kerala,2025-11-15
C02012,Aditya Naik,aditya.naik8837@outlook.com,Female,Indore,Madhya Pradesh,2024-10-31
C02013,Pallavi Kumar,pallavi.kumar1247@gmail.com,Male,Nashik,Maharashtra,2023-05-18
C02014,Kabir Iyer,kabir.iyer1447@outlook.com,Male,Surat,Gujarat,2025-11-17
C02015,Ananya Agarwal,ananya.agarwal4546@outlook.com,Female,Nashik,Maharashtra,2025-06-01
C02016,Diya Chavan,diya.chavan2986@gmail.com,Female,Delhi,Delhi,2023-05-30
C02017,Isha Agarwal,isha.agarwal361@gmail.com,Female,Mysuru,Karnataka,2025-06-04
C02018,Aarav Malhotra,aarav.malhotra319@gmail.com,Male,Indore,Madhya Pradesh,2025-03-09
C02019,Priya Singh,priya.singh3661@gmail.com,Female,Pune,Maharashtra,2024-06-14
C02020,Kavya Agarwal,kavya.agarwal9461@gmail.com,Male,Indore,Madhya Pradesh,2024-12-27
C02021,Diya Nair,diya.nair1663@gmail.com,Male,Chennai,Tamil Nadu,2024-01-07
C02022,Deepak Bhat,deepak.bhat5375@gmail.com,Male,Delhi,Delhi,2023-05-22
C02023,Manish Nair,manish.nair6961@gmail.com,Male,Chennai,Tamil Nadu,2023-12-01
C02024,Manish Agarwal,manish.agarwal2259@outlook.com,Male,Delhi,Delhi,2023-02-25
C02025,Sakshi Sharma,sakshi.sharma6242@gmail.com,Female,Kolkata,West Bengal,2024-03-03
C02026,Tanvi Gupta,tanvi.gupta6244@gmail.com,Male,Hyderabad,Telangana,2024-02-26
C02027,Karan Naik,karan.naik2003@gmail.com,Male,Kochi,Kerala,2025-11-23
C02028,Ayush Pillai,ayush.pillai5201@gmail.com,Male,Mysuru,Karnataka,2025-01-03
C02029,Manish Mehta,manish.mehta5905@outlook.com,Female,Surat,Gujarat,2025-11-04
C02030,Zoya Kulkarni,zoya.kulkarni128@gmail.com,Female,Kolkata,West Bengal,2023/02/03
C02031,Sameer Banerjee,sameer.banerjee5914@gmail.com,Male,Mumbai,Maharashtra,2024-12-27
C02032,Sneha Banerjee,sneha.banerjee3767@gmail.com,Female,Nashik,Maharashtra,2024-09-07
C02033,Vikram Sharma,vikram.sharma753@gmail.com,F,Chennai,Tamil Nadu,2024-10-24
C02034,Karan Jain,karan.jain8507@gmail.com,Male,Bengaluru,Karnataka,2023-09-20
C02035,Vikram Agarwal,vikram.agarwal9778@gmail.com,Female,Bengaluru,Karnataka,2023-05-06
C02036,Rohan Malhotra,rohan.malhotra6878@gmail.com,Male,Ahmedabad,Gujarat,2023-11-19
C02037,Isha Reddy,isha.reddy5991@gmail.com,Male,Mysuru,Karnataka,2024-01-07
C02038,Aditi Pillai,aditi.pillai6623@gmail.com,Female,Hyderabad,Telangana,2024-09-18
C02039,Shruti Kumar,shruti.kumar5442@gmail.com,Female,Bengaluru,Karnataka,2023-02-22
C02040,Aditya Mishra,aditya.mishra6689@gmail.com,Female,Indore,Madhya Pradesh,2023-10-23
C02041,Sanjay Mishra,sanjay.mishra2601@gmail.com,Male,Jaipur,Rajasthan,2023-12-14
C02042,Riya Menon,riya.menon6889@gmail.com,male,Hyderabad,Telangana,2023-07-08
C02043,Vikram Rao,vikram.rao2212@gmail.com,Female,Ahmedabad,Gujarat,2025-06-20
C02044,Vikram Pillai,vikram.pillai2110@gmail.com,Female,Kochi,Kerala,2024-06-10
C02045,Shruti Kadam,shruti.kadam7838@outlook.com,Male,Mysuru,Karnataka,2023-07-17
C02046,Deepak Shah,deepak.shah2346@gmail.com,Male,Jaipur,Rajasthan,2023-09-23
C02047,Arjun More,arjun.more1734@gmail.com,Male,Ahmedabad,Gujarat,2024-08-01
C02048,Nandini Iyer,nandini.iyer5394@outlook.com,Female,Mysuru,Karnataka,2024-09-08
C02049,Deepak Kumar,deepak.kumar2389@gmail.com,Female,Ahmedabad,Gujarat,2025-02-06
C02050,Akash Saxena,akash.saxena244@gmail.com,Male,Hyderabad,Telangana,2024-01-09
C02051,Mohit Iyer,mohit.iyer201@outlook.com,Female,Ahmedabad,Gujarat,2024-10-22
C02052,Riya Nair,riya.nair7417@gmail.com,Female,Nashik,Maharashtra,2025-04-10
C02053,Shruti Joshi,shruti.joshi1940@gmail.com,Female, Jaipur ,Rajasthan,2025-06-19
C02054,Rahul Menon,rahul.menon5596@outlook.com,Female,Pune,Maharashtra,2024-06-06
C02055,Arjun Kadam,arjun.kadam8514@gmail.com,Male,Indore,Madhya Pradesh,2024-12-02
C02056,Rohan Singh,rohan.singh8911@gmail.com,Male,Nashik,Maharashtra,2023-02-22
C02057,Meera Rao,meera.rao1980@yahoo.com,Female,Indore,Madhya Pradesh,2023-08-16
C02058,Deepak Banerjee,deepak.banerjee7424@gmail.com,M,Delhi,Delhi,2024-09-20
C02059,Zoya Iyer,zoya.iyer3202@gmail.com,Male,Ahmedabad,Gujarat,2025-11-12
C02060,Aditi Nair,aditi.nair8621@gmail.com,Male,Mysuru,Karnataka,2024-12-25
C02061,Kabir Verma,kabir.verma8707@gmail.com,Female,Jaipur,Rajasthan,2024-04-16
C02062,Ishaan Kulkarni,ishaan.kulkarni3717@gmail.com,Female,Nashik,Maharashtra,2023-12-06
C02063,Kavya Joshi,kavya.joshi4867@gmail.com,Female,Bengaluru,Karnataka,2025-03-31
C02064,Vikram Rao,vikram.rao4925@gmail.com,Male,Delhi,Delhi,2023-10-06
C02065,Nandini More,nandini.more3430@gmail.com,Male,Jaipur,Rajasthan,2024-09-30
C02066,Shivani Reddy,shivani.reddy2635@gmail.com,Female,Pune,Maharashtra,2025-09-11
C02067,Ishaan Chavan,ishaan.chavan9699@gmail.com,Male,Ahmedabad,Gujarat,2025-03-11
C02068,Riya Mehta,riya.mehta2310@gmail.com,F,Hyderabad,Telangana,2024-07-19
C02069,Raj Kadam,raj.kadam7274@gmail.com,Female,Pune,Maharashtra,2024-02-26
C02070,Priya Sharma,priya.sharma8539@gmail.com,Male,Nashik,Maharashtra,2023-08-29
C02071,Sanjay Pillai,sanjay.pillai4905@gmail.com,Female,Hyderabad,Telangana,2025-06-16
C02072,Diya Mehta,diya.mehta4468@gmail.com,Female,Kochi,Kerala,2024-11-30
C02073,Nandini Kulkarni,nandini.kulkarni6988@gmail.com,Female,Nashik,Maharashtra,2025-08-13
C02074,Nikhil Shah,nikhil.shah1461@gmail.com,Male,Jaipur,Rajasthan,2023-07-31
C02075,Yash Das,yash.das6918@gmail.com,Male,Mysuru,Karnataka,2025-06-04
C02076,Neha Das,neha.das4133@yahoo.com,Female,Mysuru,Karnataka,2024-07-18
C02077,Shivani Kadam,shivani.kadam5853@gmail.com,Male,Indore,Madhya Pradesh,2024-05-29
C02078,Arjun More,arjun.more3987@outlook.com,Male,Surat,Gujarat,2025-09-21
C02079,Raj Singh,raj.singh1713@outlook.com,Female,Nashik,Maharashtra,2024-06-28
C02080,Sanjay Naik,sanjay.naik699@gmail.com,Male,Indore,Madhya Pradesh,2025-02-22
C02081,Pallavi Kulkarni,pallavi.kulkarni5919@gmail.com,Female,Mumbai,Maharashtra,2024-05-03
C02082,Aditya Verma,aditya.verma7558@yahoo.com,Male,Nashik,Maharashtra,2025-06-20
C02083,Sameer Das,sameer.das430@gmail.com,Male,Surat,Gujarat,2025-06-03
C02084,Aditi Chavan,aditi.chavan4798@gmail.com,Male,Delhi,Delhi,2023-07-22
C02085,Varun Banerjee,varun.banerjee5885@gmail.com,Female,Kochi,Kerala,2024-06-03
C02086,Mohit Joshi,,Female,Kolkata,West Bengal,2023-04-08
C02087,Ishaan Nair,ishaan.nair6585@gmail.com,Male,Jaipur,Rajasthan,2024-10-21
C02088,Yash Banerjee,yash.banerjee5773@yahoo.com,Male,Mumbai,Maharashtra,2024-11-14
C02089,Priya Das,priya.das1491@gmail.com,Female,Chennai,Tamil Nadu,2023-07-27
C02090,Shruti Pillai,shruti.pillai6280@gmail.com,Female,Nashik,Maharashtra,2024-01-17
C02091,Yash Verma,yash.verma5932@gmail.com,Male,Delhi,Delhi,2025-06-15
C02092,Priya Sharma,priya.sharma9542@gmail.com,Female,Mumbai,Maharashtra,2024-01-24
C02093,Nisha Bhat,nisha.bhat1254@gmail.com,Male,Pune,Maharashtra,2025-03-26
C02094,Anika More,anika.more4325@gmail.com,Female,Nagpur,Maharashtra,2025-04-08
C02095,Kabir Verma,kabir.verma6321@gmail.com,Female,Ahmedabad,Gujarat,2023-09-30
C02096,Shruti Jain,shruti.jain3693@outlook.com,Male,Mumbai,Maharashtra,2024-10-25
C02097,Mohit Bhat,mohit.bhat441@outlook.com,Male,Pune,Maharashtra,2024-07-14
C02098,Meera Shah,meera.shah7224@gmail.com,Male,Kochi,Kerala,2024-04-07
C02099,Aarav Deshmukh,aarav.deshmukh7927@outlook.com,Female,Hyderabad,Telangana,2023-02-12
C02100,Nisha Bhat,nisha.bhat6765@gmail.com,Female,Nagpur,Maharashtra,2024-01-29
C02101,Pallavi Menon,pallavi.menon4294@gmail.com,Female,Kochi,Kerala,2025-03-03
C02102,Sneha Verma,sneha.verma5255@yahoo.com,Female,Delhi,Delhi,2024-04-25
C02103,Ananya More,ananya.more4055@yahoo.com,Male,Pune,Maharashtra,2024-10-20
C02104,Arjun Shetty,arjun.shetty7804@yahoo.com,Female,Surat,Gujarat,2025-11-05
C02105,Arjun Saxena,arjun.saxena5717@yahoo.com,Male,Indore,Madhya Pradesh,2024-04-11
C02106,Varun Joshi,varun.joshi7550@outlook.com,Female,Nagpur,Maharashtra,2023-04-19
C02107,Raj Singh,raj.singh372@yahoo.com,Female, Mumbai ,Maharashtra,2023-12-17
C02108,Nisha Chavan,nisha.chavan7819@gmail.com,Male,Bengaluru,Karnataka,2024-12-12
C02109,Riya Mehta,riya.mehta9344@gmail.com,Male,Mysuru,Karnataka,2024-07-19
C02110,Sanjay Pillai,sanjay.pillai6502@gmail.com,Female,Ahmedabad,Gujarat,2023-10-01
C02111,Pooja Bhat,pooja.bhat5425@gmail.com,Female,Mysuru,Karnataka,2024-09-15
C02112,Diya Agarwal,diya.agarwal121@gmail.com,Female,Jaipur,Rajasthan,2024-10-06
C02113,Raj Kulkarni,raj.kulkarni1052@yahoo.com,Female,Surat,Gujarat,2023-05-26
C02114,Ishaan Mishra,ishaan.mishra9865@gmail.com,Male,Hyderabad,Telangana,2024-05-24
C02115,Aditi Chavan,aditi.chavan1967@gmail.com,Male,Kochi,Kerala,2025-10-10
C02116,Arjun Gupta,arjun.gupta6687@gmail.com,Female,Nagpur,Maharashtra,2025-03-04
C02117,Deepak Banerjee,deepak.banerjee1580@gmail.com,Female,Delhi,Delhi,2024-01-10
C02118,Karan More,karan.more8196@gmail.com,Male,Ahmedabad,Gujarat,2024-05-31
C02119,Nandini Gupta,nandini.gupta5764@gmail.com,Female,Hyderabad,Telangana,2024-04-09
C02120,Tanvi Agarwal,tanvi.agarwal4233@gmail.com,Male, Mumbai ,Maharashtra,2025-12-08
C02121,Nisha Patil,nisha.patil1574@gmail.com,Male,Nashik,Maharashtra,2025-02-03
C02122,Isha Sharma,isha.sharma6313@gmail.com,Male,Bengaluru,Karnataka,2024-10-31
C02123,Pallavi Jain,pallavi.jain2834@gmail.com,Female,Delhi,Delhi,2023-05-23
C02124,Karan Bhat,karan.bhat1598@gmail.com,Female,Hyderabad,Telangana,2024-12-08
C02125,Pallavi Iyer,pallavi.iyer2918@yahoo.com,Male,Kochi,Kerala,2025-06-21
C02126,Tanvi Sharma,tanvi.sharma8817@gmail.com,Female,Nagpur,Maharashtra,2023-03-21
C02127,Nikhil Kulkarni,nikhil.kulkarni9678@yahoo.com,Male,Delhi,Delhi,2024-01-05
C02128,Arjun Pillai,arjun.pillai5537@outlook.com,Female,Hyderabad,Telangana,2023-11-14
C02129,Tanvi Kulkarni,tanvi.kulkarni5553@gmail.com,Female,Nashik,Maharashtra,2023-05-15
C02130,Diya Shah,diya.shah3095@gmail.com,Male,Indore,Madhya Pradesh,2025-10-02
C02131,Riya Patil,riya.patil9695@gmail.com,Male,Kochi,Kerala,2025-09-10
C02132,Priya Shetty,priya.shetty8557@gmail.com,Male,Jaipur,Rajasthan,2025-12-25
C02133,Nikhil Kumar,nikhil.kumar3254@gmail.com,Female,Pune,Maharashtra,2025-07-06
C02134,Sameer Singh,sameer.singh8045@gmail.com,Female,Ahmedabad,Gujarat,2023-06-18
C02135,Arjun Kumar,arjun.kumar9998@gmail.com,Female,Jaipur,Rajasthan,2025-09-18
C02136,Yash Saxena,yash.saxena913@yahoo.com,Male,Surat,Gujarat,2024-08-11
C02137,Kavya Mehta,kavya.mehta5148@gmail.com,Male,Chennai,Tamil Nadu,2023-12-22
C02138,Akash Deshmukh,akash.deshmukh5773@yahoo.com,Male,ahmedabad,Gujarat,2024-01-21
C02139,Sneha Mishra,sneha.mishra2931@yahoo.com,Female,Jaipur,Rajasthan,2025-12-09
C02140,Aditya Shetty,aditya.shetty7501@gmail.com,Male,Hyderabad,Telangana,2023-07-22
C02141,Priya Mehta,priya.mehta8124@gmail.com,Male,Mysuru,Karnataka,2024-02-21
C02142,Aditya Shetty,aditya.shetty1915@gmail.com,Male,Ahmedabad,Gujarat,2024-02-26
C02143,Mohit Kadam,mohit.kadam2910@gmail.com,Male,Indore,Madhya Pradesh,2024-11-08
C02144,Rohan Shetty,rohan.shetty743@gmail.com,Male, Indore ,Madhya Pradesh,2025-04-03
C02145,Sanjay Shah,,Male,Nagpur,Maharashtra,2024-06-12
C02146,Neha Singh,neha.singh6823@gmail.com,Female,Mysuru,Karnataka,2023-01-21
C02147,Neha Das,neha.das8008@gmail.com,Male,Kochi,Kerala,2024-01-24
C02148,Sameer Patil,sameer.patil2121@gmail.com,Male,Mysuru,Karnataka,2025-07-08
C02149,Ayush Kulkarni,ayush.kulkarni1099@gmail.com,Female,Pune,Maharashtra,2025-09-27
C02150,Ishaan Mishra,ishaan.mishra4676@yahoo.com,Female,Chennai,Tamil Nadu,2025-03-26
C02151,Nikhil Banerjee,nikhil.banerjee1787@gmail.com,Female, Nagpur ,Maharashtra,2024-06-19
C02152,Kavya Mehta,kavya.mehta3299@gmail.com,Male,Jaipur,Rajasthan,2025-10-16
C02153,Vikram Pillai,vikram.pillai3756@gmail.com,Female,Mumbai,Maharashtra,2023-08-17
C02154,Karan Mehta,karan.mehta3970@gmail.com,Female,Surat,Gujarat,2023-05-19
C02155,Tanvi Mishra,tanvi.mishra9791@gmail.com,Male,Pune,Maharashtra,2025-06-24
C02156,Manish Mishra,manish.mishra9329@gmail.com,Male,Delhi,Delhi,2023-03-31
C02157,Rahul Banerjee,rahul.banerjee5746@outlook.com,Male,Chennai,Tamil Nadu,2023-12-26
C02158,Akash Gupta,akash.gupta4790@yahoo.com,Male,Ahmedabad,Gujarat,2023-11-10
C02159,Meera Iyer,meera.iyer5513@outlook.com,Male,Nashik,Maharashtra,2024-02-03
C02160,Tanvi Mehta,tanvi.mehta9867@yahoo.com,Female,Indore,Madhya Pradesh,2024-05-18
C02161,Nisha Iyer,nisha.iyer939@gmail.com,Male,Pune,Maharashtra,2024-10-12
C02162,Shivani Naik,shivani.naik2793@gmail.com,Female,Jaipur,Rajasthan,2023-02-05
C02163,Aditya Reddy,aditya.reddy3838@gmail.com,Female,Kochi,Kerala,2023-08-01
C02164,Aarav Jain,aarav.jain9298@gmail.com,Male,Bengaluru,Karnataka,2025-03-04
C02165,Aditya Jain,aditya.jain334@outlook.com,Female,Jaipur,Rajasthan,2023-06-01
C02166,Nikhil Kadam,nikhil.kadam7377@gmail.com,Female,Nagpur,Maharashtra,2025-03-03
C02167,Shruti Joshi,shruti.joshi7860@gmail.com,Female,Delhi,Delhi,2025-07-20
C02168,Kabir Menon,,Male,Delhi,Delhi,2024-04-03
C02169,Sakshi Joshi,sakshi.joshi6040@gmail.com,Female,Kochi,Kerala,2023-11-25
C02170,Pooja Reddy,pooja.reddy6733@yahoo.com,Male,Bengaluru,Karnataka,2025-07-30
C02171,Sameer Reddy,sameer.reddy3419@gmail.com,Female,Indore,Madhya Pradesh,2024-12-23
C02172,Shivani Rao,shivani.rao7282@gmail.com,Female,Mysuru,Karnataka,2025-07-15
C02173,Rohan Kumar,rohan.kumar2190@yahoo.com,Male,Delhi,Delhi,2025-03-27
C02174,Mohit Nair,mohit.nair9322@gmail.com,Female,mysuru,Karnataka,2024-01-27
C02175,Varun Bhat,varun.bhat6150@gmail.com,Male,Indore,Madhya Pradesh,2025-04-16
C02176,Sameer Reddy,sameer.reddy8903@outlook.com,Female,Kolkata,West Bengal,2023-08-11
C02177,Shruti Singh,shruti.singh3568@gmail.com,Male,Bengaluru,Karnataka,2024-02-13
C02178,Sakshi Shetty,sakshi.shetty2964@outlook.com,Male,Jaipur,Rajasthan,2025-06-03
C02179,Manish Gupta,manish.gupta4488@gmail.com,Female,Nagpur,Maharashtra,2023-12-19
C02180,Pallavi Saxena,pallavi.saxena2478@gmail.com,Female,Surat,Gujarat,2024-02-10
C02181,Varun Shah,varun.shah7983@gmail.com,Male,Indore,Madhya Pradesh,2023-09-25
C02182,Arjun Saxena,arjun.saxena361@gmail.com,Male,Mumbai,Maharashtra,2023-06-25
C02183,Rahul Banerjee,rahul.banerjee5854@gmail.com,Male,Mumbai,Maharashtra,2024-10-03
C02184,Manish Deshmukh,manish.deshmukh5956@gmail.com,Female,Indore,Madhya Pradesh,2023-05-16
C02185,Vikram Kumar,vikram.kumar4757@gmail.com,Male,Mysuru,Karnataka,2023-12-25
C02186,Nisha Iyer,nisha.iyer2684@gmail.com,Male,Kochi,Kerala,2023-11-08
C02187,Kabir Shetty,kabir.shetty2603@yahoo.com,Female,Nagpur,Maharashtra,2025-04-19
C02188,Neha More,neha.more1867@gmail.com,Female,Indore,Madhya Pradesh,2024-05-25
C02189,Arjun Agarwal,arjun.agarwal6251@outlook.com,Female,Bengaluru,Karnataka,2023-10-05
C02190,Vikram Iyer,vikram.iyer9613@gmail.com,Female,Surat,Gujarat,2023-02-10
C02191,Raj Jain,raj.jain335@outlook.com,Female,Pune,Maharashtra,2025-07-05
C02192,Rahul Mehta,rahul.mehta1138@gmail.com,Male,Kochi,Kerala,2025-01-27
C02193,Shruti Deshmukh,shruti.deshmukh2459@gmail.com,Male,Nashik,Maharashtra,2025-03-17
C02194,Priya Deshmukh,priya.deshmukh5821@outlook.com,Male,Mysuru,Karnataka,2023-06-20
C02195,Shruti Menon,shruti.menon2779@gmail.com,Female,Nagpur,Maharashtra,2025-05-05
C02196,Kavya Naik,kavya.naik394@outlook.com,Female,Chennai,Tamil Nadu,2025-12-01
C02197,Ishaan Patil,ishaan.patil5033@gmail.com,Female,Nashik,Maharashtra,2024-05-04
C02198,Sneha Kumar,sneha.kumar7515@gmail.com,Female,Bengaluru,Karnataka,2024-07-12
C02199,Nisha Patil,nisha.patil9408@gmail.com,Female,Pune,Maharashtra,2023-01-22
C02200,Sakshi Nair,sakshi.nair6236@gmail.com,Male,Kochi,Kerala,2025-08-20
C02201,Neha More,neha.more6019@yahoo.com,Female,Ahmedabad,Gujarat,2024-11-18
C02202,Shivani More,shivani.more5682@gmail.com,Male,Delhi,Delhi,2023-09-29
C02203,Yash Deshmukh,yash.deshmukh7380@gmail.com,Female,Chennai,Tamil Nadu,2023-06-20
C02204,Zoya Menon,zoya.menon2115@gmail.com,Male,Mumbai,Maharashtra,2023-02-17
C02205,Ananya Iyer,ananya.iyer2533@gmail.com,Male,Delhi,Delhi,2023-05-14
C02206,Ananya Sharma,ananya.sharma5599@gmail.com,Male,Mysuru,Karnataka,2023-01-28
C02207,Raj Chavan,raj.chavan5431@gmail.com,Male,Indore,Madhya Pradesh,2025-08-01
C02208,Akash More,akash.more1339@gmail.com,Male,Pune,Maharashtra,2024-02-13
C02209,Anika Sharma,anika.sharma3454@gmail.com,Male,Ahmedabad,Gujarat,2024-04-22
C02210,Sakshi Kumar,sakshi.kumar3166@outlook.com,Male,Nashik,Maharashtra,2025-12-20
C02211,Yash Malhotra,yash.malhotra7697@gmail.com,Male,Mysuru,Karnataka,2024-01-17
C02212,Tanvi Iyer,tanvi.iyer1313@gmail.com,Male,Jaipur,Rajasthan,2023-01-13
C02213,Nandini Reddy,nandini.reddy2041@gmail.com,Male, Kochi ,Kerala,2024-01-23
C02214,Karan Banerjee,karan.banerjee2671@gmail.com,Female,Delhi,Delhi,2024-04-11
C02215,Sanjay Singh,sanjay.singh3585@gmail.com,Female,Jaipur,Rajasthan,2024-08-07
C02216,Riya Mishra,riya.mishra124@gmail.com,Female,Hyderabad,Telangana,2025-12-22
C02217,Ishaan Mehta,ishaan.mehta8102@gmail.com,Male,Bengaluru,Karnataka,2023-05-09
C02218,Shruti Agarwal,shruti.agarwal1319@outlook.com,Male,INDORE,Madhya Pradesh,2025-05-30
C02219,Anika Kumar,anika.kumar9930@gmail.com,Female,Nagpur,Maharashtra,2025-01-10
C02220,Priya Rao,priya.rao6079@outlook.com,Female,Delhi,Delhi,2025-09-10
C02221,Yash Kumar,yash.kumar3747@gmail.com,Male,Jaipur,Rajasthan,2024-01-25
C02222,Riya Singh,riya.singh5324@gmail.com,Female,Kolkata,West Bengal,2025-08-03
C02223,Varun Rao,varun.rao6327@gmail.com,Male,Pune,Maharashtra,2023-10-18
C02224,Deepak Saxena,deepak.saxena2457@gmail.com,Female,Delhi,Delhi,2025-02-20
C02225,Aarav Singh,aarav.singh2484@gmail.com,Male,Surat,Gujarat,2023-12-20
C02226,Arjun Sharma,arjun.sharma2465@gmail.com,Female,Ahmedabad,Gujarat,2025-08-25
C02227,Kavya Sharma,kavya.sharma2603@gmail.com,Female,Kolkata,West Bengal,2025-03-14
C02228,Meera Nair,meera.nair7101@gmail.com,Male,Kolkata,West Bengal,2025-10-19
C02229,Yash Kadam,yash.kadam1746@gmail.com,Female,Bengaluru,Karnataka,2024-12-24
C02230,Vikram Malhotra,vikram.malhotra3862@yahoo.com,Female,Chennai,Tamil Nadu,2023-10-17
C02231,Manish Singh,manish.singh5056@gmail.com,Female,Kolkata,West Bengal,2023-01-27
C02232,Pooja Kadam,pooja.kadam2006@gmail.com,Female,Nagpur,Maharashtra,2025-05-28
C02233,Rahul Mishra,rahul.mishra6064@outlook.com,female,Delhi,Delhi,2023-09-20
C02234,Aditi Rao,aditi.rao4042@gmail.com,Female,DELHI,Delhi,2025-05-04
C02235,Meera Shetty,meera.shetty7811@gmail.com,Female,Indore,Madhya Pradesh,2024-10-02
C02236,Pallavi Saxena,pallavi.saxena2092@gmail.com,Male,Delhi,Delhi,2024-02-03
C02237,Raj Malhotra,raj.malhotra8015@outlook.com,Male,Hyderabad,Telangana,2024-05-25
C02238,Priya Naik,priya.naik6303@gmail.com,Female,Kochi,Kerala,2023-07-15
C02239,Anika Naik,anika.naik9882@gmail.com,Male,Kolkata,West Bengal,2025-08-05
C02240,Tanvi Gupta,tanvi.gupta4535@gmail.com,Female,Surat,Gujarat,2024-01-31
C02241,Akash Pillai,akash.pillai60@gmail.com,Female,Hyderabad,Telangana,2024-04-02
C02242,Shruti Pillai,shruti.pillai4478@gmail.com,Female,Jaipur,Rajasthan,2023-10-27
C02243,Priya Malhotra,priya.malhotra3093@gmail.com,Female,Kochi,Kerala,2024-02-14
C02244,Akash Mishra,akash.mishra8587@yahoo.com,Female,Kochi,Kerala,2024-02-04
C02245,Mohit Saxena,mohit.saxena188@gmail.com,Female,Ahmedabad,Gujarat,2025-05-16
C02246,Manish Reddy,manish.reddy482@gmail.com,Male,Chennai,Tamil Nadu,2023-02-21
C02247,Rohan Rao,rohan.rao7328@gmail.com,Male,Surat,Gujarat,2023-10-30
C02248,Sanjay Rao,sanjay.rao1775@gmail.com,Female,Surat,Gujarat,2024-10-05
C02249,Neha Nair,neha.nair4675@gmail.com,Male,Mysuru,Karnataka,2025-07-17
C02250,Priya Sharma,,Female,Mumbai,Maharashtra,2023-04-18
C02251,Rohan Reddy,rohan.reddy9023@gmail.com,Female,Delhi,Delhi,2025-02-07
C02252,Priya Gupta,priya.gupta575@gmail.com,Female,Pune,Maharashtra,2024-10-30
C02253,Pallavi Agarwal,pallavi.agarwal8393@gmail.com,Male,Nagpur,Maharashtra,2023-03-22
C02254,Yash Mehta,yash.mehta2302@gmail.com,Male,Kochi,Kerala,2023-05-20
C02255,Isha Iyer,isha.iyer1515@gmail.com,Female,Mysuru,Karnataka,2024-04-26
C02256,Rahul Mehta,rahul.mehta1149@outlook.com,Female,Ahmedabad,Gujarat,2024-12-04
C02257,Kabir Patil,kabir.patil6497@gmail.com,Male,Jaipur,Rajasthan,2025-05-02
C02258,Manish Rao,manish.rao4282@gmail.com,Male,Pune,Maharashtra,2023-08-25
C02259,Akash Chavan,akash.chavan869@gmail.com,Female,Nashik,Maharashtra,2023-02-19
C02260,Aditya Patil,aditya.patil2510@gmail.com,Female,Hyderabad,Telangana,2024-04-21
C02261,Priya Gupta,priya.gupta325@yahoo.com,Female,Surat,Gujarat,2025-03-21
C02262,Yash Sharma,yash.sharma9021@gmail.com,Male,Nashik,Maharashtra,2025-04-29
C02263,Kavya Jain,kavya.jain3770@outlook.com,Male,Bengaluru,Karnataka,2024-03-03
C02264,Riya More,riya.more8351@gmail.com,Female,Mumbai,Maharashtra,2025-01-23
C02265,Manish Reddy,manish.reddy4620@gmail.com,Female,Jaipur,Rajasthan,2023-01-16
C02266,Zoya Gupta,zoya.gupta9965@gmail.com,Female,Pune,Maharashtra,2024-02-17
C02267,Kavya Kumar,kavya.kumar6442@gmail.com,Female,Kochi,Kerala,2024-06-17
C02268,Tanvi Sharma,tanvi.sharma6656@gmail.com,Male,Kolkata,West Bengal,2025-11-14
C02269,Ayush Patil,ayush.patil3378@gmail.com,Female,Ahmedabad,Gujarat,2023-08-07
C02270,Manish Menon,manish.menon5923@outlook.com,Male,Nagpur,Maharashtra,2024-09-13
C02271,Meera Jain,meera.jain3562@yahoo.com,Male,Kochi,Kerala,2024-05-31
C02272,Pooja Sharma,pooja.sharma5481@gmail.com,Female,Hyderabad,Telangana,2024-01-06
C02273,Sakshi Mishra,sakshi.mishra6412@gmail.com,Female,Delhi,Delhi,2025-07-26
C02274,Vikram Bhat,vikram.bhat4081@gmail.com,Male,Nagpur,Maharashtra,2024-08-07
C02275,Aarav Banerjee,aarav.banerjee193@gmail.com,Male,Bengaluru,Karnataka,2023-04-13
C02276,Pooja Rao,pooja.rao1603@gmail.com,Female,Ahmedabad,Gujarat,2023-11-23
C02277,Manish Chavan,manish.chavan6118@gmail.com,Female,Hyderabad,Telangana,2025-05-16
C02278,Shivani Chavan,shivani.chavan583@gmail.com,Female,Bengaluru,Karnataka,2024-09-01
C02279,Diya Joshi,diya.joshi1981@gmail.com,Female,Kolkata,West Bengal,2024-02-24
C02280,Karan Sharma,karan.sharma3857@outlook.com,Female,Mumbai,Maharashtra,2023-06-26
C02281,Neha Sharma,neha.sharma1046@gmail.com,Male,Mysuru,Karnataka,2025-09-09
C02282,Ananya Gupta,,Female,Nashik,Maharashtra,2025-02-11
C02283,Sneha Das,sneha.das2877@gmail.com,Male,Kolkata,West Bengal,2025-04-24
C02284,Ananya Agarwal,ananya.agarwal4623@outlook.com, Female ,Kochi,Kerala,2024-07-29
C02285,Neha Sharma,neha.sharma3091@gmail.com,Female,Nashik,Maharashtra,2024-07-10
C02286,Aarav Chavan,,Male,Bengaluru,Karnataka,2025-06-10
C02287,Akash Deshmukh,akash.deshmukh9808@gmail.com,Female,Delhi,Delhi,2023-07-01
C02288,Vikram Bhat,vikram.bhat6092@yahoo.com,Male,Pune,Maharashtra,2025-02-03
C02289,Priya Mishra,priya.mishra6678@gmail.com,Female,Nashik,Maharashtra,2024-12-11
C02290,Rohan Rao,rohan.rao2428@outlook.com,Female,Delhi,Delhi,2024-08-21
C02291,Rohan Singh,rohan.singh2265@gmail.com,Female,Mumbai,Maharashtra,2024-06-02
C02292,Varun Rao,varun.rao710@gmail.com,Male,Surat,Gujarat,2023-12-03
C02293,Sanjay Kumar,sanjay.kumar9409@gmail.com,Male,Jaipur,Rajasthan,2023-11-23
C02294,Sameer Mehta,sameer.mehta1843@yahoo.com,Male,Indore,Madhya Pradesh,2025-05-08
C02295,Isha Kulkarni,isha.kulkarni4183@yahoo.com,Male,Nagpur,Maharashtra,2023-01-09
C02296,Meera Kadam,meera.kadam8024@gmail.com,Female,Mysuru,Karnataka,2024/11/16
C02297,Rohan Bhat,rohan.bhat8580@gmail.com,Male,Kochi,Kerala,2025-03-19
C02298,Pallavi Verma,pallavi.verma1753@gmail.com,Female,Mysuru,Karnataka,2025-04-15
C02299,Diya Das,diya.das19@yahoo.com,Male,Mysuru,Karnataka,2024-01-21
C02300,Yash Reddy,yash.reddy5032@gmail.com,Female,Kochi,Kerala,2023-05-28
C02301,Pooja Das,pooja.das3139@gmail.com,Male,Hyderabad,Telangana,2023-07-17
C02302,Aditi Deshmukh,aditi.deshmukh3052@gmail.com,Male,Mumbai,Maharashtra,2024-02-29
C02303,Nandini Rao,nandini.rao5867@gmail.com,Male,Mumbai,Maharashtra,2025-05-14
C02304,Sanjay Deshmukh,sanjay.deshmukh6152@gmail.com,Female,Delhi,Delhi,2025-03-05
C02305,Sneha Malhotra,sneha.malhotra9731@gmail.com,Female,Nagpur,Maharashtra,2025-09-06
C02306,Aditya Pillai,aditya.pillai518@gmail.com,Female,Delhi,Delhi,2024-12-20
C02307,Sakshi Agarwal,sakshi.agarwal6935@gmail.com,Female,Jaipur,Rajasthan,2023-07-20
C02308,Aditi Gupta,aditi.gupta1432@outlook.com,Female,Bengaluru,Karnataka,2025-09-25
C02309,Kabir Mehta,kabir.mehta1550@outlook.com,Female,Mumbai,Maharashtra,2024-05-17
C02310,Rahul Shah,rahul.shah572@gmail.com,Female,Nagpur,Maharashtra,2025-08-19
C02311,Nisha Agarwal,nisha.agarwal3558@gmail.com,Male,Mysuru,Karnataka,2025-07-13
C02312,Aarav Kadam,aarav.kadam8305@outlook.com,Male,Pune,Maharashtra,2023-02-27
C02313,Zoya Iyer,zoya.iyer9267@gmail.com,Male,Kolkata,West Bengal,2024-07-16
C02314,Nandini Jain,nandini.jain8056@gmail.com,Female,Mumbai,Maharashtra,2025-11-24
C02315,Nikhil Banerjee,nikhil.banerjee4766@gmail.com,Female,Pune,Maharashtra,2023-03-23
C02316,Ayush Kadam,ayush.kadam3272@outlook.com,Female,Pune,Maharashtra,2023-06-07
C02317,Mohit Sharma,mohit.sharma6182@gmail.com,Female,Ahmedabad,Gujarat,2023-12-28
C02318,Karan Shah,karan.shah3757@outlook.com,Male,Delhi,Delhi,2025-10-07
C02319,Arjun Iyer,arjun.iyer9925@gmail.com,Female,Pune,Maharashtra,2023-09-28
C02320,Yash Verma,yash.verma346@yahoo.com,Female,Surat,Gujarat,2025-05-30
C02321,Kabir Kulkarni,kabir.kulkarni559@gmail.com,Female,Ahmedabad,Gujarat,2025-08-28
C02322,Nisha More,,Female,Ahmedabad,Gujarat,2023-05-18
C02323,Riya Pillai,riya.pillai3995@gmail.com,Male,Ahmedabad,Gujarat,2025-11-04
C02324,Aditi Iyer,aditi.iyer3229@outlook.com,Female,Mumbai,Maharashtra,2024-01-18
C02325,Nisha Joshi,nisha.joshi3049@gmail.com,Male,Kolkata,West Bengal,2023-05-17
C02326,Nisha Patil,nisha.patil2424@gmail.com,Male,Hyderabad,Telangana,2024-02-19
C02327,Sameer Sharma,sameer.sharma8369@gmail.com,Male,Delhi,Delhi,2023-05-03
C02328,Isha Kadam,isha.kadam155@gmail.com,Male,Chennai,Tamil Nadu,2025-12-22
C02329,Priya Shetty,priya.shetty3508@gmail.com,F,Hyderabad,Telangana,2025-09-10
C02330,Vikram Pillai,vikram.pillai2834@gmail.com,Male,Hyderabad,Telangana,2023-07-22
C02331,Diya Kadam,diya.kadam2392@gmail.com,Female,Pune,Maharashtra,2025-11-10
C02332,Zoya Mehta,zoya.mehta4057@gmail.com,Female,Nagpur,Maharashtra,2023-12-04
C02333,Meera Das,meera.das987@gmail.com,Male,Chennai,Tamil Nadu,2025-04-12
C02334,Priya Agarwal,priya.agarwal3165@gmail.com,Female,Ahmedabad,Gujarat,2023-02-26
C02335,Tanvi Malhotra,tanvi.malhotra2096@outlook.com,Female,INDORE,Madhya Pradesh,2024-04-05
C02336,Ishaan Shah,ishaan.shah4722@outlook.com,Male,Nagpur,Maharashtra,2025-12-03
C02337,Sneha Malhotra,sneha.malhotra1096@yahoo.com,Male,BENGALURU,Karnataka,2025-05-04
C02338,Diya Agarwal,diya.agarwal6064@gmail.com,Female,Nashik,Maharashtra,2023-03-23
C02339,Neha Rao,,Female,Nashik,Maharashtra,2024-11-30
C02340,Pooja Banerjee,pooja.banerjee8001@gmail.com,Male,Kolkata,West Bengal,2025-11-13
C02341,Vikram Kumar,vikram.kumar5620@yahoo.com,Male,Mumbai,Maharashtra,2025-09-29
C02342,Nandini Chavan,nandini.chavan4744@yahoo.com,Male,Chennai,Tamil Nadu,2024-07-09
C02343,Priya Shetty,priya.shetty3932@gmail.com,Female,Kochi,Kerala,2024-10-25
C02344,Pooja Nair,pooja.nair8491@gmail.com,Female,Indore,Madhya Pradesh,2024-11-17
C02345,Nandini Malhotra,nandini.malhotra2291@gmail.com,Male,Ahmedabad,Gujarat,2024/01/21
C02346,Rohan More,rohan.more3359@outlook.com, Female ,Jaipur,Rajasthan,2024-10-19
C02347,Ayush Mishra,ayush.mishra4057@gmail.com,Female,Mysuru,Karnataka,2024-08-19
C02348,Karan Menon,karan.menon6153@gmail.com,Female,Nashik,Maharashtra,2025-10-14
C02349,Vikram More,vikram.more8814@gmail.com,Male,Chennai,Tamil Nadu,2025-07-29
C02350,Nandini Malhotra,nandini.malhotra2048@gmail.com,Female,Mumbai,Maharashtra,2024-06-01
C02351,Aarav Mehta,aarav.mehta8120@outlook.com,Female,Hyderabad,Telangana,2024-06-05
C02352,Zoya Jain,zoya.jain4363@gmail.com,Female,Ahmedabad,Gujarat,2024-02-12
C02353,Yash Malhotra,yash.malhotra7172@gmail.com,Female,Mumbai,Maharashtra,2025-09-02
C02354,Ayush Reddy,ayush.reddy5930@gmail.com,Male,Pune,Maharashtra,2023-09-09
C02355,Ananya Joshi,ananya.joshi2097@gmail.com,Female,Mumbai,Maharashtra,2024-07-03
C02356,Manish Patil,manish.patil171@gmail.com,Female,Kochi,Kerala,2023-05-03
C02357,Shruti Mishra,shruti.mishra7051@gmail.com,Male,Chennai,Tamil Nadu,2024-08-05
C02358,Meera Malhotra,meera.malhotra9064@gmail.com,Male,Nagpur,Maharashtra,2024-06-30
C02359,Diya Sharma,diya.sharma3612@gmail.com,Female,Jaipur,Rajasthan,2024-10-10
C02360,Manish Bhat,manish.bhat2637@gmail.com,Female,Nagpur,Maharashtra,2023-02-05
C02361,Yash Kulkarni,yash.kulkarni6668@gmail.com,Male,Mumbai,Maharashtra,2024-05-19
C02362,Varun Malhotra,varun.malhotra3620@gmail.com,Male,Pune,Maharashtra,2023-12-22
C02363,Aarav Shah,aarav.shah7140@gmail.com,Female,Nashik,Maharashtra,2024-09-23
C02364,Manish Shah,manish.shah6703@outlook.com,Female,Mumbai,Maharashtra,2023-06-17
C02365,Diya Mishra,diya.mishra6238@gmail.com,Female,Kochi,Kerala,2025-02-26
C02366,Manish Menon,manish.menon7164@yahoo.com,Female,Nashik,Maharashtra,2025-10-03
C02367,Priya Sharma,priya.sharma6365@outlook.com,Male,Kolkata,West Bengal,2025-11-05
C02368,Rohan Reddy,rohan.reddy9856@gmail.com,Male,mysuru,Karnataka,2023-06-08
C02369,Sameer Nair,sameer.nair5797@gmail.com,Female,Hyderabad,Telangana,2024-10-05
C02370,Mohit More,mohit.more6226@outlook.com,Male,Chennai,Tamil Nadu,2024-04-17
C02371,Pallavi Shah,pallavi.shah7419@gmail.com,Female,Nashik,Maharashtra,2023-05-13
C02372,Pallavi Verma,pallavi.verma345@outlook.com,Female,Delhi,Delhi,2025-02-19
C02373,Tanvi Shetty,tanvi.shetty7175@gmail.com,Female,Ahmedabad,Gujarat,2023-07-03
C02374,Meera Joshi,meera.joshi7850@gmail.com,Male,Delhi,Delhi,2024-06-16
C02375,Meera Banerjee,meera.banerjee9825@yahoo.com,Male,Nagpur,Maharashtra,2025-11-25
C02376,Aditya Gupta,aditya.gupta3755@gmail.com,Male,Delhi,Delhi,2023-04-09
C02377,Anika Malhotra,anika.malhotra4112@gmail.com,Female,Mysuru,Karnataka,2023-04-13
C02378,Tanvi Reddy,tanvi.reddy7151@gmail.com,Male,Chennai,Tamil Nadu,2023-10-18
C02379,Meera Singh,,Male,Chennai,Tamil Nadu,2023-12-08
C02380,Anika Malhotra,anika.malhotra4732@yahoo.com,Female,Bengaluru,Karnataka,2023-12-27
C02381,Sneha Menon,sneha.menon291@gmail.com,Male,Pune,Maharashtra,2024-04-28
C02382,Ananya Agarwal,ananya.agarwal2938@yahoo.com,Male,Mumbai,Maharashtra,2024-07-05
C02383,Varun Bhat,varun.bhat2941@gmail.com,Male,Surat,Gujarat,2025-01-25
C02384,Mohit Saxena,mohit.saxena2824@gmail.com,Male,Bengaluru,Karnataka,2024-10-28
C02385,Zoya Naik,zoya.naik6462@gmail.com,Male,KOCHI,Kerala,2023-04-27
C02386,Akash Pillai,akash.pillai3973@gmail.com,Female,Pune,Maharashtra,2023-09-28
C02387,Varun Shah,varun.shah1810@gmail.com,Male,Kolkata,West Bengal,2023-12-25
C02388,Sanjay Agarwal,sanjay.agarwal6193@gmail.com,Male,Bengaluru,Karnataka,2023-05-18
C02389,Nikhil Rao,nikhil.rao6481@yahoo.com,Female,Jaipur,Rajasthan,2025-09-30
C02390,Isha Rao,isha.rao5808@gmail.com,Female,Nashik,Maharashtra,2025-11-30
C02391,Isha Shetty,isha.shetty8253@outlook.com,Male,Ahmedabad,Gujarat,2023-12-08
C02392,Aditya Nair,aditya.nair4899@gmail.com,Female,Mumbai,Maharashtra,2025-01-22
C02393,Sakshi Gupta,sakshi.gupta401@gmail.com,Female,Chennai,Tamil Nadu,2025-02-04
C02394,Kavya Agarwal,kavya.agarwal7145@gmail.com,Female,Bengaluru,Karnataka,2024-03-17
C02395,Raj Saxena,raj.saxena4957@gmail.com,Male,Surat,Gujarat,2023-10-14
C02396,Diya Sharma,diya.sharma7203@gmail.com,Female,Kochi,Kerala,2024-04-10
C02397,Sameer Rao,sameer.rao6097@gmail.com,Female,Mysuru,Karnataka,2025-08-10
C02398,Deepak Singh,deepak.singh2394@gmail.com,Female,Bengaluru,Karnataka,2024-05-17
C02399,Rohan Patil,rohan.patil6343@gmail.com,Male,Delhi,Delhi,2025-08-10
C02400,Sanjay Deshmukh,sanjay.deshmukh9047@outlook.com,Male,Delhi,Delhi,2025-11-15
C02401,Vikram Mehta,vikram.mehta3179@gmail.com,Male,Delhi,Delhi,2024-11-09
C02402,Aarav Kulkarni,,Male,Pune,Maharashtra,2024-07-06
C02403,Isha Verma,isha.verma6619@gmail.com,Female,Bengaluru,Karnataka,2025-07-07
C02404,Riya Malhotra,riya.malhotra6038@gmail.com,Male,Delhi,Delhi,2024-08-06
C02405,Tanvi Agarwal,tanvi.agarwal8430@gmail.com,Male,Kolkata,West Bengal,2025-06-06
C02406,Diya Shetty,diya.shetty5419@outlook.com,Female, Indore ,Madhya Pradesh,2025-02-12
C02407,Diya Reddy,diya.reddy1536@gmail.com,Female,Surat,Gujarat,2024-02-07
C02408,Sameer Shah,sameer.shah4972@gmail.com,Male,Bengaluru,Karnataka,2023-04-01
C02409,Kavya Singh,kavya.singh6851@gmail.com,Female,Nagpur,Maharashtra,2024-02-01
C02410,Nisha Jain,nisha.jain19@gmail.com,Male,Chennai,Tamil Nadu,2024-03-07
C02411,Aditya Joshi,aditya.joshi1092@gmail.com,Female,Mysuru,Karnataka,2025-09-15
C02412,Ishaan Shetty,ishaan.shetty1881@gmail.com,Female,Nashik,Maharashtra,2025-10-07
C02413,Rahul Malhotra,rahul.malhotra7692@gmail.com,Female,Mysuru,Karnataka,2025-02-01
C02414,Priya Naik,priya.naik4580@gmail.com,female,Pune,Maharashtra,2025-12-01
C02415,Aditi Singh,aditi.singh5386@yahoo.com,Female,Kolkata,West Bengal,2024-07-11
C02416,Yash Mishra,yash.mishra9704@gmail.com,Female,Ahmedabad,Gujarat,2023-04-16
C02417,Arjun Das,arjun.das3597@gmail.com,Female,Pune,Maharashtra,2024-04-02
C02418,Diya Shetty,diya.shetty5957@gmail.com,Female,Mumbai,Maharashtra,2025-11-01
C02419,Shivani Jain,shivani.jain1339@gmail.com,Male,Delhi,Delhi,2024-09-04
C02420,Shruti Pillai,shruti.pillai5153@gmail.com,Female,Kochi,Kerala,2023-05-16
C02421,Sameer Das,sameer.das6796@outlook.com,Male,Ahmedabad,Gujarat,2023-11-12
C02422,Rahul Verma,rahul.verma3871@outlook.com,Female,Mumbai,Maharashtra,2024-09-22
C02423,Sameer Jain,sameer.jain7056@gmail.com,Female,Hyderabad,Telangana,2025-04-10
C02424,Mohit Malhotra,mohit.malhotra5516@gmail.com,Female,Surat,Gujarat,04/12/2023
C02425,Raj Gupta,raj.gupta1659@gmail.com,Male,Indore,Madhya Pradesh,2023-06-19
C02426,Aarav Reddy,aarav.reddy8081@gmail.com,Male,Jaipur,Rajasthan,2025-05-27
C02427,Akash Sharma,akash.sharma545@gmail.com,Female,Kolkata,West Bengal,2023-12-30
C02428,Rohan Kadam,rohan.kadam9381@gmail.com,Male,Nashik,Maharashtra,2025-01-01
C02429,Ishaan Menon,ishaan.menon1647@gmail.com,M,Chennai,Tamil Nadu,2024-11-07
C02430,Aditya Malhotra,aditya.malhotra2794@gmail.com,Female,Bengaluru,Karnataka,2024-01-29
C02431,Arjun Joshi,arjun.joshi8629@gmail.com,Female,Nagpur,Maharashtra,2024-08-19
C02432,Deepak Mehta,deepak.mehta2588@yahoo.com,Male,Kolkata,West Bengal,2024-06-16
C02433,Yash Malhotra,yash.malhotra534@gmail.com,Female,Hyderabad,Telangana,2024-08-04
C02434,Ishaan More,,Female,Kolkata,West Bengal,2025-07-15
C02435,Nikhil Chavan,nikhil.chavan6858@gmail.com,Female,Mysuru,Karnataka,2025-04-01
C02436,Priya Nair,priya.nair2446@gmail.com,Male,Hyderabad,Telangana,2025-08-02
C02437,Anika Patil,anika.patil2429@gmail.com,Female,Nagpur,Maharashtra,2023-08-30
C02438,Deepak Reddy,deepak.reddy4638@gmail.com,Female,Mysuru,Karnataka,2023-05-31
C02439,Raj Shah,raj.shah7142@gmail.com,Male,Mysuru,Karnataka,2025-09-13
C02440,Nisha Mishra,nisha.mishra3446@outlook.com,Male,Nagpur,Maharashtra,2024-09-11
C02441,Rohan Iyer,rohan.iyer5663@gmail.com,Male,Ahmedabad,Gujarat,2024-01-28
C02442,Aditya Das,aditya.das6392@gmail.com,Female,Indore,Madhya Pradesh,2024-05-31
C02443,Varun Kadam,varun.kadam7376@gmail.com,Female,Ahmedabad,Gujarat,2024-10-24
C02444,Sneha Kadam,sneha.kadam131@gmail.com, Male ,Delhi,Delhi,2024-01-12
C02445,Shivani Mehta,shivani.mehta2437@gmail.com,Male,Kolkata,West Bengal,2024-11-16
C02446,Mohit Naik,mohit.naik4562@gmail.com,Male,Nagpur,Maharashtra,2025-10-11
C02447,Shivani Patil,shivani.patil5920@gmail.com,Female,Surat,Gujarat,2023-01-19
C02448,Rahul Sharma,rahul.sharma8219@gmail.com,F,Mumbai,Maharashtra,2025-09-15
C02449,Diya Kumar,diya.kumar4490@yahoo.com,Female,Nashik,Maharashtra,2025-10-31
C02450,Isha Jain,isha.jain7136@gmail.com,Female,Nagpur,Maharashtra,2024-02-07
C02451,Raj Bhat,raj.bhat739@gmail.com,Female,Chennai,Tamil Nadu,2025-07-23
C02452,Aditi Singh,aditi.singh7784@gmail.com,Female,Nagpur,Maharashtra,2023-05-09
C02453,Sanjay Jain,sanjay.jain9691@gmail.com,Female,Hyderabad,Telangana,2024-10-07
C02454,Nandini Deshmukh,nandini.deshmukh3769@gmail.com,female,Kochi,Kerala,2023-03-21
C02455,Nandini Sharma,nandini.sharma674@gmail.com,Female,Jaipur,Rajasthan,2024-04-14
C02456,Mohit Gupta,mohit.gupta792@gmail.com,Female,Bengaluru,Karnataka,2025-05-30
C02457,Kabir Das,kabir.das277@yahoo.com,Female,Kochi,Kerala,2025-05-03
C02458,Sanjay Kadam,sanjay.kadam9515@gmail.com,Female,Bengaluru,Karnataka,2025-10-14
C02459,Ayush Banerjee,ayush.banerjee9197@gmail.com,Male,Hyderabad,Telangana,2025-03-07
C02460,Kabir Chavan,kabir.chavan7046@gmail.com,Female,Hyderabad,Telangana,2023-01-30
C02461,Mohit Pillai,mohit.pillai2137@gmail.com,Male,Bengaluru,Karnataka,23-Jul-2023
C02462,Nikhil Kadam,nikhil.kadam2661@gmail.com,Male,Chennai,Tamil Nadu,2025-05-01
C02463,Ishaan Verma,ishaan.verma5080@yahoo.com,Male,Mumbai,Maharashtra,2024-08-14
C02464,Ananya Reddy,ananya.reddy64@gmail.com,Male,Indore,Madhya Pradesh,2023-09-06
C02465,Neha Iyer,neha.iyer5540@gmail.com,Female,Mumbai,Maharashtra,2025-07-13
C02466,Zoya Kulkarni,zoya.kulkarni1374@gmail.com,Male,Kolkata,West Bengal,2024-07-23
C02467,Riya Iyer,riya.iyer8944@gmail.com,Male,Ahmedabad,Gujarat,2024-01-23
C02468,Shruti Saxena,shruti.saxena1049@gmail.com,Male,Surat,Gujarat,2023-06-26
C02469,Rahul Iyer,rahul.iyer3191@outlook.com,Female,Jaipur,Rajasthan,2025-12-31
C02470,Aditi Kumar,aditi.kumar7094@gmail.com,Female,Indore,Madhya Pradesh,2025-03-08
C02471,Manish Iyer,manish.iyer9616@gmail.com,Male,Hyderabad,Telangana,2025-09-17
C02472,Yash Bhat,yash.bhat6355@gmail.com,Female,Surat,Gujarat,2025-07-26
C02473,Kavya Menon,kavya.menon7430@gmail.com,Male,Bengaluru,Karnataka,2023-03-16
C02474,Pallavi Verma,pallavi.verma5559@gmail.com,Male,Bengaluru,Karnataka,2025-02-01
C02475,Priya Banerjee,priya.banerjee2206@gmail.com,Male,Kolkata,West Bengal,2023-06-24
C02476,Raj Reddy,raj.reddy9079@yahoo.com,Female,Kolkata,West Bengal,2025-10-09
C02477,Ayush Malhotra,ayush.malhotra5204@gmail.com,Female,Surat,Gujarat,2023-03-08
C02478,Kabir Das,kabir.das647@gmail.com,Male,Ahmedabad,Gujarat,2024-08-23
C02479,Pooja Kadam,pooja.kadam6229@gmail.com,Female,Pune,Maharashtra,2024-06-12
C02480,Rahul Banerjee,rahul.banerjee8709@gmail.com,Male,Ahmedabad,Gujarat,2023-06-02
C02481,Yash Deshmukh,yash.deshmukh6676@gmail.com,Male,Mysuru,Karnataka,2024-09-06
C02482,Nikhil Kumar,nikhil.kumar2261@yahoo.com,Male,Pune,Maharashtra,2023-07-10
C02483,Rohan Kulkarni,rohan.kulkarni5478@gmail.com,Male,Mumbai,Maharashtra,2024-06-25
C02484,Karan Jain,karan.jain3803@gmail.com,Female,Hyderabad,Telangana,2023-06-11
C02485,Pooja Das,pooja.das9003@yahoo.com,Female,Surat,Gujarat,2023-06-13
C02486,Nisha Kadam,nisha.kadam6623@gmail.com,Female,Chennai,Tamil Nadu,2023-07-25
C02487,Shivani Mehta,shivani.mehta4418@gmail.com,Male,Nashik,Maharashtra,2024-11-13
C02488,Ananya Kulkarni,ananya.kulkarni1760@outlook.com,Male,Nagpur,Maharashtra,2023-01-09
C02489,Vikram Saxena,vikram.saxena8889@gmail.com,Female,Delhi,Delhi,2025-04-11
C02490,Ishaan Jain,ishaan.jain1353@gmail.com,Male,Jaipur,Rajasthan,2024-05-22
C02491,Karan Chavan,karan.chavan285@outlook.com,Male,Kochi,Kerala,2023-08-01
C02492,Deepak Iyer,deepak.iyer3919@gmail.com,Male,Mysuru,Karnataka,2025-11-09
C02493,Isha Menon,isha.menon8081@yahoo.com,Male,Chennai,Tamil Nadu,2024-01-20
C02494,Akash Singh,akash.singh3163@yahoo.com,Female,Hyderabad,Telangana,2025-03-06
C02495,Riya Reddy,riya.reddy9485@gmail.com,Female,Ahmedabad,Gujarat,2025-04-22
C02496,Mohit Malhotra,mohit.malhotra6894@gmail.com,Female,Indore,Madhya Pradesh,2023-09-13
C02497,Aarav Kulkarni,aarav.kulkarni4154@gmail.com,Male,Ahmedabad,Gujarat,2024-01-27
C02498,Raj Kulkarni,raj.kulkarni2180@gmail.com,Male,Nashik,Maharashtra,2024-05-24
C02499,Mohit Mishra,mohit.mishra6477@gmail.com,Male,Bengaluru,Karnataka,2023-05-28
C02500,Neha Kulkarni,neha.kulkarni3453@gmail.com,Male,Nagpur,Maharashtra,2023-01-06
C02501,Shivani Kulkarni,shivani.kulkarni7334@gmail.com,Male,Delhi,Delhi,2024-02-27
C02502,Ayush Banerjee,ayush.banerjee6745@gmail.com,Female,Delhi,Delhi,2024-10-27
C02503,Tanvi Kadam,tanvi.kadam3397@gmail.com,Female,Hyderabad,Telangana,2023-10-26
C02504,Kavya Banerjee,kavya.banerjee8036@outlook.com,Female, Nashik ,Maharashtra,2024-05-12
C02505,Sneha Patil,sneha.patil7109@outlook.com,Male,Chennai,Tamil Nadu,2023-01-07
C02506,Akash Saxena,akash.saxena7526@yahoo.com,Female,Kochi,Kerala,2023-05-03
C02507,Manish Singh,manish.singh2315@gmail.com,Female,Mumbai,Maharashtra,2024-08-11
C02508,Karan Singh,karan.singh7763@yahoo.com,Male,Surat,Gujarat,2023-01-29
C02509,Raj Rao,raj.rao3685@outlook.com,Male,Delhi,Delhi,2024-09-12
C02510,Neha Das,neha.das4427@gmail.com,Female, Kolkata ,West Bengal,2025-03-10
C02511,Meera Rao,meera.rao290@gmail.com,Female,Kochi,Kerala,2023-10-01
C02512,Sakshi Shah,sakshi.shah2380@gmail.com,Female,Jaipur,Rajasthan,2025-11-09
C02513,Rohan Naik,rohan.naik4463@yahoo.com,Female,Chennai,Tamil Nadu,2023-07-22
C02514,Sameer Sharma,sameer.sharma3962@gmail.com,Female,Mumbai,Maharashtra,2023-08-08
C02515,Mohit Agarwal,mohit.agarwal3007@outlook.com,Male,Nashik,Maharashtra,2025-12-21
C02516,Diya Sharma,diya.sharma9315@gmail.com,Male,Delhi,Delhi,2025-05-09
C02517,Vikram Nair,vikram.nair5029@gmail.com,Female,Pune,Maharashtra,2023-08-11
C02518,Neha Jain,neha.jain9866@gmail.com,Male,Hyderabad,Telangana,2025-04-03
C02519,Sakshi Pillai,sakshi.pillai4022@gmail.com,Male,Nagpur,Maharashtra,2024-02-06
C02520,Rahul Verma,rahul.verma8734@gmail.com,Female,Kolkata,West Bengal,2024-05-08
C02521,Meera Singh,meera.singh1259@gmail.com,Male,Jaipur,Rajasthan,2023-02-03
C02522,Meera Singh,meera.singh3368@outlook.com,Female,Indore,Madhya Pradesh,2023-03-31
C02523,Kabir Mishra,kabir.mishra8997@outlook.com,Male,Mumbai,Maharashtra,2023-07-30
C02524,Meera Mishra,meera.mishra6086@gmail.com,Male,Hyderabad,Telangana,2024-03-23
C02525,Nandini Sharma,nandini.sharma1980@gmail.com,Female,Kochi,Kerala,2025-04-17
C02526,Manish Mehta,manish.mehta1956@gmail.com,Female,Delhi,Delhi,2024-04-29
C02527,Sanjay Bhat,sanjay.bhat733@outlook.com,Female,Mysuru,Karnataka,2024-05-08
C02528,Kabir Iyer,kabir.iyer8030@gmail.com,Female,Nashik,Maharashtra,2023-01-14
C02529,Rahul Kulkarni,rahul.kulkarni9559@gmail.com,Female,Mumbai,Maharashtra,2025-10-28
C02530,Aarav Singh,aarav.singh5857@outlook.com,Male,Mysuru,Karnataka,2024-12-15
C02531,Aditi Mishra,aditi.mishra4519@gmail.com,Male,Mumbai,Maharashtra,2023-02-13
C02532,Ishaan Shah,ishaan.shah2949@gmail.com,Male,Mysuru,Karnataka,2023-04-03
C02533,Kavya Reddy,kavya.reddy1013@outlook.com,Male,Chennai,Tamil Nadu,2025-08-01
C02534,Shruti Reddy,shruti.reddy3355@gmail.com,Female,Bengaluru,Karnataka,2023-08-30
C02535,Sneha Reddy,sneha.reddy2616@outlook.com,Female,Mysuru,Karnataka,2023-05-10
C02536,Aarav Iyer,aarav.iyer8743@gmail.com,Female,Delhi,Delhi,2023-03-13
C02537,Arjun Mehta,arjun.mehta3479@gmail.com,Male,Surat,Gujarat,2023-11-19
C02538,Shivani Kulkarni,shivani.kulkarni2732@gmail.com,Female,Ahmedabad,Gujarat,2024-04-14
C02539,Tanvi Iyer,tanvi.iyer9304@gmail.com,Female,Indore,Madhya Pradesh,2025-12-27
C02540,Sneha Iyer,sneha.iyer4584@gmail.com,Female,Nagpur,Maharashtra,2025-06-30
C02541,Sanjay Nair,sanjay.nair3225@gmail.com,Female,Kochi,Kerala,2023-02-11
C02542,Sakshi Agarwal,sakshi.agarwal1501@gmail.com,Male,Jaipur,Rajasthan,2025-08-10
C02543,Akash Shah,akash.shah1864@yahoo.com,Female,Mysuru,Karnataka,2025-12-28
C02544,Sameer Shetty,sameer.shetty875@yahoo.com,Male,Nashik,Maharashtra,2023-10-04
C02545,Kabir Menon,kabir.menon3950@gmail.com,Male,Hyderabad,Telangana,2023-09-16
C02546,Mohit Bhat,mohit.bhat5566@yahoo.com,Male,Jaipur,Rajasthan,2023-06-21
C02547,Nandini Joshi,nandini.joshi2931@gmail.com,Female,Delhi,Delhi,2023-10-06
C02548,Yash Banerjee,yash.banerjee2299@gmail.com,Male,Indore,Madhya Pradesh,2024-02-25
C02549,Isha Reddy,isha.reddy1180@gmail.com,Male,Nagpur,Maharashtra,2025-06-24
C02550,Priya Rao,priya.rao5542@gmail.com,Male,Pune,Maharashtra,2024-07-19
C02551,Aarav Agarwal,aarav.agarwal507@gmail.com,Female,Bengaluru,Karnataka,2023-02-19
C02552,Ishaan Agarwal,ishaan.agarwal1363@gmail.com,Female,Mysuru,Karnataka,2023-06-16
C02553,Arjun Rao,arjun.rao947@gmail.com,Male,Surat,Gujarat,2025-01-30
C02554,Riya Kumar,riya.kumar8267@gmail.com,Female,Ahmedabad,Gujarat,2023-08-24
C02555,Nandini Iyer,nandini.iyer9846@yahoo.com,Female,Mumbai,Maharashtra,2023-10-30
C02556,Nikhil Pillai,nikhil.pillai2477@gmail.com,Female,Jaipur,Rajasthan,2023-06-06
C02557,Zoya Malhotra,zoya.malhotra5156@gmail.com,Female,Surat,Gujarat,2023-03-28
C02558,Aditya Naik,,Male,Ahmedabad,Gujarat,2025-08-15
C02559,Aarav Kadam,aarav.kadam6201@gmail.com,Female,Chennai,Tamil Nadu,2024-05-18
C02560,Anika Verma,anika.verma4516@yahoo.com,Male,Mysuru,Karnataka,2025-11-22
C02561,Sameer Gupta,sameer.gupta3873@gmail.com,Male,Nagpur,Maharashtra,2023-09-09
C02562,Neha Naik,neha.naik6064@gmail.com,Female,Hyderabad,Telangana,2024-10-20
C02563,Pooja Das,,Male,Pune,Maharashtra,2025-02-07
C02564,Vikram Patil,vikram.patil3948@gmail.com,Female,Ahmedabad,Gujarat,2024/03/01
C02565,Shruti Verma,shruti.verma8625@gmail.com,Male,Surat,Gujarat,2023-02-04
C02566,Ananya Patil,ananya.patil2015@gmail.com,Female,Chennai,Tamil Nadu,2023-04-07
C02567,Isha Kulkarni,isha.kulkarni91@gmail.com,Female,Kochi,Kerala,2025-12-19
C02568,Karan Bhat,karan.bhat4089@yahoo.com,Male,Kolkata,West Bengal,2025-10-17
C02569,Sakshi More,sakshi.more8666@gmail.com,Female,Surat,Gujarat,2024-01-20
C02570,Neha Shah,neha.shah2328@gmail.com,Female,Pune,Maharashtra,2023-05-15
C02571,Ishaan Naik,ishaan.naik6688@gmail.com,Male,Nagpur,Maharashtra,2024-09-21
C02572,Aditi Shah,aditi.shah2148@gmail.com,Female,Kochi,Kerala,2025-05-09
C02573,Manish Kulkarni,manish.kulkarni1356@outlook.com,Male,Chennai,Tamil Nadu,2024-05-30
C02574,Sakshi Deshmukh,sakshi.deshmukh2576@gmail.com,Female,Nashik,Maharashtra,2025-03-09
C02575,Nikhil Banerjee,nikhil.banerjee3067@gmail.com,Male,Indore,Madhya Pradesh,2023-03-28
C02576,Rohan Kumar,rohan.kumar4824@gmail.com,Male,Jaipur,Rajasthan,2024-01-18
C02577,Anika Pillai,anika.pillai6746@gmail.com,Female,Ahmedabad,Gujarat,2024-09-22
C02578,Zoya Jain,zoya.jain8287@gmail.com,Male,Indore,Madhya Pradesh,2025-12-22
C02579,Arjun Verma,arjun.verma8509@gmail.com,Female,Hyderabad,Telangana,2025-10-22
C02580,Rahul Mishra,rahul.mishra1018@gmail.com,Male,Pune,Maharashtra,2025-08-11
C02581,Nikhil Kadam,nikhil.kadam4783@gmail.com,Male,Nashik,Maharashtra,2023-04-28
C02582,Manish Nair,manish.nair3193@yahoo.com,Female,Surat,Gujarat,2024-12-28
C02583,Raj Kumar,raj.kumar6477@gmail.com,Male,Kochi,Kerala,2023-09-08
C02584,Arjun Mehta,arjun.mehta8631@outlook.com,Male,Mumbai,Maharashtra,2025-07-20
C02585,Kabir Patil,kabir.patil3960@gmail.com,Male,Nagpur,Maharashtra,2024-02-11
C02586,Yash Nair,yash.nair5302@gmail.com,Male,Pune,Maharashtra,2025-04-09
C02587,Shivani Banerjee,shivani.banerjee1384@yahoo.com,Female,Bengaluru,Karnataka,2023-06-07
C02588,Priya Gupta,priya.gupta8213@gmail.com,Male,Mumbai,Maharashtra,2025-08-03
C02589,Aarav Shetty,aarav.shetty445@gmail.com,Male,Pune,Maharashtra,2024-03-03
C02590,Rahul Agarwal,rahul.agarwal9016@gmail.com,female,Ahmedabad,Gujarat,2023-08-18
C02591,Mohit More,mohit.more7747@outlook.com,Female,Ahmedabad,Gujarat,2024-11-14
C02592,Nikhil Das,nikhil.das6817@gmail.com,Male,Nagpur,Maharashtra,2023-09-03
C02593,Sameer Verma,sameer.verma2204@gmail.com,Male,Nagpur,Maharashtra,2024-12-09
C02594,Pooja Malhotra,pooja.malhotra8627@gmail.com,Male,Mumbai,Maharashtra,2023-09-10
C02595,Kabir Deshmukh,kabir.deshmukh6514@yahoo.com,Female,Hyderabad,Telangana,2024-04-18
C02596,Rahul Das,rahul.das6682@gmail.com,Male,Bengaluru,Karnataka,2023-10-13
C02597,Ishaan Nair,ishaan.nair2432@gmail.com,Male,Nagpur,Maharashtra,2025-11-01
C02598,Tanvi Joshi,tanvi.joshi6862@gmail.com,Male,Delhi,Delhi,2024-11-22
C02599,Nandini Shetty,nandini.shetty2140@yahoo.com,Female,Bengaluru,Karnataka,2024-08-25
C02600,Aditya Das,aditya.das5539@gmail.com,Female,Delhi,Delhi,2023-02-13
C02601,Sameer Singh,sameer.singh8518@gmail.com,Male,Ahmedabad,Gujarat,2023-04-05
C02602,Deepak Singh,deepak.singh700@gmail.com,Male,Surat,Gujarat,2023-02-06
C02603,Isha Menon,isha.menon6409@gmail.com,Male,Hyderabad,Telangana,2025-01-09
C02604,Aditi Gupta,aditi.gupta1200@gmail.com,Male,Pune,Maharashtra,2025-07-22
C02605,Arjun Iyer,arjun.iyer4171@gmail.com,Female,Surat,Gujarat,2024-03-23
C02606,Akash Das,akash.das9025@gmail.com,Female,AHMEDABAD,Gujarat,2025-11-08
C02607,Pallavi Kulkarni,pallavi.kulkarni6964@yahoo.com,Male,Kolkata,West Bengal,2025-09-20
C02608,Shruti Nair,shruti.nair4767@gmail.com,Male,Jaipur,Rajasthan,2024-06-24
C02609,Mohit Deshmukh,mohit.deshmukh8657@outlook.com,Male,Kochi,Kerala,2023-01-11
C02610,Rahul Deshmukh,rahul.deshmukh9025@yahoo.com,Male,Hyderabad,Telangana,2025-09-03
C02611,Shivani Patil,shivani.patil6142@gmail.com,Male,Hyderabad,Telangana,2024-04-23
C02612,Arjun Kadam,arjun.kadam305@gmail.com,Female,Delhi,Delhi,13/07/2025
C02613,Pallavi Jain,pallavi.jain4750@gmail.com,M,Mysuru,Karnataka,2023-05-13
C02614,Aditi More,aditi.more9560@gmail.com,Female,Kolkata,West Bengal,2024-06-06
C02615,Sanjay More,sanjay.more9393@gmail.com,Female,Nagpur,Maharashtra,2025-05-11
C02616,Nisha Chavan,nisha.chavan1478@yahoo.com,Female,Nagpur,Maharashtra,2025-07-23
C02617,Diya Bhat,diya.bhat9500@gmail.com,Male,Surat,Gujarat,2025-01-19
C02618,Diya Kumar,diya.kumar4833@gmail.com,Female,Nagpur,Maharashtra,2023-07-30
C02619,Pallavi Malhotra,pallavi.malhotra2879@gmail.com,Male,Surat,Gujarat,2024-02-03
C02620,Karan Das,karan.das4833@gmail.com,Female,Surat,Gujarat,2024-04-01
C02621,Sameer Jain,sameer.jain6691@gmail.com,Female,Jaipur,Rajasthan,2023-04-23
C02622,Diya Gupta,diya.gupta7500@gmail.com,Male,Nashik,Maharashtra,2023-08-30
C02623,Tanvi Iyer,tanvi.iyer5080@yahoo.com,Male,Mysuru,Karnataka,2024-03-18
C02624,Isha Malhotra,isha.malhotra9879@gmail.com,Male,Hyderabad,Telangana,2024-10-29
C02625,Isha Reddy,isha.reddy4674@gmail.com,Female,Nashik,Maharashtra,2023-02-05
C02626,Shivani Menon,shivani.menon2344@gmail.com,Female,Nashik,Maharashtra,30-Aug-2023
C02627,Aditi Bhat,aditi.bhat6665@gmail.com,Male,Surat,Gujarat,2023-10-29
C02628,Sneha Kadam,sneha.kadam9031@gmail.com,Female,Chennai,Tamil Nadu,2023-07-11
C02629,Riya Singh,riya.singh3559@gmail.com,Female,Nashik,Maharashtra,2023-05-30
C02630,Sneha Kulkarni,sneha.kulkarni3127@yahoo.com,Female,Nashik,Maharashtra,2023-10-26
C02631,Pallavi Kumar,pallavi.kumar4137@gmail.com,Female,Kochi,Kerala,2023-09-04
C02632,Sameer Bhat,sameer.bhat9637@gmail.com,Female,Pune,Maharashtra,2024-05-07
C02633,Aditya Banerjee,aditya.banerjee7848@gmail.com,Male,Bengaluru,Karnataka,2023-12-03
C02634,Aarav Kadam,aarav.kadam7124@gmail.com,Female,Indore,Madhya Pradesh,2025-11-18
C02635,Ananya Patil,ananya.patil8265@gmail.com,Male,Mumbai,Maharashtra,2025-03-03
C02636,Anika Kadam,anika.kadam427@gmail.com,Male,Hyderabad,Telangana,2024-11-16
C02637,Sakshi Naik,sakshi.naik1322@gmail.com,Male,Bengaluru,Karnataka,2024-07-25
C02638,Priya Patil,priya.patil2913@yahoo.com,Male,Kolkata,West Bengal,2025-04-15
C02639,Raj Rao,raj.rao2363@gmail.com,Female,Nashik,Maharashtra,2025-04-22
C02640,Meera Chavan,meera.chavan285@outlook.com,Female,Chennai,Tamil Nadu,2024-07-07
C02641,Tanvi Malhotra,tanvi.malhotra2669@gmail.com,Female,Chennai,Tamil Nadu,2025-03-11
C02642,Deepak Mishra,deepak.mishra2140@gmail.com,Female,Ahmedabad,Gujarat,2025-04-23
C02643,Aditi Bhat,aditi.bhat8072@outlook.com,Female,Surat,Gujarat,2023-07-08
C02644,Akash Iyer,akash.iyer4327@gmail.com,Female,Nagpur,Maharashtra,2023-05-17
C02645,Isha Kadam,isha.kadam1110@gmail.com,Male,Jaipur,Rajasthan,2024-06-22
C02646,Kavya Rao,kavya.rao2183@gmail.com,Female,Hyderabad,Telangana,2023-07-02
C02647,Ishaan Nair,,Male,Delhi,Delhi,2025-04-01
C02648,Varun Sharma,varun.sharma1675@gmail.com,Male,Hyderabad,Telangana,2023-12-03
C02649,Aarav Gupta,aarav.gupta6922@gmail.com,Female,Mumbai,Maharashtra,2024-03-24
C02650,Deepak Rao,deepak.rao6170@gmail.com,Male,Kolkata,West Bengal,2024-12-07
C02651,Manish Rao,manish.rao5041@gmail.com,Male,Mumbai,Maharashtra,2024-08-30
C02652,Ishaan Banerjee,ishaan.banerjee792@gmail.com,Female,Nagpur,Maharashtra,2024-10-23
C02653,Nikhil Naik,nikhil.naik7074@gmail.com,Female,Bengaluru,Karnataka,2023-07-13
C02654,Akash Shah,akash.shah4108@gmail.com,Female,Kolkata,West Bengal,2024-02-24
C02655,Vikram Bhat,vikram.bhat7599@outlook.com,Male,MUMBAI,Maharashtra,2023-10-18
C02656,Karan Mehta,karan.mehta1521@outlook.com,Male,Bengaluru,Karnataka,2023/11/27
C02657,Arjun Chavan,arjun.chavan8520@gmail.com,Male,Hyderabad,Telangana,2024-06-18
C02658,Pallavi Bhat,pallavi.bhat9946@outlook.com,Male,Delhi,Delhi,2025-10-03
C02659,Sneha Banerjee,sneha.banerjee8846@gmail.com,Male,Indore,Madhya Pradesh,2024-04-19
C02660,Zoya Iyer,zoya.iyer6701@gmail.com,Female,Jaipur,Rajasthan,2024-10-14
C02661,Meera Jain,meera.jain385@outlook.com,Female,Surat,Gujarat,2025-07-09
C02662,Sameer Kadam,sameer.kadam7441@outlook.com,Male,Kochi,Kerala,2023-09-01
C02663,Sameer Banerjee,sameer.banerjee6646@yahoo.com,Male,Kolkata,West Bengal,2024-04-28
C02664,Aarav Verma,aarav.verma6172@yahoo.com,Male,Surat,Gujarat,2023-01-05
C02665,Anika Kadam,anika.kadam2966@gmail.com,Female,Indore,Madhya Pradesh,2023-12-17
C02666,Priya Kadam,priya.kadam6454@gmail.com,Male,Pune,Maharashtra,2023-06-26
C02667,Rahul Bhat,rahul.bhat4350@gmail.com,Male,Kolkata,West Bengal,2023-08-03
C02668,Ananya Naik,ananya.naik1201@gmail.com,Female,Nashik,Maharashtra,2023-12-23
C02669,Pallavi Gupta,pallavi.gupta9144@yahoo.com,Female,Kolkata,West Bengal,2023-03-22
C02670,Mohit Singh,mohit.singh8967@gmail.com,Male,Nagpur,Maharashtra,2024-08-14
C02671,Deepak Menon,deepak.menon5431@gmail.com,Male,Kochi,Kerala,2023-03-19
C02672,Kabir Singh,kabir.singh8322@gmail.com,male,Mysuru,Karnataka,28-May-2024
C02673,Pooja Menon,pooja.menon9999@yahoo.com,Male,Nagpur,Maharashtra,2024-11-22
C02674,Anika Deshmukh,anika.deshmukh8950@yahoo.com,Female,Delhi,Delhi,2025-07-14
C02675,Aditya More,aditya.more1511@gmail.com,Male,Nashik,Maharashtra,2025-06-22
C02676,Mohit Menon,mohit.menon7343@gmail.com,Female,Jaipur,Rajasthan,2025-04-02
C02677,Kavya Bhat,kavya.bhat439@outlook.com,Female,Surat,Gujarat,2024-01-18
C02678,Sakshi Agarwal,sakshi.agarwal7569@outlook.com,Female,Mumbai,Maharashtra,2023-05-11
C02679,Sakshi Bhat,sakshi.bhat8297@outlook.com,Male,Pune,Maharashtra,2025-06-12
C02680,Deepak Kumar,deepak.kumar8102@gmail.com,Female,Jaipur,Rajasthan,2024-02-06
C02681,Isha Sharma,isha.sharma3900@gmail.com,Male,Ahmedabad,Gujarat,2024-01-17
C02682,Neha Menon,neha.menon6402@gmail.com,Female,Bengaluru,Karnataka,2025-01-08
C02683,Varun Jain,varun.jain2055@gmail.com,Female,Bengaluru,Karnataka,2023-03-04
C02684,Kabir Iyer,kabir.iyer6146@gmail.com,Female,surat,Gujarat,2024-12-02
C02685,Karan Shetty,karan.shetty7557@gmail.com,Male,Jaipur,Rajasthan,2025-03-16
C02686,Deepak Verma,deepak.verma3052@gmail.com,Male,Indore,Madhya Pradesh,2024-08-25
C02687,Kabir Mishra,kabir.mishra6422@gmail.com,Male,Nagpur,Maharashtra,2024-07-05
C02688,Kabir Menon,kabir.menon5583@gmail.com,Male,Kochi,Kerala,2023-07-31
C02689,Nandini Mehta,nandini.mehta3067@yahoo.com,Female,Nashik,Maharashtra,2024-11-02
C02690,Vikram Iyer,vikram.iyer6384@gmail.com,Male,Kochi,Kerala,2024-12-04
C02691,Sameer Jain,sameer.jain5635@yahoo.com,Female,Hyderabad,Telangana,2024-03-31
C02692,Arjun Shah,arjun.shah1750@yahoo.com,Female,Indore,Madhya Pradesh,2025-10-30
C02693,Rohan Verma,rohan.verma8512@gmail.com,Female,Bengaluru,Karnataka,2025-09-29
C02694,Nisha Kumar,nisha.kumar8001@gmail.com,Female,Bengaluru,Karnataka,2024-10-18
C02695,Meera Sharma,meera.sharma1975@yahoo.com,Male,Hyderabad,Telangana,2024-09-19
C02696,Ayush Shetty,ayush.shetty2710@gmail.com,Male,Kolkata,West Bengal,2025-09-18
C02697,Isha Das,isha.das9545@gmail.com,Female,Mysuru,Karnataka,2024-11-14
C02698,Aditya Mehta,aditya.mehta3453@gmail.com,Female,Indore,Madhya Pradesh,2025-01-15
C02699,Anika Kumar,anika.kumar1771@gmail.com,Female,Chennai,Tamil Nadu,2025-07-18
C02700,Kavya Kulkarni,kavya.kulkarni6008@gmail.com,Female,Hyderabad,Telangana,2023-12-22
C02701,Vikram Mishra,vikram.mishra1605@gmail.com,Female,Indore,Madhya Pradesh,2025-12-10
C02702,Tanvi Banerjee,tanvi.banerjee273@gmail.com,Male,Delhi,Delhi,2023-04-04
C02703,Arjun Deshmukh,arjun.deshmukh586@gmail.com,Male,Surat,Gujarat,2023-06-28
C02704,Varun Gupta,varun.gupta2009@yahoo.com,Female,Nagpur,Maharashtra,2025-12-19
C02705,Nisha Patil,nisha.patil7841@gmail.com,Female,Nagpur,Maharashtra,2023-09-27
C02706,Rohan Reddy,,Female,Hyderabad,Telangana,2025-11-19
C02707,Sameer Iyer,sameer.iyer5431@yahoo.com,Female,Kochi,Kerala,2023-10-08
C02708,Shivani Patil,shivani.patil6817@outlook.com,Female,Delhi,Delhi,2025-11-03
C02709,Neha Deshmukh,neha.deshmukh2274@outlook.com,Female,Indore,Madhya Pradesh,2023-12-10
C02710,Zoya Kumar,zoya.kumar8879@gmail.com,Female,Mysuru,Karnataka,2024-07-26
C02711,Rohan Saxena,rohan.saxena4729@gmail.com,Male,Indore,Madhya Pradesh,2024-10-11
C02712,Pooja Malhotra,pooja.malhotra1369@gmail.com,Female,Kochi,Kerala,2023-09-01
C02713,Aditi Reddy,,Male,Kochi,Kerala,2023-01-13
C02714,Pooja Verma,pooja.verma9616@gmail.com,Male,Nashik,Maharashtra,2024-04-15
C02715,Mohit Reddy,mohit.reddy5350@gmail.com, Female ,Nashik,Maharashtra,2023-08-26
C02716,Manish Sharma,manish.sharma7882@gmail.com,Male,Delhi,Delhi,2024-11-27
C02717,Sneha Bhat,sneha.bhat1654@gmail.com,Female,Mysuru,Karnataka,2024-01-09
C02718,Nikhil Banerjee,nikhil.banerjee6286@gmail.com,Female,Jaipur,Rajasthan,2025-12-10
C02719,Diya Pillai,diya.pillai6941@outlook.com,Female,Indore,Madhya Pradesh,2024-03-30
C02720,Nikhil Chavan,nikhil.chavan114@gmail.com,Female,Ahmedabad,Gujarat,2023-11-03
C02721,Zoya Mishra,zoya.mishra6052@gmail.com,Male,Mysuru,Karnataka,2023-12-10
C02722,Ananya Naik,ananya.naik8912@gmail.com,Male,Hyderabad,Telangana,2023-12-21
C02723,Kavya Das,kavya.das3289@gmail.com,Male,Mumbai,Maharashtra,2023-09-16
C02724,Pooja Malhotra,pooja.malhotra6189@gmail.com,Male,Mumbai,Maharashtra,2023-05-01
C02725,Isha Shah,isha.shah8030@gmail.com,Male,Ahmedabad,Gujarat,2024-06-21
C02726,Nisha Rao,nisha.rao8734@gmail.com,Female,Delhi,Delhi,2023-02-19
C02727,Sameer Naik,sameer.naik7481@gmail.com, Male ,Mysuru,Karnataka,2023-06-28
C02728,Riya Pillai,riya.pillai4275@gmail.com,Female,Kolkata,West Bengal,2024-10-19
C02729,Vikram Reddy,vikram.reddy9368@gmail.com,Female,Ahmedabad,Gujarat,2023-11-13
C02730,Diya Malhotra,diya.malhotra7441@gmail.com,Male,Mumbai,Maharashtra,2025-11-12
C02731,Arjun Gupta,arjun.gupta7211@gmail.com,Female,Bengaluru,Karnataka,2024-01-08
C02732,Karan Mehta,karan.mehta3259@outlook.com,Male,Kolkata,West Bengal,2024-03-16
C02733,Pallavi Chavan,pallavi.chavan489@gmail.com,Male,Nagpur,Maharashtra,2024-01-17
C02734,Karan Reddy,karan.reddy6759@gmail.com,Male,Nagpur,Maharashtra,2024-03-14
C02735,Sneha Saxena,sneha.saxena4977@gmail.com,Male,Delhi,Delhi,2023-06-04
C02736,Mohit Menon,mohit.menon5968@gmail.com,Male,Pune,Maharashtra,2024-10-27
C02737,Priya Bhat,priya.bhat6856@gmail.com,Female,Chennai,Tamil Nadu,2024-06-30
C02738,Varun Mishra,varun.mishra3595@gmail.com,Female,Mysuru,Karnataka,2025-10-06
C02739,Nikhil Shah,nikhil.shah4286@gmail.com,Female,Bengaluru,Karnataka,2024-11-12
C02740,Shruti More,shruti.more2966@outlook.com,Female,Mysuru,Karnataka,2023-08-27
C02741,Aarav Iyer,aarav.iyer7221@gmail.com,Male,Nagpur,Maharashtra,2023-12-24
C02742,Akash Kumar,akash.kumar8644@outlook.com,Male,Hyderabad,Telangana,2025-08-17
C02743,Manish Pillai,manish.pillai2275@yahoo.com,Male,Mysuru,Karnataka,2024-10-31
C02744,Deepak Reddy,deepak.reddy2217@gmail.com,Female,Bengaluru,Karnataka,2023-07-21
C02745,Akash Bhat,akash.bhat626@gmail.com,Female,Hyderabad,Telangana,2023-12-21
C02746,Nisha Pillai,nisha.pillai8507@yahoo.com,Female,Nagpur,Maharashtra,2025-08-11
C02747,Riya Kadam,riya.kadam8436@gmail.com, Female ,Hyderabad,Telangana,2025-02-01
C02748,Mohit Chavan,mohit.chavan1007@gmail.com,Male,Jaipur,Rajasthan,2025-03-18
C02749,Aditi Joshi,aditi.joshi6364@gmail.com,Female,Chennai,Tamil Nadu,2024-04-28
C02750,Ayush Rao,ayush.rao2680@gmail.com,Male,Mumbai,Maharashtra,2024-12-11
C02751,Aditi Agarwal,aditi.agarwal9625@gmail.com,Male,Pune,Maharashtra,2023-12-09
C02752,Anika Deshmukh,anika.deshmukh4551@yahoo.com,Male,Hyderabad,Telangana,2025-09-05
C02753,Akash Malhotra,akash.malhotra90@gmail.com,Female,Indore,Madhya Pradesh,2024-02-07
C02754,Anika Nair,anika.nair1532@gmail.com,Male,Nashik,Maharashtra,2025-10-20
C02755,Sameer Patil,sameer.patil2496@gmail.com,Male,Nashik,Maharashtra,2023-11-06
C02756,Ishaan Kulkarni,ishaan.kulkarni6729@outlook.com,Male,Indore,Madhya Pradesh,2025-07-31
C02757,Akash Kulkarni,akash.kulkarni1909@gmail.com,Female,Nagpur,Maharashtra,2023-07-02
C02758,Sameer Kulkarni,sameer.kulkarni695@gmail.com,Male,Pune,Maharashtra,2024-01-06
C02759,Tanvi Reddy,tanvi.reddy8679@outlook.com,Male,Mysuru,Karnataka,2024-12-03
C02760,Kavya Shetty,kavya.shetty616@gmail.com,Male,Nagpur,Maharashtra,2024-03-14
C02761,Sneha Gupta,sneha.gupta8794@gmail.com,Male,Delhi,Delhi,2024-03-02
C02762,Varun Chavan,varun.chavan8545@gmail.com,Male,Kochi,Kerala,2024-09-09
C02763,Nikhil Iyer,nikhil.iyer4670@gmail.com,Female,Mumbai,Maharashtra,2023-07-04
C02764,Isha Reddy,isha.reddy153@gmail.com,Male,Kochi,Kerala,2024-11-21
C02765,Diya Malhotra,diya.malhotra2120@gmail.com,Male,Chennai,Tamil Nadu,2025-02-08
C02766,Rohan Verma,rohan.verma1091@gmail.com,Male,Mysuru,Karnataka,2025-02-18
C02767,Pallavi Malhotra,,Male,Delhi,Delhi,2023-09-20
C02768,Arjun Shah,arjun.shah2334@gmail.com,Male,Kolkata,West Bengal,2023-08-31
C02769,Sneha Shetty,sneha.shetty8851@gmail.com,Female,Delhi,Delhi,2024-10-30
C02770,Pooja Agarwal,pooja.agarwal3483@gmail.com,Female,Kochi,Kerala,2023-09-24
C02771,Ananya Menon,ananya.menon430@gmail.com,Female,Mysuru,Karnataka,2023-11-16
C02772,Akash Singh,akash.singh2663@outlook.com,Male,Mumbai,Maharashtra,2025-01-11
C02773,Nisha Pillai,nisha.pillai2735@gmail.com,Female,Chennai,Tamil Nadu,2023-05-04
C02774,Anika Singh,anika.singh6765@gmail.com,F,Ahmedabad,Gujarat,2023-02-15
C02775,Deepak Banerjee,deepak.banerjee1763@gmail.com,Female,Chennai,Tamil Nadu,2025-12-23
C02776,Nandini Banerjee,nandini.banerjee3644@gmail.com,Male,Pune,Maharashtra,2023-01-16
C02777,Mohit Patil,mohit.patil5960@gmail.com,Female,Mumbai,Maharashtra,2023-02-04
C02778,Pallavi Shetty,pallavi.shetty6048@gmail.com,Female,Surat,Gujarat,2025-07-13
C02779,Shruti Mehta,shruti.mehta9678@gmail.com,Female,Delhi,Delhi,2025-06-25
C02780,Nikhil Singh,nikhil.singh4042@gmail.com,Female,Indore,Madhya Pradesh,2023-12-20
C02781,Arjun Reddy,arjun.reddy7575@gmail.com,Male,Indore,Madhya Pradesh,2024-05-29
C02782,Ayush Patil,ayush.patil1951@yahoo.com,Male,Jaipur,Rajasthan,2023-05-02
C02783,Aditya Nair,aditya.nair9084@gmail.com,Male,Bengaluru,Karnataka,2025-04-24
C02784,Tanvi Gupta,tanvi.gupta8021@gmail.com,Female,Chennai,Tamil Nadu,2023-07-04
C02785,Isha Patil,isha.patil8478@gmail.com,Female,Jaipur,Rajasthan,2023-01-27
C02786,Tanvi Kulkarni,tanvi.kulkarni1782@gmail.com,Male,Pune,Maharashtra,2023-03-04
C02787,Varun Mehta,varun.mehta705@gmail.com,Female,Hyderabad,Telangana,2025-11-07
C02788,Arjun Shah,arjun.shah3765@gmail.com,Male,Bengaluru,Karnataka,2025-08-04
C02789,Akash Das,akash.das5926@yahoo.com,Female,Indore,Madhya Pradesh,2024-08-12
C02790,Yash Deshmukh,yash.deshmukh2876@gmail.com,Male,Hyderabad,Telangana,2025-03-31
C02791,Aditi Sharma,aditi.sharma2987@gmail.com,Female,Nagpur,Maharashtra,10/06/2025
C02792,Tanvi Singh,tanvi.singh9777@gmail.com,Female,Mysuru,Karnataka,2025-05-29
C02793,Aditi Nair,aditi.nair5478@gmail.com,Male,Mumbai,Maharashtra,2023-01-12
C02794,Sanjay Gupta,sanjay.gupta4175@gmail.com,Female,Pune,Maharashtra,2025-06-19
C02795,Sneha Das,sneha.das5797@gmail.com,Male,Pune,Maharashtra,2023-06-11
C02796,Deepak More,deepak.more320@gmail.com,Male,Indore,Madhya Pradesh,2025-08-30
C02797,Neha Gupta,neha.gupta1651@gmail.com,Female,Ahmedabad,Gujarat,2025-05-21
C02798,Raj Sharma,raj.sharma1918@gmail.com,Female,Surat,Gujarat,2023-05-19
C02799,Raj Pillai,raj.pillai2046@gmail.com,Male,nashik,Maharashtra,2025-08-15
C02800,Aditi Mishra,aditi.mishra9603@gmail.com,Male,Nashik,Maharashtra,2024-06-21
C02801,Pallavi Agarwal,pallavi.agarwal9417@gmail.com,Female,Mysuru,Karnataka,2024-07-06
C02802,Mohit Kadam,mohit.kadam5198@gmail.com,Male,Mysuru,Karnataka,2023-05-15
C02803,Nandini Malhotra,nandini.malhotra630@gmail.com,Female,Nagpur,Maharashtra,2025-10-24
C02804,Sameer Saxena,,Male,Nagpur,Maharashtra,2025-12-19
C02805,Kavya Rao,kavya.rao1980@gmail.com,Female,Nagpur,Maharashtra,2025-06-18
C02806,Sanjay Bhat,sanjay.bhat1682@gmail.com,Female,Mysuru,Karnataka,2024-08-22
C02807,Arjun Reddy,arjun.reddy4706@gmail.com,Female,HYDERABAD,Telangana,20/09/2025
C02808,Vikram Jain,vikram.jain3832@gmail.com,Female,Chennai,Tamil Nadu,2024-05-23
C02809,Sneha Iyer,sneha.iyer9692@gmail.com,Male,Hyderabad,Telangana,2025-11-21
C02810,Shruti Rao,shruti.rao1107@gmail.com,Male,Surat,Gujarat,2023-01-31
C02811,Sneha Banerjee,sneha.banerjee441@gmail.com,Female,Nashik,Maharashtra,2023-10-13
C02812,Akash Naik,akash.naik1741@gmail.com,Female,Kolkata,West Bengal,18-Dec-2023
C02813,Akash Das,,Male,Pune,Maharashtra,2023-02-26
C02814,Mohit Verma,mohit.verma9766@yahoo.com,Female,Nashik,Maharashtra,2025-11-16
C02815,Diya Menon,diya.menon7291@gmail.com,Female,Mumbai,Maharashtra,2023-06-21
C02816,Zoya Sharma,zoya.sharma8965@gmail.com,Female,Indore,Madhya Pradesh,2023-05-25
C02817,Pooja Bhat,pooja.bhat1980@outlook.com,Female,Pune,Maharashtra,2023-11-26
C02818,Isha Naik,isha.naik9366@outlook.com,Female,Mysuru,Karnataka,2024-04-22
C02819,Tanvi Shetty,tanvi.shetty1021@gmail.com,Female,Bengaluru,Karnataka,2023-12-20
C02820,Kabir Patil,kabir.patil5256@outlook.com,Male,Ahmedabad,Gujarat,2025-08-29
C02821,Karan Das,karan.das9241@gmail.com,Female,Hyderabad,Telangana,2025-02-17
C02822,Sanjay Gupta,sanjay.gupta2595@yahoo.com,Female,Mumbai,Maharashtra,2023-06-22
C02823,Raj Joshi,raj.joshi9838@gmail.com,Male,Surat,Gujarat,2023-12-05
C02824,Varun Mishra,varun.mishra9489@outlook.com,Male,Surat,Gujarat,2025-03-14
C02825,Neha Patil,neha.patil3767@gmail.com,Female,Nagpur,Maharashtra,2024-12-27
C02826,Anika Saxena,anika.saxena1853@gmail.com,Female,Nagpur,Maharashtra,2025-05-17
C02827,Aditya Pillai,aditya.pillai2910@outlook.com,Female,Kochi,Kerala,23-May-2024
C02828,Nisha Bhat,nisha.bhat6193@gmail.com,Male,Hyderabad,Telangana,2024-11-13
C02829,Varun Jain,varun.jain2987@gmail.com,Male,Surat,Gujarat,2025-03-26
C02830,Sanjay Shetty,sanjay.shetty6175@gmail.com,Male,Ahmedabad,Gujarat,2024-08-02
C02831,Nandini Shetty,nandini.shetty429@gmail.com,Female,Nagpur,Maharashtra,2025-05-29
C02832,Zoya Deshmukh,zoya.deshmukh7283@gmail.com,Male,Pune,Maharashtra,2023-05-13
C02833,Nisha Kumar,nisha.kumar2342@gmail.com,Female,Mumbai,Maharashtra,2025-03-01
C02834,Raj Agarwal,raj.agarwal4519@yahoo.com,Male,Hyderabad,Telangana,2025-04-12
C02835,Aarav Naik,aarav.naik4366@yahoo.com,Female,Nagpur,Maharashtra,2024-03-30
C02836,Kabir More,kabir.more683@gmail.com,Male,Jaipur,Rajasthan,2024-04-11
C02837,Nandini Gupta,nandini.gupta8647@outlook.com,Male,Kolkata,West Bengal,2023-11-06
C02838,Sneha Sharma,sneha.sharma1471@gmail.com,Male,Nagpur,Maharashtra,2023-05-10
C02839,Manish Das,manish.das5871@gmail.com,Male,Mumbai,Maharashtra,2024-05-23
C02840,Shivani Kulkarni,shivani.kulkarni7794@gmail.com,Male,Hyderabad,Telangana,2024-03-12
C02841,Rahul Iyer,rahul.iyer4179@gmail.com,female,Hyderabad,Telangana,2023-03-31
C02842,Sameer Kumar,sameer.kumar2722@gmail.com,Female,Surat,Gujarat,2023-02-14
C02843,Pooja Pillai,pooja.pillai2050@gmail.com,Female,Pune,Maharashtra,2024-06-20
C02844,Priya Chavan,priya.chavan4747@gmail.com,Male,Bengaluru,Karnataka,2024-01-31
C02845,Pallavi Singh,pallavi.singh7711@outlook.com,Male,Ahmedabad,Gujarat,2023-05-10
C02846,Isha Reddy,isha.reddy9751@yahoo.com,Male,Mysuru,Karnataka,2024-06-13
C02847,Kabir Bhat,kabir.bhat6575@outlook.com,Male,Kochi,Kerala,2023-01-06
C02848,Arjun Joshi,arjun.joshi4447@gmail.com,Male,Mumbai,Maharashtra,2025-06-25
C02849,Meera Das,meera.das6473@gmail.com,Female,Delhi,Delhi,2024-01-14
C02850,Kabir Singh,kabir.singh9541@gmail.com,Female,Nagpur,Maharashtra,2024-05-24
C02851,Pooja Shetty,pooja.shetty9303@gmail.com,Male,jaipur,Rajasthan,2025-02-19
C02852,Priya Kumar,priya.kumar5147@gmail.com,Male,Nagpur,Maharashtra,2024-06-18
C02853,Ayush Malhotra,ayush.malhotra969@outlook.com,Female,Pune,Maharashtra,2024-01-05
C02854,Mohit More,mohit.more738@gmail.com,Male,Kochi,Kerala,2025-02-20
C02855,Ananya Pillai,ananya.pillai1023@gmail.com,Female,Mumbai,Maharashtra,2025-05-15
C02856,Manish Singh,manish.singh6740@gmail.com,Male,Delhi,Delhi,2024-05-24
C02857,Zoya Jain,zoya.jain6111@gmail.com,Female,Chennai,Tamil Nadu,2024-11-02
C02858,Yash Sharma,yash.sharma9744@gmail.com,Male,Bengaluru,Karnataka,2023-02-20
C02859,Pooja Naik,pooja.naik2941@gmail.com,Female,Nagpur,Maharashtra,2024-05-27
C02860,Sakshi Gupta,sakshi.gupta9131@gmail.com,Female,Nashik,Maharashtra,2024-07-15
C02861,Yash Singh,yash.singh7150@gmail.com,Male,Bengaluru,Karnataka,2024-10-31
C02862,Aarav Das,aarav.das5166@gmail.com,Female,Surat,Gujarat,2024-09-28
C02863,Yash Agarwal,yash.agarwal8816@gmail.com,male,Kolkata,West Bengal,2024-11-27
C02864,Pooja Agarwal,pooja.agarwal3160@yahoo.com,Male,Delhi,Delhi,2024-03-28
C02865,Sneha Reddy,sneha.reddy4238@gmail.com,Female,Hyderabad,Telangana,2025-01-26
C02866,Deepak Banerjee,deepak.banerjee6870@gmail.com,Female,Nashik,Maharashtra,2024-01-13
C02867,Akash Kulkarni,akash.kulkarni9900@gmail.com,Male,Ahmedabad,Gujarat,2024-11-15
C02868,Akash Sharma,akash.sharma2635@gmail.com,Male,Mysuru,Karnataka,2025-05-21
C02869,Karan Reddy,karan.reddy7414@gmail.com,Female,Chennai,Tamil Nadu,2024-01-06
C02870,Vikram Deshmukh,vikram.deshmukh5187@gmail.com,Female,Ahmedabad,Gujarat,2023-10-03
C02871,Aditi Kulkarni,aditi.kulkarni4612@gmail.com,Male,Mumbai,Maharashtra,2023-12-29
C02872,Rohan Shetty,rohan.shetty4125@yahoo.com,Female,Indore,Madhya Pradesh,2025-10-27
C02873,Akash Sharma,akash.sharma1785@outlook.com,Female,Surat,Gujarat,2023-01-31
C02874,Vikram More,vikram.more3219@gmail.com,Male,Kolkata,West Bengal,2023-09-19
C02875,Pallavi Malhotra,pallavi.malhotra7285@gmail.com,Female,Kochi,Kerala,2025-01-03
C02876,Tanvi Reddy,tanvi.reddy4320@gmail.com,Female,Mysuru,Karnataka,2025-04-16
C02877,Ananya Reddy,ananya.reddy2707@gmail.com,Male,Mysuru,Karnataka,2023-08-16
C02878,Isha Joshi,isha.joshi5615@gmail.com,Female,Hyderabad,Telangana,2025-09-07
C02879,Riya More,riya.more8731@gmail.com,Female,Nagpur,Maharashtra,2025-03-01
C02880,Nisha Verma,nisha.verma6047@gmail.com,Male,Indore,Madhya Pradesh,2023-12-12
C02881,Pooja Reddy,pooja.reddy8258@gmail.com,Female,Mumbai,Maharashtra,2024-04-21
C02882,Rohan Saxena,rohan.saxena782@gmail.com,Female,Surat,Gujarat,2024-07-03
C02883,Nandini Deshmukh,nandini.deshmukh4682@outlook.com,Female,Nashik,Maharashtra,2025-01-22
C02884,Diya Banerjee,diya.banerjee1835@gmail.com,Male,Hyderabad,Telangana,2023-06-07
C02885,Diya Shetty,diya.shetty4687@yahoo.com,M,Mysuru,Karnataka,2025-07-05
C02886,Shruti Mishra,,Female,Indore,Madhya Pradesh,2023-06-23
C02887,Manish Shah,manish.shah2735@outlook.com,Male,Nashik,Maharashtra,2024-08-24
C02888,Aditi Nair,aditi.nair2790@gmail.com,Female,Indore,Madhya Pradesh,2025-02-16
C02889,Riya More,riya.more1112@gmail.com,Male,Bengaluru,Karnataka,2023-05-05
C02890,Aditya Joshi,aditya.joshi553@gmail.com,Male,Delhi,Delhi,2024-02-03
C02891,Priya Mishra,priya.mishra2382@gmail.com,Male,Jaipur,Rajasthan,2025-10-27
C02892,Rahul Banerjee,rahul.banerjee203@gmail.com,Male,Hyderabad,Telangana,2024-09-17
C02893,Zoya Mehta,zoya.mehta7227@outlook.com,Female,Mysuru,Karnataka,2025-03-22
C02894,Zoya Menon,zoya.menon5668@gmail.com,Female,Mumbai,Maharashtra,2025-05-20
C02895,Nandini Joshi,nandini.joshi4296@gmail.com,Female,Kochi,Kerala,2025-01-06
C02896,Akash Das,akash.das8776@gmail.com,Male,Jaipur,Rajasthan,2024/03/06
C02897,Vikram Malhotra,vikram.malhotra7388@yahoo.com,Male,Nagpur,Maharashtra,2024-03-21
C02898,Aarav Chavan,aarav.chavan3957@gmail.com, Female ,Nashik,Maharashtra,2024-10-18
C02899,Kabir Rao,kabir.rao4195@yahoo.com,Female,Jaipur,Rajasthan,2025-11-15
C02900,Shruti Jain,shruti.jain9616@yahoo.com,Male,Nagpur,Maharashtra,2025-05-21
C02901,Sanjay Patil,sanjay.patil7894@gmail.com,Female,Chennai,Tamil Nadu,2024-10-06
C02902,Arjun Joshi,arjun.joshi2263@gmail.com,Female,Indore,Madhya Pradesh,2025-07-09
C02903,Meera Patil,meera.patil9811@yahoo.com,Female,Surat,Gujarat,2023-07-03
C02904,Nandini Iyer,nandini.iyer3347@yahoo.com,Male,Chennai,Tamil Nadu,2023-09-28
C02905,Raj Rao,raj.rao3867@gmail.com,Male,Pune,Maharashtra,2025-12-03
C02906,Diya Kulkarni,diya.kulkarni502@gmail.com,Male,Nashik,Maharashtra,2025-10-20
C02907,Pallavi Nair,pallavi.nair8442@gmail.com,Male,Pune,Maharashtra,2025-11-24
C02908,Ishaan Reddy,ishaan.reddy1926@gmail.com,Male,Mumbai,Maharashtra,2023-04-02
C02909,Meera Iyer,meera.iyer276@gmail.com,Female,Kochi,Kerala,2023-01-05
C02910,Varun Singh,varun.singh752@gmail.com,Female,Ahmedabad,Gujarat,2023-08-23
C02911,Sakshi Kulkarni,sakshi.kulkarni4851@gmail.com,Female,Bengaluru,Karnataka,2023-06-21
C02912,Sakshi Saxena,sakshi.saxena1021@gmail.com,Female,Mumbai,Maharashtra,2024-08-14
C02913,Priya Chavan,priya.chavan9670@yahoo.com,Male,Hyderabad,Telangana,2023-06-24
C02914,Vikram Joshi,vikram.joshi3204@gmail.com,Female,Ahmedabad,Gujarat,2023-10-11
C02915,Shivani Banerjee,shivani.banerjee1610@gmail.com,Male,Nagpur,Maharashtra,2024-10-09
C02916,Kavya Mishra,kavya.mishra7498@gmail.com,Male,Surat,Gujarat,2023/02/04
C02917,Aarav Verma,aarav.verma5407@gmail.com,Female,Indore,Madhya Pradesh,2024-07-25
C02918,Ananya Kumar,ananya.kumar7151@gmail.com,Female,Bengaluru,Karnataka,2023-04-05
C02919,Sneha Joshi,sneha.joshi223@gmail.com,Female,Mumbai,Maharashtra,2023-06-01
C02920,Pooja Banerjee,pooja.banerjee3693@gmail.com,Male,Mumbai,Maharashtra,2023-07-04
C02921,Tanvi Bhat,tanvi.bhat6544@gmail.com,Female,Delhi,Delhi,2023-07-25
C02922,Aditya Naik,aditya.naik6027@yahoo.com,Male,Nagpur,Maharashtra,2023-01-31
C02923,Sneha Singh,sneha.singh4830@yahoo.com,Male,Jaipur,Rajasthan,2024-02-19
C02924,Sakshi Bhat,sakshi.bhat2620@gmail.com,Female,Mysuru,Karnataka,2025-04-09
C02925,Aarav Naik,aarav.naik9152@yahoo.com,Male,Hyderabad,Telangana,2025-06-06
C02926,Vikram Naik,vikram.naik1200@gmail.com,Male,Nashik,Maharashtra,2025-09-20
C02927,Rohan Saxena,rohan.saxena2969@gmail.com,Female,Nagpur,Maharashtra,2025-05-28
C02928,Ananya Jain,ananya.jain392@gmail.com,Male,Kolkata,West Bengal,2025-02-11
C02929,Aditi Mehta,aditi.mehta5883@outlook.com,Male,Pune,Maharashtra,2025-06-02
C02930,Sakshi Sharma,sakshi.sharma9075@gmail.com,Female,Chennai,Tamil Nadu,2023-06-11
C02931,Deepak Mehta,deepak.mehta5928@gmail.com,Female,Surat,Gujarat,2025-08-02
C02932,Ayush Rao,ayush.rao4774@gmail.com,Male,Kolkata,West Bengal,2025-07-24
C02933,Yash Deshmukh,yash.deshmukh1232@gmail.com,Male,Ahmedabad,Gujarat,2024-01-14
C02934,Neha Mehta,neha.mehta2267@gmail.com,Female,Nagpur,Maharashtra,2025-04-04
C02935,Karan Iyer,karan.iyer5486@yahoo.com,Male,Pune,Maharashtra,2025-09-04
C02936,Tanvi Patil,tanvi.patil6013@gmail.com,Male,Surat,Gujarat,2024-06-25
C02937,Arjun Das,arjun.das4821@gmail.com,Female,Jaipur,Rajasthan,2024-12-10
C02938,Aditya Kumar,aditya.kumar2081@gmail.com,Male,Ahmedabad,Gujarat,2025-11-01
C02939,Deepak Banerjee,deepak.banerjee8151@gmail.com,Male,Indore,Madhya Pradesh,2025-01-21
C02940,Akash Mehta,akash.mehta3607@gmail.com,Female,Nashik,Maharashtra,2025-03-28
C02941,Neha Patil,neha.patil3471@gmail.com,Female,Kolkata,West Bengal,2023-12-18
C02942,Vikram Iyer,vikram.iyer9184@gmail.com,Female,Jaipur,Rajasthan,2023-11-30
C02943,Aarav Patil,aarav.patil8532@yahoo.com,Male,Mumbai,Maharashtra,2025-09-21
C02944,Ishaan More,ishaan.more3948@gmail.com,Male,Chennai,Tamil Nadu,2025-07-15
C02945,Shivani Mehta,shivani.mehta112@outlook.com,Male,Ahmedabad,Gujarat,2025-02-03
C02946,Akash Saxena,akash.saxena1508@gmail.com,Female,Delhi,Delhi,2023-05-01
C02947,Aarav Malhotra,,Female,Pune,Maharashtra,2025-08-07
C02948,Karan Singh,karan.singh5952@gmail.com,Female,Mumbai,Maharashtra,2023-03-31
C02949,Akash Das,akash.das3280@gmail.com,Male,Nagpur,Maharashtra,2023-10-06
C02950,Varun Mehta,varun.mehta9736@gmail.com,Male,Surat,Gujarat,2025-05-31
C02951,Aarav Pillai,aarav.pillai8270@gmail.com, Female ,Chennai,Tamil Nadu,2023-06-27
C02952,Nikhil Shah,nikhil.shah9307@yahoo.com,Female,Surat,Gujarat,2023-10-16
C02953,Shivani Jain,shivani.jain6762@gmail.com,Male,Jaipur,Rajasthan,2024-03-12
C02954,Sanjay Joshi,sanjay.joshi1903@gmail.com,Male,Chennai,Tamil Nadu,2025-08-25
C02955,Shruti Saxena,shruti.saxena2324@outlook.com,Male,Mysuru,Karnataka,2025-11-20
C02956,Pooja Saxena,pooja.saxena3503@gmail.com,Male,Jaipur,Rajasthan,2023-06-19
C02957,Nandini Kumar,nandini.kumar5773@yahoo.com,Female,Bengaluru,Karnataka,2023-11-11
C02958,Meera Kadam,meera.kadam7682@gmail.com,Male,pune,Maharashtra,2023-05-21
C02959,Rohan Rao,rohan.rao3974@gmail.com,Male,Chennai,Tamil Nadu,2025-12-09
C02960,Shivani Naik,shivani.naik4482@yahoo.com,Female,Bengaluru,Karnataka,2025-04-10
C02961,Aditya Mishra,aditya.mishra3184@yahoo.com,Male,Ahmedabad,Gujarat,2025-07-06
C02962,Nandini Menon,nandini.menon3208@yahoo.com,Female,Chennai,Tamil Nadu,2025-10-27
C02963,Karan Kumar,karan.kumar6278@gmail.com,Female,Surat,Gujarat,2024-04-11
C02964,Deepak Bhat,deepak.bhat5482@gmail.com,Female,Bengaluru,Karnataka,2024-11-08
C02965,Tanvi Shetty,tanvi.shetty6456@gmail.com,Female,Chennai,Tamil Nadu,2023-04-13
C02966,Shruti Kumar,shruti.kumar5977@gmail.com,Male,Delhi,Delhi,2023-06-13
C02967,Manish Jain,manish.jain9743@gmail.com,Female,PUNE,Maharashtra,2023-01-20
C02968,Priya Kulkarni,priya.kulkarni5080@gmail.com,Male,Bengaluru,Karnataka,2025-10-07
C02969,Meera Kulkarni,meera.kulkarni7590@yahoo.com,Female,Mumbai,Maharashtra,2023-07-25
C02970,Arjun Malhotra,arjun.malhotra2341@gmail.com,Female,Nashik,Maharashtra,2023-02-09
C02971,Tanvi Kadam,tanvi.kadam2912@gmail.com,Male,Ahmedabad,Gujarat,2023-04-21
C02972,Sameer More,sameer.more3840@gmail.com,Female,Nagpur,Maharashtra,2025-01-29
C02973,Anika Kadam,anika.kadam1364@gmail.com,Male,Pune,Maharashtra,2023-01-02
C02974,Tanvi Menon,tanvi.menon985@gmail.com,Male,Delhi,Delhi,2025-01-01
C02975,Shivani Agarwal,shivani.agarwal1303@gmail.com,Male,Surat,Gujarat,2023-04-14
C02976,Rahul Nair,rahul.nair5695@gmail.com,Female,Indore,Madhya Pradesh,2024-01-10
C02977,Shruti Kumar,shruti.kumar4638@gmail.com,Female,Bengaluru,Karnataka,2025-06-16
C02978,Arjun Agarwal,arjun.agarwal2125@outlook.com,Male,Kolkata,West Bengal,2024-01-27
C02979,Riya More,riya.more469@gmail.com,Male,Mysuru,Karnataka,2025-01-19
C02980,Akash Sharma,akash.sharma3552@gmail.com,Male,Ahmedabad,Gujarat,2024-08-12
C02981,Manish More,manish.more59@gmail.com,Female,Kochi,Kerala,2023-08-31
C02982,Deepak Patil,deepak.patil7029@gmail.com,Female,Kochi,Kerala,2024-03-15
C02983,Ananya Mehta,ananya.mehta1546@gmail.com,Female,Jaipur,Rajasthan,2024-09-06
C02984,Shruti Malhotra,shruti.malhotra8946@gmail.com,Female,Kochi,Kerala,2023-12-23
C02985,Mohit Shetty,mohit.shetty2410@gmail.com,Female,Delhi,Delhi,2024-11-28
C02986,Sakshi Mehta,sakshi.mehta6687@outlook.com,Male,Bengaluru,Karnataka,2023-05-02
C02987,Aditi Gupta,aditi.gupta8980@gmail.com,Male,Nagpur,Maharashtra,27/05/2025
C02988,Kabir Gupta,kabir.gupta7833@gmail.com,Male,Mysuru,Karnataka,2025-06-18
C02989,Mohit Pillai,mohit.pillai2063@gmail.com,Male,Jaipur,Rajasthan,2024-06-30
C02990,Pallavi Banerjee,pallavi.banerjee9529@gmail.com,Male,Chennai,Tamil Nadu,2024-09-20
C02991,Aditi Sharma,aditi.sharma7521@gmail.com,Male,Ahmedabad,Gujarat,2025-10-02
C02992,Rahul Kumar,rahul.kumar2642@gmail.com,Male,Bengaluru,Karnataka,2024-03-22
C02993,Ananya Pillai,ananya.pillai5139@gmail.com,Male,Hyderabad,Telangana,2025-02-16
C02994,Sameer Iyer,sameer.iyer7536@yahoo.com,Female,Chennai,Tamil Nadu,2023-08-05
C02995,Karan Jain,karan.jain9392@gmail.com,Male,Bengaluru,Karnataka,2024-01-18
C02996,Meera Deshmukh,meera.deshmukh1152@gmail.com,Male,DELHI,Delhi,2023-07-15
C02997,Pallavi Patil,pallavi.patil770@gmail.com,Male,Nashik,Maharashtra,13/05/2025
C02998,Aarav Chavan,aarav.chavan8372@gmail.com,Male,Surat,Gujarat,2025-04-27
C02999,Aarav Reddy,aarav.reddy1458@gmail.com,Female,Kochi,Kerala,27/08/2023
C03000,Tanvi Shah,tanvi.shah116@gmail.com,Female,Surat,Gujarat,2023-10-06
C03001,Varun Kumar,varun.kumar5306@gmail.com,Male,Surat,Gujarat,2025-07-12
C03002,Ishaan Jain,ishaan.jain5116@gmail.com,Female,Mysuru,Karnataka,2025-05-17
C03003,Aditya Shah,aditya.shah6876@gmail.com,Male,Indore,Madhya Pradesh,2024-05-07
C03004,Diya Rao,diya.rao8540@gmail.com,Male,Delhi,Delhi,2024-12-25
C03005,Nandini Rao,nandini.rao9772@gmail.com,Male,Kolkata,West Bengal,2023-02-20
C03006,Tanvi Kulkarni,tanvi.kulkarni2665@gmail.com,Male,Mumbai,Maharashtra,2024-12-06
C03007,Karan Nair,karan.nair1631@gmail.com,Male,AHMEDABAD,Gujarat,11-Dec-2023
C03008,Riya Shetty,riya.shetty2049@yahoo.com,Female,Kochi,Kerala,2025-12-10
C03009,Aarav Kadam,aarav.kadam7116@gmail.com,Male,Delhi,Delhi,2023-07-13
C03010,Zoya Singh,zoya.singh5454@yahoo.com,Male,Hyderabad,Telangana,2025-01-30
C03011,Raj Menon,raj.menon7717@gmail.com,Male,Delhi,Delhi,2025-08-07
C03012,Sakshi Bhat,sakshi.bhat834@gmail.com,Male,Jaipur,Rajasthan,2023-04-02
C03013,Vikram Bhat,vikram.bhat1110@yahoo.com,Female,Surat,Gujarat,2024-03-18
C03014,Sanjay Reddy,sanjay.reddy2834@yahoo.com,Female,Jaipur,Rajasthan,2025/09/09
C03015,Rahul Menon,rahul.menon1582@yahoo.com,Male,Chennai,Tamil Nadu,2023-04-20
C03016,Ishaan Mishra,ishaan.mishra2672@gmail.com,Male,Surat,Gujarat,03-Sep-2025
C03017,Karan Bhat,karan.bhat8802@gmail.com,Male,Hyderabad,Telangana,2024-08-26
C03018,Deepak Kadam,deepak.kadam4138@gmail.com,Female,Pune,Maharashtra,2023-05-02
C03019,Neha Pillai,neha.pillai2167@yahoo.com,Male,Chennai,Tamil Nadu,2024-03-08
C03020,Ananya Singh,ananya.singh177@gmail.com,Male,Delhi,Delhi,2024-02-06
C03021,Deepak Patil,deepak.patil840@gmail.com,Male,Nashik,Maharashtra,2024-03-01
C03022,Meera Banerjee,meera.banerjee7201@outlook.com,Female,Pune,Maharashtra,2023-09-25
C03023,Deepak More,deepak.more4002@gmail.com,Male,Kochi,Kerala,2023-07-31
C03024,Aditya Menon,aditya.menon8256@gmail.com,Female,Surat,Gujarat,2023-09-25
C03025,Rahul Menon,rahul.menon4162@gmail.com,Male,Bengaluru,Karnataka,2025-04-13
C03026,Aarav Kadam,aarav.kadam5653@gmail.com,Female,Indore,Madhya Pradesh,2023-04-28
C03027,Varun Rao,varun.rao9587@gmail.com,Male,Delhi,Delhi,2025-03-25
C03028,Deepak Agarwal,deepak.agarwal2662@gmail.com,Female,Mumbai,Maharashtra,2023-02-16
C03029,Ananya Pillai,ananya.pillai9973@gmail.com,Male,Chennai,Tamil Nadu,2025-02-13
C03030,Raj Mishra,raj.mishra1965@gmail.com,Female,Jaipur,Rajasthan,2024-03-22
C03031,Mohit Das,mohit.das1105@gmail.com,Female,Mysuru,Karnataka,2024-07-19
C03032,Ishaan Reddy,ishaan.reddy3336@gmail.com,Female,Nagpur,Maharashtra,2023-06-16
C03033,Yash Sharma,yash.sharma6021@gmail.com,Female,Jaipur,Rajasthan,2023-04-25
C03034,Shivani Das,shivani.das7554@gmail.com,Female,Kochi,Kerala,2025-03-16
C03035,Meera More,meera.more1388@yahoo.com,Female,Ahmedabad,Gujarat,2023-11-10
C03036,Rohan Verma,rohan.verma9532@gmail.com,Female,Bengaluru,Karnataka,2024-09-12
C03037,Pooja Chavan,pooja.chavan7079@gmail.com,Male,Bengaluru,Karnataka,2025-06-22
C03038,Pooja Malhotra,pooja.malhotra3691@gmail.com,Female,Surat,Gujarat,2024-01-22
C03039,Aarav Deshmukh,aarav.deshmukh2750@outlook.com,Male,Nashik,Maharashtra,10/02/2025
C03040,Deepak Banerjee,deepak.banerjee2216@gmail.com,Male,Pune,Maharashtra,2025-02-28
C03041,Anika Deshmukh,anika.deshmukh3556@gmail.com,Male,Pune,Maharashtra,2024-06-07
C03042,Rahul Chavan,rahul.chavan4377@gmail.com,Male,Jaipur,Rajasthan,2024-10-18
C03043,Zoya Banerjee,zoya.banerjee8755@outlook.com,Male,Jaipur,Rajasthan,2023-03-22
C03044,Shruti Shetty,shruti.shetty3943@gmail.com,Male,Ahmedabad,Gujarat,2023-10-30
C03045,Sanjay Jain,sanjay.jain4329@gmail.com,Male,Nashik,Maharashtra,2025-02-17
C03046,Nisha Kumar,nisha.kumar2205@gmail.com,Female,Surat,Gujarat,2024-05-05
C03047,Karan Menon,karan.menon5984@yahoo.com,Male,Delhi,Delhi,2023-04-28
C03048,Meera Shah,meera.shah579@gmail.com,Male,Chennai,Tamil Nadu,2024-02-19
C03049,Anika More,anika.more8677@outlook.com,Female,Indore,Madhya Pradesh,2025-01-19
C03050,Aditi Verma,aditi.verma6068@outlook.com,Female, Mysuru ,Karnataka,2024-06-30
C03051,Pallavi Kadam,pallavi.kadam5430@outlook.com,Female,Chennai,Tamil Nadu,2025-10-19
C03052,Raj More,raj.more5506@gmail.com,Female,Kochi,Kerala,2024-07-03
C03053,Mohit Singh,mohit.singh4447@gmail.com,Female,Delhi,Delhi,2025-08-25
C03054,Sanjay Agarwal,sanjay.agarwal1051@gmail.com,Male,Jaipur,Rajasthan,2025-02-21
C03055,Neha Reddy,neha.reddy5633@gmail.com,Female,Mumbai,Maharashtra,2023-12-29
C03056,Aditi Bhat,aditi.bhat9392@gmail.com,Female,MYSURU,Karnataka,2023-01-17
C03057,Zoya Mehta,zoya.mehta3047@gmail.com,Male,INDORE,Madhya Pradesh,2024-11-30
C03058,Priya Saxena,priya.saxena6515@gmail.com,Female,Delhi,Delhi,2025-02-19
C03059,Karan Kulkarni,karan.kulkarni231@outlook.com,Female,Indore,Madhya Pradesh,2024-05-05
C03060,Deepak Shah,deepak.shah4363@gmail.com,Female,Delhi,Delhi,2023-09-01
C03061,Ayush Shetty,ayush.shetty872@gmail.com,Male,Indore,Madhya Pradesh,2024-08-08
C03062,Mohit Saxena,mohit.saxena6816@gmail.com,Female,Kochi,Kerala,2023-11-19
C03063,Priya Menon,priya.menon924@outlook.com,Female,Chennai,Tamil Nadu,2024-03-13
C03064,Meera Kadam,meera.kadam3712@gmail.com,Male,Surat,Gujarat,2025-07-26
C03065,Aditi Bhat,aditi.bhat8131@yahoo.com,Female,Nashik,Maharashtra,2023-09-07
C03066,Ishaan Reddy,ishaan.reddy1310@gmail.com,Female,Kochi,Kerala,2023-09-04
C03067,Anika Shetty,anika.shetty5225@gmail.com,Male,Kochi,Kerala,2024-07-29
C03068,Rohan Das,rohan.das2897@gmail.com,Female,Nashik,Maharashtra,2024-07-26
C03069,Nandini Joshi,nandini.joshi806@gmail.com,Female,Indore,Madhya Pradesh,2025-10-17
C03070,Kavya Chavan,kavya.chavan8677@gmail.com,Female,Pune,Maharashtra,2023-02-21
C03071,Diya Shah,diya.shah7592@outlook.com,Male,Kochi,Kerala,2025-06-29
C03072,Pallavi Singh,pallavi.singh6673@gmail.com,Male,Ahmedabad,Gujarat,2024-10-25
C03073,Varun Sharma,varun.sharma1024@gmail.com,Female,Mumbai,Maharashtra,2024-07-24
C03074,Diya Das,diya.das412@gmail.com,Female,Kolkata,West Bengal,2023-05-09
C03075,Isha Kadam,isha.kadam424@gmail.com,Female,Bengaluru,Karnataka,2023-03-16
C03076,Karan Mishra,karan.mishra5075@gmail.com,Female,Pune,Maharashtra,2023-05-15
C03077,Varun Kadam,varun.kadam1974@gmail.com,Male,Indore,Madhya Pradesh,2024-02-04
C03078,Sanjay Deshmukh,sanjay.deshmukh3575@gmail.com,Male,Hyderabad,Telangana,2023-09-10
C03079,Yash Iyer,yash.iyer3261@gmail.com,Male,Kochi,Kerala,2023-03-13
C03080,Sakshi Malhotra,sakshi.malhotra2535@yahoo.com,Female,Delhi,Delhi,2024/12/19
C03081,Karan Shetty,karan.shetty9855@gmail.com,Female,Mysuru,Karnataka,2023-02-24
C03082,Mohit Verma,mohit.verma5781@gmail.com,Male,Pune,Maharashtra,2025-02-03
C03083,Diya Iyer,diya.iyer3726@gmail.com,Male,Pune,Maharashtra,2025-06-25
C03084,Aarav Deshmukh,aarav.deshmukh3648@gmail.com,Male,Delhi,Delhi,2025-08-28
C03085,Deepak Shah,deepak.shah1437@yahoo.com,Female,Ahmedabad,Gujarat,2025-05-24
C03086,Aditya Pillai,aditya.pillai812@yahoo.com,F,Ahmedabad,Gujarat,2023-07-07
C03087,Aditya Naik,aditya.naik9957@outlook.com,Male,Pune,Maharashtra,2025-03-07
C03088,Zoya Saxena,zoya.saxena6254@gmail.com,F,Pune,Maharashtra,2024-02-14
C03089,Aarav Pillai,aarav.pillai6505@gmail.com,Female,Mumbai,Maharashtra,2023-11-16
C03090,Nisha Shah,nisha.shah1478@outlook.com,Female,Kochi,Kerala,2024-01-10
C03091,Nandini Bhat,nandini.bhat6605@outlook.com,Male,Indore,Madhya Pradesh,2024-06-12
C03092,Priya Rao,priya.rao2156@gmail.com,Male,Surat,Gujarat,2024-06-21
C03093,Manish More,manish.more2654@yahoo.com,Male,Pune,Maharashtra,2023-10-18
C03094,Arjun Agarwal,arjun.agarwal4167@gmail.com,Female, Nagpur ,Maharashtra,2024-08-21
C03095,Nisha Kadam,nisha.kadam3026@gmail.com,Female,Indore,Madhya Pradesh,2023-11-12
C03096,Sameer Patil,sameer.patil5540@gmail.com,Female,Ahmedabad,Gujarat,2024-01-10
C03097,Akash Menon,akash.menon7854@gmail.com,Male,AHMEDABAD,Gujarat,2024-05-11
C03098,Ayush Bhat,ayush.bhat6511@outlook.com,Female,Bengaluru,Karnataka,2024-07-10
C03099,Arjun Das,arjun.das7965@gmail.com,Male,Hyderabad,Telangana,2023-01-13
C03100,Nisha Deshmukh,nisha.deshmukh9212@gmail.com,Male,Surat,Gujarat,2023-09-07
C03101,Aarav Menon,aarav.menon3610@gmail.com,Male,Nashik,Maharashtra,2023-05-27
C03102,Sameer Kadam,sameer.kadam4709@gmail.com,Male,Bengaluru,Karnataka,2025-11-07
C03103,Pallavi Das,pallavi.das5996@gmail.com, Female ,Mysuru,Karnataka,2025-08-27
C03104,Priya Mishra,priya.mishra747@gmail.com,Female,Chennai,Tamil Nadu,2025-09-02
C03105,Nandini Jain,nandini.jain1112@gmail.com,Male,Mumbai,Maharashtra,2023-12-23
C03106,Sneha Mishra,sneha.mishra1279@gmail.com,Female,Chennai,Tamil Nadu,2023-05-28
C03107,Sneha Joshi,sneha.joshi9450@gmail.com,Male,Bengaluru,Karnataka,2023-07-07
C03108,Raj Kumar,raj.kumar5871@gmail.com,Male, Kolkata ,West Bengal,2025-10-14
C03109,Vikram Saxena,vikram.saxena307@gmail.com,Male,Bengaluru,Karnataka,2023-10-08
C03110,Sneha Iyer,sneha.iyer1175@outlook.com,Male,Nashik,Maharashtra,2023-01-31
C03111,Deepak Mishra,deepak.mishra2462@gmail.com,Male,Nashik,Maharashtra,2023-07-03
C03112,Kavya Jain,kavya.jain6621@outlook.com,Female,Hyderabad,Telangana,2025-05-30
C03113,Sameer Patil,sameer.patil7785@gmail.com,Male,Nagpur,Maharashtra,2025-12-07
C03114,Ishaan Singh,,Male,Kolkata,West Bengal,2025-09-17
C03115,Deepak Rao,deepak.rao473@outlook.com,Female,Nashik,Maharashtra,2025-03-08
C03116,Pallavi Naik,pallavi.naik8934@gmail.com,Female,Jaipur,Rajasthan,2025-08-31
C03117,Mohit Das,mohit.das9376@gmail.com,Male,Nashik,Maharashtra,2024-03-01
C03118,Ayush Malhotra,ayush.malhotra5397@gmail.com,Male,Mumbai,Maharashtra,2025-02-21
C03119,Aditi Naik,aditi.naik2986@gmail.com,Male,Nashik,Maharashtra,2024-11-16
C03120,Diya Patil,diya.patil9612@gmail.com,Female,Pune,Maharashtra,2023-09-05
C03121,Aditi Agarwal,aditi.agarwal6205@gmail.com,Female,Delhi,Delhi,22-Sep-2025
C03122,Pallavi Chavan,pallavi.chavan7873@gmail.com,Male,Kolkata,West Bengal,2024-08-04
C03123,Aarav Reddy,aarav.reddy6492@gmail.com,Female,Ahmedabad,Gujarat,2025-08-08
C03124,Kabir Kadam,kabir.kadam8143@gmail.com, Female ,Surat,Gujarat,2025-06-10
C03125,Pallavi Rao,pallavi.rao5081@gmail.com,Female,Nagpur,Maharashtra,2025-07-10
C03126,Kavya Gupta,kavya.gupta6999@gmail.com,Female,Kochi,Kerala,2024-12-12
C03127,Rahul Patil,rahul.patil4012@gmail.com,Female,Bengaluru,Karnataka,2025-04-12
C03128,Meera Pillai,meera.pillai9657@gmail.com,Female,Hyderabad,Telangana,2023-03-19
C03129,Pallavi Singh,pallavi.singh7618@outlook.com,Male,Nagpur,Maharashtra,2024-01-17
C03130,Ayush Menon,ayush.menon2260@gmail.com,Male,Nashik,Maharashtra,2025-01-03
C03131,Priya Nair,priya.nair9734@outlook.com,Male,Bengaluru,Karnataka,2025-01-29
C03132,Karan Verma,karan.verma2656@yahoo.com,Male,Delhi,Delhi,2023-08-14
C03133,Varun Singh,varun.singh6998@gmail.com,Male,Nashik,Maharashtra,2024-02-27
C03134,Anika Banerjee,anika.banerjee8603@yahoo.com,Female,Delhi,Delhi,2024-08-16
C03135,Shruti Gupta,shruti.gupta6792@gmail.com,Male,Delhi,Delhi,2024-07-30
C03136,Pooja Kumar,pooja.kumar4796@gmail.com,Female,Surat,Gujarat,2024-06-20
C03137,Nandini Saxena,nandini.saxena1997@gmail.com,Male,Mumbai,Maharashtra,2024-09-17
C03138,Sanjay Shah,sanjay.shah4528@outlook.com,Female,Indore,Madhya Pradesh,2024-06-13
C03139,Meera Jain,meera.jain6726@gmail.com,Male,Kochi,Kerala,2024-07-06
C03140,Isha Agarwal,isha.agarwal2403@gmail.com,Male,Nashik,Maharashtra,2023-12-17
C03141,Raj Kumar,raj.kumar2112@outlook.com,Male,Jaipur,Rajasthan,2025-05-10
C03142,Pallavi Kadam,pallavi.kadam8568@gmail.com,Male,Indore,Madhya Pradesh,2025-12-27
C03143,Mohit Iyer,mohit.iyer9365@outlook.com,Male,Mumbai,Maharashtra,2023-01-17
C03144,Akash More,akash.more7853@gmail.com,Female,Pune,Maharashtra,2023-08-24
C03145,Priya Deshmukh,priya.deshmukh5707@gmail.com,Female,Kochi,Kerala,2025-11-28
C03146,Shivani Verma,shivani.verma9604@gmail.com,Male,Delhi,Delhi,2025-08-25
C03147,Aditya Shah,aditya.shah4954@gmail.com,Female,Bengaluru,Karnataka,2023-03-29
C03148,Pooja Gupta,pooja.gupta2441@gmail.com,Male,Kochi,Kerala,2023-05-12
C03149,Aditi Reddy,aditi.reddy1757@gmail.com,Male,Kochi,Kerala,2024-12-29
C03150,Manish Mishra,manish.mishra5471@gmail.com,Female,Indore,Madhya Pradesh,2025-08-03
C03151,Isha More,isha.more3128@gmail.com,Female,Nagpur,Maharashtra,2025-03-13
C03152,Vikram Sharma,vikram.sharma1302@gmail.com,Male,Jaipur,Rajasthan,2025-05-31
C03153,Nandini More,nandini.more3109@gmail.com,Female,Delhi,Delhi,2024-09-03
C03154,Sameer Gupta,sameer.gupta1197@gmail.com,Female,Hyderabad,Telangana,2023-06-23
C03155,Akash Menon,akash.menon3017@gmail.com,Female,Hyderabad,Telangana,2024-08-30
C03156,Ishaan Shetty,ishaan.shetty558@gmail.com,Male,Nashik,Maharashtra,2023-10-05
C03157,Pooja Rao,pooja.rao4353@gmail.com,Male,Chennai,Tamil Nadu,2024-01-11
C03158,Arjun Sharma,arjun.sharma7395@gmail.com,Female,Chennai,Tamil Nadu,2024-04-20
C03159,Kabir Das,kabir.das9056@gmail.com,Male,Bengaluru,Karnataka,2023-03-08
C03160,Pallavi Banerjee,pallavi.banerjee9554@gmail.com,Male,Chennai,Tamil Nadu,2025-02-20
C03161,Anika Chavan,anika.chavan7188@gmail.com,Male,Nashik,Maharashtra,2025-09-24
C03162,Varun Joshi,varun.joshi4959@gmail.com,Female,Hyderabad,Telangana,2023-03-18
C03163,Akash Reddy,akash.reddy778@gmail.com,Male,Hyderabad,Telangana,2025-01-20
C03164,Nisha Malhotra,nisha.malhotra6413@gmail.com,Male,Chennai,Tamil Nadu,2025-05-14
C03165,Tanvi Agarwal,tanvi.agarwal3269@gmail.com,Male,Delhi,Delhi,2023-11-23
C03166,Isha Reddy,isha.reddy162@gmail.com,Male,Nagpur,Maharashtra,2024-04-23
C03167,Deepak Kumar,deepak.kumar3541@gmail.com,Male,Ahmedabad,Gujarat,2023-08-09
C03168,Meera Sharma,meera.sharma4165@gmail.com,Female,Hyderabad,Telangana,2024-02-09
C03169,Tanvi Mehta,tanvi.mehta7018@outlook.com,Female,Mysuru,Karnataka,09-Sep-2023
C03170,Aarav Rao,aarav.rao2336@outlook.com,Female,Indore,Madhya Pradesh,2025-05-24
C03171,Priya Shah,priya.shah2853@gmail.com,Female,Kochi,Kerala,2023-04-27
C03172,Manish Patil,manish.patil3791@yahoo.com,Female,Mumbai,Maharashtra,2023-12-21
C03173,Yash Iyer,yash.iyer3561@gmail.com,Male,Hyderabad,Telangana,2023-03-01
C03174,Aditya Reddy,aditya.reddy7521@gmail.com,Male,Jaipur,Rajasthan,2024-08-29
C03175,Anika Rao,anika.rao2687@gmail.com,Female,Mysuru,Karnataka,2023-11-30
C03176,Akash Menon,akash.menon7208@gmail.com,Female,Delhi,Delhi,2023-04-30
C03177,Kabir Rao,kabir.rao7813@outlook.com,Female,Mysuru,Karnataka,2023-07-28
C03178,Nandini Singh,nandini.singh4330@gmail.com,Female,Mumbai,Maharashtra,2024-01-10
C03179,Rohan Chavan,rohan.chavan8805@outlook.com,Male,Jaipur,Rajasthan,2024-04-10
C03180,Vikram Chavan,vikram.chavan8296@gmail.com,Male,Pune,Maharashtra,2024-11-26
C03181,Diya Kumar,diya.kumar9593@gmail.com,Female,Nagpur,Maharashtra,2023-03-24
C03182,Sameer Agarwal,sameer.agarwal4183@yahoo.com,Male,Jaipur,Rajasthan,2024-07-31
C03183,Mohit Pillai,mohit.pillai7405@gmail.com,Male,Hyderabad,Telangana,2024-01-20
C03184,Arjun Reddy,arjun.reddy782@gmail.com,Female,Mumbai,Maharashtra,2023-06-26
C03185,Zoya Patil,zoya.patil9067@gmail.com,Male,Hyderabad,Telangana,2024-12-10
C03186,Ananya Rao,ananya.rao7951@gmail.com,Male,Indore,Madhya Pradesh,2023-04-12
C03187,Meera Malhotra,meera.malhotra1706@gmail.com,Female,Pune,Maharashtra,2024-12-22
C03188,Karan Malhotra,karan.malhotra8103@gmail.com,Male,Delhi,Delhi,2023-08-13
C03189,Karan Reddy,karan.reddy6363@gmail.com,Male,Kochi,Kerala,2025-10-05
C03190,Meera Bhat,meera.bhat2689@gmail.com,Female,Kolkata,West Bengal,2024-01-08
C03191,Nikhil Reddy,nikhil.reddy6165@gmail.com,Female,Pune,Maharashtra,2023-08-20
C03192,Priya Kadam,priya.kadam9694@gmail.com,Male,Surat,Gujarat,2024-06-17
C03193,Kavya Mishra,kavya.mishra8850@gmail.com,Male,Mysuru,Karnataka,2023-01-04
C03194,Nikhil Deshmukh,nikhil.deshmukh313@gmail.com,Female,Chennai,Tamil Nadu,2025-06-25
C03195,Zoya Malhotra,zoya.malhotra202@gmail.com,Female,Nagpur,Maharashtra,2024-11-08
C03196,Aditi Saxena,aditi.saxena6140@gmail.com, Male ,Pune,Maharashtra,2023-01-22
C03197,Ananya Malhotra,ananya.malhotra3114@outlook.com,Female,Surat,Gujarat,2024-10-03
C03198,Nandini Malhotra,nandini.malhotra6518@gmail.com,Male,Mysuru,Karnataka,2024-01-08
C03199,Ishaan Menon,ishaan.menon6794@gmail.com,Female,Nagpur,Maharashtra,2024-10-10
C03200,Karan Rao,karan.rao7778@gmail.com,Male,Kochi,Kerala,2025-10-16
C03201,Ishaan Shetty,ishaan.shetty297@gmail.com,Male,Delhi,Delhi,2023-11-11
C03202,Sameer Verma,sameer.verma2332@gmail.com,Male,Jaipur,Rajasthan,2023-06-21
C03203,Rohan Jain,,Male,Mysuru,Karnataka,2023-11-19
C03204,Ananya Kumar,ananya.kumar3587@gmail.com,Male,Kochi,Kerala,2025-04-20
C03205,Raj Kumar,raj.kumar3820@gmail.com,Male,Delhi,Delhi,2025-04-03
C03206,Varun Kadam,varun.kadam6704@gmail.com,Female,Mysuru,Karnataka,2023-11-12
C03207,Karan Patil,karan.patil1255@gmail.com,Female,Ahmedabad,Gujarat,2025-02-11
C03208,Shruti Naik,shruti.naik1600@gmail.com,Male,Bengaluru,Karnataka,2024-11-26
C03209,Arjun Shah,arjun.shah724@gmail.com,Male,Nashik,Maharashtra,2023-03-24
C03210,Ishaan Mehta,ishaan.mehta2906@gmail.com,Male,Indore,Madhya Pradesh,2023-06-21
C03211,Karan Saxena,karan.saxena4860@yahoo.com,Male,Mumbai,Maharashtra,2025-02-01
C03212,Rohan Bhat,rohan.bhat8913@gmail.com,Female,Pune,Maharashtra,2025-06-10
C03213,Sameer Deshmukh,sameer.deshmukh1713@gmail.com,Female,Kochi,Kerala,2023-01-18
C03214,Nandini Bhat,nandini.bhat6390@gmail.com,Female,Jaipur,Rajasthan,2023-04-30
C03215,Deepak Das,deepak.das707@gmail.com,Male,Indore,Madhya Pradesh,2023-01-02
C03216,Pallavi Shetty,pallavi.shetty7255@yahoo.com,Female,Jaipur,Rajasthan,2025-10-16
C03217,Mohit Das,mohit.das5372@gmail.com,Female,Delhi,Delhi,2025-12-02
C03218,Nikhil Banerjee,nikhil.banerjee1955@gmail.com,Male,Ahmedabad,Gujarat,2024-09-28
C03219,Manish Deshmukh,manish.deshmukh1841@gmail.com,Female,Nashik,Maharashtra,2024-01-05
C03220,Diya Iyer,diya.iyer3008@gmail.com,Female,Mumbai,Maharashtra,2024-01-31
C03221,Ananya Patil,ananya.patil4154@yahoo.com,Male,Chennai,Tamil Nadu,2023-12-01
C03222,Ayush Deshmukh,ayush.deshmukh8383@gmail.com,Male,Mysuru,Karnataka,2025-09-21
C03223,Vikram Banerjee,vikram.banerjee2523@gmail.com,Female,Nagpur,Maharashtra,2025-07-03
C03224,Pallavi More,pallavi.more2645@yahoo.com,Male,Jaipur,Rajasthan,2023-07-17
C03225,Ayush Mishra,ayush.mishra944@gmail.com,Female,Jaipur,Rajasthan,2023-02-10
C03226,Sneha Singh,sneha.singh44@gmail.com,Male,Bengaluru,Karnataka,2023-12-11
C03227,Riya Shetty,riya.shetty8844@gmail.com,Male,Hyderabad,Telangana,2023-11-27
C03228,Kabir Gupta,kabir.gupta73@gmail.com,Male,Hyderabad,Telangana,2023-07-17
C03229,Priya Saxena,priya.saxena4012@yahoo.com,Male,Pune,Maharashtra,2024-07-07
C03230,Nisha More,nisha.more9072@gmail.com,Female,Bengaluru,Karnataka,2024-12-28
C03231,Shruti Iyer,shruti.iyer987@outlook.com,Female,Nashik,Maharashtra,2023-05-08
C03232,Kabir More,kabir.more7503@gmail.com,Male,Ahmedabad,Gujarat,2023-12-02
C03233,Meera Iyer,meera.iyer8228@gmail.com,Male,Indore,Madhya Pradesh,2024-02-28
C03234,Manish Das,manish.das1374@yahoo.com,Female,Kolkata,West Bengal,2025-04-14
C03235,Ayush Menon,ayush.menon2910@gmail.com,Female,Nashik,Maharashtra,2025-04-04
C03236,Arjun Shah,arjun.shah1790@gmail.com,Male,Ahmedabad,Gujarat,2024-09-16
C03237,Kavya Reddy,kavya.reddy2579@gmail.com,M,Nashik,Maharashtra,2025-11-01
C03238,Sanjay Reddy,sanjay.reddy3676@gmail.com,Male,Mumbai,Maharashtra,2025-11-06
C03239,Varun Mishra,varun.mishra8666@outlook.com,Female,Nagpur,Maharashtra,2023-05-10
C03240,Aditi Gupta,aditi.gupta8087@gmail.com,Male,Kochi,Kerala,2025-09-14
C03241,Aditya Singh,aditya.singh9545@gmail.com,Male,Surat,Gujarat,2025-01-28
C03242,Kabir Naik,kabir.naik4062@gmail.com,Male,Mumbai,Maharashtra,2024-06-29
C03243,Varun Malhotra,varun.malhotra1923@outlook.com,Male,Kolkata,West Bengal,2025-04-19
C03244,Riya Jain,riya.jain4056@yahoo.com,Female,Ahmedabad,Gujarat,2025-12-28
C03245,Riya Kadam,riya.kadam282@gmail.com,Female,Kolkata,West Bengal,2023-12-31
C03246,Sakshi Verma,sakshi.verma8756@gmail.com,Male,Mysuru,Karnataka,2025-03-28
C03247,Shruti Banerjee,shruti.banerjee2276@gmail.com,Female,Delhi,Delhi,2023-07-12
C03248,Manish Deshmukh,manish.deshmukh9728@gmail.com,Female,Nagpur,Maharashtra,2025-11-04
C03249,Priya Shah,priya.shah7139@gmail.com,Female,Nagpur,Maharashtra,2024-07-12
C03250,Pooja Menon,pooja.menon7301@gmail.com,Female,Pune,Maharashtra,2023-02-16
C03251,Diya Agarwal,diya.agarwal6941@gmail.com,Male,Nagpur,Maharashtra,2025-04-23
C03252,Tanvi Jain,tanvi.jain7946@gmail.com,Male,Nagpur,Maharashtra,2025-03-22
C03253,Nisha Saxena,nisha.saxena5039@outlook.com,Female,Nagpur,Maharashtra,2025-07-25
C03254,Nisha Verma,nisha.verma6655@gmail.com,Male,Nashik,Maharashtra,2024-08-05
C03255,Zoya Nair,zoya.nair4962@gmail.com,Female,Surat,Gujarat,2025-10-29
C03256,Varun Shah,varun.shah8513@gmail.com,Male,Chennai,Tamil Nadu,2025-07-27
C03257,Sameer Mishra,sameer.mishra1760@gmail.com,Female,Nagpur,Maharashtra,2025-12-28
C03258,Raj Bhat,raj.bhat4761@gmail.com,Male,Bengaluru,Karnataka,2024-06-27
C03259,Sanjay Iyer,sanjay.iyer6473@gmail.com,Female,Nashik,Maharashtra,2025-11-20
C03260,Ishaan Kulkarni,ishaan.kulkarni2697@gmail.com,Male,Indore,Madhya Pradesh,2023-03-06
C03261,Varun Patil,varun.patil4759@yahoo.com,Male,Ahmedabad,Gujarat,2025-03-30
C03262,Aditi Das,aditi.das4442@yahoo.com,Female,Jaipur,Rajasthan,2024-01-02
C03263,Riya Naik,riya.naik18@yahoo.com,Male,Mumbai,Maharashtra,2024-03-29
C03264,Aditya Kumar,aditya.kumar8871@yahoo.com,Male,Kolkata,West Bengal,2024-09-16
C03265,Shruti Malhotra,shruti.malhotra4301@gmail.com,Female,Mysuru,Karnataka,2025-08-28
C03266,Shivani Banerjee,shivani.banerjee2457@outlook.com,Female,Hyderabad,Telangana,2023-01-30
C03267,Aarav Patil,aarav.patil762@gmail.com,Female,Bengaluru,Karnataka,2024-03-11
C03268,Sameer Kulkarni,sameer.kulkarni3340@gmail.com,Female,Nagpur,Maharashtra,2024-12-29
C03269,Sakshi Deshmukh,sakshi.deshmukh9272@gmail.com,Female,Mumbai,Maharashtra,2024-06-18
C03270,Kabir Kadam,kabir.kadam7087@outlook.com,Male,Indore,Madhya Pradesh,2024-08-25
C03271,Zoya Agarwal,zoya.agarwal1948@yahoo.com,Female,Kolkata,West Bengal,2023-02-09
C03272,Ishaan Singh,ishaan.singh521@gmail.com,Male,Kochi,Kerala,2023-03-13
C03273,Sneha Verma,sneha.verma789@gmail.com,Female,Kochi,Kerala,2023-09-09
C03274,Nikhil Deshmukh,nikhil.deshmukh9864@gmail.com,Female,Chennai,Tamil Nadu,2023-09-27
C03275,Vikram Joshi,,Female,Nashik,Maharashtra,2024-12-03
C03276,Rohan Iyer,rohan.iyer6200@gmail.com,Male,Chennai,Tamil Nadu,2023-03-21
C03277,Ayush Kumar,ayush.kumar9797@gmail.com,Female,Kochi,Kerala,2024-12-05
C03278,Deepak Kumar,deepak.kumar2930@gmail.com,Male,Kochi,Kerala,2025-05-21
C03279,Ayush Malhotra,ayush.malhotra3875@gmail.com,Female,Bengaluru,Karnataka,2024-11-10
C03280,Tanvi Saxena,tanvi.saxena8184@gmail.com,Female, Bengaluru ,Karnataka,2024-06-13
C03281,Sakshi Deshmukh,sakshi.deshmukh5345@gmail.com,Male,Jaipur,Rajasthan,2024-08-13
C03282,Sanjay Singh,sanjay.singh1589@gmail.com,Male,Delhi,Delhi,2023-12-16
C03283,Priya Sharma,priya.sharma2257@gmail.com,Female,Kolkata,West Bengal,2023-06-17
C03284,Riya Nair,riya.nair9773@gmail.com,Male,Mumbai,Maharashtra,2023-12-07
C03285,Mohit Gupta,mohit.gupta1507@gmail.com,Female,Pune,Maharashtra,2024-01-14
C03286,Mohit Shetty,mohit.shetty7600@outlook.com,Male, Surat ,Gujarat,2023-10-21
C03287,Sneha Agarwal,sneha.agarwal5687@yahoo.com,Female,Chennai,Tamil Nadu,2024-05-19
C03288,Priya Bhat,priya.bhat2974@gmail.com,F,Delhi,Delhi,2023-12-17
C03289,Riya Reddy,riya.reddy1671@gmail.com,Male,MYSURU,Karnataka,2024-10-02
C03290,Zoya Kumar,zoya.kumar1386@outlook.com,Male,Kolkata,West Bengal,2025-01-24
C03291,Akash Kumar,akash.kumar8678@gmail.com,Female,Kochi,Kerala,2023-04-17
C03292,Pooja Malhotra,pooja.malhotra7353@outlook.com,Female,Mumbai,Maharashtra,2024-06-13
C03293,Neha Pillai,neha.pillai3529@gmail.com,Male,Hyderabad,Telangana,2025-01-19
C03294,Pooja Rao,pooja.rao4856@gmail.com,female,Indore,Madhya Pradesh,2025-12-19
C03295,Ayush Verma,ayush.verma9366@outlook.com,Male,Nagpur,Maharashtra,2024-09-06
C03296,Nandini Deshmukh,nandini.deshmukh610@gmail.com,Male,Indore,Madhya Pradesh,2024-02-21
C03297,Yash Naik,yash.naik3651@gmail.com,Male,Jaipur,Rajasthan,2023-03-04
C03298,Isha Nair,isha.nair1134@gmail.com,Male,Ahmedabad,Gujarat,2023-06-20
C03299,Isha Shetty,isha.shetty7007@gmail.com,Female,Nagpur,Maharashtra,2024-01-09
C03300,Zoya Bhat,zoya.bhat9132@gmail.com,Female,Kochi,Kerala,2023-12-25
C03301,Karan Pillai,karan.pillai3226@gmail.com,Female,Jaipur,Rajasthan,2025-08-31
C03302,Nisha Singh,nisha.singh1035@gmail.com,Male,Pune,Maharashtra,2024-10-09
C03303,Ayush Rao,ayush.rao6704@gmail.com,Male,Mysuru,Karnataka,2024-09-18
C03304,Priya Mishra,priya.mishra8396@gmail.com,Male,Hyderabad,Telangana,2025-09-15
C03305,Zoya Jain,zoya.jain5846@gmail.com,Female,Indore,Madhya Pradesh,2023-08-08
C03306,Kavya Deshmukh,kavya.deshmukh8145@gmail.com,Female,Chennai,Tamil Nadu,2025-02-20
C03307,Tanvi Mishra,tanvi.mishra9717@gmail.com,Male,Ahmedabad,Gujarat,2023-11-29
C03308,Pooja Shah,pooja.shah2247@gmail.com,Female,Hyderabad,Telangana,2025/03/22
C03309,Sneha Joshi,sneha.joshi872@gmail.com,Male,Kochi,Kerala,2024-11-30
C03310,Ayush Patil,ayush.patil7869@gmail.com,Male,Jaipur,Rajasthan,2024-11-27
C03311,Kabir Menon,kabir.menon2692@gmail.com,Male,Hyderabad,Telangana,2024-11-28
C03312,Kabir Malhotra,kabir.malhotra4769@gmail.com,Male,Ahmedabad,Gujarat,2025-12-05
C03313,Nikhil Gupta,nikhil.gupta8475@gmail.com,Female,Chennai,Tamil Nadu,2025-11-19
C03314,Raj Verma,raj.verma9202@gmail.com,Female,Kolkata,West Bengal,2023-12-16
C03315,Rahul Chavan,rahul.chavan8528@gmail.com,Male,Mysuru,Karnataka,2024-12-14
C03316,Raj Patil,raj.patil1180@outlook.com,Female,Pune,Maharashtra,2023-10-21
C03317,Kabir Malhotra,kabir.malhotra2265@gmail.com,Male,Nashik,Maharashtra,2023-06-01
C03318,Sanjay Shetty,sanjay.shetty1352@outlook.com,Male,Indore,Madhya Pradesh,2025-07-14
C03319,Rahul Agarwal,rahul.agarwal4912@gmail.com,Female,Nagpur,Maharashtra,2025-12-19
C03320,Arjun Saxena,arjun.saxena6980@outlook.com,Male,Chennai,Tamil Nadu,2024-02-27
C03321,Isha Gupta,isha.gupta1369@gmail.com,Male,Jaipur,Rajasthan,2023-08-03
C03322,Aditi Nair,aditi.nair5608@gmail.com,Male,Jaipur,Rajasthan,2025-10-26
C03323,Anika Jain,anika.jain8837@gmail.com,Female,Hyderabad,Telangana,2025-10-03
C03324,Rahul Jain,rahul.jain9395@gmail.com,Male,Bengaluru,Karnataka,2023-02-16
C03325,Tanvi Rao,tanvi.rao6078@gmail.com,Male,Nagpur,Maharashtra,2023-04-07
C03326,Nisha Banerjee,nisha.banerjee9597@gmail.com,Male,Ahmedabad,Gujarat,2025-05-16
C03327,Rohan Mehta,rohan.mehta8277@yahoo.com,Male,Nashik,Maharashtra,2024-10-03
C03328,Varun Mishra,varun.mishra3207@gmail.com,Female,Bengaluru,Karnataka,2024-10-14
C03329,Aditi Mishra,aditi.mishra2006@gmail.com,Male,Mysuru,Karnataka,2023-09-06
C03330,Aarav Shah,aarav.shah2068@outlook.com,Female,Indore,Madhya Pradesh,2025-12-26
C03331,Deepak Chavan,deepak.chavan5737@gmail.com,Male,Indore,Madhya Pradesh,2024-10-07
C03332,Sneha Patil,sneha.patil8711@gmail.com,Male,Nagpur,Maharashtra,2023-05-01
C03333,Zoya More,zoya.more4653@gmail.com,Male,Mumbai,Maharashtra,2023-03-29
C03334,Deepak Deshmukh,deepak.deshmukh3394@gmail.com,Male,Hyderabad,Telangana,2025-08-02
C03335,Rahul Shetty,rahul.shetty8139@gmail.com,Female,Mysuru,Karnataka,2025-12-23
C03336,Sameer Reddy,sameer.reddy1302@gmail.com, Female ,Kochi,Kerala,2025-06-19
C03337,Zoya Mishra,zoya.mishra9321@gmail.com,Male,Nagpur,Maharashtra,2025-04-01
C03338,Riya Shah,riya.shah126@gmail.com,Female,Surat,Gujarat,2023-05-04
C03339,Sneha Mehta,sneha.mehta7388@gmail.com,Male,Delhi,Delhi,2024-08-20
C03340,Rahul Banerjee,rahul.banerjee3932@outlook.com,Male,Ahmedabad,Gujarat,2025-02-08
C03341,Riya Verma,riya.verma1669@gmail.com,Female,Surat,Gujarat,2023-08-25
C03342,Mohit Gupta,mohit.gupta2205@yahoo.com,Male,Nashik,Maharashtra,2023-03-29
C03343,Vikram Pillai,vikram.pillai471@gmail.com,Female,Pune,Maharashtra,2025-07-24
C03344,Sakshi Singh,sakshi.singh4095@gmail.com,Male,Bengaluru,Karnataka,2024-12-03
C03345,Isha Mehta,isha.mehta4211@gmail.com,Female,Ahmedabad,Gujarat,2024-06-06
C03346,Ananya Patil,ananya.patil7576@gmail.com,Male, Kochi ,Kerala,2023-08-03
C03347,Rahul Bhat,rahul.bhat6720@gmail.com,Male,Indore,Madhya Pradesh,2024-09-05
C03348,Rohan Kulkarni,rohan.kulkarni9188@yahoo.com,Male,Bengaluru,Karnataka,2024-01-22
C03349,Deepak Pillai,deepak.pillai4336@gmail.com,Female,Hyderabad,Telangana,2023-01-17
C03350,Shivani Nair,shivani.nair8351@gmail.com,Female,Ahmedabad,Gujarat,2023-10-03
C03351,Nandini Kadam,nandini.kadam1911@yahoo.com,Male,Chennai,Tamil Nadu,2025-07-17
C03352,Raj Kumar,raj.kumar364@gmail.com,Male,Surat,Gujarat,2024-03-08
C03353,Shivani Pillai,shivani.pillai9952@gmail.com,Male,Ahmedabad,Gujarat,2024-06-16
C03354,Karan Naik,karan.naik8351@outlook.com,Female,Jaipur,Rajasthan,2024-07-23
C03355,Priya Agarwal,priya.agarwal3895@gmail.com,Female,Delhi,Delhi,2023-08-18
C03356,Deepak Banerjee,deepak.banerjee7440@gmail.com,female,Kolkata,West Bengal,2023-09-10
C03357,Aditi Chavan,aditi.chavan1741@gmail.com,Female,Ahmedabad,Gujarat,2023-09-03
C03358,Aditya Nair,aditya.nair9687@yahoo.com,Male,Chennai,Tamil Nadu,2024-03-02
C03359,Zoya Pillai,zoya.pillai7271@gmail.com,Male,Hyderabad,Telangana,2025-08-20
C03360,Meera Nair,meera.nair7790@outlook.com,Male,Ahmedabad,Gujarat,2024-08-04
C03361,Nandini Kulkarni,nandini.kulkarni9923@gmail.com,Male,Hyderabad,Telangana,2023-01-18
C03362,Riya Nair,riya.nair389@gmail.com,Male,Jaipur,Rajasthan,2025-05-08
C03363,Sameer Reddy,sameer.reddy2743@gmail.com,Female,Delhi,Delhi,2024-06-25
C03364,Ananya Chavan,,Male,Indore,Madhya Pradesh,2023-12-15
C03365,Riya Rao,riya.rao129@gmail.com,Female,Kolkata,West Bengal,2023-10-02
C03366,Ananya Sharma,ananya.sharma9702@gmail.com,Male,Bengaluru,Karnataka,2025-10-10
C03367,Pallavi Nair,pallavi.nair6092@gmail.com,Male,Pune,Maharashtra,2024-07-08
C03368,Akash Malhotra,akash.malhotra1628@gmail.com,Male,Kolkata,West Bengal,2024-09-25
C03369,Neha Bhat,neha.bhat9633@yahoo.com,Female,Kolkata,West Bengal,2023-02-27
C03370,Diya Mishra,diya.mishra9419@gmail.com,Male,Ahmedabad,Gujarat,2024-06-07
C03371,Karan Iyer,karan.iyer8136@gmail.com,Male,Delhi,Delhi,2023-06-10
C03372,Karan Deshmukh,karan.deshmukh3515@gmail.com,Female,Bengaluru,Karnataka,2024-06-26
C03373,Arjun Kulkarni,arjun.kulkarni590@gmail.com,Female,Jaipur,Rajasthan,2023-04-16
C03374,Sakshi Naik,sakshi.naik6260@gmail.com,Male,Ahmedabad,Gujarat,2023-07-23
C03375,Vikram Sharma,vikram.sharma7360@gmail.com,Male,Pune,Maharashtra,2025-03-28
C03376,Diya Agarwal,diya.agarwal9751@gmail.com,Male,Bengaluru,Karnataka,2023-03-07
C03377,Sameer Menon,sameer.menon2230@gmail.com,Female,Surat,Gujarat,2025-04-28
C03378,Kavya Singh,kavya.singh173@gmail.com,Female, Jaipur ,Rajasthan,2023-03-05
C03379,Vikram Malhotra,vikram.malhotra991@gmail.com,Female,Delhi,Delhi,2023-03-03
C03380,Mohit Reddy,,Male,Delhi,Delhi,2023-01-26
C03381,Shruti Rao,shruti.rao577@outlook.com,Male,Mumbai,Maharashtra,2024-01-24
C03382,Ishaan Mehta,ishaan.mehta8866@gmail.com,Male,Mumbai,Maharashtra,2024-02-23
C03383,Zoya Pillai,zoya.pillai6397@outlook.com,Male,Kochi,Kerala,2023-06-04
C03384,Karan Kulkarni,karan.kulkarni5190@gmail.com,Female,Bengaluru,Karnataka,2024-06-03
C03385,Ayush Pillai,ayush.pillai8974@gmail.com,Female,Mumbai,Maharashtra,2023-12-09
C03386,Aarav Rao,aarav.rao4022@gmail.com,Male,Chennai,Tamil Nadu,2024-09-19
C03387,Diya Das,diya.das4812@gmail.com,Male,Hyderabad,Telangana,2024-09-09
C03388,Rohan Reddy,rohan.reddy262@gmail.com,Female,Mumbai,Maharashtra,2025-03-24
C03389,Karan Nair,karan.nair1358@gmail.com,Male,Kochi,Kerala,2024-07-06
C03390,Raj Joshi,raj.joshi7783@gmail.com,Female,Chennai,Tamil Nadu,2025-07-02
C03391,Shruti Sharma,shruti.sharma6902@gmail.com, Male ,Hyderabad,Telangana,2024-01-10
C03392,Arjun Shah,arjun.shah7715@gmail.com,Male,Kochi,Kerala,2023-09-25
C03393,Varun Malhotra,varun.malhotra9139@gmail.com,Male,Indore,Madhya Pradesh,2024-09-06
C03394,Neha Verma,neha.verma9583@yahoo.com,Female,Indore,Madhya Pradesh,2025-01-05
C03395,Ayush Gupta,ayush.gupta1742@gmail.com,Male,Bengaluru,Karnataka,2023-09-27
C03396,Priya Shetty,priya.shetty2807@gmail.com,Female,Jaipur,Rajasthan,2023-07-06
C03397,Nikhil Mishra,nikhil.mishra4192@outlook.com,Female,Nagpur,Maharashtra,2025-04-27
C03398,Zoya Kadam,zoya.kadam3514@outlook.com,Female,Ahmedabad,Gujarat,2023-09-17
C03399,Akash Shetty,akash.shetty8620@gmail.com,Female,Bengaluru,Karnataka,2025-10-21
C03400,Varun Joshi,varun.joshi3790@outlook.com,Male,Bengaluru,Karnataka,2025-11-12
C03401,Pallavi Kulkarni,pallavi.kulkarni8049@gmail.com,Male,Nagpur,Maharashtra,2023-03-08
C03402,Anika Singh,anika.singh834@gmail.com,Male,Chennai,Tamil Nadu,2023-03-31
C03403,Sameer Malhotra,sameer.malhotra3243@gmail.com,Male,Mysuru,Karnataka,2023-09-19
C03404,Neha Bhat,neha.bhat7170@gmail.com,Female,Chennai,Tamil Nadu,2025-11-10
C03405,Aditya Naik,,Female,Pune,Maharashtra,2023-08-29
C03406,Priya Joshi,priya.joshi2435@gmail.com,Male,Ahmedabad,Gujarat,2024-01-19
C03407,Ananya Iyer,ananya.iyer2441@gmail.com,Female,Hyderabad,Telangana,2025-10-03
C03408,Rahul Sharma,rahul.sharma3578@gmail.com,Male,KOCHI,Kerala,2024-03-02
C03409,Aditi Sharma,aditi.sharma6185@gmail.com,Female,Jaipur,Rajasthan,2025-11-28
C03410,Sameer Rao,sameer.rao89@gmail.com,F,Hyderabad,Telangana,2023-08-16
C03411,Ayush Joshi,ayush.joshi53@gmail.com,Male,Mumbai,Maharashtra,2025-04-11
C03412,Sakshi Jain,sakshi.jain3861@gmail.com,Female,Surat,Gujarat,2023-11-08
C03413,Kavya Shetty,kavya.shetty9466@outlook.com,Male,Kolkata,West Bengal,2025-12-25
C03414,Sakshi Sharma,sakshi.sharma4928@yahoo.com,Male,Jaipur,Rajasthan,2024-11-20
C03415,Nisha Singh,nisha.singh6375@gmail.com,Male,Kolkata,West Bengal,2024-06-12
C03416,Akash Sharma,akash.sharma4553@gmail.com,Male,kochi,Kerala,2025-11-20
C03417,Sneha Kulkarni,sneha.kulkarni4012@outlook.com,Male,Kochi,Kerala,2023-07-18
C03418,Arjun Naik,arjun.naik5225@gmail.com,Female,Kochi,Kerala,2023-06-24
C03419,Nandini Kumar,nandini.kumar9403@gmail.com,Male,Jaipur,Rajasthan,2023-10-17
C03420,Aditi Nair,aditi.nair207@gmail.com,Female,Nashik,Maharashtra,2024-06-16
C03421,Manish Kumar,manish.kumar4560@gmail.com,Female,Surat,Gujarat,2024-05-04
C03422,Aditi Rao,aditi.rao9426@gmail.com,Female,Delhi,Delhi,2025-02-07
C03423,Raj Menon,raj.menon6636@gmail.com,Female,Mysuru,Karnataka,2024-07-13
C03424,Diya More,diya.more969@yahoo.com,Male,Bengaluru,Karnataka,2023-07-15
C03425,Neha Menon,neha.menon2291@yahoo.com,Male,Nashik,Maharashtra,2023-02-02
C03426,Zoya Reddy,zoya.reddy3655@yahoo.com,Female,Kochi,Kerala,2023-10-10
C03427,Sanjay Shetty,sanjay.shetty28@gmail.com,Female,Surat,Gujarat,2024-08-14
C03428,Diya Patil,diya.patil8215@gmail.com,F,Jaipur,Rajasthan,2024-12-10
C03429,Nandini More,nandini.more7670@gmail.com,Female,Delhi,Delhi,2023-10-06
C03430,Kavya Singh,kavya.singh3651@gmail.com,Female,Chennai,Tamil Nadu,2023-11-24
C03431,Aditi Sharma,aditi.sharma2622@gmail.com,Male,Chennai,Tamil Nadu,2023-06-28
C03432,Nisha More,nisha.more9004@gmail.com,F,Delhi,Delhi,2023-08-08
C03433,Ananya Chavan,ananya.chavan5678@gmail.com,Female,Pune,Maharashtra,2024-11-01
C03434,Sameer Kulkarni,sameer.kulkarni1006@outlook.com,Male, Kochi ,Kerala,2023-03-06
C03435,Meera Patil,meera.patil6701@gmail.com,Male,Chennai,Tamil Nadu,2025-05-23
C03436,Anika Reddy,anika.reddy8568@gmail.com,Female,Jaipur,Rajasthan,2024-05-11
C03437,Anika Sharma,anika.sharma3295@gmail.com,Female,Mumbai,Maharashtra,2023-12-26
C03438,Ananya Verma,ananya.verma491@gmail.com,Female,Mumbai,Maharashtra,2023-09-14
C03439,Aarav Pillai,aarav.pillai7140@gmail.com,Male,Mysuru,Karnataka,2025-05-29
C03440,Nandini Deshmukh,nandini.deshmukh5014@gmail.com,Male,Ahmedabad,Gujarat,2023-04-05
C03441,Tanvi Singh,tanvi.singh6282@gmail.com,Male,Hyderabad,Telangana,2024-09-06
C03442,Shruti Mehta,shruti.mehta122@gmail.com,Female,Delhi,Delhi,2024-04-29
C03443,Manish Mishra,manish.mishra2449@gmail.com,Male,Chennai,Tamil Nadu,2025-10-04
C03444,Riya Bhat,riya.bhat8057@gmail.com,Male,Ahmedabad,Gujarat,2023-06-20
C03445,Ishaan Kumar,ishaan.kumar2077@outlook.com,Male,Surat,Gujarat,2023-07-27
C03446,Sameer Rao,sameer.rao6432@gmail.com,Female,Bengaluru,Karnataka,2025-11-09
C03447,Riya Shetty,riya.shetty2510@gmail.com,Female,Mysuru,Karnataka,2025-03-30
C03448,Ananya Shetty,ananya.shetty6707@yahoo.com,Female,Nagpur,Maharashtra,2025-06-24
C03449,Zoya Banerjee,zoya.banerjee4817@outlook.com,Female,Indore,Madhya Pradesh,2024-07-06
C03450,Anika Kadam,anika.kadam3412@gmail.com,Male,Pune,Maharashtra,2023-05-04
C03451,Aditya Singh,aditya.singh8370@gmail.com,Female,Kochi,Kerala,2023-08-11
C03452,Pooja Reddy,,Male,Pune,Maharashtra,2024-04-26
C03453,Pooja Patil,pooja.patil6209@yahoo.com,Male,Chennai,Tamil Nadu,2025-05-08
C03454,Ayush Reddy,ayush.reddy7101@gmail.com,Female,Mumbai,Maharashtra,2024-11-19
C03455,Ishaan Verma,,Female,Chennai,Tamil Nadu,2023-12-19
C03456,Nikhil Chavan,nikhil.chavan2037@gmail.com,Female,Indore,Madhya Pradesh,2023-06-30
C03457,Kavya Bhat,kavya.bhat8713@gmail.com,F,Jaipur,Rajasthan,2023-06-14
C03458,Mohit Sharma,mohit.sharma3835@gmail.com,Male,Indore,Madhya Pradesh,2025-05-28
C03459,Rahul Kadam,rahul.kadam8209@yahoo.com,Male,Nagpur,Maharashtra,2024-08-11
C03460,Ananya Naik,ananya.naik9622@gmail.com,Male,Jaipur,Rajasthan,2024-07-21
C03461,Sameer Gupta,sameer.gupta5700@gmail.com,Male,Chennai,Tamil Nadu,2023-02-07
C03462,Aditya Iyer,aditya.iyer6089@gmail.com,Male,Mumbai,Maharashtra,2023-11-26
C03463,Neha Mehta,neha.mehta4059@gmail.com,Male,Surat,Gujarat,2024-01-17
C03464,Sameer Patil,sameer.patil6954@gmail.com,Male,Chennai,Tamil Nadu,2025-12-17
C03465,Yash Reddy,yash.reddy6318@gmail.com,Male,Mumbai,Maharashtra,2025-10-31
C03466,Kavya Iyer,kavya.iyer1730@outlook.com,Male,Bengaluru,Karnataka,2024-02-17
C03467,Anika Mehta,anika.mehta541@gmail.com,Male,Surat,Gujarat,2024-07-19
C03468,Pooja Shetty,,Male,Kochi,Kerala,2025-08-30
C03469,Yash Mishra,yash.mishra9099@gmail.com,Male,Mumbai,Maharashtra,2025-08-13
C03470,Arjun Menon,arjun.menon2559@gmail.com,Male,Nashik,Maharashtra,2025-03-05
C03471,Zoya Joshi,zoya.joshi7655@yahoo.com,Female,Mumbai,Maharashtra,2024-08-06
C03472,Rohan Shetty,rohan.shetty1272@gmail.com,Female,Bengaluru,Karnataka,2023-09-04
C03473,Rahul Shah,rahul.shah2723@gmail.com,Male,Delhi,Delhi,2025-12-21
C03474,Vikram Shetty,vikram.shetty7278@yahoo.com,Male,Pune,Maharashtra,2025-12-18
C03475,Vikram Reddy,vikram.reddy9819@gmail.com,Male,Surat,Gujarat,2025-08-16
C03476,Varun Kulkarni,varun.kulkarni7001@gmail.com,Male,ahmedabad,Gujarat,2023/08/05
C03477,Shruti Pillai,shruti.pillai2136@gmail.com,Female,Indore,Madhya Pradesh,2023-11-13
C03478,Nandini Pillai,nandini.pillai8783@gmail.com,Female,Kolkata,West Bengal,2023-09-05
C03479,Rahul Das,rahul.das7340@gmail.com,Male, Hyderabad ,Telangana,2023-03-24
C03480,Aarav Iyer,aarav.iyer8972@gmail.com,Female,Surat,Gujarat,2024-08-10
C03481,Riya Rao,riya.rao525@gmail.com,Male,Indore,Madhya Pradesh,2025-10-22
C03482,Nandini Kadam,nandini.kadam3191@gmail.com,Male,Indore,Madhya Pradesh,2024-08-23
C03483,Sameer Iyer,sameer.iyer6411@gmail.com,Female,Pune,Maharashtra,2023-09-06
C03484,Sanjay Kadam,sanjay.kadam9045@gmail.com,Female,Surat,Gujarat,2025-02-22
C03485,Nandini Gupta,nandini.gupta336@gmail.com,Female,Nashik,Maharashtra,2025-08-24
C03486,Riya Mehta,riya.mehta4038@gmail.com,Male,Ahmedabad,Gujarat,2023-08-31
C03487,Anika Kumar,anika.kumar6671@gmail.com,Male,Bengaluru,Karnataka,2023-08-25
C03488,Sakshi Mehta,sakshi.mehta168@gmail.com,Male,Bengaluru,Karnataka,2025-09-10
C03489,Rohan Patil,rohan.patil4237@gmail.com,Female,Indore,Madhya Pradesh,2025-12-06
C03490,Manish More,manish.more8827@gmail.com,Male,Mysuru,Karnataka,2023-08-19
C03491,Nikhil Bhat,nikhil.bhat8257@gmail.com,Male,Indore,Madhya Pradesh,2024-08-22
C03492,Aditi Sharma,aditi.sharma6974@gmail.com,Male,Chennai,Tamil Nadu,2023-08-08
C03493,Priya Banerjee,priya.banerjee2424@gmail.com,Female,Hyderabad,Telangana,2023-04-06
C03494,Ananya Gupta,ananya.gupta9022@gmail.com,Female,Kolkata,West Bengal,2025-01-16
C03495,Sameer More,sameer.more3796@gmail.com,Male, Surat ,Gujarat,2024-05-16
C03496,Pooja Bhat,pooja.bhat61@gmail.com,Male,Mumbai,Maharashtra,2023-07-11
C03497,Ayush Menon,ayush.menon8180@gmail.com,Female,Surat,Gujarat,2024-07-19
C03498,Diya Pillai,diya.pillai2013@gmail.com,Female,Jaipur,Rajasthan,2025-05-19
C03499,Mohit Bhat,mohit.bhat1831@gmail.com,Male,Delhi,Delhi,2024-10-19
C03500,Tanvi Shetty,tanvi.shetty1623@gmail.com,Male,Kolkata,West Bengal,2024-11-05
C03501,Raj Verma,raj.verma8311@gmail.com,Female,Surat,Gujarat,2025-10-16
C03502,Rohan Joshi,rohan.joshi757@outlook.com,Male,Pune,Maharashtra,2025-02-09
C03503,Meera Mishra,meera.mishra2525@gmail.com,Female,Ahmedabad,Gujarat,2023-02-08
C03504,Sneha Agarwal,sneha.agarwal4600@gmail.com,Female,Mysuru,Karnataka,2025-01-27
C03505,Varun Reddy,varun.reddy1069@outlook.com,Male,Bengaluru,Karnataka,2025-01-03
C03506,Aditi Rao,aditi.rao8202@outlook.com,Male,Hyderabad,Telangana,2023-05-06
C03507,Rohan Gupta,rohan.gupta7885@yahoo.com,Male,Surat,Gujarat,2024-06-23
C03508,Vikram Kadam,vikram.kadam3557@gmail.com,Female,Mysuru,Karnataka,2023-05-06
C03509,Priya Deshmukh,priya.deshmukh271@gmail.com,Female,Hyderabad,Telangana,2025-12-21
C03510,Nikhil Das,nikhil.das8255@gmail.com,Female,Mumbai,Maharashtra,2024-09-09
C03511,Karan Gupta,karan.gupta9228@gmail.com,Female,Bengaluru,Karnataka,2023-11-28
C03512,Nandini Agarwal,nandini.agarwal8662@gmail.com,Male,Surat,Gujarat,2025-03-18
C03513,Tanvi Iyer,tanvi.iyer4929@gmail.com,Female,Jaipur,Rajasthan,2025-11-23
C03514,Shivani Singh,shivani.singh178@outlook.com,Female,Chennai,Tamil Nadu,2023-10-06
C03515,Manish Reddy,manish.reddy3393@gmail.com,Male,Kolkata,West Bengal,2023-05-19
C03516,Nisha Shetty,nisha.shetty6851@gmail.com,Female,Ahmedabad,Gujarat,2025-09-01
C03517,Sanjay Reddy,sanjay.reddy7075@yahoo.com,Female,Hyderabad,Telangana,2025-12-19
C03518,Sanjay Patil,sanjay.patil4323@yahoo.com,Female,Ahmedabad,Gujarat,2023-03-03
C03519,Raj Kadam,raj.kadam952@gmail.com,Female,Hyderabad,Telangana,2023-12-28
C03520,Mohit Joshi,mohit.joshi426@yahoo.com,Male,Bengaluru,Karnataka,2024-12-11
C03521,Vikram Nair,vikram.nair1383@gmail.com,Female,Nagpur,Maharashtra,2025-05-06
C03522,Sneha Joshi,sneha.joshi5159@gmail.com,Female,Surat,Gujarat,2023-01-19
C03523,Shivani Rao,shivani.rao8205@outlook.com,Female,Bengaluru,Karnataka,2025-08-28
C03524,Rahul Verma,rahul.verma7158@gmail.com,Male,Chennai,Tamil Nadu,2023-11-22
C03525,Mohit Das,mohit.das4264@gmail.com,Male,Surat,Gujarat,2025-12-15
C03526,Vikram Nair,vikram.nair2143@outlook.com,Male,Indore,Madhya Pradesh,2025-04-04
C03527,Karan Patil,karan.patil2884@gmail.com,Female,Mysuru,Karnataka,2023-12-27
C03528,Arjun Kulkarni,arjun.kulkarni7625@gmail.com,Female,Surat,Gujarat,2023-06-03
C03529,Sneha Malhotra,sneha.malhotra1756@gmail.com,Male,Mumbai,Maharashtra,2025-10-04
C03530,Akash Agarwal,akash.agarwal8909@gmail.com,Male,Chennai,Tamil Nadu,2023-11-19
C03531,Nikhil Joshi,nikhil.joshi9465@yahoo.com,Male,Indore,Madhya Pradesh,2025-04-07
C03532,Aditya Verma,aditya.verma6970@gmail.com,Male,Pune,Maharashtra,2023-08-01
C03533,Raj Banerjee,,Male,Surat,Gujarat,2024-01-02
C03534,Shivani Jain,shivani.jain1577@gmail.com,Male,Surat,Gujarat,2023-01-29
C03535,Sameer Joshi,sameer.joshi1002@gmail.com,Male,Kolkata,West Bengal,2023/06/08
C03536,Ananya Rao,ananya.rao3549@gmail.com,Female,Kolkata,West Bengal,2023-02-09
C03537,Kavya Rao,kavya.rao5620@gmail.com,Male,Kochi,Kerala,2023-03-22
C03538,Nikhil Jain,nikhil.jain3036@gmail.com,Female,Hyderabad,Telangana,2024-03-03
C03539,Karan Joshi,karan.joshi6182@gmail.com,Male,Kochi,Kerala,2024-07-26
C03540,Tanvi Iyer,tanvi.iyer7277@gmail.com,Male,Nagpur,Maharashtra,2024-07-24
C03541,Nisha Sharma,nisha.sharma9231@gmail.com,Female,Jaipur,Rajasthan,2024-03-31
C03542,Priya Joshi,priya.joshi5741@yahoo.com,Female,Bengaluru,Karnataka,2023-11-17
C03543,Arjun More,arjun.more9917@gmail.com,Male,Nagpur,Maharashtra,2024-03-24
C03544,Varun More,varun.more2962@yahoo.com,Male,Pune,Maharashtra,2025-10-07
C03545,Ishaan Menon,ishaan.menon6360@gmail.com,Female,Nagpur,Maharashtra,2023-08-30
C03546,Akash Deshmukh,akash.deshmukh984@gmail.com, Female ,Surat,Gujarat,2025-05-29
C03547,Shivani Rao,shivani.rao2822@outlook.com,Male,Ahmedabad,Gujarat,2024-11-09
C03548,Nisha Chavan,nisha.chavan3375@outlook.com,male,Chennai,Tamil Nadu,2024-12-29
C03549,Shruti Mishra,shruti.mishra393@outlook.com,Male,Nashik,Maharashtra,2025-02-04
C03550,Zoya Banerjee,zoya.banerjee4947@gmail.com,Female,Jaipur,Rajasthan,2025-06-09
C03551,Yash Verma,yash.verma365@gmail.com,Male,Surat,Gujarat,2025-04-25
C03552,Kabir Sharma,kabir.sharma9267@gmail.com,Male,Nashik,Maharashtra,2023-07-31
C03553,Ishaan Iyer,ishaan.iyer6095@gmail.com,Male,Surat,Gujarat,2023-06-09
C03554,Shruti Patil,shruti.patil8893@gmail.com,Male,Chennai,Tamil Nadu,2024-06-14
C03555,Karan Menon,karan.menon3162@gmail.com,Male,Pune,Maharashtra,2024-12-14
C03556,Karan Sharma,karan.sharma5867@gmail.com,Male,Pune,Maharashtra,2024-05-16
C03557,Diya Saxena,diya.saxena5646@gmail.com,Male,Delhi,Delhi,2024-11-09
C03558,Shruti Menon,shruti.menon5541@gmail.com,Female,Mysuru,Karnataka,2024-04-08
C03559,Aditya Shah,aditya.shah9527@yahoo.com,Female,Indore,Madhya Pradesh,2025-04-09
C03560,Manish Malhotra,manish.malhotra3167@gmail.com,Female,Hyderabad,Telangana,2024-05-17
C03561,Mohit Gupta,mohit.gupta9710@gmail.com,Male,Kochi,Kerala,2023-12-01
C03562,Aarav Saxena,aarav.saxena5692@yahoo.com,Male,Jaipur,Rajasthan,2023-02-24
C03563,Ayush Reddy,ayush.reddy4437@gmail.com,Male,Indore,Madhya Pradesh,2024-07-05
C03564,Raj Patil,raj.patil9814@gmail.com,M,Kolkata,West Bengal,2024-11-13
C03565,Shruti Malhotra,shruti.malhotra934@gmail.com,Male,Nagpur,Maharashtra,2023-10-02
C03566,Mohit Pillai,mohit.pillai1242@outlook.com,Female,Ahmedabad,Gujarat,2024-02-10
C03567,Pooja Jain,pooja.jain2632@gmail.com,Male,Delhi,Delhi,2024-07-23
C03568,Sakshi Iyer,sakshi.iyer1532@gmail.com,Female,Nagpur,Maharashtra,2024-07-03
C03569,Rahul Malhotra,rahul.malhotra9610@gmail.com,Male,Surat,Gujarat,2023-07-20
C03570,Sameer Rao,sameer.rao1646@outlook.com,Female,Mumbai,Maharashtra,2024-04-14
C03571,Meera Mishra,meera.mishra6949@gmail.com,Female,Ahmedabad,Gujarat,2023-09-20
C03572,Priya Reddy,priya.reddy6541@gmail.com,Female,Nashik,Maharashtra,2025-11-07
C03573,Arjun Menon,arjun.menon426@gmail.com,Male,Kochi,Kerala,2023-10-18
C03574,Tanvi Saxena,tanvi.saxena443@gmail.com,Male,Surat,Gujarat,2024-04-13
C03575,Kabir Menon,kabir.menon2261@gmail.com,Male,Chennai,Tamil Nadu,2024-10-07
C03576,Kavya Iyer,kavya.iyer1038@gmail.com,Male,Mysuru,Karnataka,2023-08-05
C03577,Rahul Verma,rahul.verma1551@gmail.com,Male,Bengaluru,Karnataka,2024-10-12
C03578,Deepak Kulkarni,deepak.kulkarni4917@gmail.com,Male,Nagpur,Maharashtra,2023-08-04
C03579,Isha Banerjee,isha.banerjee9697@outlook.com,Male,Kolkata,West Bengal,2025-09-20
C03580,Nandini Rao,nandini.rao6143@gmail.com,Male,Nagpur,Maharashtra,2023-09-17
C03581,Diya Mehta,diya.mehta4177@gmail.com,Male,Jaipur,Rajasthan,2024-04-28
C03582,Raj Iyer,raj.iyer4966@yahoo.com,Female,Mysuru,Karnataka,2023-01-16
C03583,Yash Patil,yash.patil6272@gmail.com,Male,Ahmedabad,Gujarat,2025-10-06
C03584,Mohit Agarwal,mohit.agarwal5814@gmail.com,Female,Pune,Maharashtra,2025-05-30
C03585,Shruti Patil,shruti.patil7665@yahoo.com,Female,Pune,Maharashtra,2024-11-27
C03586,Sneha Joshi,,Female,Bengaluru,Karnataka,2025-11-30
C03587,Isha Naik,isha.naik5263@gmail.com,Female,Hyderabad,Telangana,2023-12-18
C03588,Deepak Gupta,deepak.gupta304@yahoo.com,Female,Surat,Gujarat,2023-12-19
C03589,Sameer Pillai,sameer.pillai5947@gmail.com,Male,Pune,Maharashtra,2023-12-11
C03590,Priya Mishra,priya.mishra9604@gmail.com,Male,Delhi,Delhi,2023-06-14
C03591,Nisha Iyer,nisha.iyer5750@gmail.com,Male,Pune,Maharashtra,2024-01-11
C03592,Kabir Iyer,kabir.iyer2762@gmail.com,Female,Delhi,Delhi,2025-04-10
C03593,Karan Bhat,karan.bhat9659@gmail.com,Male,Ahmedabad,Gujarat,2024-01-22
C03594,Aarav Mehta,aarav.mehta2672@gmail.com,Female,Indore,Madhya Pradesh,2023-12-14
C03595,Anika Deshmukh,anika.deshmukh9742@gmail.com,Male,Nagpur,Maharashtra,2023-12-25
C03596,Sanjay More,sanjay.more6472@gmail.com,Female,Nashik,Maharashtra,2025-05-05
C03597,Aditya Reddy,aditya.reddy14@gmail.com,Female,Ahmedabad,Gujarat,2025-03-27
C03598,Akash Jain,akash.jain3191@gmail.com,Male,Delhi,Delhi,2025-05-31
C03599,Vikram Das,vikram.das317@gmail.com,Male,Chennai,Tamil Nadu,2023-03-22
C03600,Akash Mishra,akash.mishra9429@gmail.com,Male,Surat,Gujarat,2023-06-22
C03601,Rohan Agarwal,rohan.agarwal2213@gmail.com,Female,Hyderabad,Telangana,2023-12-30
C03602,Varun Mehta,varun.mehta6273@gmail.com,Male,Mumbai,Maharashtra,2024-03-31
C03603,Shivani Sharma,shivani.sharma2362@outlook.com,Female,Kochi,Kerala,2025-12-19
C03604,Aditya Kumar,aditya.kumar6567@gmail.com,Female,Ahmedabad,Gujarat,2024-07-29
C03605,Akash Pillai,akash.pillai6414@gmail.com,male,Ahmedabad,Gujarat,2023-09-23
C03606,Isha More,isha.more251@gmail.com,Male,Delhi,Delhi,2023-01-22
C03607,Varun Iyer,varun.iyer6951@gmail.com,Female,Hyderabad,Telangana,2024-07-09
C03608,Sneha Kadam,sneha.kadam1833@gmail.com,Male,Pune,Maharashtra,2024-04-01
C03609,Shivani Kulkarni,shivani.kulkarni4648@gmail.com,Female,Bengaluru,Karnataka,2024-06-14
C03610,Pooja Reddy,pooja.reddy6384@gmail.com,Female,Hyderabad,Telangana,2023-07-23
C03611,Nikhil Kulkarni,nikhil.kulkarni7542@gmail.com,Female,Kochi,Kerala,2024-02-07
C03612,Vikram Kadam,vikram.kadam8584@gmail.com,Female,Kochi,Kerala,2025-03-06
C03613,Shivani Menon,shivani.menon6923@gmail.com,Female,Kochi,Kerala,2023-03-06
C03614,Sanjay Deshmukh,sanjay.deshmukh4555@gmail.com,Male,Pune,Maharashtra,2023-04-03
C03615,Vikram Kumar,vikram.kumar1649@yahoo.com,Female,Indore,Madhya Pradesh,2024-11-27
C03616,Aditi Mehta,aditi.mehta9260@gmail.com,Male,Indore,Madhya Pradesh,2025-10-09
C03617,Pooja More,pooja.more2773@gmail.com,Male,PUNE,Maharashtra,2023-03-26
C03618,Tanvi Deshmukh,tanvi.deshmukh1284@outlook.com,Male,Chennai,Tamil Nadu,2024-07-01
C03619,Meera Joshi,meera.joshi5502@gmail.com,Female,Delhi,Delhi,2025-05-27
C03620,Pallavi Joshi,pallavi.joshi2721@gmail.com,Female,Kolkata,West Bengal,2023-01-23
C03621,Kabir Verma,kabir.verma6211@gmail.com,Female,Mysuru,Karnataka,2024-04-06
C03622,Nisha Jain,nisha.jain7671@gmail.com,Male,Bengaluru,Karnataka,2024-07-29
C03623,Isha Singh,isha.singh1045@gmail.com,Male,Mysuru,Karnataka,2024-06-29
C03624,Sanjay Kumar,sanjay.kumar5534@gmail.com,Female,Hyderabad,Telangana,2025-10-22
C03625,Neha Iyer,neha.iyer4573@gmail.com,Female,Mumbai,Maharashtra,2025-03-11
C03626,Raj Malhotra,raj.malhotra9538@gmail.com,Female,Bengaluru,Karnataka,2023-03-08
C03627,Kabir Mehta,kabir.mehta827@gmail.com,Female,chennai,Tamil Nadu,2025-05-25
C03628,Shivani Mishra,shivani.mishra3649@outlook.com,Female,Mumbai,Maharashtra,2024-08-24
C03629,Neha Nair,neha.nair6501@gmail.com,Male,Kolkata,West Bengal,2023-04-15
C03630,Kabir Agarwal,kabir.agarwal6819@gmail.com,Female,Kolkata,West Bengal,20/12/2024
C03631,Varun Reddy,varun.reddy3841@gmail.com,Male,Nashik,Maharashtra,2025-03-05
C03632,Rohan Kadam,rohan.kadam8520@gmail.com,Male,Chennai,Tamil Nadu,2023-06-28
C03633,Akash Reddy,akash.reddy2745@gmail.com,Male,Kolkata,West Bengal,2025-08-31
C03634,Isha Deshmukh,isha.deshmukh7455@yahoo.com,Female,Delhi,Delhi,2023-03-25
C03635,Aditi Deshmukh,aditi.deshmukh6758@gmail.com,Male,Hyderabad,Telangana,2025-01-14
C03636,Rahul Menon,rahul.menon4072@outlook.com,Female,Bengaluru,Karnataka,2024-04-11
C03637,Sneha Jain,sneha.jain3471@gmail.com,Female,Jaipur,Rajasthan,2024-05-18
C03638,Vikram Chavan,vikram.chavan374@gmail.com,Female,Kolkata,West Bengal,2024-03-08
C03639,Ayush Bhat,ayush.bhat3008@gmail.com,Female,Kochi,Kerala,2023-10-05
C03640,Shivani Menon,shivani.menon9424@gmail.com,Male,Indore,Madhya Pradesh,2025-08-31
C03641,Shruti Sharma,shruti.sharma7417@yahoo.com,Female,Surat,Gujarat,2025-11-14
C03642,Rahul Nair,rahul.nair9804@gmail.com,Female,Jaipur,Rajasthan,2024-11-05
C03643,Vikram Agarwal,vikram.agarwal3358@gmail.com,Male,Hyderabad,Telangana,2025-04-29
C03644,Zoya More,zoya.more7900@gmail.com,Male,Nagpur,Maharashtra,2025-10-28
C03645,Priya Saxena,priya.saxena368@gmail.com,Male,Nashik,Maharashtra,2024-10-22
C03646,Deepak Das,deepak.das971@gmail.com,Female,Mumbai,Maharashtra,2025-07-21
C03647,Ananya Bhat,ananya.bhat7264@gmail.com,Female,Indore,Madhya Pradesh,2025-04-02
C03648,Sameer Nair,sameer.nair1152@gmail.com,Male,Pune,Maharashtra,2023-05-06
C03649,Pallavi Shetty,pallavi.shetty7785@gmail.com,Male,Nashik,Maharashtra,2023-01-31
C03650,Zoya Das,zoya.das9293@yahoo.com,Male,Nagpur,Maharashtra,2023-06-14
C03651,Yash Kulkarni,yash.kulkarni6869@gmail.com,Male,Jaipur,Rajasthan,2023-11-12
C03652,Meera Rao,meera.rao109@yahoo.com,Female,Mumbai,Maharashtra,2025-07-26
C03653,Pooja Malhotra,pooja.malhotra6649@gmail.com,Male,Chennai,Tamil Nadu,2023-12-18
C03654,Aditi Nair,aditi.nair1437@gmail.com,Female,Mysuru,Karnataka,2024-04-25
C03655,Pooja Kadam,pooja.kadam1860@gmail.com,Female,Nashik,Maharashtra,2023-02-09
C03656,Pallavi Malhotra,pallavi.malhotra448@gmail.com,Male,Ahmedabad,Gujarat,2025-07-09
C03657,Ananya Malhotra,ananya.malhotra3120@gmail.com,Female,Delhi,Delhi,2025-06-18
C03658,Nandini Malhotra,nandini.malhotra4459@gmail.com,Female,Jaipur,Rajasthan,2023-11-29
C03659,Mohit Saxena,mohit.saxena1244@outlook.com,Male,Bengaluru,Karnataka,2023-10-28
C03660,Shivani Pillai,shivani.pillai6340@gmail.com,Female,Jaipur,Rajasthan,2023-01-12
C03661,Meera Kadam,meera.kadam8655@gmail.com,Male,Mumbai,Maharashtra,2024-12-04
C03662,Sakshi Chavan,sakshi.chavan9527@gmail.com,Male,Indore,Madhya Pradesh,2024-06-01
C03663,Rahul Sharma,rahul.sharma769@gmail.com,Female,Hyderabad,Telangana,2025-07-08
C03664,Akash Shetty,akash.shetty6764@gmail.com,Male,Nagpur,Maharashtra,2023-11-16
C03665,Tanvi Menon,tanvi.menon519@yahoo.com,Male,Bengaluru,Karnataka,2024-02-21
C03666,Isha Chavan,isha.chavan7452@gmail.com,Female,Kochi,Kerala,2023-05-15
C03667,Diya Naik,diya.naik9025@gmail.com,Female,Pune,Maharashtra,2025-04-29
C03668,Pooja Das,pooja.das504@gmail.com,Female,Jaipur,Rajasthan,2024-10-30
C03669,Diya Naik,diya.naik9266@gmail.com,Female,Jaipur,Rajasthan,2024-11-25
C03670,Neha Mehta,neha.mehta8854@gmail.com,Female,Mumbai,Maharashtra,2025-05-08
C03671,Raj Kadam,raj.kadam1815@gmail.com,Female,Mumbai,Maharashtra,2025-02-27
C03672,Sameer Gupta,sameer.gupta9143@gmail.com,Male,Pune,Maharashtra,2023-02-01
C03673,Aditi Shah,aditi.shah7485@gmail.com,Male,Nagpur,Maharashtra,2023-09-03
C03674,Shivani Nair,shivani.nair4607@gmail.com,Male,Nashik,Maharashtra,2024-06-25
C03675,Priya Saxena,priya.saxena3022@gmail.com,Female,Nagpur,Maharashtra,2025-02-20
C03676,Isha Kadam,isha.kadam106@gmail.com,Male,Indore,Madhya Pradesh,2025-09-19
C03677,Aarav Mishra,aarav.mishra2346@gmail.com,Male,Mysuru,Karnataka,2024-08-27
C03678,Rohan Nair,rohan.nair9603@gmail.com,Male,Ahmedabad,Gujarat,2023-02-08
C03679,Meera Rao,meera.rao156@gmail.com,Female,Delhi,Delhi,2024-05-24
C03680,Pallavi Rao,pallavi.rao4104@gmail.com,Female,Ahmedabad,Gujarat,2023-05-01
C03681,Aarav Reddy,aarav.reddy3979@gmail.com,Female,Kochi,Kerala,2024-08-24
C03682,Deepak Banerjee,deepak.banerjee698@gmail.com,Female,Surat,Gujarat,2024-09-23
C03683,Meera More,meera.more4201@yahoo.com,F,Surat,Gujarat,2025-05-20
C03684,Kabir Das,kabir.das4571@gmail.com,Male,Kolkata,West Bengal,2025-01-22
C03685,Sameer Das,sameer.das8366@yahoo.com,Male,Mysuru,Karnataka,2024-07-11
C03686,Ayush Verma,,Female,Indore,Madhya Pradesh,14-Jul-2025
C03687,Neha More,neha.more2504@gmail.com,Male,Ahmedabad,Gujarat,2025-04-21
C03688,Meera Singh,meera.singh6616@outlook.com,Female,Bengaluru,Karnataka,2025-02-19
C03689,Nikhil Jain,nikhil.jain6118@gmail.com,Female,Mumbai,Maharashtra,2023-09-22
C03690,Karan Reddy,karan.reddy4213@gmail.com,Female,Mysuru,Karnataka,2023-04-14
C03691,Karan Iyer,karan.iyer191@gmail.com,Female,Ahmedabad,Gujarat,2023-09-21
C03692,Sameer Mehta,sameer.mehta2908@gmail.com,Female,Kolkata,West Bengal,2025-04-15
C03693,Sakshi Malhotra,sakshi.malhotra9643@yahoo.com,Male,Nagpur,Maharashtra,2023-11-13
C03694,Manish Kumar,manish.kumar6560@yahoo.com,Female,Surat,Gujarat,2025-09-04
C03695,Yash Rao,yash.rao6107@gmail.com,Male,Nagpur,Maharashtra,2024-01-19
C03696,Pooja Kulkarni,pooja.kulkarni8614@gmail.com,Male,Hyderabad,Telangana,2024-06-05
C03697,Isha Banerjee,isha.banerjee9971@gmail.com,Male,Surat,Gujarat,2024-05-30
C03698,Priya Nair,priya.nair3116@gmail.com,Male,Nagpur,Maharashtra,2025-12-17
C03699,Deepak Gupta,deepak.gupta82@gmail.com,Female,Bengaluru,Karnataka,2023-03-02
C03700,Pooja Patil,pooja.patil6545@gmail.com,Male,Nashik,Maharashtra,2025-08-13
C03701,Pooja Mishra,pooja.mishra563@gmail.com,Male,Nashik,Maharashtra,2024-04-09
C03702,Manish Deshmukh,manish.deshmukh3354@yahoo.com,Female,Mumbai,Maharashtra,2023-02-04
C03703,Priya Reddy,priya.reddy2179@gmail.com,Female,Kochi,Kerala,2025-08-20
C03704,Priya Das,priya.das4878@gmail.com,Male,Nashik,Maharashtra,2025-02-24
C03705,Nikhil Shetty,nikhil.shetty2489@gmail.com,Male,Bengaluru,Karnataka,2024-11-05
C03706,Meera Kumar,meera.kumar517@outlook.com,Female,Indore,Madhya Pradesh,2024-04-20
C03707,Sneha Malhotra,sneha.malhotra4286@yahoo.com,Female,Surat,Gujarat,2023-07-29
C03708,Deepak Shetty,deepak.shetty6072@gmail.com,Male,Nagpur,Maharashtra,2023-03-11
C03709,Aarav Mehta,aarav.mehta4040@gmail.com,Female,Kolkata,West Bengal,2025-01-16
C03710,Shruti Singh,shruti.singh8631@gmail.com,Female,Ahmedabad,Gujarat,2023-07-25
C03711,Vikram Reddy,vikram.reddy120@gmail.com,Male,Surat,Gujarat,2024-08-17
C03712,Pooja Pillai,pooja.pillai2686@gmail.com,Male,CHENNAI,Tamil Nadu,2023-09-04
C03713,Ananya Kadam,ananya.kadam5183@gmail.com,Male,Hyderabad,Telangana,14-Sep-2025
C03714,Aarav Patil,aarav.patil8134@gmail.com,Male,Kolkata,West Bengal,2025-09-30
C03715,Ananya Pillai,ananya.pillai3708@gmail.com,Male,Delhi,Delhi,2023-05-08
C03716,Pallavi Agarwal,pallavi.agarwal747@gmail.com,Female,Nashik,Maharashtra,2024-01-03
C03717,Shruti Mishra,shruti.mishra9689@gmail.com, Male ,Indore,Madhya Pradesh,2023-05-26
C03718,Kavya Nair,kavya.nair3120@gmail.com,Male,KOLKATA,West Bengal,2023-03-24
C03719,Nikhil Banerjee,nikhil.banerjee7359@gmail.com,Male,Chennai,Tamil Nadu,2024-07-17
C03720,Neha Pillai,neha.pillai7283@yahoo.com,Female,Ahmedabad,Gujarat,2023-02-22
C03721,Deepak Agarwal,deepak.agarwal1086@gmail.com,Female,Hyderabad,Telangana,2024-10-07
C03722,Shivani Kumar,shivani.kumar7730@gmail.com,Female,Mumbai,Maharashtra,2023-05-27
C03723,Anika Pillai,anika.pillai2737@yahoo.com,Female,Mysuru,Karnataka,2024-05-04
C03724,Anika Joshi,anika.joshi3165@gmail.com,Male,Delhi,Delhi,2025-02-24
C03725,Sanjay Das,sanjay.das8347@gmail.com,Female,Mumbai,Maharashtra,2024-12-26
C03726,Riya Bhat,riya.bhat1573@gmail.com,Female,Mysuru,Karnataka,2023-06-11
C03727,Nandini Joshi,nandini.joshi6002@gmail.com,Male,Mysuru,Karnataka,2025-03-14
C03728,Sameer Patil,sameer.patil7756@gmail.com,Male,Nashik,Maharashtra,2025-10-04
C03729,Nikhil Sharma,nikhil.sharma216@gmail.com,Female,Nagpur,Maharashtra,2024-05-18
C03730,Pooja Kulkarni,pooja.kulkarni311@gmail.com,Male,Jaipur,Rajasthan,2024-07-19
C03731,Karan Mehta,karan.mehta3434@gmail.com,Female,Surat,Gujarat,2023-02-19
C03732,Ishaan Agarwal,ishaan.agarwal3918@yahoo.com,Female,Mysuru,Karnataka,2023-03-23
C03733,Kabir Bhat,kabir.bhat354@outlook.com,Male,Ahmedabad,Gujarat,2024-07-24
C03734,Diya Gupta,diya.gupta9972@gmail.com,Male,Delhi,Delhi,2023-11-19
C03735,Sakshi Deshmukh,sakshi.deshmukh9845@gmail.com,Male,Mysuru,Karnataka,2025-06-14
C03736,Mohit Kumar,mohit.kumar2175@gmail.com,Male,Mysuru,Karnataka,2025-05-05
C03737,Kavya Malhotra,kavya.malhotra4329@gmail.com,Male,Kolkata,West Bengal,2024-09-06
C03738,Sneha Pillai,sneha.pillai9924@yahoo.com,Female,Bengaluru,Karnataka,2025-11-01
C03739,Aditya Malhotra,aditya.malhotra1934@gmail.com,Female,Pune,Maharashtra,2023-03-26
C03740,Meera Mehta,meera.mehta2389@gmail.com,Female,Mumbai,Maharashtra,2024-02-13
C03741,Arjun Kulkarni,arjun.kulkarni9079@gmail.com,female,Delhi,Delhi,2024-07-18
C03742,Rahul Iyer,rahul.iyer3958@gmail.com,Male,Surat,Gujarat,2025-03-28
C03743,Ayush Malhotra,ayush.malhotra539@gmail.com,Female,Nashik,Maharashtra,2025-04-05
C03744,Ishaan Reddy,ishaan.reddy3710@outlook.com,Male,Bengaluru,Karnataka,2024-10-04
C03745,Vikram Pillai,vikram.pillai4573@gmail.com,Female,Chennai,Tamil Nadu,14/01/2025
C03746,Akash Banerjee,akash.banerjee3232@gmail.com,Female,Jaipur,Rajasthan,2023-10-09
C03747,Ananya Deshmukh,ananya.deshmukh9386@gmail.com,Male,Ahmedabad,Gujarat,2023-05-31
C03748,Pallavi Joshi,pallavi.joshi6358@gmail.com,Male,Ahmedabad,Gujarat,2025-09-22
C03749,Shivani Iyer,shivani.iyer9450@gmail.com,Male,Hyderabad,Telangana,2024-10-31
C03750,Rohan Shah,rohan.shah6307@gmail.com,Female,Bengaluru,Karnataka,2023-10-10
C03751,Aditi Reddy,aditi.reddy9111@outlook.com,Male,Delhi,Delhi,2025-09-22
C03752,Manish Shetty,manish.shetty6584@gmail.com,Female,Ahmedabad,Gujarat,2025-11-24
C03753,Akash Gupta,akash.gupta6501@gmail.com,Male,Hyderabad,Telangana,2023-03-27
C03754,Sneha Das,,Male, Bengaluru ,Karnataka,2025-01-29
C03755,Sneha Joshi,sneha.joshi8939@gmail.com,Male,Indore,Madhya Pradesh,2023-01-17
C03756,Manish Jain,manish.jain2711@gmail.com,Male,Bengaluru,Karnataka,31-Aug-2023
C03757,Aditi Reddy,aditi.reddy391@gmail.com,Female,Delhi,Delhi,2023-10-05
C03758,Ishaan More,ishaan.more6088@outlook.com,Female,Hyderabad,Telangana,2025-07-31
C03759,Meera Banerjee,meera.banerjee6439@gmail.com,Male,Mumbai,Maharashtra,2024-01-18
C03760,Shruti More,shruti.more714@gmail.com,Female,Jaipur,Rajasthan,2025-05-31
C03761,Riya Shetty,riya.shetty4847@gmail.com,Female,Indore,Madhya Pradesh,2025-10-06
C03762,Neha Chavan,neha.chavan728@gmail.com,Female,Nagpur,Maharashtra,2023-10-08
C03763,Nisha Malhotra,nisha.malhotra5406@gmail.com,Male,Chennai,Tamil Nadu,2024-08-07
C03764,Ayush Bhat,ayush.bhat8988@gmail.com,Female,Bengaluru,Karnataka,2023-09-05
C03765,Riya Naik,riya.naik4646@gmail.com,Female,Hyderabad,Telangana,2024-08-03
C03766,Sameer Iyer,sameer.iyer9793@gmail.com,Male,Indore,Madhya Pradesh,2023-12-10
C03767,Ayush Pillai,ayush.pillai867@gmail.com,Female,Nagpur,Maharashtra,2025-10-10
C03768,Sakshi Sharma,sakshi.sharma1690@gmail.com,Male,Hyderabad,Telangana,2025-04-16
C03769,Pooja Bhat,pooja.bhat7344@gmail.com,Female,Ahmedabad,Gujarat,2023-03-04
C03770,Tanvi Banerjee,tanvi.banerjee6917@gmail.com,Male,Nashik,Maharashtra,2023-11-12
C03771,Deepak Nair,,Female,Delhi,Delhi,2023-05-09
C03772,Aditi Mehta,aditi.mehta81@gmail.com,Female,Delhi,Delhi,2024-02-12
C03773,Meera Kadam,meera.kadam6943@outlook.com,Male,Mysuru,Karnataka,2023-07-04
C03774,Priya Singh,priya.singh8637@outlook.com,Male,Bengaluru,Karnataka,2024-12-11
C03775,Rohan Reddy,rohan.reddy4961@gmail.com,Male,Pune,Maharashtra,2024/06/07
C03776,Mohit Jain,mohit.jain7257@gmail.com,Male,Delhi,Delhi,2024-09-21
C03777,Sakshi Joshi,sakshi.joshi3512@gmail.com,Female, Mysuru ,Karnataka,2025-01-18
C03778,Varun Jain,varun.jain7550@gmail.com,Male,Bengaluru,Karnataka,2024-10-15
C03779,Isha Chavan,isha.chavan6528@gmail.com,Female,Nagpur,Maharashtra,2025-12-24
C03780,Sameer Jain,sameer.jain5418@gmail.com,Male,Hyderabad,Telangana,2025-05-29
C03781,Nisha Shah,nisha.shah9959@outlook.com,Female,Hyderabad,Telangana,2024-10-22
C03782,Nisha Rao,nisha.rao6141@outlook.com,Male,Ahmedabad,Gujarat,2023-01-15
C03783,Karan Shah,karan.shah7776@gmail.com,Female,Mysuru,Karnataka,2025-09-06
C03784,Mohit Banerjee,mohit.banerjee9245@gmail.com,Male,Bengaluru,Karnataka,2023-07-25
C03785,Aditi Malhotra,aditi.malhotra8019@gmail.com,Male,Delhi,Delhi,2025-06-04
C03786,Kavya Banerjee,kavya.banerjee9901@outlook.com,Male,Indore,Madhya Pradesh,2023-10-22
C03787,Deepak Nair,deepak.nair4746@gmail.com,Male,Nagpur,Maharashtra,2025-04-09
C03788,Karan Banerjee,karan.banerjee5288@gmail.com,Male,Jaipur,Rajasthan,2023-10-01
C03789,Sameer Shetty,sameer.shetty6171@gmail.com,Female,Surat,Gujarat,2025-07-31
C03790,Ishaan Rao,ishaan.rao2622@gmail.com,Female,Kolkata,West Bengal,2024-04-29
C03791,Diya Patil,diya.patil2997@gmail.com,Male,Pune,Maharashtra,2024/05/03
C03792,Nandini More,nandini.more6945@gmail.com,Male,Bengaluru,Karnataka,2023-05-14
C03793,Karan Naik,karan.naik2275@gmail.com,Female,Chennai,Tamil Nadu,2024-08-23
C03794,Yash Kadam,yash.kadam2456@gmail.com,Female,Mumbai,Maharashtra,2025-12-11
C03795,Rahul Das,rahul.das5388@gmail.com,Female,Delhi,Delhi,2023-06-22
C03796,Deepak Menon,deepak.menon7260@gmail.com,Female,Ahmedabad,Gujarat,2023-04-28
C03797,Pallavi More,pallavi.more3315@yahoo.com,Male,Nagpur,Maharashtra,2023-05-23
C03798,Ayush Sharma,ayush.sharma4668@gmail.com,Male,Bengaluru,Karnataka,2025-03-16
C03799,Diya Iyer,diya.iyer2476@gmail.com,Female,Surat,Gujarat,2025-06-04
C03800,Tanvi Rao,tanvi.rao3348@gmail.com,Female,Kolkata,West Bengal,2024-03-23
C03801,Zoya More,zoya.more6593@gmail.com,Female,Bengaluru,Karnataka,2025-03-26
C03802,Aditi Shetty,aditi.shetty66@gmail.com,Female,Surat,Gujarat,2025-06-26
C03803,Akash Shah,akash.shah5499@gmail.com,Male,Ahmedabad,Gujarat,2023-03-12
C03804,Shruti Naik,shruti.naik2226@gmail.com,Male,Surat,Gujarat,2024-09-15
C03805,Aditya Chavan,aditya.chavan888@gmail.com,Female,Kolkata,West Bengal,2024-09-01
C03806,Neha Sharma,neha.sharma7763@gmail.com,Male,Nashik,Maharashtra,2025-06-08
C03807,Sneha Rao,sneha.rao6092@gmail.com,Female,Ahmedabad,Gujarat,2023-10-10
C03808,Ishaan Sharma,ishaan.sharma4025@gmail.com,Male,Indore,Madhya Pradesh,2023-03-23
C03809,Zoya Kadam,zoya.kadam4308@gmail.com,Male,Delhi,Delhi,2025-04-06
C03810,Nikhil Jain,nikhil.jain5171@outlook.com,Male,Kolkata,West Bengal,2024-07-01
C03811,Arjun Naik,arjun.naik9628@outlook.com,Female,Kochi,Kerala,2024-03-21
C03812,Sanjay Saxena,,Female,Mumbai,Maharashtra,2024-06-11
C03813,Aditya Jain,aditya.jain5147@gmail.com,M,Mysuru,Karnataka,2024-10-07
C03814,Sanjay More,sanjay.more2351@gmail.com,Female,Surat,Gujarat,2024-03-01
C03815,Nikhil Nair,nikhil.nair3654@gmail.com,Female,Pune,Maharashtra,2023-09-27
C03816,Arjun Reddy,arjun.reddy8989@yahoo.com,Male,Mumbai,Maharashtra,2023-11-18
C03817,Arjun Kumar,arjun.kumar9224@gmail.com,Male,Nagpur,Maharashtra,2024-08-13
C03818,Nandini Sharma,nandini.sharma2999@outlook.com,Female,Bengaluru,Karnataka,2023-05-30
C03819,Ishaan Reddy,ishaan.reddy9702@yahoo.com,Female,Kochi,Kerala,2024-01-31
C03820,Yash Deshmukh,yash.deshmukh5597@gmail.com,Female,PUNE,Maharashtra,2023-11-27
C03821,Zoya More,zoya.more8421@yahoo.com,Male,Kolkata,West Bengal,2023-05-12
C03822,Deepak Nair,deepak.nair8956@outlook.com,Male,Kolkata,West Bengal,2025-12-12
C03823,Rahul Kadam,rahul.kadam1114@gmail.com,Male,Jaipur,Rajasthan,2024-08-17
C03824,Sakshi More,sakshi.more4194@gmail.com,Female,Mumbai,Maharashtra,2024-02-14
C03825,Pooja Rao,pooja.rao6422@gmail.com,Female,Mysuru,Karnataka,2024-07-09
C03826,Zoya Singh,zoya.singh4422@gmail.com,Male,Nashik,Maharashtra,2025-06-27
C03827,Kabir Shah,kabir.shah2535@gmail.com,Female,Bengaluru,Karnataka,2025-06-29
C03828,Ayush Patil,ayush.patil9413@gmail.com,Female,Indore,Madhya Pradesh,2023-05-02
C03829,Anika Gupta,anika.gupta131@gmail.com,Female,ahmedabad,Gujarat,2023-09-29
C03830,Priya Verma,priya.verma7376@yahoo.com,Female,Kochi,Kerala,2024-10-14
C03831,Neha Kumar,neha.kumar6540@gmail.com,Female,Kolkata,West Bengal,2025-12-06
C03832,Riya Menon,riya.menon1646@gmail.com,Female,Kolkata,West Bengal,2024-12-22
C03833,Vikram Singh,vikram.singh122@gmail.com,Female,Chennai,Tamil Nadu,2023-01-12
C03834,Isha Rao,isha.rao6808@yahoo.com,Male,Delhi,Delhi,2025-12-03
C03835,Nikhil Kadam,nikhil.kadam1178@gmail.com,Female, Bengaluru ,Karnataka,2025-01-01
C03836,Riya Joshi,riya.joshi2531@gmail.com,Female,Delhi,Delhi,2023-08-07
C03837,Pooja Joshi,pooja.joshi9655@outlook.com,Female,Mumbai,Maharashtra,2025-11-15
C03838,Aarav Reddy,aarav.reddy3312@yahoo.com,Female,Surat,Gujarat,2024-02-18
C03839,Kabir Singh,kabir.singh3833@gmail.com,Female,Bengaluru,Karnataka,2025-11-15
C03840,Aditya Mishra,aditya.mishra335@gmail.com,Female,Mumbai,Maharashtra,2025-07-15
C03841,Kavya Patil,kavya.patil4397@gmail.com,Male,Kochi,Kerala,2024-09-02
C03842,Zoya Chavan,zoya.chavan2850@gmail.com,Female, Ahmedabad ,Gujarat,2023-05-05
C03843,Akash Bhat,akash.bhat3669@gmail.com,Female,Nagpur,Maharashtra,2025-12-31
C03844,Ananya Nair,ananya.nair9576@gmail.com,Male,Chennai,Tamil Nadu,2023-01-25
C03845,Sanjay Pillai,sanjay.pillai9444@outlook.com,Male,Nagpur,Maharashtra,2025-09-19
C03846,Neha Kumar,neha.kumar1804@gmail.com,Female,Pune,Maharashtra,2024-07-04
C03847,Sakshi Malhotra,sakshi.malhotra225@gmail.com,Female,Chennai,Tamil Nadu,2025-12-14
C03848,Aditya Rao,aditya.rao6197@outlook.com,Female,Hyderabad,Telangana,2024-12-25
C03849,Zoya Sharma,zoya.sharma8173@gmail.com,Female,Nagpur,Maharashtra,2024-10-21
C03850,Aditi Menon,aditi.menon2309@gmail.com,Male,Delhi,Delhi,2023-04-03
C03851,Ishaan More,ishaan.more4438@gmail.com,Male,Nagpur,Maharashtra,2024-05-28
C03852,Meera Mehta,meera.mehta9848@gmail.com,Female,Delhi,Delhi,2025-12-22
C03853,Isha Joshi,isha.joshi7688@gmail.com,Female,Nagpur,Maharashtra,2023-02-05
C03854,Diya Patil,diya.patil9242@outlook.com,Female,Hyderabad,Telangana,2023-07-17
C03855,Vikram Deshmukh,vikram.deshmukh7551@gmail.com,Female,Jaipur,Rajasthan,2025-06-13
C03856,Ayush Kadam,ayush.kadam8422@gmail.com,Female,Chennai,Tamil Nadu,2023-05-17
C03857,Isha Mishra,isha.mishra70@yahoo.com,Male,Pune,Maharashtra,2024-02-17
C03858,Sanjay Kumar,sanjay.kumar6505@yahoo.com,Female,Surat,Gujarat,2025-11-30
C03859,Arjun Jain,arjun.jain4019@gmail.com,Male,Ahmedabad,Gujarat,2023-11-22
C03860,Sneha Sharma,sneha.sharma8998@gmail.com,Female,Mysuru,Karnataka,2025-01-08
C03861,Ishaan Rao,ishaan.rao4802@yahoo.com,Male, Ahmedabad ,Gujarat,2025-09-11
C03862,Arjun Banerjee,arjun.banerjee50@gmail.com,Female,Kolkata,West Bengal,2024-01-30
C03863,Karan Das,karan.das1426@gmail.com,Male,Nagpur,Maharashtra,2024-03-13
C03864,Isha Shetty,isha.shetty7689@yahoo.com,Male,Kochi,Kerala,2023-07-04
C03865,Nikhil Agarwal,nikhil.agarwal5937@gmail.com,Female,Pune,Maharashtra,2025-02-20
C03866,Shivani Malhotra,shivani.malhotra6897@gmail.com,Male,Jaipur,Rajasthan,2023-02-17
C03867,Deepak Rao,deepak.rao3615@outlook.com,Male,mysuru,Karnataka,2023-10-23
C03868,Tanvi Malhotra,tanvi.malhotra2492@gmail.com,Male,Jaipur,Rajasthan,2023-02-25
C03869,Vikram Kadam,vikram.kadam598@gmail.com,Female,Indore,Madhya Pradesh,2023-04-26
C03870,Neha Banerjee,neha.banerjee921@yahoo.com,Female,Surat,Gujarat,2025-07-06
C03871,Varun Rao,varun.rao4261@gmail.com,Female,Nagpur,Maharashtra,2024-10-23
C03872,Shivani Pillai,shivani.pillai3328@yahoo.com,Male,Delhi,Delhi,2024-10-04
C03873,Kabir Bhat,kabir.bhat7422@gmail.com,Female,Nagpur,Maharashtra,2023-03-23
C03874,Zoya Mehta,zoya.mehta5259@outlook.com,Male,Delhi,Delhi,2023-05-13
C03875,Nisha Jain,nisha.jain8364@gmail.com,Male,Chennai,Tamil Nadu,2025-01-26
C03876,Sameer Das,sameer.das8292@gmail.com,Female,Jaipur,Rajasthan,2024-03-06
C03877,Shivani Nair,shivani.nair2558@gmail.com,Female,Jaipur,Rajasthan,2023-02-16
C03878,Sameer Mehta,sameer.mehta9736@gmail.com,Male,Pune,Maharashtra,2024-05-02
C03879,Karan Kulkarni,karan.kulkarni5477@gmail.com,Male,Kochi,Kerala,2023-02-27
C03880,Diya Shetty,diya.shetty6350@gmail.com,Male,Nagpur,Maharashtra,2025-12-07
C03881,Aditi Chavan,aditi.chavan125@gmail.com,Female,Indore,Madhya Pradesh,2025-09-27
C03882,Sanjay Patil,sanjay.patil781@outlook.com,Male,Indore,Madhya Pradesh,2023-08-31
C03883,Meera Pillai,meera.pillai9668@yahoo.com,Male,Surat,Gujarat,2023-10-28
C03884,Sakshi Bhat,sakshi.bhat3678@gmail.com,Female,Nagpur,Maharashtra,2024-04-18
C03885,Pooja Malhotra,pooja.malhotra767@gmail.com,Female,Kochi,Kerala,2025-07-19
C03886,Aditya Singh,aditya.singh7550@yahoo.com,Female,Kolkata,West Bengal,2024-11-02
C03887,Isha Saxena,isha.saxena3139@gmail.com,Female,Mysuru,Karnataka,2024-04-06
C03888,Tanvi Sharma,tanvi.sharma7255@gmail.com,Male,Surat,Gujarat,2025-09-24
C03889,Ishaan Das,ishaan.das1650@gmail.com,Female,Surat,Gujarat,2024-03-22
C03890,Rahul Chavan,rahul.chavan7218@gmail.com,Female,Bengaluru,Karnataka,2024-10-13
C03891,Deepak Chavan,deepak.chavan7848@gmail.com,Female,Mumbai,Maharashtra,2025-12-10
C03892,Neha Joshi,neha.joshi6033@yahoo.com,Male,Bengaluru,Karnataka,2024-09-29
C03893,Arjun Mehta,arjun.mehta5065@outlook.com,Male,Chennai,Tamil Nadu,2023-05-11
C03894,Arjun Agarwal,arjun.agarwal5297@gmail.com,Male,Pune,Maharashtra,2024-04-09
C03895,Sameer Bhat,sameer.bhat5323@gmail.com,Male,Kolkata,West Bengal,2023-08-22
C03896,Aditya Jain,aditya.jain7388@outlook.com,Male,Nashik,Maharashtra,2025-06-15
C03897,Diya Shah,diya.shah4384@gmail.com,Female,Nashik,Maharashtra,2024-09-11
C03898,Zoya Deshmukh,zoya.deshmukh7760@gmail.com,Male,Chennai,Tamil Nadu,2025-04-23
C03899,Meera Das,meera.das7010@gmail.com,Male,Surat,Gujarat,2025-05-16
C03900,Ananya Singh,ananya.singh5241@outlook.com,Male,Hyderabad,Telangana,2023-10-03
C03901,Yash Naik,yash.naik1960@gmail.com,Female,Nashik,Maharashtra,2024-03-02
C03902,Rohan Rao,rohan.rao9863@gmail.com,Female,Mysuru,Karnataka,2023-11-25
C03903,Meera Kulkarni,meera.kulkarni9177@gmail.com,Male,Jaipur,Rajasthan,2025-03-16
C03904,Deepak Jain,deepak.jain5440@yahoo.com,Female,Indore,Madhya Pradesh,2023-07-01
C03905,Pooja Chavan,,Female,Pune,Maharashtra,2024-04-09
C03906,Anika Gupta,anika.gupta1140@yahoo.com,Female,Indore,Madhya Pradesh,2025-02-02
C03907,Nandini Bhat,nandini.bhat6384@gmail.com,Female,Hyderabad,Telangana,2025-06-05
C03908,Manish Deshmukh,manish.deshmukh7725@gmail.com,Female,Chennai,Tamil Nadu,2025-02-26
C03909,Karan Mishra,karan.mishra9386@gmail.com,Female,Mumbai,Maharashtra,2024-12-08
C03910,Anika Shetty,anika.shetty4396@gmail.com,Female,Nashik,Maharashtra,2025-09-24
C03911,Ananya Rao,ananya.rao225@gmail.com,Male,Bengaluru,Karnataka,2024-11-20
C03912,Ananya Naik,ananya.naik6637@yahoo.com,Male,Nashik,Maharashtra,2023-07-12
C03913,Nikhil Menon,nikhil.menon4922@gmail.com,Female,Mumbai,Maharashtra,2024-04-11
C03914,Sakshi More,sakshi.more9689@gmail.com,Male,Kochi,Kerala,2023-04-30
C03915,Yash Saxena,yash.saxena433@gmail.com,Male,Kolkata,West Bengal,2024-08-12
C03916,Kabir Gupta,kabir.gupta3307@gmail.com,Male,Chennai,Tamil Nadu,2024-05-09
C03917,Sneha Banerjee,sneha.banerjee494@gmail.com,Male,Nashik,Maharashtra,2024-12-13
C03918,Ayush Bhat,ayush.bhat6819@gmail.com,Female,Kochi,Kerala,2024-01-22
C03919,Varun Kulkarni,varun.kulkarni6817@gmail.com,Female,Nagpur,Maharashtra,2025-02-12
C03920,Ananya Sharma,ananya.sharma6467@gmail.com,Female,Pune,Maharashtra,2024-10-03
C03921,Karan Saxena,karan.saxena2212@gmail.com, Male ,Kochi,Kerala,2023-03-07
C03922,Meera Joshi,meera.joshi1195@gmail.com,Female,Nagpur,Maharashtra,2023-03-23
C03923,Sneha Bhat,sneha.bhat8009@gmail.com,Male,Hyderabad,Telangana,2025-05-12
C03924,Arjun Pillai,arjun.pillai1192@gmail.com,Male,Indore,Madhya Pradesh,2025-07-15
C03925,Pooja Joshi,pooja.joshi1980@gmail.com,Female,Indore,Madhya Pradesh,2025-04-06
C03926,Aditi Malhotra,aditi.malhotra4029@gmail.com,Male,Pune,Maharashtra,2024-03-08
C03927,Varun Deshmukh,varun.deshmukh5916@gmail.com,Female,Indore,Madhya Pradesh,2025-03-20
C03928,Deepak Banerjee,deepak.banerjee870@gmail.com,Female,Surat,Gujarat,2025-02-10
C03929,Mohit Pillai,mohit.pillai6229@gmail.com,Male,surat,Gujarat,2023-09-20
C03930,Pallavi Jain,pallavi.jain6258@gmail.com,Female,Surat,Gujarat,2024-12-31
C03931,Raj Agarwal,raj.agarwal7972@outlook.com,Female,Pune,Maharashtra,2024-01-10
C03932,Nandini Saxena,nandini.saxena9969@gmail.com,Male,Mumbai,Maharashtra,2024-09-03
C03933,Manish Shetty,manish.shetty50@gmail.com,Female,Indore,Madhya Pradesh,2024-10-24
C03934,Rahul Mehta,rahul.mehta4451@gmail.com,Female,Mysuru,Karnataka,2024-03-02
C03935,Nisha Gupta,nisha.gupta2968@yahoo.com,Male,Kolkata,West Bengal,2023-10-16
C03936,Pallavi Sharma,pallavi.sharma3961@gmail.com,Male,Chennai,Tamil Nadu,2025-08-18
C03937,Nandini Shetty,nandini.shetty6202@gmail.com,Female,Delhi,Delhi,2024-07-19
C03938,Vikram Deshmukh,vikram.deshmukh2448@gmail.com,Male,Nagpur,Maharashtra,2024-02-10
C03939,Ayush Joshi,ayush.joshi8627@yahoo.com,Female,Mysuru,Karnataka,2025-07-26
C03940,Raj Das,raj.das1050@gmail.com,Male,Delhi,Delhi,2024-03-13
C03941,Nikhil Sharma,nikhil.sharma4686@gmail.com,Female,Nagpur,Maharashtra,2024-10-21
C03942,Yash Chavan,yash.chavan1562@yahoo.com,Male,Ahmedabad,Gujarat,2025-05-20
C03943,Akash More,akash.more8235@gmail.com,Male,Jaipur,Rajasthan,2025-02-04
C03944,Arjun Mishra,arjun.mishra3994@gmail.com,Female,Mysuru,Karnataka,2025-09-10
C03945,Manish Jain,manish.jain1518@gmail.com,Female,Mumbai,Maharashtra,2024-10-26
C03946,Meera Singh,meera.singh6769@gmail.com,Male,Kolkata,West Bengal,2025-12-31
C03947,Aarav Pillai,aarav.pillai9001@outlook.com,Male,Surat,Gujarat,2023-06-08
C03948,Aditya Malhotra,aditya.malhotra8603@gmail.com,Female,Nashik,Maharashtra,2025-04-10
C03949,Pooja Reddy,pooja.reddy876@gmail.com,Male,Delhi,Delhi,2025-07-19
C03950,Diya Banerjee,diya.banerjee4014@gmail.com,Female,Ahmedabad,Gujarat,2024-02-10
C03951,Nandini Iyer,nandini.iyer210@gmail.com,Male,Mysuru,Karnataka,2024-02-06
C03952,Akash Iyer,akash.iyer3041@yahoo.com,Female,Hyderabad,Telangana,2023-04-22
C03953,Rahul Chavan,rahul.chavan319@gmail.com,Male,Mysuru,Karnataka,2024-11-17
C03954,Ishaan Deshmukh,ishaan.deshmukh1580@gmail.com,Male,Mysuru,Karnataka,2023-07-15
C03955,Aditi Gupta,aditi.gupta610@gmail.com,Female,Ahmedabad,Gujarat,2025-09-10
C03956,Ananya Joshi,ananya.joshi322@gmail.com,Female,Delhi,Delhi,2023-10-18
C03957,Sneha Menon,sneha.menon8518@gmail.com,Male,Hyderabad,Telangana,2024-02-26
C03958,Deepak Banerjee,deepak.banerjee622@gmail.com,Female,Pune,Maharashtra,2024-07-23
C03959,Meera Banerjee,meera.banerjee3027@gmail.com,Male,Nagpur,Maharashtra,2023-09-25
C03960,Rohan Gupta,rohan.gupta1576@gmail.com,Male,Pune,Maharashtra,2023-02-26
C03961,Ayush Agarwal,ayush.agarwal8762@gmail.com,Male,Hyderabad,Telangana,2024-06-08
C03962,Meera Jain,meera.jain3742@gmail.com,Female,Mumbai,Maharashtra,2024-01-30
C03963,Karan Naik,karan.naik3527@gmail.com,Male,Ahmedabad,Gujarat,2023-08-28
C03964,Sanjay Joshi,sanjay.joshi4651@gmail.com,Male,Delhi,Delhi,2025-04-23
C03965,Manish Deshmukh,manish.deshmukh6559@gmail.com,Female,Pune,Maharashtra,2025-10-22
C03966,Shruti Rao,shruti.rao2848@gmail.com,Female,Ahmedabad,Gujarat,2023-01-11
C03967,Sneha Nair,sneha.nair903@gmail.com,Male,Chennai,Tamil Nadu,2023-12-23
C03968,Sneha Agarwal,sneha.agarwal3983@gmail.com,Female,Kolkata,West Bengal,2025-08-27
C03969,Karan Malhotra,karan.malhotra5846@gmail.com,Male,Kolkata,West Bengal,2024-04-20
C03970,Rahul More,rahul.more6633@gmail.com,Female,Pune,Maharashtra,2025-02-24
C03971,Pallavi Banerjee,pallavi.banerjee8004@gmail.com,Male,Mumbai,Maharashtra,2024-07-01
C03972,Rohan Saxena,rohan.saxena1002@gmail.com,Female,Hyderabad,Telangana,2025-11-12
C03973,Pooja Kulkarni,pooja.kulkarni6063@gmail.com,Male,Chennai,Tamil Nadu,2025-08-26
C03974,Sameer Banerjee,sameer.banerjee2619@gmail.com,Female,Nagpur,Maharashtra,2025-01-29
C03975,Neha Shetty,neha.shetty7125@gmail.com,Male,Surat,Gujarat,2025-03-17
C03976,Rahul Nair,rahul.nair2095@yahoo.com,Female,Jaipur,Rajasthan,2025-04-15
C03977,Mohit Reddy,mohit.reddy6371@outlook.com,Male,Chennai,Tamil Nadu,2024-02-19
C03978,Pooja Kulkarni,pooja.kulkarni1350@gmail.com,Female,Delhi,Delhi,2025-08-30
C03979,Shivani Nair,shivani.nair5318@gmail.com,Male,Mysuru,Karnataka,2024-04-04
C03980,Nikhil Singh,nikhil.singh8205@gmail.com,Male,Jaipur,Rajasthan,2024-11-03
C03981,Pallavi Sharma,pallavi.sharma6453@yahoo.com,Male,AHMEDABAD,Gujarat,2023-07-27
C03982,Nikhil Jain,nikhil.jain9978@yahoo.com,Male,Kolkata,West Bengal,2024-04-29
C03983,Shivani Kulkarni,shivani.kulkarni8203@gmail.com,Male,Delhi,Delhi,2024-04-04
C03984,Sameer Menon,sameer.menon3233@outlook.com,Male,Surat,Gujarat,2025-11-21
C03985,Aditi Shah,aditi.shah3421@outlook.com,Male,Bengaluru,Karnataka,2025-10-15
C03986,Sakshi Patil,sakshi.patil76@gmail.com,Female,Kolkata,West Bengal,2023-12-07
C03987,Kabir Malhotra,kabir.malhotra9084@gmail.com,Male,Ahmedabad,Gujarat,2025-09-14
C03988,Sakshi Mishra,sakshi.mishra1940@gmail.com,Male,Chennai,Tamil Nadu,2024-03-01
C03989,Nikhil Gupta,nikhil.gupta9711@gmail.com,Female,Surat,Gujarat,2024-02-07
C03990,Sameer Iyer,sameer.iyer2371@gmail.com,Female,Delhi,Delhi,2024-07-23
C03991,Nikhil Verma,nikhil.verma3370@gmail.com,Male,Surat,Gujarat,2025-04-10
C03992,Varun Reddy,varun.reddy195@gmail.com,Female,Mysuru,Karnataka,2024-09-07
C03993,Pallavi Joshi,pallavi.joshi1809@gmail.com,Female,Jaipur,Rajasthan,2023-06-13
C03994,Sakshi More,sakshi.more1458@gmail.com,Female,Chennai,Tamil Nadu,2025-07-31
C03995,Aditi Singh,aditi.singh3589@gmail.com,Male,Nashik,Maharashtra,2024-04-04
C03996,Sanjay Kulkarni,sanjay.kulkarni6393@gmail.com,Male,Bengaluru,Karnataka,2023-08-03
C03997,Riya Saxena,riya.saxena1871@gmail.com,Male,Surat,Gujarat,2023-02-26
C03998,Pallavi Malhotra,pallavi.malhotra1342@gmail.com,Male,Chennai,Tamil Nadu,2023-03-11
C03999,Meera Joshi,meera.joshi7812@gmail.com,Female,Chennai,Tamil Nadu,2024-03-17
C04000,Manish Kadam,,M,Chennai,Tamil Nadu,2025-12-28
C04001,Pallavi Bhat,pallavi.bhat1461@gmail.com,Male,Surat,Gujarat,2024-06-27
C04002,Sneha Pillai,sneha.pillai627@gmail.com,Female,Nagpur,Maharashtra,2024-03-19
C04003,Kabir Mehta,kabir.mehta180@gmail.com,Male,Mumbai,Maharashtra,2025-03-31
C04004,Aditi Patil,aditi.patil2656@gmail.com,Male,Indore,Madhya Pradesh,2024-09-30
C04005,Isha Bhat,isha.bhat6842@gmail.com,Female,Indore,Madhya Pradesh,2025-05-04
C04006,Kabir Patil,kabir.patil9876@gmail.com,Male,Mysuru,Karnataka,2023-05-29
C04007,Nikhil Reddy,nikhil.reddy4234@yahoo.com,Female,Mumbai,Maharashtra,2024-02-15
C04008,Pooja Bhat,pooja.bhat991@gmail.com,Female,Chennai,Tamil Nadu,2023-11-16
C04009,Kavya Mehta,kavya.mehta7842@gmail.com,Female,Ahmedabad,Gujarat,2023-05-06
C04010,Raj Kulkarni,raj.kulkarni972@gmail.com,Female,Hyderabad,Telangana,2025-02-21
C04011,Vikram Kulkarni,vikram.kulkarni8128@gmail.com,Male,Indore,Madhya Pradesh,2023-06-26
C04012,Deepak Saxena,deepak.saxena9561@gmail.com,Male,Mysuru,Karnataka,2023-07-20
C04013,Deepak Deshmukh,deepak.deshmukh80@gmail.com,Male,Kochi,Kerala,2025-08-08
C04014,Nikhil Mehta,nikhil.mehta8752@outlook.com,Female,Mumbai,Maharashtra,2023-09-29
C04015,Priya Reddy,priya.reddy1240@gmail.com,Female,Kochi,Kerala,2025-09-19
C04016,Vikram Banerjee,vikram.banerjee8052@gmail.com,Female,Jaipur,Rajasthan,2025-01-24
C04017,Sneha Nair,sneha.nair3923@yahoo.com,Male,Nagpur,Maharashtra,2023-05-27
C04018,Aditya Shetty,aditya.shetty4952@gmail.com,Female,Nashik,Maharashtra,2025-10-19
C04019,Ayush Saxena,ayush.saxena2784@gmail.com,Male,Nagpur,Maharashtra,2024-08-09
C04020,Ayush Verma,ayush.verma1257@gmail.com,Male,Chennai,Tamil Nadu,2023-04-09
C04021,Rahul Nair,rahul.nair6743@gmail.com,Male,Delhi,Delhi,2023-04-16
C04022,Sakshi Mehta,sakshi.mehta5652@gmail.com,Male,Ahmedabad,Gujarat,2024-06-02
C04023,Priya Iyer,priya.iyer5119@gmail.com,Male, Surat ,Gujarat,14/10/2025
C04024,Deepak Chavan,deepak.chavan7981@gmail.com,Female,Delhi,Delhi,2024-08-02
C04025,Raj Bhat,raj.bhat8539@yahoo.com,Female,Nagpur,Maharashtra,2024-07-19
C04026,Sneha Gupta,sneha.gupta8311@gmail.com,Male,Nagpur,Maharashtra,2024-08-01
C04027,Aditi Verma,aditi.verma7099@outlook.com,female,Mumbai,Maharashtra,2024-11-28
C04028,Sameer Nair,sameer.nair8281@gmail.com,Male,Delhi,Delhi,2025-01-15
C04029,Karan Rao,karan.rao7475@gmail.com,Female,Nashik,Maharashtra,2023-06-26
C04030,Sameer Reddy,sameer.reddy6647@gmail.com,Male,Surat,Gujarat,2025-01-10
C04031,Nandini Gupta,nandini.gupta7815@gmail.com,female,Indore,Madhya Pradesh,2023-01-17
C04032,Anika Deshmukh,anika.deshmukh1832@gmail.com,Male,Indore,Madhya Pradesh,2024-07-16
C04033,Sakshi Naik,sakshi.naik2959@gmail.com,Male,Nashik,Maharashtra,2025-05-12
C04034,Zoya Rao,zoya.rao94@gmail.com,Female,Surat,Gujarat,2023-07-30
C04035,Shivani Bhat,shivani.bhat4465@gmail.com,Female,Nagpur,Maharashtra,2023-05-01
C04036,Deepak Bhat,deepak.bhat7738@gmail.com,Male,Pune,Maharashtra,2023-01-16
C04037,Kavya Naik,kavya.naik2004@gmail.com,Male, Mysuru ,Karnataka,2023-08-16
C04038,Deepak Shah,deepak.shah2975@gmail.com,Male,Pune,Maharashtra,2023-10-31
C04039,Nikhil Sharma,nikhil.sharma7727@gmail.com,Male,Jaipur,Rajasthan,2024-07-22
C04040,Isha Nair,isha.nair533@gmail.com,Female,Delhi,Delhi,2024-08-31
C04041,Anika Patil,anika.patil7421@gmail.com,Male,Mysuru,Karnataka,2024-07-02
C04042,Rohan Menon,rohan.menon1901@gmail.com,Female,Surat,Gujarat,2023-07-28
C04043,Aditi Das,aditi.das3192@gmail.com,Female,Indore,Madhya Pradesh,2024-10-05
C04044,Diya Iyer,diya.iyer9710@gmail.com,Male,Surat,Gujarat,2025-12-22
C04045,Sneha Deshmukh,sneha.deshmukh8027@yahoo.com,Male,Mumbai,Maharashtra,2025-01-06
C04046,Sanjay Agarwal,sanjay.agarwal3946@gmail.com,Male,Kolkata,West Bengal,2025-12-09
C04047,Kabir Sharma,kabir.sharma398@gmail.com,Male,Indore,Madhya Pradesh,2023-05-30
C04048,Shruti Deshmukh,shruti.deshmukh3984@gmail.com,Male,Kochi,Kerala,2024-11-05
C04049,Shruti Kumar,shruti.kumar8374@gmail.com,Female,Indore,Madhya Pradesh,2023-09-16
C04050,Nikhil Pillai,nikhil.pillai7450@gmail.com,Male,Jaipur,Rajasthan,2025-04-19
C04051,Nisha Patil,nisha.patil8364@yahoo.com,Male,Pune,Maharashtra,2023-06-24
C04052,Aditi Gupta,aditi.gupta8164@yahoo.com,Male,Hyderabad,Telangana,2024-12-06
C04053,Meera Rao,meera.rao2400@gmail.com,Male,Jaipur,Rajasthan,25/08/2023
C04054,Shruti Mishra,shruti.mishra4115@gmail.com,Female,kochi,Kerala,2025-06-29
C04055,Sanjay Jain,sanjay.jain5448@yahoo.com,Female,Bengaluru,Karnataka,2024-10-15
C04056,Riya Shetty,riya.shetty9715@gmail.com,Male,Kolkata,West Bengal,2025-02-01
C04057,Kabir Agarwal,kabir.agarwal9445@gmail.com,Female,Chennai,Tamil Nadu,2024-01-18
C04058,Sanjay Singh,sanjay.singh4893@gmail.com,Male,Nagpur,Maharashtra,2023-04-11
C04059,Isha Malhotra,isha.malhotra252@gmail.com,Male,Surat,Gujarat,2025-05-28
C04060,Akash Gupta,akash.gupta7541@gmail.com,Male,Delhi,Delhi,2025-05-10
C04061,Tanvi Agarwal,tanvi.agarwal7285@gmail.com,Male,Chennai,Tamil Nadu,2025-01-30
C04062,Sameer Kumar,sameer.kumar6799@gmail.com,Male,Pune,Maharashtra,2025-06-28
C04063,Shivani Kadam,shivani.kadam4906@yahoo.com,Male,Jaipur,Rajasthan,2023-05-22
C04064,Deepak Verma,deepak.verma8399@gmail.com,Male,Hyderabad,Telangana,2023-02-11
C04065,Vikram Mishra,vikram.mishra6527@gmail.com,Female,Ahmedabad,Gujarat,2023-11-26
C04066,Pooja Rao,pooja.rao2964@gmail.com,Male,Surat,Gujarat,2025-10-18
C04067,Kabir Deshmukh,kabir.deshmukh3948@gmail.com,Female, Nashik ,Maharashtra,2024-01-13
C04068,Karan Nair,karan.nair88@gmail.com,Female,Chennai,Tamil Nadu,2025-11-15
C04069,Anika Rao,anika.rao5053@gmail.com,Female,Mysuru,Karnataka,2023-09-16
C04070,Rahul Shah,rahul.shah9846@gmail.com,Female,Indore,Madhya Pradesh,2025-03-26
C04071,Kabir Kumar,kabir.kumar4626@gmail.com,Female,Delhi,Delhi,2025-07-28
C04072,Karan Das,karan.das254@gmail.com,Female,Kolkata,West Bengal,2025-02-14
C04073,Ishaan Verma,ishaan.verma3928@gmail.com,Male,Kolkata,West Bengal,2023-05-06
C04074,Diya Malhotra,diya.malhotra9836@gmail.com,Female,Surat,Gujarat,2024-11-23
C04075,Karan Shetty,karan.shetty5288@yahoo.com,Male,Hyderabad,Telangana,2023-06-19
C04076,Isha Gupta,isha.gupta4589@gmail.com,Male,Hyderabad,Telangana,2023-04-05
C04077,Sanjay Singh,sanjay.singh9841@gmail.com,Female,Ahmedabad,Gujarat,2024-01-12
C04078,Ishaan Kulkarni,ishaan.kulkarni2581@gmail.com,Male,Kolkata,West Bengal,2024-08-28
C04079,Aditi Deshmukh,aditi.deshmukh7612@yahoo.com,Male,Mumbai,Maharashtra,2025-04-14
C04080,Ayush Verma,ayush.verma9682@gmail.com,Female,Nashik,Maharashtra,2024-05-08
C04081,Sakshi Malhotra,sakshi.malhotra91@gmail.com,Male,Hyderabad,Telangana,2025-08-30
C04082,Deepak Das,deepak.das3539@gmail.com,Male,Delhi,Delhi,2023-03-09
C04083,Raj Iyer,raj.iyer4959@yahoo.com,Female,Jaipur,Rajasthan,2023-04-03
C04084,Aarav Iyer,aarav.iyer6858@gmail.com,Male,Pune,Maharashtra,2023-04-03
C04085,Arjun Jain,arjun.jain3477@gmail.com,Male,Hyderabad,Telangana,2024-05-13
C04086,Yash Malhotra,yash.malhotra9901@gmail.com,Male,Kolkata,West Bengal,2023-06-23
C04087,Akash Chavan,akash.chavan9541@gmail.com,Female,Bengaluru,Karnataka,12/01/2024
C04088,Arjun Gupta,arjun.gupta5588@gmail.com,Female,Pune,Maharashtra,2024-01-13
C04089,Yash Mehta,yash.mehta5808@gmail.com,Male,Jaipur,Rajasthan,2025-01-24
C04090,Tanvi Jain,tanvi.jain3727@gmail.com,Female,Nagpur,Maharashtra,2023-10-20
C04091,Riya Mishra,riya.mishra2249@gmail.com,Male,Surat,Gujarat,2024-03-20
C04092,Sakshi Chavan,,Male,Nashik,Maharashtra,2025-08-17
C04093,Nikhil Kumar,nikhil.kumar7236@gmail.com,Male,Ahmedabad,Gujarat,2024-08-16
C04094,Tanvi Sharma,tanvi.sharma4854@gmail.com,Male,Surat,Gujarat,2023-08-31
C04095,Shruti More,shruti.more1325@outlook.com,Female,Kochi,Kerala,2023-08-02
C04096,Sneha Singh,sneha.singh5580@gmail.com,Female,Mysuru,Karnataka,2025-05-26
C04097,Karan Kadam,karan.kadam1106@gmail.com,Male,Kolkata,West Bengal,2025-05-06
C04098,Pallavi Iyer,pallavi.iyer5271@outlook.com,Male, Jaipur ,Rajasthan,2023-06-27
C04099,Shivani Kadam,shivani.kadam2563@gmail.com,Male,Mumbai,Maharashtra,2023-05-03
C04100,Ananya Kadam,ananya.kadam7849@yahoo.com,Female,Mumbai,Maharashtra,2025-03-11
C04101,Aditi Gupta,aditi.gupta7015@gmail.com,Female,Nashik,Maharashtra,2025-09-05
C04102,Mohit Reddy,mohit.reddy7977@gmail.com,Female,Pune,Maharashtra,2024/02/11
C04103,Raj Reddy,raj.reddy6212@yahoo.com,Female,Mumbai,Maharashtra,2023-10-10
C04104,Zoya Verma,zoya.verma8168@gmail.com,Male,Ahmedabad,Gujarat,2024-03-27
C04105,Nikhil Banerjee,nikhil.banerjee3164@gmail.com,Male,Pune,Maharashtra,2024-09-30
C04106,Aditi Mishra,aditi.mishra5525@gmail.com,Male,Hyderabad,Telangana,2025-07-17
C04107,Mohit More,mohit.more3404@gmail.com,Female,Mysuru,Karnataka,2023-05-30
C04108,Sneha Verma,sneha.verma6237@gmail.com,Male,Nagpur,Maharashtra,2025-10-25
C04109,Deepak Pillai,deepak.pillai1702@outlook.com,Male,Surat,Gujarat,2024-06-12
C04110,Yash Singh,yash.singh5594@gmail.com,Male,Delhi,Delhi,2023-05-27
C04111,Aditya Kulkarni,aditya.kulkarni506@gmail.com,Female,Mumbai,Maharashtra,2024-07-16
C04112,Ishaan More,ishaan.more4807@gmail.com,Female,Ahmedabad,Gujarat,2025-03-15
C04113,Tanvi Banerjee,tanvi.banerjee6052@gmail.com,Male,Surat,Gujarat,2024-03-27
C04114,Yash Iyer,yash.iyer5669@gmail.com,Male,Chennai,Tamil Nadu,2024-10-09
C04115,Yash Das,yash.das5154@gmail.com,Female,Delhi,Delhi,2025-03-14
C04116,Shivani Joshi,shivani.joshi8387@gmail.com,Female,Jaipur,Rajasthan,2025-06-22
C04117,Ishaan Iyer,ishaan.iyer6032@gmail.com,Male,Chennai,Tamil Nadu,2024-08-12
C04118,Pooja Singh,pooja.singh5169@gmail.com,Female,Nashik,Maharashtra,2023-10-10
C04119,Raj Reddy,raj.reddy5367@gmail.com,Female,Nagpur,Maharashtra,2025-05-07
C04120,Ayush Reddy,ayush.reddy6919@gmail.com,Female,Indore,Madhya Pradesh,2023-04-22
C04121,Shivani More,shivani.more9795@gmail.com,Female,Kolkata,West Bengal,2024-01-03
C04122,Aditi Malhotra,aditi.malhotra4227@gmail.com,Male,Kolkata,West Bengal,2024-03-17
C04123,Ananya Reddy,ananya.reddy4944@gmail.com,Female, Nagpur ,Maharashtra,2023-08-14
C04124,Aarav Iyer,aarav.iyer4805@outlook.com,Female,Pune,Maharashtra,2024-02-06
C04125,Nisha Banerjee,nisha.banerjee4710@gmail.com,Female,Mysuru,Karnataka,2023-01-13
C04126,Pallavi Rao,pallavi.rao6130@gmail.com,Female,Indore,Madhya Pradesh,2023-10-08
C04127,Akash Rao,akash.rao3781@yahoo.com,Male,Bengaluru,Karnataka,2024-02-21
C04128,Anika Deshmukh,anika.deshmukh3991@gmail.com,Female,Kolkata,West Bengal,2023-10-22
C04129,Diya More,diya.more5198@gmail.com,Female,Bengaluru,Karnataka,2024-07-06
C04130,Yash Gupta,yash.gupta202@gmail.com,Male,Surat,Gujarat,2025-06-30
C04131,Shivani Chavan,shivani.chavan8533@gmail.com,Male,Hyderabad,Telangana,2023-10-15
C04132,Aarav Kulkarni,aarav.kulkarni2492@gmail.com,Male,Mumbai,Maharashtra,2023-10-11
C04133,Isha Deshmukh,isha.deshmukh2082@gmail.com,Female,Jaipur,Rajasthan,2024-07-03
C04134,Kabir Nair,kabir.nair6938@outlook.com,Female,Hyderabad,Telangana,11/03/2024
C04135,Aditi Saxena,aditi.saxena8861@gmail.com,Female,Jaipur,Rajasthan,2023-12-07
C04136,Anika More,anika.more152@gmail.com,Female,Hyderabad,Telangana,2025-02-19
C04137,Sanjay Shetty,sanjay.shetty9830@gmail.com,Male,Chennai,Tamil Nadu,2025-06-09
C04138,Nisha Verma,nisha.verma4596@gmail.com,Male,Kochi,Kerala,2025-05-08
C04139,Kavya Reddy,kavya.reddy1543@gmail.com,Female,Chennai,Tamil Nadu,2025-01-26
C04140,Akash Das,akash.das1278@gmail.com,Female,Nashik,Maharashtra,2023-01-02
C04141,Nikhil Gupta,nikhil.gupta5662@yahoo.com,Male,Mumbai,Maharashtra,2025-08-31
C04142,Kabir Menon,kabir.menon8593@yahoo.com,Male,Bengaluru,Karnataka,2024-03-19
C04143,Nikhil Joshi,nikhil.joshi1013@gmail.com,Male,Nashik,Maharashtra,2023-05-20
C04144,Neha Shah,neha.shah6656@gmail.com,Female,Mumbai,Maharashtra,2024-12-14
C04145,Ananya Kadam,ananya.kadam3138@yahoo.com,Male,Hyderabad,Telangana,2024-11-07
C04146,Neha Naik,neha.naik7830@gmail.com,Female,Nashik,Maharashtra,2024-03-20
C04147,Priya Verma,priya.verma3239@gmail.com,Male,Jaipur,Rajasthan,2023-04-13
C04148,Arjun Shetty,arjun.shetty5216@gmail.com,Female,Ahmedabad,Gujarat,2025-11-23
C04149,Tanvi Kulkarni,tanvi.kulkarni9003@gmail.com,Male,Kolkata,West Bengal,2025-07-12
C04150,Anika Shetty,anika.shetty2545@outlook.com,Male,Nagpur,Maharashtra,2023-03-18
C04151,Sameer Menon,sameer.menon9164@gmail.com,Female,Nagpur,Maharashtra,2025-12-15
C04152,Arjun Singh,arjun.singh6003@yahoo.com,Female,Mumbai,Maharashtra,2023-08-07
C04153,Sneha Saxena,sneha.saxena1858@gmail.com,Female,Jaipur,Rajasthan,2025-05-15
C04154,Sakshi Rao,sakshi.rao3318@gmail.com,Male,Delhi,Delhi,2025-12-03
C04155,Shivani Mehta,shivani.mehta5266@gmail.com,Female,Kolkata,West Bengal,2023-03-27
C04156,Kabir Nair,kabir.nair4197@gmail.com,Male,Delhi,Delhi,2024-01-24
C04157,Raj Verma,raj.verma7214@gmail.com,Female,Ahmedabad,Gujarat,2024-11-01
C04158,Mohit Verma,mohit.verma9488@yahoo.com,Male,Hyderabad,Telangana,2024-05-21
C04159,Nikhil Iyer,nikhil.iyer2336@gmail.com,Female,Ahmedabad,Gujarat,2025-03-30
C04160,Vikram Kumar,vikram.kumar1100@gmail.com,Female,Jaipur,Rajasthan,2023-03-30
C04161,Sneha Singh,sneha.singh9918@gmail.com,Male,Jaipur,Rajasthan,2025-09-20
C04162,Kavya Sharma,kavya.sharma5596@gmail.com,Male,Pune,Maharashtra,2025-11-21
C04163,Varun Iyer,varun.iyer7055@yahoo.com,Male,Kolkata,West Bengal,2025-02-25
C04164,Nandini Kumar,nandini.kumar1013@gmail.com,Female,Mumbai,Maharashtra,2025-01-29
C04165,Deepak Banerjee,deepak.banerjee4922@gmail.com,Male,Jaipur,Rajasthan,2025-01-29
C04166,Mohit Sharma,mohit.sharma3130@gmail.com,Female,Surat,Gujarat,2025-08-14
C04167,Deepak Menon,deepak.menon7492@gmail.com,Male,Mysuru,Karnataka,2023-01-17
C04168,Vikram Saxena,vikram.saxena7479@gmail.com,Male,Kolkata,West Bengal,2025-08-18
C04169,Zoya Deshmukh,zoya.deshmukh2111@outlook.com,Female,Pune,Maharashtra,2024-10-15
C04170,Kavya Sharma,kavya.sharma151@outlook.com,Male,Surat,Gujarat,2023-05-06
C04171,Diya Mehta,diya.mehta4575@gmail.com,Male,Bengaluru,Karnataka,2023-10-17
C04172,Nikhil Kadam,nikhil.kadam3558@gmail.com,Female,Chennai,Tamil Nadu,2025-09-28
C04173,Vikram Banerjee,vikram.banerjee7704@gmail.com,Female,Indore,Madhya Pradesh,2025-07-04
C04174,Ayush Kadam,ayush.kadam1784@gmail.com,Female,Nagpur,Maharashtra,2025-08-30
C04175,Shruti Singh,shruti.singh6606@outlook.com,Female,Delhi,Delhi,2025-03-27
C04176,Nikhil Patil,nikhil.patil8595@gmail.com,Male,Nagpur,Maharashtra,2025-02-12
C04177,Nikhil Agarwal,nikhil.agarwal296@gmail.com,Male,Chennai,Tamil Nadu,2023-02-02
C04178,Ishaan Shetty,ishaan.shetty2277@gmail.com,Female,Indore,Madhya Pradesh,2024-07-30
C04179,Kavya Agarwal,kavya.agarwal2996@gmail.com,Male,Kolkata,West Bengal,2024-02-15
C04180,Raj Mehta,raj.mehta4005@gmail.com,Female,Surat,Gujarat,2024-06-13
C04181,Aditi Verma,aditi.verma7845@gmail.com,Female,Mysuru,Karnataka,2024-08-05
C04182,Akash Agarwal,akash.agarwal8084@gmail.com,Male,Mumbai,Maharashtra,2024-11-16
C04183,Rahul Patil,rahul.patil728@gmail.com,Female,Mysuru,Karnataka,2023-07-16
C04184,Diya Singh,diya.singh8266@gmail.com,female,Bengaluru,Karnataka,2023-03-04
C04185,Sameer Verma,sameer.verma4296@outlook.com,Female,Jaipur,Rajasthan,2024-03-03
C04186,Sanjay Rao,sanjay.rao3625@gmail.com,Female,Indore,Madhya Pradesh,2024-02-21
C04187,Zoya Naik,zoya.naik5878@outlook.com,Male,Mysuru,Karnataka,2024-02-28
C04188,Sanjay Iyer,sanjay.iyer9356@gmail.com,Female,Mumbai,Maharashtra,2024-08-03
C04189,Pallavi Mehta,pallavi.mehta6308@gmail.com,Female,Indore,Madhya Pradesh,2024-05-31
C04190,Sakshi Banerjee,sakshi.banerjee2562@gmail.com,Male,Chennai,Tamil Nadu,2024-05-06
C04191,Anika Pillai,anika.pillai6689@gmail.com,Female,Mysuru,Karnataka,2023/10/12
C04192,Diya Agarwal,,Female,Jaipur,Rajasthan,2023-10-18
C04193,Nandini Banerjee,nandini.banerjee8170@gmail.com,Female,Kochi,Kerala,2023-12-07
C04194,Aarav Patil,aarav.patil2324@gmail.com,Female,Surat,Gujarat,2023-03-12
C04195,Akash Mehta,akash.mehta296@gmail.com,Male,Chennai,Tamil Nadu,2025-02-11
C04196,Raj Sharma,raj.sharma4594@gmail.com,Male,Jaipur,Rajasthan,2024-11-23
C04197,Yash Menon,yash.menon3334@gmail.com,Male,Mumbai,Maharashtra,2025-03-31
C04198,Mohit Kumar,mohit.kumar3566@gmail.com,Male,Kochi,Kerala,2025-05-11
C04199,Aarav Mehta,aarav.mehta941@gmail.com,Male,Kochi,Kerala,2023-04-30
C04200,Isha Das,isha.das1090@yahoo.com,Female, Nagpur ,Maharashtra,2024-04-25
C04201,Isha Kulkarni,isha.kulkarni5084@yahoo.com,Male,Mysuru,Karnataka,2023-01-08
C04202,Karan Naik,karan.naik5513@gmail.com,Male,Nashik,Maharashtra,2024-04-17
C04203,Rahul Bhat,rahul.bhat838@gmail.com,Male,Kochi,Kerala,2024-01-04
C04204,Nandini More,nandini.more6844@gmail.com,Male,Hyderabad,Telangana,2025-06-27
C04205,Mohit Agarwal,mohit.agarwal2801@yahoo.com,Male,Ahmedabad,Gujarat,2025-03-17
C04206,Zoya Saxena,zoya.saxena2309@gmail.com,Female,Surat,Gujarat,2023-06-18
C04207,Isha Mehta,isha.mehta7528@gmail.com,Female,Delhi,Delhi,2024-09-12
C04208,Aarav Banerjee,aarav.banerjee1216@gmail.com,female,Delhi,Delhi,2024-03-27
C04209,Riya Kadam,riya.kadam4016@gmail.com,Female,Jaipur,Rajasthan,2024-03-10
C04210,Yash Shetty,yash.shetty8264@gmail.com,Male,Hyderabad,Telangana,2025-07-06
C04211,Arjun Bhat,arjun.bhat5063@gmail.com,Female,Nagpur,Maharashtra,13/09/2023
C04212,Sanjay Shah,sanjay.shah5842@gmail.com,Male,Kolkata,West Bengal,2025-04-15
C04213,Sameer Saxena,sameer.saxena7856@gmail.com,Female,Kolkata,West Bengal,2025-05-24
C04214,Vikram Gupta,vikram.gupta8706@yahoo.com,Male,Indore,Madhya Pradesh,2023-09-14
C04215,Shivani Shetty,shivani.shetty8935@yahoo.com,Female, Hyderabad ,Telangana,2025-06-04
C04216,Aditi Mehta,aditi.mehta2655@outlook.com,Female,Mysuru,Karnataka,2025-03-23
C04217,Karan Jain,karan.jain6975@gmail.com,Female,Pune,Maharashtra,2024-01-12
C04218,Tanvi Naik,tanvi.naik193@gmail.com,Female,Indore,Madhya Pradesh,2025-11-20
C04219,Sameer Mehta,,Male,Ahmedabad,Gujarat,2024-10-27
C04220,Varun Deshmukh,varun.deshmukh5219@yahoo.com,Male,Nagpur,Maharashtra,2024-05-10
C04221,Deepak Kumar,deepak.kumar7878@outlook.com,Male,Delhi,Delhi,2025-09-03
C04222,Sneha Kumar,sneha.kumar6238@gmail.com,Male,Nagpur,Maharashtra,2025-10-12
C04223,Nisha Das,nisha.das8729@gmail.com,Female,Hyderabad,Telangana,2025-01-26
C04224,Aditi Shetty,aditi.shetty2054@outlook.com,Male,Mumbai,Maharashtra,2024-08-18
C04225,Sakshi Kumar,sakshi.kumar9376@gmail.com,Male,Kolkata,West Bengal,2024-01-21
C04226,Raj Banerjee,raj.banerjee5759@gmail.com,Female,Delhi,Delhi,2025-03-22
C04227,Anika Chavan,anika.chavan8621@gmail.com,M, Mumbai ,Maharashtra,2024-09-23
C04228,Akash Banerjee,akash.banerjee724@gmail.com,Male,Nashik,Maharashtra,2025-01-09
C04229,Nandini Joshi,nandini.joshi8576@outlook.com,Female,Nagpur,Maharashtra,2024-01-06
C04230,Riya Chavan,riya.chavan3826@gmail.com,Male,Kolkata,West Bengal,2023-04-12
C04231,Raj Nair,raj.nair1675@gmail.com,Female,Bengaluru,Karnataka,2023-09-10
C04232,Aarav Mehta,aarav.mehta6423@gmail.com,Female,Nashik,Maharashtra,2025-11-04
C04233,Neha Iyer,neha.iyer6588@gmail.com,Male,Nagpur,Maharashtra,2023-02-17
C04234,Karan Iyer,karan.iyer6695@gmail.com,Male,Hyderabad,Telangana,2024-01-23
C04235,Nisha Sharma,nisha.sharma695@gmail.com,Female,Ahmedabad,Gujarat,2023-12-11
C04236,Kavya Sharma,kavya.sharma2840@gmail.com,Female,Pune,Maharashtra,2024-06-19
C04237,Deepak Joshi,deepak.joshi5965@gmail.com,Female,Mysuru,Karnataka,2025-07-13
C04238,Nikhil Sharma,nikhil.sharma8117@gmail.com,Female,Mysuru,Karnataka,2024-10-30
C04239,Pooja Gupta,pooja.gupta6694@outlook.com,Female,Nashik,Maharashtra,2025-01-22
C04240,Akash Mishra,akash.mishra3422@gmail.com,Female,Ahmedabad,Gujarat,2025-10-06
C04241,Nandini Verma,nandini.verma5421@gmail.com,Female,Hyderabad,Telangana,2024-06-04
C04242,Sakshi Chavan,sakshi.chavan5808@yahoo.com,Male,Ahmedabad,Gujarat,2025-05-07
C04243,Neha Naik,neha.naik9210@gmail.com,Female,Hyderabad,Telangana,2024-08-30
C04244,Nisha Singh,nisha.singh6833@outlook.com,Male,Nashik,Maharashtra,2023-11-24
C04245,Sneha Gupta,sneha.gupta8490@gmail.com,Male,Indore,Madhya Pradesh,2024-09-05
C04246,Diya Sharma,diya.sharma7755@gmail.com,Female,Indore,Madhya Pradesh,2025-08-01
C04247,Aarav Shetty,aarav.shetty4002@gmail.com,Female,Jaipur,Rajasthan,2024-08-18
C04248,Shruti Bhat,shruti.bhat4937@gmail.com, Male ,Hyderabad,Telangana,2024-05-30
C04249,Sanjay More,sanjay.more5843@gmail.com,Female,Delhi,Delhi,2023-03-06
C04250,Priya Saxena,priya.saxena532@gmail.com,Female,Bengaluru,Karnataka,2025-01-09
C04251,Sameer Rao,sameer.rao847@outlook.com,Male,Pune,Maharashtra,2023-01-17
C04252,Neha Iyer,neha.iyer9302@gmail.com,Female,Kochi,Kerala,2024-02-06
C04253,Tanvi Shah,tanvi.shah2334@gmail.com,Female,Kochi,Kerala,2025-09-30
C04254,Riya Kadam,riya.kadam3969@yahoo.com,Male,Nashik,Maharashtra,2023-01-10
C04255,Ananya Singh,ananya.singh9170@gmail.com,Male,Pune,Maharashtra,2024-11-17
C04256,Riya Patil,riya.patil89@gmail.com,Female,Nashik,Maharashtra,2023-09-29
C04257,Aditi Kadam,aditi.kadam5116@gmail.com,Female,Pune,Maharashtra,2023-07-12
C04258,Meera Menon,meera.menon7612@gmail.com,Male,Mumbai,Maharashtra,2023-10-13
C04259,Meera Agarwal,meera.agarwal3091@gmail.com,Male,Kolkata,West Bengal,2024-11-08
C04260,Ayush Reddy,ayush.reddy9448@gmail.com,Female,Hyderabad,Telangana,2024-12-23
C04261,Ishaan Gupta,ishaan.gupta7558@gmail.com,Male,Delhi,Delhi,2024-01-14
C04262,Nisha Singh,nisha.singh3011@gmail.com,Male,Indore,Madhya Pradesh,2025-02-17
C04263,Akash Naik,akash.naik3670@yahoo.com,Male,Delhi,Delhi,2025-10-12
C04264,Nisha More,nisha.more5720@gmail.com,Female,Nashik,Maharashtra,2024-12-17
C04265,Anika Joshi,anika.joshi681@gmail.com,Male,Nashik,Maharashtra,2025-06-02
C04266,Priya Kulkarni,priya.kulkarni4997@gmail.com,Female,Mumbai,Maharashtra,2025-09-03
C04267,Priya Agarwal,priya.agarwal7444@gmail.com,Female,Nashik,Maharashtra,2024-03-26
C04268,Deepak Pillai,deepak.pillai6821@outlook.com,Male,Pune,Maharashtra,2023-08-09
C04269,Mohit Rao,mohit.rao1574@gmail.com,Male,Chennai,Tamil Nadu,2025-02-28
C04270,Priya Das,,Female,Kolkata,West Bengal,2025-02-06
C04271,Nandini Menon,nandini.menon6961@gmail.com,Female,Mumbai,Maharashtra,2023-12-22
C04272,Isha Kulkarni,isha.kulkarni6436@gmail.com,Male,Jaipur,Rajasthan,2025-06-24
C04273,Raj Malhotra,raj.malhotra6955@gmail.com,Male,Kochi,Kerala,2023-05-02
C04274,Sanjay Das,sanjay.das340@gmail.com,Female,Ahmedabad,Gujarat,2024-05-07
C04275,Ananya Singh,ananya.singh981@gmail.com,Female,Mysuru,Karnataka,2025-10-08
C04276,Aditya More,aditya.more2058@gmail.com,Female,Delhi,Delhi,2023-10-20
C04277,Meera Kadam,meera.kadam2848@gmail.com,Female,Surat,Gujarat,2023-07-24
C04278,Meera Das,meera.das9120@yahoo.com,Male,Surat,Gujarat,2025-12-23
C04279,Pooja Naik,pooja.naik4790@gmail.com, Female ,Delhi,Delhi,2023-07-05
C04280,Diya Verma,diya.verma6575@gmail.com,Female,nagpur,Maharashtra,2024-05-11
C04281,Aditya Banerjee,aditya.banerjee9069@gmail.com,Male,Nashik,Maharashtra,2023-10-24
C04282,Arjun Shah,arjun.shah7733@gmail.com,Female,Chennai,Tamil Nadu,2023-09-29
C04283,Tanvi Gupta,tanvi.gupta9944@gmail.com,Male,Kolkata,West Bengal,2024-01-14
C04284,Rahul Deshmukh,rahul.deshmukh4683@gmail.com,female,Nagpur,Maharashtra,2023-02-19
C04285,Anika Naik,anika.naik4911@gmail.com,Female,Indore,Madhya Pradesh,2024-02-20
C04286,Shruti Verma,shruti.verma634@gmail.com,Female,Hyderabad,Telangana,2023-06-23
C04287,Vikram Kulkarni,vikram.kulkarni5264@gmail.com,F,Nashik,Maharashtra,2023-08-08
C04288,Diya Kadam,diya.kadam7672@gmail.com,Female,Nagpur,Maharashtra,2023-08-23
C04289,Rahul Saxena,rahul.saxena3510@gmail.com,Male,Mumbai,Maharashtra,2025-07-14
C04290,Sneha Reddy,sneha.reddy887@yahoo.com,Female,Nashik,Maharashtra,2023-06-20
C04291,Meera Das,meera.das2577@gmail.com,Male,nagpur,Maharashtra,2023-11-15
C04292,Sameer Jain,sameer.jain5289@outlook.com,Male,Kochi,Kerala,2023-06-04
C04293,Varun Singh,varun.singh1876@gmail.com,Female,Surat,Gujarat,2025-09-18
C04294,Deepak Jain,deepak.jain7994@gmail.com,Female,Jaipur,Rajasthan,2025-07-13
C04295,Nikhil Verma,nikhil.verma6123@gmail.com,Male,Indore,Madhya Pradesh,2023-06-15
C04296,Nandini Joshi,nandini.joshi179@gmail.com,Male,Delhi,Delhi,2023-04-15
C04297,Deepak Agarwal,deepak.agarwal8541@gmail.com,Female,Nashik,Maharashtra,2025-02-11
C04298,Nisha Malhotra,nisha.malhotra5083@gmail.com,Male,Bengaluru,Karnataka,2024-03-12
C04299,Ishaan Malhotra,ishaan.malhotra6559@outlook.com,Female,Delhi,Delhi,2025-10-27
C04300,Akash Shah,akash.shah4469@gmail.com,Male,Nashik,Maharashtra,2023-04-08
C04301,Neha Singh,neha.singh5711@gmail.com,Male,Nashik,Maharashtra,2025-07-29
C04302,Kabir More,kabir.more3943@gmail.com,Male,Mysuru,Karnataka,2023-10-27
C04303,Aditya Mehta,aditya.mehta9012@gmail.com,Female,Kochi,Kerala,2024-05-13
C04304,Karan Mehta,karan.mehta1650@gmail.com,Male,Bengaluru,Karnataka,2024-10-04
C04305,Neha Gupta,neha.gupta8947@gmail.com,Male,Bengaluru,Karnataka,2023-07-25
C04306,Diya Sharma,diya.sharma8782@yahoo.com,Male,Mumbai,Maharashtra,2024-04-26
C04307,Rohan Saxena,rohan.saxena526@yahoo.com,Male,Hyderabad,Telangana,2023-12-22
C04308,Ananya Menon,ananya.menon8578@gmail.com,Female,Surat,Gujarat,2025-03-03
C04309,Meera Singh,meera.singh3902@yahoo.com,Male,Indore,Madhya Pradesh,2023-01-19
C04310,Vikram Shah,vikram.shah9844@gmail.com,Female,Mysuru,Karnataka,2025-02-18
C04311,Zoya Jain,zoya.jain7974@gmail.com,Female,Mysuru,Karnataka,2024-09-19
C04312,Karan Patil,karan.patil5803@gmail.com,Male,Bengaluru,Karnataka,2023-02-17
C04313,Nandini More,nandini.more835@outlook.com,Male,Mysuru,Karnataka,2023-07-24
C04314,Varun Kulkarni,varun.kulkarni4417@yahoo.com,Female,Ahmedabad,Gujarat,2024-05-09
C04315,Aditi Saxena,aditi.saxena9949@gmail.com,Male,Nashik,Maharashtra,2025-12-27
C04316,Karan Nair,karan.nair8678@gmail.com,Male,Kolkata,West Bengal,2023-01-14
C04317,Ayush Menon,ayush.menon4348@gmail.com,Female,Surat,Gujarat,2023-06-14
C04318,Nandini Shetty,nandini.shetty9930@outlook.com,Male,Delhi,Delhi,2025-05-10
C04319,Shruti Gupta,shruti.gupta6391@gmail.com,Male,Delhi,Delhi,2024-11-24
C04320,Varun Singh,varun.singh3881@outlook.com,Female,Kolkata,West Bengal,2023-06-10
C04321,Ayush More,ayush.more8209@gmail.com,Male,Surat,Gujarat,2025-10-23
C04322,Sneha Shah,sneha.shah6576@gmail.com,Male,Nagpur,Maharashtra,2024-12-26
C04323,Sameer Agarwal,,Male,Indore,Madhya Pradesh,2025-02-20
C04324,Aditi Verma,aditi.verma3409@outlook.com,Male,Delhi,Delhi,2025-10-09
C04325,Kavya Bhat,kavya.bhat7838@gmail.com,Male,Indore,Madhya Pradesh,2025-12-10
C04326,Ishaan Mishra,ishaan.mishra4739@gmail.com,female,Pune,Maharashtra,2024-03-21
C04327,Pooja Deshmukh,pooja.deshmukh6256@gmail.com,Female,Surat,Gujarat,2025-03-11
C04328,Sneha Nair,sneha.nair23@gmail.com,Male,Mysuru,Karnataka,2024-03-23
C04329,Ananya Saxena,ananya.saxena1595@gmail.com,Male,Kolkata,West Bengal,2025-05-02
C04330,Arjun Verma,arjun.verma8388@gmail.com,Male,Pune,Maharashtra,2024-08-28
C04331,Sanjay Gupta,sanjay.gupta3404@gmail.com,Female,Jaipur,Rajasthan,2025-05-13
C04332,Vikram Sharma,vikram.sharma6371@gmail.com,Female,Indore,Madhya Pradesh,2024-05-27
C04333,Kabir Jain,kabir.jain7924@gmail.com,Male,Ahmedabad,Gujarat,2025-11-11
C04334,Sakshi Bhat,sakshi.bhat58@gmail.com,Female,Jaipur,Rajasthan,2024-04-18
C04335,Kabir Shah,kabir.shah6589@gmail.com,Male,Kolkata,West Bengal,2024-04-11
C04336,Riya Jain,riya.jain9739@gmail.com,Male,Pune,Maharashtra,2023-10-24
C04337,Vikram Shetty,vikram.shetty5413@gmail.com,Female,Bengaluru,Karnataka,2025-02-24
C04338,Ananya Patil,ananya.patil827@gmail.com,Male,Kochi,Kerala,2024-06-25
C04339,Raj Kulkarni,raj.kulkarni2800@gmail.com,Male,Mumbai,Maharashtra,2025/07/14
C04340,Neha Pillai,neha.pillai3165@gmail.com,Male,Mumbai,Maharashtra,2025-11-28
C04341,Kabir Kulkarni,kabir.kulkarni885@outlook.com,Female,Kolkata,West Bengal,2025-03-31
C04342,Tanvi Naik,tanvi.naik4139@outlook.com,Female,Nagpur,Maharashtra,2025-12-02
C04343,Raj Malhotra,raj.malhotra5182@gmail.com,Male,Kolkata,West Bengal,2023-04-27
C04344,Arjun Pillai,arjun.pillai4583@yahoo.com,Female,Mumbai,Maharashtra,2023-08-15
C04345,Rahul Singh,rahul.singh1565@yahoo.com,Male,Delhi,Delhi,2025-11-24
C04346,Aarav Singh,aarav.singh3471@gmail.com,Female,Mumbai,Maharashtra,2025-10-05
C04347,Mohit Kulkarni,mohit.kulkarni1552@gmail.com,Female,Ahmedabad,Gujarat,2024-02-14
C04348,Rohan Das,rohan.das2926@gmail.com,Male,Delhi,Delhi,2025-07-07
C04349,Shivani Malhotra,shivani.malhotra3580@outlook.com,Male,Chennai,Tamil Nadu,2025-04-20
C04350,Anika Jain,anika.jain8620@gmail.com,Female,Indore,Madhya Pradesh,2024-03-08
C04351,Isha Iyer,isha.iyer1874@gmail.com,Male,Mysuru,Karnataka,2023-04-07
C04352,Yash Mehta,yash.mehta5712@gmail.com,Male,Ahmedabad,Gujarat,2025-10-08
C04353,Ayush Gupta,ayush.gupta6917@gmail.com,Male,Hyderabad,Telangana,2024-02-03
C04354,Ananya Pillai,ananya.pillai5407@gmail.com,Male,Nagpur,Maharashtra,2025-12-15
C04355,Aditya Deshmukh,aditya.deshmukh3985@outlook.com,Male,Mysuru,Karnataka,2023-04-26
C04356,Sanjay Verma,sanjay.verma6097@yahoo.com,Female,Mysuru,Karnataka,2024-08-28
C04357,Zoya Shah,zoya.shah3850@yahoo.com,Male,Delhi,Delhi,2025-05-12
C04358,Diya Pillai,diya.pillai3578@gmail.com,Male,Indore,Madhya Pradesh,2024-07-24
C04359,Priya Agarwal,priya.agarwal1744@outlook.com,Female,Kochi,Kerala,2024-12-01
C04360,Ananya Das,ananya.das5296@yahoo.com,Male,Nagpur,Maharashtra,2024-01-13
C04361,Nandini Das,nandini.das2950@gmail.com,Male,Kolkata,West Bengal,2025-05-12
C04362,Kavya Gupta,kavya.gupta2000@yahoo.com,Female,Surat,Gujarat,2023-03-18
C04363,Meera Jain,meera.jain5875@gmail.com,Male,Nagpur,Maharashtra,2024-06-18
C04364,Manish Mishra,manish.mishra5225@gmail.com,Male,Surat,Gujarat,2024-05-30
C04365,Priya Gupta,priya.gupta9891@gmail.com,Male,Hyderabad,Telangana,2023-04-18
C04366,Vikram Malhotra,vikram.malhotra5542@gmail.com,Female,Ahmedabad,Gujarat,2025-12-03
C04367,Pooja Verma,pooja.verma2231@gmail.com,Male,Kochi,Kerala,2025-08-09
C04368,Nisha Mishra,nisha.mishra1773@outlook.com,Female,Nagpur,Maharashtra,2023-12-27
C04369,Kavya Kumar,kavya.kumar6867@gmail.com,Male,Nashik,Maharashtra,2023-07-10
C04370,Ananya Menon,ananya.menon7718@gmail.com,Female,Hyderabad,Telangana,2024-03-17
C04371,Tanvi Sharma,tanvi.sharma1992@outlook.com,Male,Kolkata,West Bengal,2023-10-06
C04372,Nikhil Sharma,nikhil.sharma5017@gmail.com,Male,Mysuru,Karnataka,2024-01-05
C04373,Ishaan Mishra,ishaan.mishra1551@yahoo.com,Male,Indore,Madhya Pradesh,2024-07-07
C04374,Akash Singh,akash.singh3038@gmail.com,Female,Nashik,Maharashtra,2024-05-18
C04375,Priya Deshmukh,priya.deshmukh1552@yahoo.com,Male,Kochi,Kerala,2023-01-30
C04376,Pooja Deshmukh,pooja.deshmukh4868@yahoo.com,Female,Chennai,Tamil Nadu,2023-12-11
C04377,Diya Kadam,diya.kadam2587@gmail.com,Male,Nashik,Maharashtra,2023-03-05
C04378,Rohan Sharma,rohan.sharma7206@gmail.com,Female,Mysuru,Karnataka,2024-09-22
C04379,Anika Kulkarni,anika.kulkarni6986@gmail.com,Female,Nashik,Maharashtra,2025-11-20
C04380,Shivani Joshi,,Female,Bengaluru,Karnataka,2024-08-06
C04381,Riya Nair,riya.nair3164@outlook.com,Male,Nagpur,Maharashtra,2023-05-14
C04382,Priya Deshmukh,priya.deshmukh4926@gmail.com,Male,Indore,Madhya Pradesh,2023-10-02
C04383,Shruti Patil,shruti.patil6326@gmail.com,Male,Jaipur,Rajasthan,2024-01-02
C04384,Aditi Chavan,aditi.chavan6290@gmail.com,Female,Hyderabad,Telangana,2024-10-13
C04385,Karan Mishra,karan.mishra587@gmail.com,Male,Nagpur,Maharashtra,2023-12-26
C04386,Vikram Gupta,vikram.gupta7100@gmail.com,Male,Mysuru,Karnataka,2025-02-20
C04387,Ishaan Jain,ishaan.jain3806@yahoo.com,Female,Delhi,Delhi,2024-04-23
C04388,Anika Jain,anika.jain1081@yahoo.com,Male,Chennai,Tamil Nadu,2023-07-10
C04389,Sanjay Kadam,sanjay.kadam5016@gmail.com,Female,Bengaluru,Karnataka,2024-04-17
C04390,Diya Deshmukh,diya.deshmukh6967@gmail.com,Male,Bengaluru,Karnataka,2025-02-14
C04391,Neha Singh,neha.singh4923@yahoo.com,Male,Hyderabad,Telangana,2024-02-17
C04392,Mohit Joshi,mohit.joshi6087@gmail.com,Female,Hyderabad,Telangana,2025-08-25
C04393,Sneha Menon,sneha.menon620@yahoo.com,Female,Nagpur,Maharashtra,2024-06-05
C04394,Rohan Saxena,rohan.saxena4667@gmail.com,Male,CHENNAI,Tamil Nadu,2023-12-26
C04395,Sakshi Malhotra,sakshi.malhotra5638@gmail.com,Female,Pune,Maharashtra,2024-11-06
C04396,Neha Nair,neha.nair9473@gmail.com,Male,Delhi,Delhi,2023-02-14
C04397,Nisha Chavan,nisha.chavan6124@gmail.com,Female,Kochi,Kerala,2025-12-07
C04398,Aarav Shah,aarav.shah9923@gmail.com,Female,Nagpur,Maharashtra,2025-05-24
C04399,Priya Nair,priya.nair7715@gmail.com,male,Delhi,Delhi,2023-07-16
C04400,Aditya Joshi,aditya.joshi9012@yahoo.com,Male,Kolkata,West Bengal,2023-09-13
C04401,Aarav Patil,aarav.patil4498@gmail.com,Female,Surat,Gujarat,2024-11-27
C04402,Manish Shetty,manish.shetty6595@gmail.com,Female,Chennai,Tamil Nadu,2024-08-06
C04403,Sneha Rao,,Female,Nagpur,Maharashtra,2024-06-12
C04404,Arjun Rao,arjun.rao7108@gmail.com,Male,Mysuru,Karnataka,2023-02-15
C04405,Nandini Malhotra,nandini.malhotra1333@gmail.com,Male,Kolkata,West Bengal,2023-06-18
C04406,Isha Joshi,isha.joshi1691@gmail.com,Female,Surat,Gujarat,2025-07-06
C04407,Vikram Das,vikram.das7090@gmail.com,Male,Delhi,Delhi,2025-05-07
C04408,Rahul Mehta,rahul.mehta6930@gmail.com,Male,Jaipur,Rajasthan,2025-10-31
C04409,Sakshi Pillai,sakshi.pillai4282@gmail.com,Male,Nashik,Maharashtra,2024-08-22
C04410,Nikhil More,nikhil.more7136@yahoo.com,Female,Hyderabad,Telangana,2025-01-23
C04411,Aditi Menon,aditi.menon5321@gmail.com,Female,Kochi,Kerala,2024-07-23
C04412,Shivani Singh,shivani.singh7947@gmail.com,Female,Indore,Madhya Pradesh,2024-04-14
C04413,Aditya Reddy,aditya.reddy2925@yahoo.com,Female,Indore,Madhya Pradesh,2024-06-25
C04414,Ananya Pillai,ananya.pillai5435@outlook.com,Male,Indore,Madhya Pradesh,2023-12-10
C04415,Pooja Patil,pooja.patil5423@gmail.com,Male,Indore,Madhya Pradesh,2023-09-24
C04416,Kabir Kumar,kabir.kumar7019@gmail.com,Female,Indore,Madhya Pradesh,2025-10-01
C04417,Pooja Naik,pooja.naik6748@gmail.com,Female,Surat,Gujarat,2023-05-27
C04418,Pallavi Shah,pallavi.shah9173@gmail.com,Female,Surat,Gujarat,2025-04-13
C04419,Kavya Kumar,kavya.kumar3626@gmail.com,Male,Jaipur,Rajasthan,2024-12-19
C04420,Aditi Agarwal,aditi.agarwal7207@yahoo.com,Female,Mumbai,Maharashtra,2023-10-17
C04421,Sanjay Kumar,sanjay.kumar35@gmail.com, Female ,Mumbai,Maharashtra,2024-03-02
C04422,Diya Shetty,diya.shetty7541@gmail.com,Female,Indore,Madhya Pradesh,2025-09-29
C04423,Vikram Patil,vikram.patil6355@gmail.com,Female,Kochi,Kerala,2024-03-18
C04424,Diya Patil,diya.patil3542@gmail.com,Female,Hyderabad,Telangana,2025-05-15
C04425,Nikhil Nair,nikhil.nair6612@yahoo.com,Female,Nashik,Maharashtra,2024-06-12
C04426,Mohit Shah,mohit.shah2476@gmail.com,Male,Mumbai,Maharashtra,2023-05-28
C04427,Rohan Rao,rohan.rao1464@outlook.com,female,Nashik,Maharashtra,2025-05-13
C04428,Tanvi Menon,tanvi.menon7325@gmail.com,Female,Hyderabad,Telangana,2023-09-12
C04429,Riya Rao,riya.rao2845@gmail.com,Male,Kolkata,West Bengal,2025-05-26
C04430,Sakshi Shah,sakshi.shah8827@gmail.com,Male,Ahmedabad,Gujarat,2025-06-29
C04431,Zoya Malhotra,zoya.malhotra8134@gmail.com,Female,Kochi,Kerala,2025/09/27
C04432,Rohan Malhotra,rohan.malhotra3932@gmail.com,Female,Chennai,Tamil Nadu,2024-08-10
C04433,Deepak Jain,deepak.jain7319@outlook.com,Female,Delhi,Delhi,2024-01-25
C04434,Aditi Agarwal,aditi.agarwal7812@gmail.com,Female,Surat,Gujarat,2024-05-06
C04435,Shivani Bhat,shivani.bhat419@gmail.com,Male,Kolkata,West Bengal,2024-07-30
C04436,Aditi Banerjee,aditi.banerjee7665@gmail.com,Male,Kolkata,West Bengal,2025-05-12
C04437,Pooja Malhotra,pooja.malhotra3282@gmail.com,Male,Kolkata,West Bengal,2024-12-19
C04438,Ananya Kumar,ananya.kumar3412@gmail.com,Male,Surat,Gujarat,2025-08-22
C04439,Shruti Jain,shruti.jain772@gmail.com,Male,Bengaluru,Karnataka,2023-03-08
C04440,Shivani Verma,shivani.verma8304@gmail.com,Male,Ahmedabad,Gujarat,2025-01-01
C04441,Nikhil Mishra,nikhil.mishra4010@yahoo.com,Female,Chennai,Tamil Nadu,2024-12-04
C04442,Sneha Verma,sneha.verma2963@gmail.com,Male,Hyderabad,Telangana,2024-12-01
C04443,Shivani Singh,shivani.singh613@gmail.com,Female,Bengaluru,Karnataka,2023-01-28
C04444,Aditi Banerjee,aditi.banerjee1159@gmail.com,Male,Nagpur,Maharashtra,2023-06-11
C04445,Pooja Jain,pooja.jain6914@gmail.com,Male,Surat,Gujarat,2025-01-10
C04446,Sanjay More,sanjay.more9311@gmail.com,Female,Surat,Gujarat,2025-10-24
C04447,Anika Mehta,anika.mehta5224@yahoo.com,Male,Jaipur,Rajasthan,2023-07-28
C04448,Tanvi Saxena,tanvi.saxena6592@gmail.com,Male,Kochi,Kerala,2024-07-20
C04449,Pooja Mishra,pooja.mishra7361@gmail.com,Male,Chennai,Tamil Nadu,2025-08-21
C04450,Zoya Chavan,zoya.chavan8384@outlook.com,Male,Surat,Gujarat,2025-04-16
C04451,Neha Mishra,neha.mishra6561@gmail.com,Male,Kolkata,West Bengal,2025-04-22
C04452,Shruti Sharma,shruti.sharma2191@gmail.com,Female,Mysuru,Karnataka,2025-02-02
C04453,Rahul Malhotra,rahul.malhotra284@yahoo.com,Male,Nagpur,Maharashtra,2025-02-06
C04454,Neha More,neha.more3803@gmail.com, Male ,Pune,Maharashtra,2024-04-21
C04455,Pallavi More,pallavi.more6937@gmail.com,Male,Pune,Maharashtra,2025-10-13
C04456,Priya Joshi,priya.joshi3974@yahoo.com,Female,Indore,Madhya Pradesh,2025-09-12
C04457,Karan Shetty,karan.shetty4161@gmail.com,Female,Pune,Maharashtra,2023-05-18
C04458,Ananya Nair,ananya.nair8725@gmail.com,Female,Kochi,Kerala,2023-06-30
C04459,Aditya Deshmukh,aditya.deshmukh7400@gmail.com,Male,Kolkata,West Bengal,21/09/2024
C04460,Nisha Jain,,Female,Indore,Madhya Pradesh,2023-07-04
C04461,Ishaan Joshi,ishaan.joshi4965@gmail.com,M,Kolkata,West Bengal,2024-09-04
C04462,Kavya Kumar,kavya.kumar4630@gmail.com,Male,Nagpur,Maharashtra,2024-06-21
C04463,Ishaan Shetty,ishaan.shetty8276@outlook.com,Male,Mysuru,Karnataka,2024-04-07
C04464,Riya Mehta,riya.mehta6786@gmail.com,Female,Jaipur,Rajasthan,2025-04-12
C04465,Vikram Deshmukh,vikram.deshmukh1487@gmail.com,Female,Mumbai,Maharashtra,2024-02-22
C04466,Ananya Naik,ananya.naik151@gmail.com,Female,Nashik,Maharashtra,2024-01-20
C04467,Zoya Verma,zoya.verma6865@gmail.com,Male,Hyderabad,Telangana,2024-07-01
C04468,Riya Nair,riya.nair8824@gmail.com,Male,Nagpur,Maharashtra,2025-12-15
C04469,Ayush Pillai,ayush.pillai5641@gmail.com,Female,Jaipur,Rajasthan,2024-11-02
C04470,Ananya Shetty,ananya.shetty5421@gmail.com,Male,Pune,Maharashtra,2025-02-07
C04471,Sakshi Rao,sakshi.rao3534@yahoo.com,Male, Delhi ,Delhi,2023-12-31
C04472,Arjun Jain,arjun.jain8734@gmail.com,Male,Hyderabad,Telangana,2024-09-29
C04473,Akash Nair,akash.nair4240@gmail.com,Male,Jaipur,Rajasthan,2023-05-14
C04474,Nandini Reddy,nandini.reddy5117@gmail.com,Male,Mysuru,Karnataka,2023-12-21
C04475,Sanjay Menon,sanjay.menon3977@gmail.com,Male,Delhi,Delhi,2025-08-06
C04476,Karan Mehta,karan.mehta2545@outlook.com,Male,Jaipur,Rajasthan,2024-10-05
C04477,Nikhil Mehta,nikhil.mehta6589@gmail.com,Male,Mumbai,Maharashtra,2024-08-28
C04478,Mohit Mehta,mohit.mehta5948@gmail.com,Male,Delhi,Delhi,2024-12-30
C04479,Ananya Kumar,ananya.kumar3119@gmail.com,Female,Hyderabad,Telangana,2023-03-21
C04480,Nikhil Sharma,nikhil.sharma8739@gmail.com,Male,Kolkata,West Bengal,2025-06-22
C04481,Akash Malhotra,akash.malhotra5917@yahoo.com,Female,Kochi,Kerala,2025-04-14
C04482,Priya Kumar,priya.kumar7090@gmail.com,Female,Kolkata,West Bengal,2025-04-13
C04483,Priya Menon,priya.menon9158@gmail.com,Male,Chennai,Tamil Nadu,2023-09-03
C04484,Diya Singh,diya.singh5600@gmail.com,Male,Nagpur,Maharashtra,2024-06-30
C04485,Shivani Deshmukh,shivani.deshmukh1697@gmail.com,Female,nashik,Maharashtra,2023-06-18
C04486,Arjun Shetty,arjun.shetty6244@gmail.com,Male,Mysuru,Karnataka,2025-02-22
C04487,Akash Menon,akash.menon2179@gmail.com,Female,Surat,Gujarat,2025-12-14
C04488,Deepak Saxena,deepak.saxena6637@yahoo.com,Male,Mysuru,Karnataka,2023-09-10
C04489,Shivani Das,shivani.das2499@gmail.com,Female,JAIPUR,Rajasthan,2023-09-15
C04490,Riya Shetty,riya.shetty2803@gmail.com,Female,Nashik,Maharashtra,2025-04-03
C04491,Diya Sharma,diya.sharma4449@outlook.com,Male,Jaipur,Rajasthan,01-Feb-2024
C04492,Aarav Sharma,aarav.sharma2289@gmail.com,Female,Delhi,Delhi,2024-04-16
C04493,Deepak Agarwal,deepak.agarwal815@gmail.com,Male,Pune,Maharashtra,2025-07-22
C04494,Diya Sharma,diya.sharma4389@yahoo.com,Female,Bengaluru,Karnataka,2025-08-06
C04495,Shruti Pillai,shruti.pillai4172@gmail.com,Female,Mysuru,Karnataka,2023-09-21
C04496,Ayush Reddy,ayush.reddy1457@gmail.com,Female,Nagpur,Maharashtra,2024-12-17
C04497,Karan Menon,karan.menon5436@yahoo.com,Male,Mysuru,Karnataka,2023-04-02
C04498,Diya Shetty,diya.shetty6554@gmail.com,Female,Nashik,Maharashtra,2025-11-22
C04499,Aditya Deshmukh,aditya.deshmukh2852@gmail.com,Female,Jaipur,Rajasthan,2023-02-28
C04500,Aarav Singh,aarav.singh4932@outlook.com,Female,Surat,Gujarat,2025-01-04
C04501,Tanvi Saxena,tanvi.saxena692@gmail.com,Female,Ahmedabad,Gujarat,2024-11-29
C04502,Anika Chavan,anika.chavan5424@gmail.com,Female,Jaipur,Rajasthan,2025-10-31
C04503,Nandini Nair,nandini.nair6382@gmail.com,Female,Bengaluru,Karnataka,2023-07-12
C04504,Sneha Saxena,sneha.saxena8444@yahoo.com,Female,Pune,Maharashtra,27/03/2024
C04505,Isha Naik,isha.naik7264@gmail.com,Female,Kochi,Kerala,2025-11-11
C04506,Sneha More,sneha.more1223@gmail.com,Female,Kochi,Kerala,2024-05-01
C04507,Akash Singh,akash.singh2271@gmail.com,Male, Nashik ,Maharashtra,2023-09-20
C04508,Arjun Saxena,arjun.saxena9119@gmail.com,Male,Mysuru,Karnataka,2024-02-01
C04509,Neha Pillai,neha.pillai7337@gmail.com,Male,Indore,Madhya Pradesh,2024-07-21
C04510,Manish Naik,manish.naik5404@gmail.com,Female,Bengaluru,Karnataka,2024-02-29
C04511,Isha Jain,isha.jain4038@yahoo.com,Male,Surat,Gujarat,2024-10-22
C04512,Pallavi Deshmukh,pallavi.deshmukh9662@gmail.com,Female,Chennai,Tamil Nadu,2023-05-31
C04513,Varun Saxena,varun.saxena5935@gmail.com,Female,Nagpur,Maharashtra,2023-04-08
C04514,Tanvi Reddy,tanvi.reddy9652@gmail.com,M,Jaipur,Rajasthan,2024-05-05
C04515,Shivani Pillai,shivani.pillai9257@gmail.com,Male,Hyderabad,Telangana,2023-04-26
C04516,Deepak Kadam,deepak.kadam8094@gmail.com,Female,Mysuru,Karnataka,2025-03-17
C04517,Zoya Agarwal,zoya.agarwal8672@gmail.com,Female,Jaipur,Rajasthan,2025-04-07
C04518,Sakshi More,sakshi.more9725@gmail.com,Female,Nashik,Maharashtra,2023-11-02
C04519,Kabir Kadam,kabir.kadam8620@gmail.com,Male,Pune,Maharashtra,2023-11-22
C04520,Ayush Naik,ayush.naik4031@gmail.com,Male,Hyderabad,Telangana,2023-11-12
C04521,Aditya Singh,aditya.singh8435@gmail.com,Female,Kochi,Kerala,2025-11-10
C04522,Kabir Mishra,kabir.mishra7955@gmail.com,Female,Chennai,Tamil Nadu,2025-05-15
C04523,Zoya Sharma,zoya.sharma4573@gmail.com,Male,Nagpur,Maharashtra,2025-03-28
C04524,Vikram Joshi,vikram.joshi9423@gmail.com,Female,Mysuru,Karnataka,2024-07-28
C04525,Rahul Reddy,rahul.reddy5865@gmail.com,Male,Mumbai,Maharashtra,2024-04-18
C04526,Vikram Kumar,vikram.kumar5412@gmail.com,Female,Kochi,Kerala,2024-12-06
C04527,Neha Bhat,neha.bhat4539@gmail.com,Male,Mysuru,Karnataka,2025-07-25
C04528,Nikhil Naik,nikhil.naik7031@outlook.com,Female,Ahmedabad,Gujarat,2023-11-17
C04529,Ayush Das,ayush.das8087@gmail.com,Female,Mysuru,Karnataka,2023-08-30
C04530,Rahul Shah,rahul.shah5836@gmail.com,Male,Chennai,Tamil Nadu,2025-04-12
C04531,Riya Agarwal,riya.agarwal5100@gmail.com,Female,Nashik,Maharashtra,2025-06-11
C04532,Tanvi Naik,tanvi.naik3902@gmail.com,Male,Nagpur,Maharashtra,2025-05-24
C04533,Pallavi Nair,pallavi.nair3019@gmail.com,Male,Delhi,Delhi,2025-10-29
C04534,Sameer Saxena,sameer.saxena1416@gmail.com,Female,Hyderabad,Telangana,2023-03-19
C04535,Diya Iyer,diya.iyer2378@gmail.com,Female,Kochi,Kerala,2024-07-29
C04536,Kabir Saxena,kabir.saxena5012@gmail.com,Female,Mysuru,Karnataka,2024-03-16
C04537,Sakshi Singh,sakshi.singh9311@yahoo.com,Female,Jaipur,Rajasthan,2023-04-10
C04538,Sneha Chavan,sneha.chavan1366@yahoo.com,Male,Mysuru,Karnataka,2023-04-11
C04539,Neha Sharma,neha.sharma3230@gmail.com,Male,Surat,Gujarat,2024-02-22
C04540,Ananya Das,ananya.das3600@outlook.com,Male,Indore,Madhya Pradesh,2024-11-14
C04541,Rohan Saxena,rohan.saxena6549@gmail.com,Female,Kochi,Kerala,2025-12-15
C04542,Arjun Shetty,arjun.shetty4289@gmail.com,male,Delhi,Delhi,2024-10-30
C04543,Aditi Verma,aditi.verma6448@gmail.com,Female,Hyderabad,Telangana,2023-11-12
C04544,Yash Banerjee,yash.banerjee2267@outlook.com,Male,Chennai,Tamil Nadu,2025-04-05
C04545,Akash Chavan,akash.chavan6483@gmail.com,Male,Delhi,Delhi,2024-02-27
C04546,Arjun Malhotra,arjun.malhotra8705@gmail.com,Female,Mysuru,Karnataka,2023-11-10
C04547,Tanvi Mishra,tanvi.mishra8223@gmail.com,Male,Nashik,Maharashtra,2023-11-11
C04548,Ishaan Mehta,,Male,Kochi,Kerala,2025-01-01
C04549,Aditi Kadam,aditi.kadam5583@gmail.com,Male, Kolkata ,West Bengal,2025-07-18
C04550,Anika Shetty,anika.shetty2998@gmail.com,Female,Pune,Maharashtra,2025-03-02
C04551,Manish Malhotra,manish.malhotra7836@yahoo.com,Female,Delhi,Delhi,2025-03-25
C04552,Nikhil Mishra,nikhil.mishra7314@yahoo.com,Male,Ahmedabad,Gujarat,2023-01-06
C04553,Vikram Das,vikram.das9227@gmail.com,Male,Delhi,Delhi,2023-06-18
C04554,Varun Pillai,varun.pillai1132@gmail.com,Female,Delhi,Delhi,2025-01-28
C04555,Pooja Kulkarni,pooja.kulkarni9906@gmail.com,Female,Surat,Gujarat,2024-09-20
C04556,Manish Kadam,manish.kadam4525@yahoo.com,Male,Mumbai,Maharashtra,2025-05-29
C04557,Isha Agarwal,isha.agarwal8486@gmail.com,Female,nashik,Maharashtra,2024-05-15
C04558,Neha Rao,neha.rao5752@gmail.com,Female, Kolkata ,West Bengal,2025-06-08
C04559,Raj Menon,raj.menon317@gmail.com,Female,Bengaluru,Karnataka,2025-09-12
C04560,Pooja Mishra,pooja.mishra3454@gmail.com,Male,Nagpur,Maharashtra,2024-06-23
C04561,Sneha Bhat,sneha.bhat1678@gmail.com,Female,Kolkata,West Bengal,2025-10-05
C04562,Pallavi Iyer,pallavi.iyer9549@gmail.com,Male,Pune,Maharashtra,2023-01-06
C04563,Yash Gupta,yash.gupta4899@gmail.com,Female,Mysuru,Karnataka,2024-05-08
C04564,Manish Verma,manish.verma7655@gmail.com,Male,Nagpur,Maharashtra,2025-08-07
C04565,Akash Kulkarni,akash.kulkarni4143@outlook.com,Female,Mumbai,Maharashtra,2024-11-13
C04566,Meera Agarwal,meera.agarwal3948@gmail.com,Female,Chennai,Tamil Nadu,2024-06-22
C04567,Kabir Pillai,kabir.pillai5783@gmail.com,Female,Pune,Maharashtra,2023-12-21
C04568,Zoya Kumar,zoya.kumar1711@gmail.com, Female ,Ahmedabad,Gujarat,2024-06-05
C04569,Neha Chavan,neha.chavan5072@gmail.com,Female,Mysuru,Karnataka,2025-09-26
C04570,Kabir Kumar,kabir.kumar7671@gmail.com,Female,Kochi,Kerala,2025-02-05
C04571,Diya Shah,,Female,Indore,Madhya Pradesh,2023-10-24
C04572,Riya Bhat,riya.bhat7972@gmail.com,Female,Bengaluru,Karnataka,2024-12-05
C04573,Rohan Shetty,rohan.shetty6707@gmail.com,Male,Jaipur,Rajasthan,2023-07-20
C04574,Diya Saxena,diya.saxena4310@gmail.com,Male,Kochi,Kerala,2025-12-23
C04575,Shivani Iyer,shivani.iyer4957@outlook.com,Male,Hyderabad,Telangana,2024-03-13
C04576,Pooja Sharma,pooja.sharma4132@gmail.com,Female,Kolkata,West Bengal,2023-07-28
C04577,Arjun Joshi,arjun.joshi9674@outlook.com,Male,Mysuru,Karnataka,2025-10-06
C04578,Nikhil Kulkarni,nikhil.kulkarni5242@gmail.com,Male,Jaipur,Rajasthan,2024-12-16
C04579,Isha More,isha.more4653@gmail.com,Female,Hyderabad,Telangana,2025-10-19
C04580,Aditya Kulkarni,aditya.kulkarni3138@gmail.com,Male,Kolkata,West Bengal,2023-02-22
C04581,Aditi Mehta,aditi.mehta521@gmail.com,Male,Kolkata,West Bengal,2024/12/13
C04582,Tanvi Mishra,tanvi.mishra7546@gmail.com,Male,Bengaluru,Karnataka,2025-02-23
C04583,Yash Bhat,yash.bhat8677@gmail.com,Female,Ahmedabad,Gujarat,2023-12-31
C04584,Arjun Gupta,arjun.gupta1809@gmail.com,Male,Kochi,Kerala,2023-11-16
C04585,Nisha Agarwal,nisha.agarwal7303@gmail.com,Male,Surat,Gujarat,2025-05-18
C04586,Riya Nair,riya.nair7985@gmail.com,Female,Surat,Gujarat,2025-05-27
C04587,Riya More,riya.more755@outlook.com,Male,Jaipur,Rajasthan,2025-04-14
C04588,Varun Reddy,varun.reddy8830@gmail.com,Female,Pune,Maharashtra,2025-12-29
C04589,Anika Nair,anika.nair1754@gmail.com,Male,Hyderabad,Telangana,2024-12-08
C04590,Ananya Joshi,ananya.joshi9899@outlook.com,Female,Hyderabad,Telangana,2023-04-07
C04591,Ishaan Pillai,ishaan.pillai3724@gmail.com,Female,Nashik,Maharashtra,2024-09-26
C04592,Meera Kumar,meera.kumar7245@gmail.com,Female,Kolkata,West Bengal,2025-04-27
C04593,Isha Sharma,isha.sharma854@outlook.com,Male,Hyderabad,Telangana,2023-01-23
C04594,Rohan Agarwal,rohan.agarwal5986@yahoo.com,Male,Nashik,Maharashtra,2025-06-13
C04595,Sakshi Das,sakshi.das2862@gmail.com,Male,Bengaluru,Karnataka,2025-11-17
C04596,Shivani Shah,shivani.shah9697@gmail.com,Male,Kochi,Kerala,2025-08-22
C04597,Diya Menon,diya.menon6405@gmail.com,Male,Jaipur,Rajasthan,2025-12-07
C04598,Anika Saxena,anika.saxena3223@gmail.com,Male,Pune,Maharashtra,2023-09-21
C04599,Nandini Chavan,nandini.chavan5290@gmail.com,Female,Nashik,Maharashtra,2023-12-07
C04600,Anika Shetty,anika.shetty8964@gmail.com,Female,Mumbai,Maharashtra,2025-09-28
C04601,Shruti Banerjee,shruti.banerjee5227@outlook.com,Female,Chennai,Tamil Nadu,2025-03-18
C04602,Neha Gupta,neha.gupta3528@gmail.com,Female,Kochi,Kerala,2025-02-01
C04603,Priya Joshi,priya.joshi1802@yahoo.com,Male,Chennai,Tamil Nadu,2023-06-06
C04604,Kabir Kadam,kabir.kadam1408@gmail.com,Female,Indore,Madhya Pradesh,2024-12-02
C04605,Tanvi Nair,tanvi.nair5549@gmail.com,Male,Jaipur,Rajasthan,2023-02-07
C04606,Manish Bhat,manish.bhat9727@gmail.com,Female,Indore,Madhya Pradesh,2023-07-25
C04607,Sneha Naik,sneha.naik8809@gmail.com,Female,Chennai,Tamil Nadu,2023-07-24
C04608,Anika Joshi,anika.joshi2726@gmail.com,Male,Ahmedabad,Gujarat,2023-10-03
C04609,Nandini Kadam,nandini.kadam3259@gmail.com,Female,Jaipur,Rajasthan,2024-05-14
C04610,Neha Patil,neha.patil1833@gmail.com,Female,Kochi,Kerala,2023-07-19
C04611,Ishaan Bhat,ishaan.bhat197@gmail.com,Male,Hyderabad,Telangana,2025-03-08
C04612,Zoya Pillai,zoya.pillai4779@outlook.com,Female,Kochi,Kerala,2025-03-19
C04613,Aditya Mishra,aditya.mishra6920@outlook.com,Female,Nagpur,Maharashtra,2023-01-22
C04614,Arjun Bhat,arjun.bhat6190@gmail.com,Female,Hyderabad,Telangana,10-Aug-2025
C04615,Aarav Pillai,aarav.pillai1086@gmail.com,Male,Ahmedabad,Gujarat,2025-09-15
C04616,Arjun Pillai,arjun.pillai4629@yahoo.com,Female,Pune,Maharashtra,2023-03-27
C04617,Nisha Patil,nisha.patil1697@yahoo.com,Female,Nashik,Maharashtra,2024-09-05
C04618,Pallavi Shah,pallavi.shah2661@gmail.com,Female,Bengaluru,Karnataka,2024-04-08
C04619,Rahul Saxena,rahul.saxena7045@outlook.com,Female,Ahmedabad,Gujarat,2024-06-09
C04620,Arjun Jain,arjun.jain6584@gmail.com,Female,Nagpur,Maharashtra,2023-06-20
C04621,Meera Malhotra,meera.malhotra6349@gmail.com,Male,Nashik,Maharashtra,2023-02-11
C04622,Pallavi Mishra,pallavi.mishra263@gmail.com,Female,Mysuru,Karnataka,2025-09-23
C04623,Deepak Kumar,deepak.kumar9777@outlook.com,Male,Indore,Madhya Pradesh,2023-08-23
C04624,Ayush Bhat,ayush.bhat9162@gmail.com,Male,Mumbai,Maharashtra,2025-02-04
C04625,Sameer Bhat,sameer.bhat7621@gmail.com,Female,Pune,Maharashtra,2025-03-12
C04626,Neha Iyer,neha.iyer4050@gmail.com,Male,Mumbai,Maharashtra,2024-11-11
C04627,Sameer Mishra,sameer.mishra2825@gmail.com,Male,Pune,Maharashtra,2024-11-29
C04628,Deepak Iyer,deepak.iyer9371@gmail.com,Female,Mumbai,Maharashtra,2025-05-17
C04629,Rohan Saxena,rohan.saxena181@gmail.com,Male,Chennai,Tamil Nadu,2025-11-19
C04630,Kavya Agarwal,kavya.agarwal8259@gmail.com,Male,Delhi,Delhi,2024-04-17
C04631,Shruti Chavan,shruti.chavan6698@gmail.com,Female,Mumbai,Maharashtra,2023-01-09
C04632,Mohit Menon,mohit.menon1393@outlook.com,Female,SURAT,Gujarat,2024-10-30
C04633,Rahul Shetty,rahul.shetty9412@gmail.com,Female,Chennai,Tamil Nadu,2025-02-11
C04634,Ayush Sharma,ayush.sharma1345@gmail.com,Male,Kochi,Kerala,2023-11-30
C04635,Anika Reddy,anika.reddy3113@gmail.com,Female,Kochi,Kerala,2024-05-15
C04636,Rohan Naik,rohan.naik9287@gmail.com,Male,Nashik,Maharashtra,2025-09-14
C04637,Rahul Saxena,rahul.saxena1647@outlook.com,Female,Surat,Gujarat,2025-07-18
C04638,Anika Banerjee,anika.banerjee3159@gmail.com,Female,Kolkata,West Bengal,2023-02-24
C04639,Shivani Naik,shivani.naik9400@gmail.com,Male,Kolkata,West Bengal,2023-04-27
C04640,Deepak Joshi,deepak.joshi88@gmail.com,Male,Kochi,Kerala,2025-02-21
C04641,Sameer Joshi,sameer.joshi9107@gmail.com,Male,Jaipur,Rajasthan,2024-04-19
C04642,Mohit Rao,mohit.rao1899@yahoo.com,Female,Ahmedabad,Gujarat,2024-06-14
C04643,Sameer Rao,sameer.rao1003@gmail.com,Female,Kolkata,West Bengal,2025-06-11
C04644,Neha Shah,neha.shah9629@outlook.com,Male,Chennai,Tamil Nadu,2024-10-26
C04645,Anika Chavan,anika.chavan3882@gmail.com,Male,Surat,Gujarat,2025-08-25
C04646,Meera Iyer,meera.iyer7402@gmail.com,Female,Chennai,Tamil Nadu,2025-05-10
C04647,Nandini Banerjee,nandini.banerjee15@gmail.com,Female,Delhi,Delhi,2023-08-27
C04648,Kabir Banerjee,kabir.banerjee7199@gmail.com,Male,Bengaluru,Karnataka,2024-09-13
C04649,Kabir Mehta,kabir.mehta330@gmail.com,Female,Delhi,Delhi,2025-03-03
C04650,Ishaan Pillai,ishaan.pillai9747@gmail.com,Female,Bengaluru,Karnataka,2025-07-20
C04651,Vikram Singh,vikram.singh1733@gmail.com,Male,Indore,Madhya Pradesh,2023-08-29
C04652,Vikram Jain,vikram.jain5034@outlook.com,Female, Kolkata ,West Bengal,2025-03-14
C04653,Nikhil Kadam,nikhil.kadam6863@gmail.com,Female,Mysuru,Karnataka,2024-12-20
C04654,Diya Naik,diya.naik2495@gmail.com,Female,Nagpur,Maharashtra,2025-07-22
C04655,Pallavi Nair,pallavi.nair5545@gmail.com,Male,Chennai,Tamil Nadu,2025-11-04
C04656,Manish Jain,manish.jain4234@gmail.com,Female,Bengaluru,Karnataka,2025/11/05
C04657,Shivani Sharma,shivani.sharma6218@gmail.com,Female,Indore,Madhya Pradesh,2025-06-07
C04658,Ananya Nair,ananya.nair6723@yahoo.com,Female,Jaipur,Rajasthan,2023-09-28
C04659,Aditya Malhotra,aditya.malhotra7230@outlook.com,Female,Surat,Gujarat,2025-06-25
C04660,Sanjay Verma,sanjay.verma3370@gmail.com,Male,Kolkata,West Bengal,2023-03-25
C04661,Sakshi Shah,sakshi.shah9664@gmail.com,Female,Kolkata,West Bengal,2025-08-17
C04662,Ananya Kadam,ananya.kadam913@outlook.com,Male,Surat,Gujarat,2023-06-24
C04663,Riya Kulkarni,riya.kulkarni2834@gmail.com,Male,Pune,Maharashtra,2025-05-09
C04664,Shivani Bhat,shivani.bhat4719@gmail.com,Male,Kochi,Kerala,2023-12-10
C04665,Meera Nair,meera.nair860@gmail.com,Male,Nashik,Maharashtra,2024-05-10
C04666,Shruti Jain,shruti.jain4142@gmail.com,Female,Kochi,Kerala,2024-04-15
C04667,Aditi Saxena,aditi.saxena6200@gmail.com,Male,Ahmedabad,Gujarat,2023-02-26
C04668,Aarav Gupta,aarav.gupta2148@gmail.com,Female,Nagpur,Maharashtra,2024-12-05
C04669,Tanvi Bhat,tanvi.bhat5303@gmail.com,Female,Kochi,Kerala,2025-03-13
C04670,Anika Reddy,anika.reddy3982@outlook.com,Male,Jaipur,Rajasthan,04-Dec-2024
C04671,Aditya Saxena,aditya.saxena4168@yahoo.com,Female,Ahmedabad,Gujarat,2024-06-26
C04672,Nikhil Bhat,nikhil.bhat4030@gmail.com,Male,Kolkata,West Bengal,2024-11-28
C04673,Raj Chavan,raj.chavan170@gmail.com,Male,Surat,Gujarat,2025-12-01
C04674,Rohan Verma,rohan.verma8683@gmail.com,Female,Chennai,Tamil Nadu,2023-10-21
C04675,Mohit Rao,mohit.rao2172@gmail.com,Female,AHMEDABAD,Gujarat,2024-09-11
C04676,Aditi Pillai,aditi.pillai9031@yahoo.com,Female,Jaipur,Rajasthan,2025-05-18
C04677,Kabir Gupta,kabir.gupta698@gmail.com,Male,Bengaluru,Karnataka,2024-01-05
C04678,Ishaan Kulkarni,ishaan.kulkarni7883@gmail.com,Male,Hyderabad,Telangana,2023-06-03
C04679,Shruti More,shruti.more9188@gmail.com,Female,Kochi,Kerala,2024-10-29
C04680,Manish Jain,manish.jain8856@outlook.com,Female,Surat,Gujarat,2023-09-27
C04681,Ishaan Shetty,ishaan.shetty8153@gmail.com,Male,Kochi,Kerala,2025-11-29
C04682,Nandini Saxena,nandini.saxena9306@gmail.com,Female,Pune,Maharashtra,2024-09-26
C04683,Karan Jain,karan.jain7774@gmail.com,Female,Indore,Madhya Pradesh,2023-08-20
C04684,Pooja Kulkarni,pooja.kulkarni3851@gmail.com,Male,Ahmedabad,Gujarat,2023-01-18
C04685,Kabir Bhat,kabir.bhat7726@gmail.com,Male,Jaipur,Rajasthan,2023-01-14
C04686,Priya Mehta,priya.mehta2939@yahoo.com,Female,Mysuru,Karnataka,2023-03-26
C04687,Pooja Kumar,pooja.kumar2468@gmail.com,Male,Nashik,Maharashtra,2023-06-12
C04688,Ishaan Mishra,ishaan.mishra1357@outlook.com,Female,Mysuru,Karnataka,2023-01-08
C04689,Pooja Verma,pooja.verma6536@gmail.com,Female,Chennai,Tamil Nadu,2023-05-17
C04690,Shruti Reddy,shruti.reddy920@gmail.com,Female,Nashik,Maharashtra,2023-05-20
C04691,Shivani Reddy,shivani.reddy5245@gmail.com,Male,Indore,Madhya Pradesh,2025-08-13
C04692,Riya Iyer,riya.iyer4152@gmail.com,Male,Ahmedabad,Gujarat,2025-07-05
C04693,Akash Shah,akash.shah917@outlook.com,Female,Indore,Madhya Pradesh,2025-03-26
C04694,Nikhil Mishra,nikhil.mishra3314@gmail.com,Female,Jaipur,Rajasthan,2024-01-22
C04695,Zoya Pillai,zoya.pillai9109@gmail.com,Female,Pune,Maharashtra,2024-05-02
C04696,Kabir More,kabir.more6993@gmail.com,Male,Nashik,Maharashtra,2023-01-22
C04697,Nandini Kumar,nandini.kumar3763@gmail.com,Female,Kolkata,West Bengal,2023-11-11
C04698,Yash Mehta,yash.mehta5617@yahoo.com,Male,Chennai,Tamil Nadu,2025-12-24
C04699,Shruti Chavan,shruti.chavan1577@gmail.com,Male,Kolkata,West Bengal,2023-01-15
C04700,Arjun Jain,arjun.jain9992@outlook.com,Male,Ahmedabad,Gujarat,2025-10-13
C04701,Aditi Malhotra,aditi.malhotra1216@gmail.com,Male,Pune,Maharashtra,2024-12-18
C04702,Ayush Banerjee,ayush.banerjee9016@gmail.com,Male,Jaipur,Rajasthan,2023-11-13
C04703,Mohit Shah,mohit.shah9268@outlook.com,Male,Mysuru,Karnataka,2023-11-02
C04704,Neha Jain,neha.jain7818@gmail.com,Male,Nashik,Maharashtra,2024-02-09
C04705,Raj Shetty,raj.shetty8784@gmail.com,Female,Mumbai,Maharashtra,2024-12-04
C04706,Ayush Mehta,ayush.mehta9911@outlook.com,Male,Ahmedabad,Gujarat,2024-03-08
C04707,Nikhil Malhotra,nikhil.malhotra7655@gmail.com,Female,Pune,Maharashtra,2023-02-09
C04708,Pooja More,pooja.more5085@gmail.com,Female,Indore,Madhya Pradesh,2023-08-15
C04709,Nisha Saxena,nisha.saxena9558@gmail.com,Male,Kolkata,West Bengal,2024-05-02
C04710,Sakshi Reddy,sakshi.reddy8482@yahoo.com,Male,Delhi,Delhi,2023-06-13
C04711,Ananya Iyer,ananya.iyer7375@gmail.com,Female,Chennai,Tamil Nadu,2025-08-20
C04712,Varun Pillai,varun.pillai4877@gmail.com,Female,Pune,Maharashtra,2024-06-12
C04713,Kavya Chavan,kavya.chavan4995@outlook.com,Female,Kochi,Kerala,2024-12-02
C04714,Ishaan Malhotra,ishaan.malhotra5939@outlook.com,Male,Indore,Madhya Pradesh,2025-02-09
C04715,Rahul Menon,rahul.menon3660@yahoo.com,Male,Ahmedabad,Gujarat,2024-09-21
C04716,Ishaan Malhotra,ishaan.malhotra3719@gmail.com,Male,Kochi,Kerala,2023-04-07
C04717,Nikhil Reddy,nikhil.reddy9532@gmail.com,Male,Chennai,Tamil Nadu,2025-08-22
C04718,Aditi Mishra,,Female,Bengaluru,Karnataka,2024-08-10
C04719,Riya Pillai,riya.pillai6812@gmail.com,Female,Hyderabad,Telangana,2025-09-05
C04720,Ishaan Gupta,ishaan.gupta2072@gmail.com,Female,Ahmedabad,Gujarat,2023-10-11
C04721,Sanjay Reddy,sanjay.reddy3627@gmail.com,Male,Kochi,Kerala,2023-03-09
C04722,Akash Malhotra,akash.malhotra4407@gmail.com,Male,Surat,Gujarat,2023-06-23
C04723,Rahul Reddy,rahul.reddy1791@gmail.com,Female,Kolkata,West Bengal,2024-05-10
C04724,Karan Das,karan.das5101@gmail.com,Female,Pune,Maharashtra,2025-03-22
C04725,Yash Banerjee,yash.banerjee9374@gmail.com,Male,Delhi,Delhi,2025-05-12
C04726,Ananya Naik,ananya.naik3659@gmail.com,Female,chennai,Tamil Nadu,2023-09-15
C04727,Shruti Naik,shruti.naik7356@gmail.com,Male,Mysuru,Karnataka,2024-07-12
C04728,Ishaan Jain,ishaan.jain5302@gmail.com,Female,Jaipur,Rajasthan,2024-05-11
C04729,Vikram Saxena,vikram.saxena5792@gmail.com,Male,kolkata,West Bengal,2023-06-18
C04730,Ishaan Iyer,ishaan.iyer4944@outlook.com,Male,Ahmedabad,Gujarat,2023-12-01
C04731,Sameer Kumar,sameer.kumar3332@gmail.com,Male,Bengaluru,Karnataka,2023-03-29
C04732,Pallavi Patil,pallavi.patil7093@gmail.com,Female,Mysuru,Karnataka,2023-04-24
C04733,Shivani Mehta,shivani.mehta4943@gmail.com,Female,Indore,Madhya Pradesh,2024-09-30
C04734,Zoya Pillai,zoya.pillai5221@gmail.com,Male,Hyderabad,Telangana,2024-10-27
C04735,Nikhil Iyer,nikhil.iyer2057@gmail.com,Female,Nashik,Maharashtra,2024-05-24
C04736,Sanjay Reddy,sanjay.reddy7102@outlook.com,Female,Mysuru,Karnataka,2023-05-06
C04737,Neha Jain,neha.jain5019@gmail.com,Female,Hyderabad,Telangana,2024-02-07
C04738,Raj Sharma,raj.sharma3483@gmail.com,Female,Chennai,Tamil Nadu,2024-10-16
C04739,Karan Naik,karan.naik5488@outlook.com,Male,Kolkata,West Bengal,2024-03-31
C04740,Mohit Das,mohit.das1625@gmail.com,Male,Surat,Gujarat,2025-11-12
C04741,Aditi Shetty,aditi.shetty4552@gmail.com,Male,Kolkata,West Bengal,2024-04-21
C04742,Manish Patil,,Male,Pune,Maharashtra,2024-04-16
C04743,Karan Reddy,karan.reddy4163@gmail.com,Female,Chennai,Tamil Nadu,2025-09-01
C04744,Kavya More,kavya.more2586@gmail.com,Male,Indore,Madhya Pradesh,2025-07-28
C04745,Meera Verma,meera.verma1199@gmail.com,Male,Bengaluru,Karnataka,2024-10-25
C04746,Deepak Shah,deepak.shah5361@gmail.com,Male,Indore,Madhya Pradesh,2023-09-28
C04747,Yash More,yash.more5850@gmail.com,Female,Mumbai,Maharashtra,2025-01-18
C04748,Akash Saxena,akash.saxena867@gmail.com,Male,Nagpur,Maharashtra,2024-06-30
C04749,Diya Menon,diya.menon5595@gmail.com,Female,nashik,Maharashtra,2024-09-04
C04750,Ananya Mehta,ananya.mehta6093@gmail.com,Male,Nagpur,Maharashtra,2023-11-17
C04751,Deepak Kumar,deepak.kumar593@outlook.com,Male,Hyderabad,Telangana,2025-11-11
C04752,Raj Mehta,raj.mehta5666@gmail.com,Female,Indore,Madhya Pradesh,2024-05-25
C04753,Meera Mishra,meera.mishra4170@gmail.com,Female,Mysuru,Karnataka,2024-09-27
C04754,Ayush Kumar,ayush.kumar5155@gmail.com,Female,Mysuru,Karnataka,2025-10-15
C04755,Ayush Menon,ayush.menon7091@gmail.com,Male,Kochi,Kerala,2025-03-14
C04756,Zoya Chavan,zoya.chavan4559@gmail.com,Male,Nashik,Maharashtra,2023-09-27
C04757,Aditi Das,aditi.das1981@gmail.com,Male,Surat,Gujarat,2025-05-31
C04758,Ananya Kadam,ananya.kadam7097@gmail.com,Female,Nashik,Maharashtra,2025-01-16
C04759,Deepak Sharma,deepak.sharma7517@gmail.com,Male,Indore,Madhya Pradesh,2023-01-02
C04760,Priya Patil,priya.patil906@gmail.com,Female,Chennai,Tamil Nadu,2023-11-12
C04761,Zoya Saxena,zoya.saxena9769@outlook.com,Female,Delhi,Delhi,2025-05-10
C04762,Ananya Deshmukh,ananya.deshmukh6931@gmail.com,Male,Hyderabad,Telangana,2024-03-17
C04763,Raj Patil,raj.patil1298@gmail.com,Female,Mumbai,Maharashtra,01/04/2023
C04764,Arjun Banerjee,arjun.banerjee9838@gmail.com, Female ,Bengaluru,Karnataka,2024-03-19
C04765,Zoya Naik,zoya.naik8823@gmail.com,Male,Jaipur,Rajasthan,2023-07-21
C04766,Neha Saxena,neha.saxena1887@gmail.com,Male,Kochi,Kerala,2025-03-11
C04767,Nisha Naik,nisha.naik8337@outlook.com,Female,Mumbai,Maharashtra,2025-04-14
C04768,Anika Naik,anika.naik6898@gmail.com,Female,Indore,Madhya Pradesh,2024-12-24
C04769,Aditya Kadam,aditya.kadam5483@gmail.com,Male,Nagpur,Maharashtra,2025-02-20
C04770,Sakshi Pillai,sakshi.pillai571@gmail.com,Female,Pune,Maharashtra,2025-12-09
C04771,Diya More,diya.more39@yahoo.com,Male,Kolkata,West Bengal,2023-11-17
C04772,Nikhil Rao,nikhil.rao7515@gmail.com,Female,Pune,Maharashtra,2024-01-31
C04773,Shivani Deshmukh,shivani.deshmukh8460@gmail.com,Male,Bengaluru,Karnataka,2025-08-12
C04774,Kabir Shah,,Female,Bengaluru,Karnataka,2025-03-30
C04775,Arjun Chavan,arjun.chavan4663@yahoo.com,Male,Chennai,Tamil Nadu,2024-12-10
C04776,Shivani Rao,shivani.rao4273@gmail.com,Female,Kochi,Kerala,2023-06-12
C04777,Nandini Jain,nandini.jain6218@yahoo.com,Female,Bengaluru,Karnataka,2025-06-09
C04778,Tanvi Verma,tanvi.verma8061@gmail.com,Male,Mumbai,Maharashtra,2024-11-22
C04779,Sneha Deshmukh,sneha.deshmukh754@gmail.com,Female,Delhi,Delhi,2025-06-01
C04780,Sameer Nair,sameer.nair1474@yahoo.com,Male,Chennai,Tamil Nadu,2024-05-24
C04781,Tanvi Nair,tanvi.nair276@gmail.com,Male,Nagpur,Maharashtra,2023-10-28
C04782,Riya Naik,riya.naik7030@gmail.com,Male,Indore,Madhya Pradesh,2024-12-09
C04783,Mohit Agarwal,,Male,Kolkata,West Bengal,2025-09-03
C04784,Kavya Kulkarni,kavya.kulkarni9139@outlook.com,Male,Ahmedabad,Gujarat,2025-10-11
C04785,Raj Saxena,raj.saxena1775@gmail.com, Female ,Pune,Maharashtra,2025-05-01
C04786,Nisha Pillai,nisha.pillai216@gmail.com,Male,Nashik,Maharashtra,2023-11-11
C04787,Nandini Kadam,nandini.kadam6153@gmail.com,Female,Bengaluru,Karnataka,2023-10-11
C04788,Priya Sharma,priya.sharma5614@gmail.com,Male,Nashik,Maharashtra,2023-04-29
C04789,Zoya Mishra,zoya.mishra9243@yahoo.com,Male,Mysuru,Karnataka,2023-03-16
C04790,Pallavi Banerjee,pallavi.banerjee7517@gmail.com,Female,Kolkata,West Bengal,2025-04-02
C04791,Deepak Deshmukh,deepak.deshmukh6428@gmail.com,Male,Ahmedabad,Gujarat,2023-07-19
C04792,Kavya Saxena,kavya.saxena4085@yahoo.com,Male,Surat,Gujarat,2024-07-31
C04793,Akash Sharma,akash.sharma4778@gmail.com,Female,Bengaluru,Karnataka,2023-06-12
C04794,Ishaan Malhotra,ishaan.malhotra300@outlook.com,Female,Chennai,Tamil Nadu,2024-04-07
C04795,Arjun Rao,arjun.rao5156@gmail.com,Female,Nagpur,Maharashtra,2025-04-25
C04796,Sakshi Reddy,sakshi.reddy3199@gmail.com,Male,Jaipur,Rajasthan,2025-10-13
C04797,Isha Malhotra,isha.malhotra2578@gmail.com,Female,Surat,Gujarat,2025-02-12
C04798,Diya Rao,diya.rao6632@gmail.com,Male,Surat,Gujarat,2024-11-01
C04799,Ishaan Reddy,ishaan.reddy2134@gmail.com,Female,Hyderabad,Telangana,2023-03-18
C04800,Aditya Verma,aditya.verma7409@gmail.com,Male,Ahmedabad,Gujarat,2025-08-16
C04801,Rohan Mehta,rohan.mehta8507@gmail.com,Female,Nashik,Maharashtra,2025-01-25
C04802,Arjun Shetty,arjun.shetty8314@gmail.com,Female,Jaipur,Rajasthan,2023-12-06
C04803,Ananya Singh,ananya.singh721@yahoo.com,Male,Ahmedabad,Gujarat,2025-06-02
C04804,Karan Nair,karan.nair8002@yahoo.com,Female,Nagpur,Maharashtra,2023-09-18
C04805,Neha Pillai,neha.pillai9573@yahoo.com,Female,Nashik,Maharashtra,2023-03-10
C04806,Kavya Singh,kavya.singh2312@outlook.com,Female,Mumbai,Maharashtra,2024-10-30
C04807,Shruti Kumar,shruti.kumar4970@gmail.com,Male,Indore,Madhya Pradesh,2024-07-31
C04808,Aarav Reddy,aarav.reddy9108@gmail.com,Female,Pune,Maharashtra,2024-06-15
C04809,Kabir Bhat,kabir.bhat3145@gmail.com,Male,Indore,Madhya Pradesh,2025-03-15
C04810,Varun Shah,varun.shah4928@gmail.com,Male,Kolkata,West Bengal,2023-06-07
C04811,Meera Mehta,meera.mehta8742@gmail.com,Male,Indore,Madhya Pradesh,2023-08-14
C04812,Sakshi Kadam,sakshi.kadam4328@gmail.com,Male,Ahmedabad,Gujarat,2023-09-07
C04813,Pallavi Singh,pallavi.singh1407@gmail.com,Female,Bengaluru,Karnataka,2025-02-23
C04814,Varun Shetty,varun.shetty8224@gmail.com,Male,Surat,Gujarat,2023-07-09
C04815,Raj Saxena,raj.saxena5176@gmail.com,Male,Surat,Gujarat,2023-09-14
C04816,Pooja Mishra,pooja.mishra9188@yahoo.com,Male,Kolkata,West Bengal,2025-04-18
C04817,Nikhil Mehta,nikhil.mehta4299@gmail.com,Female,Bengaluru,Karnataka,2024-03-27
C04818,Anika Nair,anika.nair8458@gmail.com,Male,Surat,Gujarat,2023-05-23
C04819,Nisha Chavan,nisha.chavan169@gmail.com,Male,Mumbai,Maharashtra,2024-10-01
C04820,Meera Iyer,meera.iyer7299@gmail.com,Female,Delhi,Delhi,2023-08-26
C04821,Pooja Rao,pooja.rao5927@gmail.com,Male,Bengaluru,Karnataka,2025-10-25
C04822,Pallavi Mishra,pallavi.mishra6340@outlook.com,Male,Chennai,Tamil Nadu,2023-04-08
C04823,Nikhil Kadam,nikhil.kadam7526@yahoo.com,Male,Indore,Madhya Pradesh,2025-10-27
C04824,Ananya Sharma,ananya.sharma4313@gmail.com,Female,Hyderabad,Telangana,2023-08-03
C04825,Neha Kumar,neha.kumar2508@outlook.com,Female,Kolkata,West Bengal,2023-09-14
C04826,Vikram Malhotra,vikram.malhotra7464@gmail.com,Male,Chennai,Tamil Nadu,2023-04-22
C04827,Meera Nair,meera.nair4360@gmail.com,Female,Indore,Madhya Pradesh,2025-07-10
C04828,Aarav Malhotra,aarav.malhotra9978@gmail.com,M,Hyderabad,Telangana,2024-05-20
C04829,Sameer Mishra,sameer.mishra1467@gmail.com,Female,Nagpur,Maharashtra,2024-08-14
C04830,Pooja Mehta,pooja.mehta287@gmail.com,Male,Bengaluru,Karnataka,2025-02-28
C04831,Sneha Agarwal,sneha.agarwal5754@gmail.com,Male,Surat,Gujarat,2025-07-12
C04832,Nisha Patil,nisha.patil6507@gmail.com,Male,Delhi,Delhi,2025-09-28
C04833,Aditya Mehta,aditya.mehta9882@gmail.com,Female,Bengaluru,Karnataka,2025-12-29
C04834,Nikhil Singh,nikhil.singh2725@gmail.com,Male,Surat,Gujarat,2023-07-13
C04835,Sameer Patil,sameer.patil359@gmail.com,Female,Ahmedabad,Gujarat,2024-08-14
C04836,Tanvi Deshmukh,tanvi.deshmukh7610@gmail.com,Female,Jaipur,Rajasthan,2025-03-30
C04837,Raj Das,raj.das8345@gmail.com,Male,Jaipur,Rajasthan,2024-07-10
C04838,Varun Sharma,varun.sharma6650@gmail.com,Male,Kochi,Kerala,2024-05-19
C04839,Akash Shetty,akash.shetty7686@gmail.com,Male,Kochi,Kerala,2025-07-22
C04840,Tanvi Pillai,tanvi.pillai7882@gmail.com,Female,Surat,Gujarat,2024-03-30
C04841,Sanjay Nair,sanjay.nair615@outlook.com,Male,Surat,Gujarat,2024-02-18
C04842,Ayush Shetty,ayush.shetty7257@gmail.com,Female,Kochi,Kerala,2023-06-01
C04843,Akash Patil,akash.patil2798@gmail.com,Female,Chennai,Tamil Nadu,2023-02-18
C04844,Nikhil Deshmukh,nikhil.deshmukh5485@gmail.com,Female,Mumbai,Maharashtra,2024-12-31
C04845,Neha Shah,neha.shah8513@gmail.com,Female,Hyderabad,Telangana,2024-04-22
C04846,Rahul Verma,rahul.verma9308@gmail.com,Female,Pune,Maharashtra,2024-04-13
C04847,Aditi Das,aditi.das5911@gmail.com,Male,Hyderabad,Telangana,2024-04-24
C04848,Akash Deshmukh,akash.deshmukh6313@gmail.com,Female,Nagpur,Maharashtra,2024-01-04
C04849,Manish Mishra,manish.mishra7835@outlook.com,Male,Ahmedabad,Gujarat,2023-08-17
C04850,Arjun Rao,arjun.rao7015@gmail.com,Female,Hyderabad,Telangana,2024-09-13
C04851,Zoya Pillai,zoya.pillai3222@yahoo.com,Female,Mysuru,Karnataka,2023-11-08
C04852,Isha Gupta,isha.gupta4001@gmail.com,Female,Indore,Madhya Pradesh,2024-11-05
C04853,Sakshi Bhat,sakshi.bhat4282@gmail.com,Male,Kolkata,West Bengal,2023-07-09
C04854,Neha Jain,neha.jain7900@gmail.com,Female,Hyderabad,Telangana,2023-09-12
C04855,Aditya Singh,aditya.singh5971@yahoo.com,Male,Bengaluru,Karnataka,2025-01-18
C04856,Vikram Banerjee,vikram.banerjee7587@gmail.com,Male,Hyderabad,Telangana,2024-10-16
C04857,Ayush Gupta,,Male,Pune,Maharashtra,2024-11-25
C04858,Rohan Agarwal,rohan.agarwal4962@gmail.com,Male,Chennai,Tamil Nadu,2025-03-16
C04859,Raj Bhat,raj.bhat265@gmail.com,Female,Mysuru,Karnataka,2025-07-06
C04860,Priya Verma,priya.verma3791@gmail.com,Female,Kolkata,West Bengal,2023-01-11
C04861,Deepak Pillai,deepak.pillai8873@gmail.com,Female,Mysuru,Karnataka,2023-07-22
C04862,Raj Reddy,raj.reddy2076@gmail.com,Female,Delhi,Delhi,2024-10-21
C04863,Aditi Malhotra,aditi.malhotra6390@gmail.com,Male,Kochi,Kerala,2023-12-22
C04864,Akash Kadam,akash.kadam917@gmail.com,Female,Mumbai,Maharashtra,2023-08-16
C04865,Sneha Mehta,sneha.mehta9601@outlook.com,Male,Ahmedabad,Gujarat,2023-05-25
C04866,Nisha Joshi,nisha.joshi8435@gmail.com,Male,Surat,Gujarat,2024-05-31
C04867,Anika Banerjee,anika.banerjee778@yahoo.com,Male,Hyderabad,Telangana,2023-01-03
C04868,Kavya Naik,kavya.naik6161@gmail.com,Female,Indore,Madhya Pradesh,2024-09-12
C04869,Vikram Reddy,vikram.reddy1215@gmail.com,Female,Hyderabad,Telangana,2024-03-22
C04870,Nandini Naik,nandini.naik7648@gmail.com,Female,Mumbai,Maharashtra,2025-10-08
C04871,Rohan Kumar,rohan.kumar1160@gmail.com,Male,Mysuru,Karnataka,2025-05-08
C04872,Ananya Agarwal,,Female,Jaipur,Rajasthan,2023-10-06
C04873,Manish Agarwal,manish.agarwal6524@gmail.com,Male,Mumbai,Maharashtra,2025-12-13
C04874,Vikram Gupta,vikram.gupta486@gmail.com,Male,Mumbai,Maharashtra,2024-04-02
C04875,Shivani Joshi,shivani.joshi7159@gmail.com,Female,Surat,Gujarat,2023-08-27
C04876,Zoya Nair,zoya.nair6790@outlook.com,Female,Delhi,Delhi,2023-05-16
C04877,Neha Sharma,neha.sharma2424@gmail.com,Male,Indore,Madhya Pradesh,2024-05-14
C04878,Pallavi Mishra,pallavi.mishra5634@gmail.com,Male,Hyderabad,Telangana,2024-01-03
C04879,Sameer Saxena,sameer.saxena2874@gmail.com,Male,Kolkata,West Bengal,2023-07-28
C04880,Varun Jain,varun.jain2720@gmail.com,Female,Chennai,Tamil Nadu,2024-10-19
C04881,Karan Shetty,karan.shetty4224@gmail.com,Female,Nagpur,Maharashtra,2025-04-28
C04882,Isha Joshi,isha.joshi7042@yahoo.com,Female,Surat,Gujarat,2024-05-23
C04883,Zoya Kulkarni,zoya.kulkarni1228@gmail.com,Male,Indore,Madhya Pradesh,2023-08-26
C04884,Meera Patil,meera.patil408@yahoo.com,Male,Ahmedabad,Gujarat,2024-06-11
C04885,Priya Bhat,priya.bhat1405@gmail.com,Female,Kolkata,West Bengal,2025-09-07
C04886,Riya Malhotra,riya.malhotra6377@gmail.com,Female,Nashik,Maharashtra,2023-04-25
C04887,Isha Pillai,isha.pillai2823@gmail.com,Male,Kochi,Kerala,2023-04-17
C04888,Diya Sharma,diya.sharma6402@gmail.com,Female,Mysuru,Karnataka,2024-06-29
C04889,Ishaan Kulkarni,ishaan.kulkarni6511@gmail.com,Male,Ahmedabad,Gujarat,2024-01-01
C04890,Manish Reddy,manish.reddy8344@gmail.com,Male,Hyderabad,Telangana,2024-10-25
C04891,Kabir Saxena,kabir.saxena5244@gmail.com,Female,Bengaluru,Karnataka,2023-12-25
C04892,Varun Agarwal,varun.agarwal9369@gmail.com,Female,HYDERABAD,Telangana,2025-07-21
C04893,Yash Banerjee,yash.banerjee5683@gmail.com,Male,Nagpur,Maharashtra,2024-10-08
C04894,Nandini Mishra,nandini.mishra1408@gmail.com,Male,Kolkata,West Bengal,2024-07-05
C04895,Vikram Kadam,vikram.kadam7481@gmail.com,Male,Hyderabad,Telangana,2025-03-12
C04896,Isha Singh,isha.singh6448@outlook.com,Female,Pune,Maharashtra,2024-12-28
C04897,Arjun Kulkarni,arjun.kulkarni9113@gmail.com,Male,Pune,Maharashtra,2025-01-17
C04898,Manish Nair,manish.nair8907@gmail.com,Female,Bengaluru,Karnataka,2023-01-30
C04899,Sameer Shah,sameer.shah2404@gmail.com,Female,Bengaluru,Karnataka,2025-11-06
C04900,Nisha Reddy,nisha.reddy3666@gmail.com,Male,Jaipur,Rajasthan,2025-08-13
C04901,Aditya Menon,aditya.menon8607@gmail.com,Male,Kolkata,West Bengal,2025-12-04
C04902,Ishaan Chavan,ishaan.chavan7002@gmail.com,Female,Kolkata,West Bengal,2024-04-15
C04903,Kabir Verma,kabir.verma53@outlook.com,Male,Pune,Maharashtra,2024-01-12
C04904,Aarav Mehta,aarav.mehta378@yahoo.com,Female,Nagpur,Maharashtra,2025-07-08
C04905,Deepak Bhat,deepak.bhat1146@gmail.com,Male,KOLKATA,West Bengal,2024-06-02
C04906,Yash Malhotra,yash.malhotra3439@gmail.com,Female,Mysuru,Karnataka,2025-05-30
C04907,Ananya Iyer,ananya.iyer5801@gmail.com,Male,Nagpur,Maharashtra,2024-11-01
C04908,Aditi Sharma,aditi.sharma540@yahoo.com,Male,Delhi,Delhi,2023-06-15
C04909,Shruti Deshmukh,shruti.deshmukh2121@gmail.com,Female,Mysuru,Karnataka,2024-06-08
C04910,Karan Nair,karan.nair220@gmail.com,Female,Mysuru,Karnataka,2023-04-08
C04911,Aarav Rao,aarav.rao3952@gmail.com,Male,Pune,Maharashtra,2023-09-22
C04912,Diya Mishra,diya.mishra3793@gmail.com,Male,Nashik,Maharashtra,2025-12-19
C04913,Neha Kadam,neha.kadam3245@outlook.com,Female,Pune,Maharashtra,2024-07-16
C04914,Manish Jain,manish.jain9400@gmail.com,Male,Mumbai,Maharashtra,2025-06-09
C04915,Sanjay Kulkarni,sanjay.kulkarni6504@gmail.com,Male,Indore,Madhya Pradesh,2025-05-01
C04916,Sneha Das,sneha.das6326@yahoo.com,Female,Kochi,Kerala,2025-05-23
C04917,Pooja Sharma,pooja.sharma33@gmail.com,Female,Hyderabad,Telangana,2024-02-27
C04918,Neha Shetty,neha.shetty319@gmail.com,Male,Chennai,Tamil Nadu,2023-05-12
C04919,Sneha Gupta,sneha.gupta80@gmail.com,Female,Chennai,Tamil Nadu,2025-08-08
C04920,Nikhil Saxena,nikhil.saxena9059@gmail.com,Male,Mysuru,Karnataka,2024-11-09
C04921,Rahul Mishra,rahul.mishra8034@gmail.com,Female,Nashik,Maharashtra,2023-07-14
C04922,Diya Jain,diya.jain8459@gmail.com,Male,Ahmedabad,Gujarat,2023-12-15
C04923,Nikhil Kulkarni,nikhil.kulkarni109@gmail.com,Male,Mumbai,Maharashtra,2025-01-04
C04924,Shruti Saxena,shruti.saxena1627@gmail.com,Male,Ahmedabad,Gujarat,2025-05-01
C04925,Rahul Das,rahul.das6112@gmail.com,Male,Pune,Maharashtra,2024-11-09
C04926,Ishaan Reddy,ishaan.reddy5324@yahoo.com,Male,Nashik,Maharashtra,2023-04-09
C04927,Varun Chavan,varun.chavan3860@gmail.com,Female,Kolkata,West Bengal,2024-09-14
C04928,Akash More,akash.more8151@gmail.com,Male,Indore,Madhya Pradesh,2024-09-18
C04929,Rahul Mishra,rahul.mishra9771@gmail.com,Male,Indore,Madhya Pradesh,2024-02-11
C04930,Arjun Mehta,arjun.mehta2617@gmail.com,Female,Mumbai,Maharashtra,2024-11-06
C04931,Zoya Kadam,zoya.kadam7595@outlook.com,Male,Ahmedabad,Gujarat,2024-01-07
C04932,Sameer Patil,sameer.patil7303@gmail.com,Male,Hyderabad,Telangana,2023-06-18
C04933,Mohit Sharma,mohit.sharma8753@yahoo.com, Male ,Chennai,Tamil Nadu,2025-01-04
C04934,Raj Pillai,,Male,Mumbai,Maharashtra,2025-06-03
C04935,Karan Malhotra,karan.malhotra6038@gmail.com,Female,Kochi,Kerala,2024-03-26
C04936,Rohan Malhotra,rohan.malhotra750@gmail.com,Female,Kochi,Kerala,2024-01-06
C04937,Pallavi Singh,pallavi.singh7299@outlook.com,Male,Kolkata,West Bengal,2024-10-19
C04938,Arjun Kadam,arjun.kadam9716@yahoo.com,Male,Hyderabad,Telangana,2025-07-08
C04939,Aditi More,aditi.more7673@gmail.com,female,Chennai,Tamil Nadu,2024-11-09
C04940,Tanvi Banerjee,tanvi.banerjee1715@gmail.com,Female,Chennai,Tamil Nadu,2024-10-27
C04941,Aarav Bhat,aarav.bhat8703@outlook.com,Male,Nagpur,Maharashtra,2024-12-31
C04942,Arjun Menon,arjun.menon2984@gmail.com,Male,Delhi,Delhi,2023-12-10
C04943,Kavya Gupta,kavya.gupta9760@gmail.com,Male,Mysuru,Karnataka,2025-12-04
C04944,Aarav Shetty,aarav.shetty4471@outlook.com,Female,Jaipur,Rajasthan,2024-02-05
C04945,Ananya Reddy,,Male,Nashik,Maharashtra,2025-11-05
C04946,Aarav Kadam,aarav.kadam4610@gmail.com,Male,Kochi,Kerala,2025-10-12
C04947,Ayush Mishra,ayush.mishra9468@gmail.com,Female,Hyderabad,Telangana,2025-09-08
C04948,Arjun Chavan,arjun.chavan6464@gmail.com,Male,Kochi,Kerala,2024-11-03
C04949,Manish Naik,manish.naik8873@yahoo.com, Male ,Nashik,Maharashtra,2025-09-21
C04950,Diya Naik,diya.naik6507@yahoo.com,Male,Delhi,Delhi,2025-11-14
C04951,Kabir Agarwal,kabir.agarwal3857@outlook.com,Female,Surat,Gujarat,2024-06-12
C04952,Mohit Patil,mohit.patil76@outlook.com,Male,Mysuru,Karnataka,2023-01-18
C04953,Yash Jain,yash.jain4543@gmail.com,Female,Chennai,Tamil Nadu,2024-08-31
C04954,Nandini Banerjee,nandini.banerjee4550@gmail.com,Male,Surat,Gujarat,2024-09-26
C04955,Tanvi Gupta,tanvi.gupta6990@gmail.com,Female,Nagpur,Maharashtra,2023-12-15
C04956,Rahul Deshmukh,rahul.deshmukh4887@outlook.com,Female,Nashik,Maharashtra,2024-04-20
C04957,Pallavi Kulkarni,pallavi.kulkarni517@gmail.com,Male,Mysuru,Karnataka,2025-03-11
C04958,Rahul Jain,rahul.jain3439@yahoo.com,Female,Nashik,Maharashtra,2025-11-21
C04959,Pallavi Mishra,pallavi.mishra9938@gmail.com,Female,Bengaluru,Karnataka,2025-08-04
C04960,Zoya Banerjee,zoya.banerjee8322@gmail.com,Female,Delhi,Delhi,2025-07-11
C04961,Rahul Singh,rahul.singh6209@outlook.com,Female,Nashik,Maharashtra,2023-05-28
C04962,Manish Deshmukh,manish.deshmukh8018@gmail.com,Male,Nashik,Maharashtra,2023-03-21
C04963,Tanvi Chavan,tanvi.chavan7644@outlook.com,F,Nashik,Maharashtra,2023-07-20
C04964,Arjun Menon,arjun.menon5192@gmail.com,Male,Kochi,Kerala,2024-01-31
C04965,Yash Naik,yash.naik6365@gmail.com,Male,JAIPUR,Rajasthan,2024-03-22
C04966,Kavya Nair,kavya.nair5278@gmail.com,Male,Mysuru,Karnataka,2025-10-23
C04967,Mohit Menon,mohit.menon9539@gmail.com,Male,Hyderabad,Telangana,2025-04-17
C04968,Nisha Kumar,nisha.kumar3078@gmail.com,Male,Nashik,Maharashtra,2023-03-30
C04969,Deepak Shetty,deepak.shetty5171@gmail.com,Male,Indore,Madhya Pradesh,2025-03-15
C04970,Varun Shah,varun.shah1957@gmail.com,Female, Delhi ,Delhi,2024-11-08
C04971,Diya Joshi,diya.joshi3096@gmail.com,Male,Nagpur,Maharashtra,2023-04-20
C04972,Mohit Joshi,mohit.joshi1236@gmail.com,Female,Kolkata,West Bengal,2025-09-24
C04973,Shruti Kumar,shruti.kumar9597@gmail.com,Female,Kochi,Kerala,2023-03-10
C04974,Priya Verma,priya.verma696@gmail.com,Male,Delhi,Delhi,2025-07-13
C04975,Aditya Singh,aditya.singh4130@gmail.com,Male,Mumbai,Maharashtra,2025-08-21
C04976,Shivani Deshmukh,shivani.deshmukh9244@gmail.com,Female,Chennai,Tamil Nadu,2025-01-08
C04977,Sameer Kulkarni,sameer.kulkarni1775@yahoo.com,Male,Surat,Gujarat,2023-11-24
C04978,Sanjay Mehta,sanjay.mehta7835@gmail.com,Female,Nashik,Maharashtra,2023-10-30
C04979,Priya Sharma,priya.sharma1703@gmail.com,Male,Kolkata,West Bengal,2025-04-09
C04980,Diya Shetty,diya.shetty442@gmail.com,Female,Jaipur,Rajasthan,2024-04-30
C04981,Nikhil Deshmukh,nikhil.deshmukh4078@gmail.com,Female,Ahmedabad,Gujarat,2024-12-23
C04982,Rohan Verma,rohan.verma9523@gmail.com,Male,Delhi,Delhi,27/11/2024
C04983,Deepak Singh,deepak.singh7033@gmail.com,Female,Hyderabad,Telangana,2024-11-12
C04984,Yash Pillai,yash.pillai3555@gmail.com,Male,Surat,Gujarat,2024-09-30
C04985,Yash Singh,yash.singh9456@gmail.com,Female,Indore,Madhya Pradesh,2024-01-28
C04986,Shivani Patil,shivani.patil2925@gmail.com,Female,Bengaluru,Karnataka,2025-11-30
C04987,Pallavi Gupta,,Male,Mysuru,Karnataka,2023-10-19
C04988,Karan Reddy,karan.reddy6146@gmail.com,Male,Bengaluru,Karnataka,2025-06-28
C04989,Sameer Kulkarni,sameer.kulkarni7082@outlook.com,Male,Kolkata,West Bengal,2023-03-18
C04990,Ananya Kumar,ananya.kumar2838@gmail.com,Male,Nashik,Maharashtra,2023-08-09
C04991,Manish Jain,manish.jain4152@gmail.com,Male,Indore,Madhya Pradesh,2024-03-03
C04992,Varun Singh,varun.singh2690@gmail.com,Female,Nagpur,Maharashtra,2025-09-01
C04993,Karan Mishra,karan.mishra3903@gmail.com,Male,Mumbai,Maharashtra,2024-02-01
C04994,Sanjay Iyer,sanjay.iyer9994@gmail.com,Male,Nagpur,Maharashtra,2025-02-12
C04995,Aarav Banerjee,aarav.banerjee417@outlook.com,Male,Delhi,Delhi,2024-04-04
C04996,Ishaan Iyer,ishaan.iyer700@gmail.com,Male,Kochi,Kerala,2025-05-05
C04997,Diya Naik,diya.naik7292@gmail.com,Male,Hyderabad,Telangana,2025-08-06
C04998,Varun Agarwal,varun.agarwal4697@yahoo.com,Female,Bengaluru,Karnataka,2024-10-08
C04999,Yash Mishra,yash.mishra2738@yahoo.com,Male,Jaipur,Rajasthan,2025-06-30
C05000,Akash Gupta,akash.gupta2611@yahoo.com,Male,Hyderabad,Telangana,2023-11-05
C02609,Mohit Deshmukh,mohit.deshmukh8657@outlook.com,Male,Kochi,Kerala,2023-01-11
C00588,Ananya Joshi,ananya.joshi9522@outlook.com,Female,Mumbai,Maharashtra,2024-02-09
C02408,Sameer Shah,sameer.shah4972@gmail.com,Male,Bengaluru,Karnataka,2023-04-01
C01688,Raj Deshmukh,raj.deshmukh708@gmail.com,Male,Bengaluru,Karnataka,2025-06-29
C02916,Kavya Mishra,kavya.mishra7498@gmail.com,Male,Surat,Gujarat,2023/02/04
C04200,Isha Das,isha.das1090@yahoo.com,Female, Nagpur ,Maharashtra,2024-04-25
C02029,Manish Mehta,manish.mehta5905@outlook.com,Female,Surat,Gujarat,2025-11-04
C01366,Vikram Kadam,vikram.kadam3997@gmail.com,Male,Jaipur,Rajasthan,2024-05-08
C02614,Aditi More,aditi.more9560@gmail.com,Female,Kolkata,West Bengal,2024-06-06
C02794,Sanjay Gupta,sanjay.gupta4175@gmail.com,Female,Pune,Maharashtra,2025-06-19
C04410,Nikhil More,nikhil.more7136@yahoo.com,Female,Hyderabad,Telangana,2025-01-23
C00921,Akash Shetty,akash.shetty2599@gmail.com,Female,Jaipur,Rajasthan,2023-12-27
C00344,Shivani Kadam,shivani.kadam7282@outlook.com,Male,Kolkata,West Bengal,2025-05-01
C03170,Aarav Rao,aarav.rao2336@outlook.com,Female,Indore,Madhya Pradesh,2025-05-24
C02929,Aditi Mehta,aditi.mehta5883@outlook.com,Male,Pune,Maharashtra,2025-06-02
C03768,Sakshi Sharma,sakshi.sharma1690@gmail.com,Male,Hyderabad,Telangana,2025-04-16
C01480,Anika Pillai,anika.pillai3041@gmail.com,Male,Pune,Maharashtra,2025-07-29
C03393,Varun Malhotra,varun.malhotra9139@gmail.com,Male,Indore,Madhya Pradesh,2024-09-06
C01479,Tanvi Shah,tanvi.shah6049@gmail.com,Female,Mysuru,Karnataka,2025-06-07
C03665,Tanvi Menon,tanvi.menon519@yahoo.com,Male,Bengaluru,Karnataka,2024-02-21
C04232,Aarav Mehta,aarav.mehta6423@gmail.com,Female,Nashik,Maharashtra,2025-11-04
C02530,Aarav Singh,aarav.singh5857@outlook.com,Male,Mysuru,Karnataka,2024-12-15
C00837,Sameer Das,sameer.das5349@yahoo.com, Male ,Mysuru,Karnataka,2023-08-08
C04238,Nikhil Sharma,nikhil.sharma8117@gmail.com,Female,Mysuru,Karnataka,2024-10-30
C00464,Shruti Jain,shruti.jain1853@gmail.com,Male,Jaipur,Rajasthan,2025-05-09
