payment_id,order_id,payment_date,payment_method,payment_status,amount
PAY00001,ORD00001,2025-12-29,Cash on Delivery,Successful,65895.88
PAY00002,ORD00002,2025-09-02,Debit Card,Successful,43081.17
PAY00003,ORD00003,2025-02-15,UPI,Successful,13069.51
PAY00004,ORD00004,2025-03-20,UPI,Successful,9643.07
PAY00005,ORD00005,2025-07-28,Credit Card,Successful,19752.46
PAY00006,ORD00006,2025-10-11,Debit Card,Successful,64260.16
PAY00007,ORD00007,2025-02-28,Cash on Delivery,Successful,3095.34
PAY00008,ORD00008,2025-04-30,Cash on Delivery,Successful,44490.56
PAY00009,ORD00009,2025-12-30,Debit Card,Successful,9165.0
PAY00010,ORD00010,2025-02-05,UPI,Successful,26995.87
PAY00011,ORD00011,2025-11-04,Net Banking,Successful,8675.32
PAY00012,ORD00012,2025-12-21,Credit Card,Successful,9289.8
PAY00013,ORD00013,2025-08-07,UPI,Successful,4952.91
PAY00014,ORD00014,2025-02-14,Cash on Delivery,Successful,1432.11
PAY00015,ORD00015,2025-05-03,Cash on Delivery,Successful,2778.89
PAY00016,ORD00016,2025-03-01,Net Banking,Successful,66544.41
PAY00017,ORD00017,2025-03-19,Net Banking,Successful,9761.38
PAY00018,ORD00018,2025-11-14,Debit Card,Successful,27729.46
PAY00019,ORD00019,2025-09-15,Debit Card,Successful,4634.71
PAY00020,ORD00020,2025-01-21,Net Banking,Successful,51684.88
PAY00021,ORD00021,2025-10-31,Debit Card,Successful,2435.0
PAY00022,ORD00022,2025-01-18,Cash on Delivery,Successful,4217.53
PAY00023,ORD00023,2025-11-05,Net Banking,Successful,21652.72
PAY00024,ORD00024,2025-10-07,Net Banking,Failed,1374.81
PAY00025,ORD00025,2025-12-31,UPI,Successful,12034.76
PAY00026,ORD00026,2025-07-14,Debit Card,Failed,17037.55
PAY00027,ORD00027,2025-06-04,Credit Card,Successful,2239.8
PAY00028,ORD00028,2025-04-07,Credit Card,Successful,2820.48
PAY00029,ORD00029,2025-02-25,Cash on Delivery,Failed,119771.65
PAY00030,ORD00030,2025-10-30,UPI,Successful,8106.91
PAY00031,ORD00031,2025-03-20,Cash on Delivery,Successful,48573.34
PAY00032,ORD00032,2025-04-09,Credit Card,Successful,27943.94
PAY00033,ORD00033,2025-10-15,Credit Card,Refunded,50481.7
PAY00034,ORD00034,2025-02-18,Credit Card,Successful,129634.9
PAY00035,ORD00035,2025-04-30,Cash on Delivery,Successful,16041.24
PAY00036,ORD00036,2025-11-17,Credit Card,Successful,26852.75
PAY00037,ORD00037,2025-01-28,Cash on Delivery,Successful,25626.84
PAY00038,ORD00038,2025-09-05,Credit Card,Successful,184812.07
PAY00039,ORD00039,2025-12-02,Credit Card,Successful,5765.78
PAY00040,ORD00040,2025-10-16,Cash on Delivery,Successful,130128.96
PAY00041,ORD00041,2025-09-17,Debit Card,Pending,3183.98
PAY00042,ORD00042,2025-05-29,Cash on Delivery,Successful,33850.03
PAY00043,ORD00043,2025-01-16,Debit Card,Successful,3230.99
PAY00044,ORD00044,2025-04-16,Net Banking,Successful,16129.65
PAY00045,ORD00045,2025-05-08,Credit Card,Successful,4848.97
PAY00046,ORD00046,2025-10-31,UPI,Successful,4436.32
PAY00047,ORD00047,2025-01-15,UPI,Successful,3864.35
PAY00048,ORD00048,2025-05-12,UPI,Successful,19784.42
PAY00049,ORD00049,2025-07-20,Debit Card,Successful,78046.83
PAY00050,ORD00050,2025-09-11,Net Banking,Successful,841.65
PAY00051,ORD00051,2025-12-27,Cash on Delivery,Successful,56186.75
PAY00052,ORD00052,2025-12-29,UPI,Failed,123918.22
PAY00053,ORD00053,2025-03-19,Cash on Delivery,Successful,19510.38
PAY00054,ORD00054,2025-07-13,Debit Card,Successful,6415.96
PAY00055,ORD00055,2025-03-02,Net Banking,Successful,112612.98
PAY00056,ORD00056,2025-04-11,Debit Card,Failed,37956.78
PAY00057,ORD00057,2025-11-25,Debit Card,Successful,14673.41
PAY00058,ORD00058,2025-02-17,UPI,Failed,1879.59
PAY00059,ORD00059,2025-06-11,Cash on Delivery,Successful,49021.86
PAY00060,ORD00060,2025-01-16,Credit Card,Successful,4757.78
PAY00061,ORD00061,2025-11-10,Credit Card,Successful,226069.96
PAY00062,ORD00062,2025-01-31,Credit Card,Successful,11309.11
PAY00063,ORD00063,2025-08-25,Credit Card,Successful,15927.44
PAY00064,ORD00064,2025-06-26,Credit Card,Successful,132005.23
PAY00065,ORD00065,2025-05-24,Cash on Delivery,Successful,108389.09
PAY00066,ORD00066,2025-07-23,Cash on Delivery,Successful,72754.96
PAY00067,ORD00067,2025-05-06,Debit Card,Refunded,166871.76
PAY00068,ORD00068,2025-05-07,Cash on Delivery,Successful,310953.28
PAY00069,ORD00069,2025-01-31,Debit Card,Successful,4620.65
PAY00070,ORD00070,2025-02-25,Debit Card,Pending,58059.2
PAY00071,ORD00071,2025-09-25,UPI,Successful,5101.12
PAY00072,ORD00072,2025-10-24,Credit Card,Successful,96090.83
PAY00073,ORD00073,2025-05-21,UPI,Failed,69946.41
PAY00074,ORD00074,2025-10-14,Credit Card,Successful,60695.44
PAY00075,ORD00075,2025-05-08,,Successful,8490.72
PAY00076,ORD00076,2025-06-02,Cash on Delivery,Successful,6946.8
PAY00077,ORD00077,2025-07-27,Net Banking,Successful,167563.3
PAY00078,ORD00078,2025-09-09,UPI,Successful,5077.7
PAY00079,ORD00079,2025-12-23,Credit Card,Successful,15211.33
PAY00080,ORD00080,2025-10-10,Net Banking,Successful,4206.42
PAY00081,ORD00081,2025-05-05,Cash on Delivery,Successful,237942.57
PAY00082,ORD00082,2025-11-04,Net Banking,Refunded,3084.4
PAY00083,ORD00083,2025-10-23,UPI,Successful,7284.52
PAY00084,ORD00084,2025-03-14,UPI,Successful,33503.55
PAY00085,ORD00085,2025-10-05,Net Banking,Failed,7649.92
PAY00086,ORD00086,2025-12-18,Cash on Delivery,successful,1045.46
PAY00087,ORD00087,2025-06-22,Debit Card,Successful,24784.55
PAY00088,ORD00088,2025-07-02,Debit Card,Successful,6484.04
PAY00089,ORD00089,2025-04-19,Net Banking,Successful,55114.69
PAY00090,ORD00090,2025-10-22,Cash on Delivery,Successful,94710.27
PAY00091,ORD00091,2025-04-20,Credit Card,Successful,7873.26
PAY00092,ORD00092,2025-03-26,Net Banking,Pending,27649.24
PAY00093,ORD00093,2025-08-08,Credit Card,Successful,148105.61
PAY00094,ORD00094,2025-10-15,Net Banking,Successful,2960.74
PAY00095,ORD00095,2025-12-30,Net Banking,Successful,61676.86
PAY00096,ORD00096,2025-07-22,Credit Card,Successful,9350.12
PAY00097,ORD00097,2025-03-16,Cash on Delivery,Successful,3282.24
PAY00098,ORD00098,2025-01-09,Net Banking,Successful,28027.83
PAY00099,ORD00099,2025-12-22,Net Banking,Successful,27860.08
PAY00100,ORD00100,2025-05-11,Credit Card,Successful,23623.95
PAY00101,ORD00101,2025-09-23,Credit Card,Successful,8360.59
PAY00102,ORD00102,2025-08-04,Cash on Delivery,Successful,42680.23
PAY00103,ORD00103,2025-08-09,Credit Card,Refunded,20017.42
PAY00104,ORD00104,2025-12-31,Credit Card,Successful,13553.41
PAY00105,ORD00105,2025-07-21,Credit Card,Successful,61224.21
PAY00106,ORD00106,2025-02-15,Cash on Delivery,Successful,10191.98
PAY00107,ORD00107,2025-07-24,Cash on Delivery,Successful,52067.4
PAY00108,ORD00108,2025-08-23,UPI,Successful,1709.14
PAY00109,ORD00109,2025-03-28,UPI,Successful,152230.18
PAY00110,ORD00110,2025-09-04,Cash on Delivery,Successful,47565.05
PAY00111,ORD00111,2025-03-04,Credit Card,Successful,208653.18
PAY00112,ORD00112,2025-09-20,UPI,Successful,115866.57
PAY00113,ORD00113,2025-09-20,Net Banking,Successful,1919.38
PAY00114,ORD00114,2025-05-18,Credit Card,Successful,5482.12
PAY00115,ORD00115,2025-07-09,UPI,Successful,2378.19
PAY00116,ORD00116,2025-10-06,Net Banking,Successful,62531.16
PAY00117,ORD00117,2025-12-31,Net Banking,Successful,13915.91
PAY00118,ORD00118,2025-02-05,Net Banking,Successful,16189.79
PAY00119,ORD00119,2025-10-03,Debit Card,Successful,60556.44
PAY00120,ORD00120,2025-02-22,Debit Card,Successful,49683.79
PAY00121,ORD00121,2025-01-16,Debit Card,Successful,32723.02
PAY00122,ORD00122,2025-02-08,Net Banking,Successful,40902.75
PAY00123,ORD00123,2025-11-08,Net Banking,Successful,4824.83
PAY00124,ORD00124,2025-01-12,UPI,Successful,31595.06
PAY00125,ORD00125,2025-06-23,Net Banking,Refunded,4386.23
PAY00126,ORD00126,2025-07-14,Cash on Delivery,Successful,2406.38
PAY00127,ORD00127,2025-03-31,Credit Card,Refunded,61604.07
PAY00128,ORD00128,2025-09-14,Net Banking,Successful,28934.14
PAY00129,ORD00129,2025-09-17,Cash on Delivery,Successful,3095.38
PAY00130,ORD00130,2025-04-29,Debit Card,Successful,8837.84
PAY00131,ORD00131,2025-02-15,UPI,Successful,3233.97
PAY00132,ORD00132,2025-04-12,Net Banking,Successful,3617.52
PAY00133,ORD00133,2025-11-20,Debit Card,Failed,11066.17
PAY00134,ORD00134,2025-05-24,Credit Card,Successful,23721.21
PAY00135,ORD00135,2025-07-01,Credit Card,Failed,10598.26
PAY00136,ORD00136,2025-08-06,Net Banking,Successful,4670.35
PAY00137,ORD00137,2025-04-29,Net Banking,Successful,13497.68
PAY00138,ORD00138,2025-02-17,Credit Card,Successful,26097.93
PAY00139,ORD00139,2025-11-26,Net Banking,Successful,8699.1
PAY00140,ORD00140,2025-09-12,Credit Card,Successful,7582.92
PAY00141,ORD00141,2025-04-23,Debit Card,Successful,77748.59
PAY00142,ORD00142,2025-10-28,UPI,Successful,3676.36
PAY00143,ORD00143,2025-12-18,Cash on Delivery,Successful,7957.04
PAY00144,ORD00144,2025-11-30,Net Banking,Refunded,9264.66
PAY00145,ORD00145,2025-04-17,UPI,Successful,4205.91
PAY00146,ORD00146,2025-04-29,Cash on Delivery,Successful,16076.63
PAY00147,ORD00147,2025-12-03,,Successful,75034.11
PAY00148,ORD00148,2025-06-16,Cash on Delivery,Failed,51299.63
PAY00149,ORD00149,2025-01-11,UPI,Successful,105569.48
PAY00150,ORD00150,2025-05-13,Cash on Delivery,Successful,4606.09
PAY00151,ORD00151,2025-10-21,Debit Card,Successful,4353.38
PAY00152,ORD00152,2025-12-16,Debit Card,Successful,9119.95
PAY00153,ORD00153,2025-10-06,Net Banking,Successful,6176.12
PAY00154,ORD00154,2025-04-07,Cash on Delivery,Successful,6093.82
PAY00155,ORD00155,2025-01-10,Credit Card,Successful,120137.18
PAY00156,ORD00156,2025-09-28,Net Banking,Successful,54917.97
PAY00157,ORD00157,2025-10-15,Cash on Delivery,Successful,3074.75
PAY00158,ORD00158,2025-08-31,Net Banking,Successful,2600.74
PAY00159,ORD00159,2025-01-08,Net Banking,Failed,3819.93
PAY00160,ORD00160,2025-03-30,Cash on Delivery,Successful,1595.82
PAY00161,ORD00161,2025-06-19,Credit Card,Refunded,13671.29
PAY00162,ORD00162,2025-06-21,Cash on Delivery,Refunded,4004.64
PAY00163,ORD00163,2025-06-06,Net Banking,Successful,25699.49
PAY00164,ORD00164,2025-07-01,UPI,Successful,5402.3
PAY00165,ORD00165,2025-11-10,Net Banking,Successful,6180.19
PAY00166,ORD00166,2025-08-08,UPI,Successful,4261.8
PAY00167,ORD00167,2025-05-31,UPI,Successful,58422.37
PAY00168,ORD00168,2025-12-23,Debit Card,Successful,5704.26
PAY00169,ORD00169,2025-08-11,Cash on Delivery,Successful,37823.11
PAY00170,ORD00170,2025-06-25,Credit Card,Successful,96371.69
PAY00171,ORD00171,2025-01-04,Debit Card,Successful,6995.08
PAY00172,ORD00172,2025-08-01,UPI,Successful,5184.26
PAY00173,ORD00173,2025-11-28,Credit Card,Successful,85014.65
PAY00174,ORD00174,2025-05-19,Cash on Delivery,Successful,2865.72
PAY00175,ORD00175,2025-10-24,Debit Card,Failed,32946.04
PAY00176,ORD00176,2025-12-23,Cash on Delivery,Successful,1623.61
PAY00177,ORD00177,2025-10-27,UPI,Successful,5139.59
PAY00178,ORD00178,2025-06-10,Net Banking,Failed,6396.56
PAY00179,ORD00179,2025-07-29,Cash on Delivery,Refunded,11635.75
PAY00180,ORD00180,2025-10-10,Cash on Delivery,Successful,19341.79
PAY00181,ORD00181,2025-08-05,Debit Card,Successful,4068.41
PAY00182,ORD00182,2025-11-07,UPI,Successful,29052.15
PAY00183,ORD00183,2025-12-18,Cash on Delivery,Failed,2436.33
PAY00184,ORD00184,2025-01-28,Net Banking,Successful,13172.21
PAY00185,ORD00185,2025-01-07,Credit Card,Successful,1290.76
PAY00186,ORD00186,2025-02-22,Credit Card,Successful,3739.74
PAY00187,ORD00187,2025-11-22,Debit Card,Failed,12395.29
PAY00188,ORD00188,2025-08-18,Credit Card,Successful,4505.07
PAY00189,ORD00189,2025-05-03,Cash on Delivery,Successful,40648.95
PAY00190,ORD00190,2025-10-17,UPI,Successful,749.5
PAY00191,ORD00191,2025-05-25,Net Banking,Successful,8722.01
PAY00192,ORD00192,2025-03-30,Cash on Delivery,Successful,121036.04
PAY00193,ORD00193,2025-06-10,Credit Card,Refunded,32460.19
PAY00194,ORD00194,2025-03-18,Cash on Delivery,Successful,28498.11
PAY00195,ORD00195,2025-11-24,Net Banking,Successful,50771.24
PAY00196,ORD00196,2025-03-28,Cash on Delivery,Failed,15501.61
PAY00197,ORD00197,2025-08-30,Credit Card,Refunded,172353.12
PAY00198,ORD00198,2025-07-27,UPI,Failed,30833.35
PAY00199,ORD00199,2025-10-21,Debit Card,Successful,25490.62
PAY00200,ORD00200,2025-12-04,Debit Card,Successful,391.72
PAY00201,ORD00201,2025-03-12,Credit Card,Successful,43116.98
PAY00202,ORD00202,2025-07-13,Net Banking,Successful,61387.75
PAY00203,ORD00203,2025-12-31,UPI,Successful,1424.25
PAY00204,ORD00204,2025-02-12,Cash on Delivery,Successful,5254.93
PAY00205,ORD00205,2025-10-14,Cash on Delivery,Successful,2395.56
PAY00206,ORD00206,2025-09-26,Net Banking,Successful,2397.78
PAY00207,ORD00207,2025-12-12,UPI,Successful,1853.57
PAY00208,ORD00208,2025-05-23,Credit Card,Successful,4441.54
PAY00209,ORD00209,2025-09-07,Debit Card,Refunded,3195.79
PAY00210,ORD00210,2025-03-03,Credit Card,Successful,4391.37
PAY00211,ORD00211,2025-03-03,UPI,Successful,8297.21
PAY00212,ORD00212,2025-07-25,Debit Card,Successful,178588.13
PAY00213,ORD00213,2025-07-15,Debit Card,Refunded,65681.3
PAY00214,ORD00214,2025-02-22,Debit Card,Successful,2982.44
PAY00215,ORD00215,2025-05-04,Net Banking,Successful,2038.17
PAY00216,ORD00216,2025-08-23,Cash on Delivery,Successful,1673.23
PAY00217,ORD00217,2025-03-30,Debit Card,Refunded,13361.37
PAY00218,ORD00218,2025-09-08,Credit Card,Successful,77459.1
PAY00219,ORD00219,2025-10-07,UPI,Failed,7001.14
PAY00220,ORD00220,2025-12-30,Debit Card,Successful,6958.7
PAY00221,ORD00221,2025-09-12,Cash on Delivery,Refunded,2482.92
PAY00222,ORD00222,2025-05-30,Credit Card,Refunded,1137.93
PAY00223,ORD00223,2025-08-23,Credit Card,Successful,3163.11
PAY00224,ORD00224,2025-08-29,Cash on Delivery,Successful,14504.57
PAY00225,ORD00225,03/03/2025,Cash on Delivery,Successful,14387.7
PAY00226,ORD00226,2025-06-24,Credit Card,Successful,3123.92
PAY00227,ORD00227,2025-06-21,Credit Card,Successful,1913.61
PAY00228,ORD00228,2025-02-14,UPI,Successful,55971.41
PAY00229,ORD00229,2025-01-16,UPI,Successful,197058.84
PAY00230,ORD00230,2025-03-26,UPI,Successful,17124.37
PAY00231,ORD00231,2025-10-20,Net Banking,Successful,17086.13
PAY00232,ORD00232,2025-11-11,UPI,Successful,938.48
PAY00233,ORD00233,2025-07-30,Net Banking,Refunded,34747.97
PAY00234,ORD00234,2025-03-17,Debit Card,Successful,201551.81
PAY00235,ORD00235,2025-07-04,Debit Card,Refunded,57934.04
PAY00236,ORD00236,2025-10-09,Debit Card,Successful,16773.61
PAY00237,ORD00237,2025-11-28,Credit Card,Successful,15966.75
PAY00238,ORD00238,2025-02-02,UPI,Successful,7812.27
PAY00239,ORD00239,2025-07-26,Net Banking,Successful,8992.97
PAY00240,ORD00240,2025-03-10,Net Banking,Successful,8043.45
PAY00241,ORD00241,2025-01-08,Credit Card,Successful,6149.38
PAY00242,ORD00242,2025-01-05,UPI,Pending,16764.26
PAY00243,ORD00243,2025-01-11,UPI,Successful,148973.83
PAY00244,ORD00244,06-05-2025,Net Banking,Successful,161096.27
PAY00245,ORD00245,2025-02-01,Cash on Delivery,Successful,4876.02
PAY00246,ORD00246,2025-08-02,Credit Card,Refunded,39927.04
PAY00247,ORD00247,2025-10-24,Credit Card,Successful,76285.19
PAY00248,ORD00248,2025-01-19,Cash on Delivery,Successful,5908.76
PAY00249,ORD00249,2025-10-20,Cash on Delivery,Successful,30225.9
PAY00250,ORD00250,2025-05-20,UPI,Successful,61886.01
PAY00251,ORD00251,2025-11-01,UPI,Successful,15771.57
PAY00252,ORD00252,2025-09-09,Credit Card,Refunded,4127.26
PAY00253,ORD00253,2025-10-04,Credit Card,Successful,2026.02
PAY00254,ORD00254,2025-12-17,Net Banking,Successful,69153.48
PAY00255,ORD00255,2025-06-27,Cash on Delivery,Successful,8032.38
PAY00256,ORD00256,2025-05-27,credit card,Failed,15662.93
PAY00257,ORD00257,2025-06-24,Cash on Delivery,Successful,5587.98
PAY00258,ORD00258,2025-08-15,,Successful,24602.83
PAY00259,ORD00259,2025-08-30,Credit Card,Successful,5820.52
PAY00260,ORD00260,2025-12-13,Debit Card,Successful,187706.84
PAY00261,ORD00261,2025-11-03,Cash on Delivery,Successful,139122.08
PAY00262,ORD00262,2025-09-15,Debit Card,Successful,292486.15
PAY00263,ORD00263,2025-10-28,UPI,Successful,1662.2
PAY00264,ORD00264,2025-09-02,Net Banking,Successful,24499.97
PAY00265,ORD00265,02/01/2025,Credit Card,Successful,14866.51
PAY00266,ORD00266,2025-06-07,Debit Card,Successful,180777.14
PAY00267,ORD00267,2025-03-18,UPI,Successful,32970.35
PAY00268,ORD00268,2025-08-12,Credit Card,Successful,15089.88
PAY00269,ORD00269,2025-11-10,Credit Card,Successful,4337.6
PAY00270,ORD00270,2025-04-21,Debit Card,Successful,149843.81
PAY00271,ORD00271,2025-12-06,Cash on Delivery,Successful,6148.46
PAY00272,ORD00272,2025-03-29,Debit Card,Successful,25012.78
PAY00273,ORD00273,2025-04-25,Cash on Delivery,Successful,10121.74
PAY00274,ORD00274,2025-11-10,Net Banking,Refunded,35876.28
PAY00275,ORD00275,2025-08-25,Credit Card,Pending,6174.16
PAY00276,ORD00276,2025-01-21,Cash on Delivery,Refunded,278139.8
PAY00277,ORD00277,2025-04-27,UPI,Successful,3450.86
PAY00278,ORD00278,2025-08-10,Credit Card,Successful,5967.16
PAY00279,ORD00279,2025-03-17,UPI,Failed,19796.16
PAY00280,ORD00280,2025-05-20,Net Banking,Successful,1488.91
PAY00281,ORD00281,2025-09-03,Debit Card,Successful,14713.87
PAY00282,ORD00282,2025-03-06,Net Banking,Successful,8685.38
PAY00283,ORD00283,2025-04-13,Cash on Delivery,Successful,20717.27
PAY00284,ORD00284,2025-10-31,Credit Card,Successful,66536.02
PAY00285,ORD00285,2025-07-03,Credit Card,Successful,274145.74
PAY00286,ORD00286,2025-07-28,Net Banking,Successful,55209.55
PAY00287,ORD00287,2025-04-10,UPI,Successful,9308.32
PAY00288,ORD00288,2025-08-11,Cash on Delivery,successful,60851.07
PAY00289,ORD00289,2025-05-13,UPI,Successful,54692.0
PAY00290,ORD00290,2025-09-30,Cash on Delivery,Successful,4299.09
PAY00291,ORD00291,2025-03-23,UPI,Pending,2435.43
PAY00292,ORD00292,2025-04-29,Cash on Delivery,Successful,76355.58
PAY00293,ORD00293,2025-04-23,Credit Card,Successful,68745.25
PAY00294,ORD00294,2025-04-06,Debit Card,Successful,12086.17
PAY00295,ORD00295,2025-04-17,UPI,Successful,2064.9
PAY00296,ORD00296,2025-04-30,Net Banking,Successful,11067.15
PAY00297,ORD00297,2025-12-24,Credit Card,Refunded,29677.01
PAY00298,ORD00298,2025-01-04,Credit Card,Successful,137696.86
PAY00299,ORD00299,2025-06-09,UPI,Successful,4319.92
PAY00300,ORD00300,2025-05-09,Cash on Delivery,Successful,27919.53
PAY00301,ORD00301,2025-08-17,Debit Card,Successful,192270.34
PAY00302,ORD00302,2025-04-12,Net Banking,Successful,3987.85
PAY00303,ORD00303,2025-04-11,Credit Card,Failed,4264.25
PAY00304,ORD00304,2025-11-20,Debit Card,Successful,7254.7
PAY00305,ORD00305,2025-09-21,Net Banking,Successful,18149.75
PAY00306,ORD00306,2025-05-24,Cash on Delivery,Successful,11270.12
PAY00307,ORD00307,2025-11-21,UPI,Pending,102516.98
PAY00308,ORD00308,2025-03-07,Credit Card,Successful,22002.72
PAY00309,ORD00309,2025-10-08,Cash on Delivery,Successful,2933.42
PAY00310,ORD00310,2025-05-18,UPI,Successful,1363.97
PAY00311,ORD00311,2025-08-14,UPI,Successful,1753.4
PAY00312,ORD00312,2025-09-26,UPI,Refunded,5485.51
PAY00313,ORD00313,2025-12-18,Upi,Failed,1186.05
PAY00314,ORD00314,2025-09-02,Cash on Delivery,Successful,10550.85
PAY00315,ORD00315,2025-12-04,Cash on Delivery,Successful,192306.02
PAY00316,ORD00316,2025-01-09,Cash on Delivery,Failed,15585.45
PAY00317,ORD00317,2025-06-01,Debit Card,Successful,58924.08
PAY00318,ORD00318,2025-06-07,credit card,Successful,48486.73
PAY00319,ORD00319,2025-02-19,Net Banking,Successful,998.97
PAY00320,ORD00320,2025-12-07,Cash on Delivery,Refunded,49886.01
PAY00321,ORD00321,24/04/2025,Debit Card,Successful,2799.24
PAY00322,ORD00322,2025-08-11,Debit Card,Successful,6857.37
PAY00323,ORD00323,2025-06-15,Cash on Delivery,Successful,14159.86
PAY00324,ORD00324,2025-11-19,UPI,Successful,24055.5
PAY00325,ORD00325,2025-11-28,Cash on Delivery,Successful,130596.84
PAY00326,ORD00326,2025-09-25,Net Banking,Successful,258288.42
PAY00327,ORD00327,2025-11-12,Net Banking,Successful,15586.53
PAY00328,ORD00328,2025-03-09,Net Banking,Successful,1189.11
PAY00329,ORD00329,2025-04-20,Net Banking,Successful,69937.14
PAY00330,ORD00330,2025-01-20,Cash on Delivery,Successful,56672.46
PAY00331,ORD00331,2025-08-22,Credit Card,Successful,12134.3
PAY00332,ORD00332,2025-08-28,Cash on Delivery,Failed,125218.33
PAY00333,ORD00333,2025-04-22,Credit Card,Failed,24387.36
PAY00334,ORD00334,2025-02-11,UPI,Failed,5746.18
PAY00335,ORD00335,2025-01-12,Cash on Delivery,Successful,123453.81
PAY00336,ORD00336,2025-02-18,Credit Card,Successful,1881.64
PAY00337,ORD00337,2025-07-11,UPI,Successful,8368.43
PAY00338,ORD00338,2025-12-12,Net Banking,Successful,85274.93
PAY00339,ORD00339,2025-07-05,Cash on Delivery,Pending,10304.57
PAY00340,ORD00340,2025-12-15,UPI,Failed,5049.8
PAY00341,ORD00341,2025-03-07,Debit Card,Successful,76644.59
PAY00342,ORD00342,2025-07-22,UPI,Successful,74212.45
PAY00343,ORD00343,2025-11-29,Cash on Delivery,Successful,20012.92
PAY00344,ORD00344,2025-11-23,Cash on Delivery,Failed,4855.18
PAY00345,ORD00345,2025-07-26,Cash on Delivery,Failed,1068.67
PAY00346,ORD00346,2025-04-25,Credit Card,Successful,71027.51
PAY00347,ORD00347,2025-08-02,Credit Card,Successful,4672.6
PAY00348,ORD00348,2025-06-02,UPI,Successful,2009.61
PAY00349,ORD00349,2025-12-14,UPI,Successful,56428.3
PAY00350,ORD00350,2025-05-07,Debit Card,Successful,4207.69
PAY00351,ORD00351,2025-10-26,Debit Card,Successful,18675.01
PAY00352,ORD00352,2025-01-01,Credit Card,Successful,21866.06
PAY00353,ORD00353,2025-06-21,Cash on Delivery,Successful,5442.62
PAY00354,ORD00354,2025-03-17,Credit Card,Successful,13332.95
PAY00355,ORD00355,2025-03-28,Credit Card,Successful,4635.17
PAY00356,ORD00356,2025-06-16,Credit Card,Successful,76357.89
PAY00357,ORD00357,2025-07-25,Credit Card,Successful,440.57
PAY00358,ORD00358,2025-06-01,Net Banking,Successful,15163.45
PAY00359,ORD00359,2025-12-13,Credit Card,Successful,4709.03
PAY00360,ORD00360,2025-11-02,Debit Card,Successful,77926.22
PAY00361,ORD00361,2025-11-11,UPI,Successful,69935.12
PAY00362,ORD00362,2025-05-28,UPI,Successful,12864.57
PAY00363,ORD00363,2025-10-12,Net Banking,Successful,76044.24
PAY00364,ORD00364,2025-06-14,UPI,Pending,424.74
PAY00365,ORD00365,2025-08-01,Cash on Delivery,Successful,3889.15
PAY00366,ORD00366,2025-12-06,Credit Card,Failed,282156.54
PAY00367,ORD00367,2025-04-12,Debit Card,Successful,9407.02
PAY00368,ORD00368,2025-01-30,Credit Card,Successful,9211.18
PAY00369,ORD00369,2025-04-22,Debit Card,Successful,116508.31
PAY00370,ORD00370,2025-03-18,Credit Card,Refunded,63110.66
PAY00371,ORD00371,2025-01-09,UPI,Failed,9560.87
PAY00372,ORD00372,2025-08-28,Cash on Delivery,successful,1871.35
PAY00373,ORD00373,2025-12-10,Debit Card,Successful,12301.97
PAY00374,ORD00374,2025-12-16,Net Banking,Successful,71309.23
PAY00375,ORD00375,2025-06-29,UPI,Refunded,1304.78
PAY00376,ORD00376,2025-12-03,Cash on Delivery,Successful,3292.15
PAY00377,ORD00377,2025-12-27,UPI,Successful,3394.91
PAY00378,ORD00378,2025-04-15,Debit Card,Successful,6212.15
PAY00379,ORD00379,2025-08-20,Credit Card,Successful,1820.7
PAY00380,ORD00380,2025-04-20,Debit Card,Successful,68789.54
PAY00381,ORD00381,2025-08-07,Net Banking,Failed,81557.21
PAY00382,ORD00382,2025-01-03,Credit Card,Successful,875.09
PAY00383,ORD00383,2025-03-05,Net Banking,Successful,221840.64
PAY00384,ORD00384,2025-01-06,Net Banking,Successful,23857.91
PAY00385,ORD00385,2025-09-23,UPI,Successful,55755.01
PAY00386,ORD00386,2025-01-12,Net Banking,Pending,3376.94
PAY00387,ORD00387,2025-04-17,UPI,Successful,2883.36
PAY00388,ORD00388,2025-07-31,Credit Card,Successful,1762.17
PAY00389,ORD00389,2025-08-18,UPI,Pending,180275.61
PAY00390,ORD00390,2025-10-20,Debit Card,Successful,41847.88
PAY00391,ORD00391,2025-12-07,Cash on Delivery,Successful,41744.03
PAY00392,ORD00392,2025-07-02,Debit Card,Successful,10786.74
PAY00393,ORD00393,2025-11-19,Cash on Delivery,Successful,5913.76
PAY00394,ORD00394,2025-09-05,Debit Card,Successful,3120.06
PAY00395,ORD00395,2025-11-12,Cash on Delivery,Failed,61325.18
PAY00396,ORD00396,2025-11-03,Net Banking,Successful,5778.14
PAY00397,ORD00397,2025-02-19,Cash on Delivery,Successful,3674.42
PAY00398,ORD00398,2025-12-29,Debit Card,Failed,57012.83
PAY00399,ORD00399,2025-11-23,UPI,Successful,21595.58
PAY00400,ORD00400,2025-01-08,Cash on Delivery,Successful,64240.84
PAY00401,ORD00401,2025-09-09,Cash on Delivery,Successful,10864.18
PAY00402,ORD00402,2025-08-03,Net Banking,Successful,76810.35
PAY00403,ORD00403,2025-06-03,Net Banking,Successful,7888.0
PAY00404,ORD00404,2025-04-20,Credit Card,Failed,4533.32
PAY00405,ORD00405,2025-10-04,Debit Card,Successful,53997.77
PAY00406,ORD00406,2025-01-30,UPI,Pending,64275.82
PAY00407,ORD00407,2025-03-08,Net Banking,Successful,13532.59
PAY00408,ORD00408,2025-01-16,UPI,Failed,33165.79
PAY00409,ORD00409,2025-07-19,Net Banking,Successful,7262.22
PAY00410,ORD00410,2025-02-14,Net Banking,Successful,158061.49
PAY00411,ORD00411,2025-08-15,Cash on Delivery,Successful,4083.45
PAY00412,ORD00412,2025-08-19,Credit Card,Successful,12519.12
PAY00413,ORD00413,2025-10-31,Credit Card,Successful,20029.72
PAY00414,ORD00414,2025-09-15,Cash on Delivery,Successful,48110.26
PAY00415,ORD00415,2025-05-21,Net Banking,Successful,6464.21
PAY00416,ORD00416,2025-07-01,Debit Card,Successful,8754.17
PAY00417,ORD00417,2025-07-26,UPI,Successful,7067.17
PAY00418,ORD00418,2025-11-13,Credit Card,Successful,29761.44
PAY00419,ORD00419,2025-01-21,Credit Card,Successful,16028.55
PAY00420,ORD00420,2025-06-15,Debit Card,Successful,78616.69
PAY00421,ORD00421,2025-05-03,Credit Card,Successful,6566.43
PAY00422,ORD00422,2025-10-20,UPI,Failed,10584.52
PAY00423,ORD00423,2025-12-11,Cash on Delivery,Successful,2350.17
PAY00424,ORD00424,2025-07-21,Net Banking,Successful,1404.23
PAY00425,ORD00425,2025-05-16,Cash on Delivery,Successful,5354.86
PAY00426,ORD00426,2025-04-29,Cash on Delivery,Successful,140600.87
PAY00427,ORD00427,2025-09-28,Credit Card,Successful,2550.4
PAY00428,ORD00428,2025-06-18,Credit Card,Successful,135542.5
PAY00429,ORD00429,2025-04-06,Credit Card,Successful,29270.39
PAY00430,ORD00430,2025-07-19,Credit Card,Successful,887.75
PAY00431,ORD00431,2025-09-16,Net Banking,Successful,57549.91
PAY00432,ORD00432,2025-01-03,Debit Card,Successful,7939.66
PAY00433,ORD00433,2025-01-24,Credit Card,Successful,4633.89
PAY00434,ORD00434,2025-06-08,UPI,Successful,3162.05
PAY00435,ORD00435,2025-07-15,Cash on Delivery,Successful,6767.74
PAY00436,ORD00436,2025-06-03,Credit Card,Successful,8534.31
PAY00437,ORD00437,2025-04-19,UPI,Successful,7053.4
PAY00438,ORD00438,2025-05-13,Credit Card,Successful,1725.41
PAY00439,ORD00439,2025-08-24,Debit Card,Successful,19587.91
PAY00440,ORD00440,2025-03-04,Net Banking,Failed,19187.91
PAY00441,ORD00441,2025-08-07,Cash on Delivery,Successful,10454.55
PAY00442,ORD00442,2025-04-01,Net Banking,Successful,5038.19
PAY00443,ORD00443,2025-01-23,UPI,Pending,8011.39
PAY00444,ORD00444,2025-10-22,Debit Card,Failed,4221.58
PAY00445,ORD00445,2025-12-24,Credit Card,Successful,77259.17
PAY00446,ORD00446,2025-10-10,Net Banking,Successful,31634.58
PAY00447,ORD00447,2025-12-31,,Refunded,23402.92
PAY00448,ORD00448,2025-11-23,Credit Card,Successful,2161.92
PAY00449,ORD00449,2025-01-22,Debit Card,Successful,49383.74
PAY00450,ORD00450,2025-06-10,Debit Card,Successful,3580.96
PAY00451,ORD00451,2025-04-24,Credit Card,Successful,5169.17
PAY00452,ORD00452,2025-07-10,Cash on Delivery,Successful,265002.66
PAY00453,ORD00453,2025-08-01,Net Banking,Refunded,123507.5
PAY00454,ORD00454,2025-01-01,UPI,Successful,17570.68
PAY00455,ORD00455,2025-09-21,Net Banking,Successful,12735.26
PAY00456,ORD00456,2025-01-01,Cash on Delivery,Successful,52728.69
PAY00457,ORD00457,2025-03-27,Net Banking,Successful,56309.84
PAY00458,ORD00458,2025-09-04,Credit Card,Successful,4022.87
PAY00459,ORD00459,2025-01-06,Cash on Delivery,Successful,7454.04
PAY00460,ORD00460,2025-02-05,UPI,Successful,8544.78
PAY00461,ORD00461,2025-07-01,UPI,Successful,2877.47
PAY00462,ORD00462,2025-10-05,Cash on Delivery,Successful,44342.53
PAY00463,ORD00463,2025-10-14,Cash on Delivery,Successful,49595.08
PAY00464,ORD00464,2025-12-01,Debit Card,Successful,4039.14
PAY00465,ORD00465,2025-06-01,Cash on Delivery,Successful,8324.72
PAY00466,ORD00466,2025-10-24,Debit Card,Successful,193712.64
PAY00467,ORD00467,2025-07-25,Credit Card,Successful,60624.02
PAY00468,ORD00468,2025-01-19,UPI,Successful,79977.24
PAY00469,ORD00469,2025-03-03,UPI,Successful,215041.78
PAY00470,ORD00470,2025-12-10,UPI,Refunded,30649.0
PAY00471,ORD00471,2025-04-24,Debit Card,Successful,6134.3
PAY00472,ORD00472,2025-09-30,Net Banking,Successful,24050.6
PAY00473,ORD00473,2025-09-14,Net Banking,Successful,12092.83
PAY00474,ORD00474,2025-02-09,Credit Card,Successful,20405.27
PAY00475,ORD00475,2025-10-02,UPI,Successful,7772.14
PAY00476,ORD00476,2025-11-09,Credit Card,Successful,10210.88
PAY00477,ORD00477,2025-04-15,UPI,Refunded,15816.85
PAY00478,ORD00478,2025-10-13,Credit Card,Refunded,79307.37
PAY00479,ORD00479,2025-01-09,Cash on Delivery,Successful,47373.02
PAY00480,ORD00480,2025-11-04,Credit Card,Successful,55085.39
PAY00481,ORD00481,2025-03-20,Cash on Delivery,Successful,2577.62
PAY00482,ORD00482,2025-04-17,Cash on Delivery,Successful,13540.22
PAY00483,ORD00483,2025-04-10,Debit Card,Successful,13701.14
PAY00484,ORD00484,2025-06-30,Cash on Delivery,Successful,3987.13
PAY00485,ORD00485,2025-01-22,Debit Card,Successful,6420.14
PAY00486,ORD00486,2025-01-22,Net Banking,Failed,83119.44
PAY00487,ORD00487,2025-04-20,Debit Card,Successful,2923.92
PAY00488,ORD00488,2025-08-30,Net Banking,Successful,5496.12
PAY00489,ORD00489,2025-09-25,Net Banking,Successful,7532.32
PAY00490,ORD00490,2025-07-17,Cash on Delivery,Successful,5640.74
PAY00491,ORD00491,2025-05-11,Debit Card,Successful,18425.14
PAY00492,ORD00492,2025-07-18,Debit Card,Successful,72395.43
PAY00493,ORD00493,2025-02-04,Cash on Delivery,Failed,52688.86
PAY00494,ORD00494,2025-08-01,Cash on Delivery,Refunded,62767.2
PAY00495,ORD00495,2025-01-17,Debit Card,Failed,3949.62
PAY00496,ORD00496,2025-01-31,Credit Card,Successful,11812.48
PAY00497,ORD00497,2025-07-09,Net Banking,Successful,21447.51
PAY00498,ORD00498,2025-06-12,Credit Card,SUCCESSFUL,4032.11
PAY00499,ORD00499,2025-03-28,Credit Card,Successful,31018.59
PAY00500,ORD00500,2025-10-11,Net Banking,Successful,9460.31
PAY00501,ORD00501,2025-11-26,Debit Card,Successful,29105.51
PAY00502,ORD00502,2025-02-11,Debit Card,Successful,13334.71
PAY00503,ORD00503,2025-12-09,UPI,Refunded,145132.24
PAY00504,ORD00504,2025-12-14,Debit Card,Successful,64405.55
PAY00505,ORD00505,2025-04-24,Net Banking,Successful,23371.47
PAY00506,ORD00506,2025-04-04,UPI,Successful,2944.42
PAY00507,ORD00507,2025-10-26,Net Banking,Pending,109952.07
PAY00508,ORD00508,2025-09-11,Debit Card,Successful,14118.97
PAY00509,ORD00509,2025-01-31,Cash on Delivery,Successful,7808.49
PAY00510,ORD00510,2025-04-24,Credit Card,Successful,4386.13
PAY00511,ORD00511,2025-12-06,Debit Card,Successful,11798.1
PAY00512,ORD00512,2025-08-09,Debit Card,SUCCESSFUL,5236.76
PAY00513,ORD00513,2025-12-25,Credit Card,Successful,19830.73
PAY00514,ORD00514,2025-01-11,UPI,Successful,161477.41
PAY00515,ORD00515,2025-11-21,Credit Card,Successful,6010.53
PAY00516,ORD00516,2025-07-27,Cash on Delivery,Successful,223688.2
PAY00517,ORD00517,2025-05-28,UPI,Successful,36596.51
PAY00518,ORD00518,2025-06-26,Cash on Delivery,Successful,7295.98
PAY00519,ORD00519,2025-02-03,Net Banking,Successful,14248.27
PAY00520,ORD00520,2025-04-22,Net Banking,Successful,1606.61
PAY00521,ORD00521,2025-09-23,UPI,Successful,112186.82
PAY00522,ORD00522,2025-05-21,Credit Card,Pending,27420.58
PAY00523,ORD00523,2025-12-19,Debit Card,Successful,29663.23
PAY00524,ORD00524,2025-05-10,Net Banking,Successful,29429.1
PAY00525,ORD00525,2025-01-22,Cash on Delivery,Successful,2951.91
PAY00526,ORD00526,2025-12-21,Net Banking,Successful,94593.98
PAY00527,ORD00527,2025-02-22,UPI,Successful,53306.27
PAY00528,ORD00528,10/10/2025,Debit Card,Successful,901.58
PAY00529,ORD00529,2025-08-06,Cash on Delivery,Successful,15278.06
PAY00530,ORD00530,2025-05-15,UPI,Successful,10622.47
PAY00531,ORD00531,2025-06-30,Cash on Delivery,Successful,3482.66
PAY00532,ORD00532,2025-01-06,Debit Card,Successful,78434.87
PAY00533,ORD00533,2025-09-14,Cash on Delivery,Successful,5056.45
PAY00534,ORD00534,2025-03-09,Net Banking,Failed,4878.6
PAY00535,ORD00535,2025-05-15,Credit Card,Successful,2503.19
PAY00536,ORD00536,2025-08-10,UPI,Successful,9949.93
PAY00537,ORD00537,2025-04-23,Debit Card,Failed,98878.63
PAY00538,ORD00538,2025-06-28,Debit Card,Successful,68794.91
PAY00539,ORD00539,2025-09-07,Cash on Delivery,Successful,240232.25
PAY00540,ORD00540,2025-11-08,UPI,Successful,118980.14
PAY00541,ORD00541,2025-06-06,Net Banking,successful,128702.76
PAY00542,ORD00542,2025-05-29,Debit Card,Successful,1245.04
PAY00543,ORD00543,2025-08-21,Net Banking,Failed,105854.82
PAY00544,ORD00544,2025-08-09,Net Banking,Successful,3020.24
PAY00545,ORD00545,2025-04-08,Credit Card,Failed,10765.73
PAY00546,ORD00546,2025-05-28,Credit Card,Successful,2975.19
PAY00547,ORD00547,2025-07-19,Net Banking,Successful,3160.02
PAY00548,ORD00548,2025-11-04,Credit Card,Successful,4606.29
PAY00549,ORD00549,2025-01-23,UPI,Successful,39929.19
PAY00550,ORD00550,2025-05-27,Credit Card,Successful,9084.89
PAY00551,ORD00551,2025-09-26,UPI,Successful,12630.96
PAY00552,ORD00552,2025-03-05,Net Banking,Successful,24622.42
PAY00553,ORD00553,2025-12-11,UPI,Refunded,3039.29
PAY00554,ORD00554,2025-09-23,UPI,Successful,3834.98
PAY00555,ORD00555,2025-01-08,Debit Card,Successful,19150.68
PAY00556,ORD00556,2025-03-08,Cash on Delivery,Successful,30607.54
PAY00557,ORD00557,2025-07-18,UPI,Successful,40056.86
PAY00558,ORD00558,2025-07-19,Debit Card,Successful,8545.78
PAY00559,ORD00559,2025-10-04,Credit Card,Successful,891.11
PAY00560,ORD00560,2025-01-05,Debit Card,Successful,3362.16
PAY00561,ORD00561,2025-06-07,Debit Card,Successful,35623.83
PAY00562,ORD00562,2025-03-07,Cash on Delivery,Successful,4108.21
PAY00563,ORD00563,2025-10-08,Net Banking,Successful,8179.0
PAY00564,ORD00564,2025-09-05,Net Banking,Failed,2372.35
PAY00565,ORD00565,2025-03-05,Net Banking,Successful,101510.92
PAY00566,ORD00566,2025-07-13,Credit Card,Successful,13291.69
PAY00567,ORD00567,2025-09-09,Credit Card,Failed,202851.07
PAY00568,ORD00568,2025-01-23,UPI,Successful,107091.22
PAY00569,ORD00569,2025-07-06,UPI,Successful,108083.06
PAY00570,ORD00570,2025-04-16,Cash on Delivery,Successful,2932.49
PAY00571,ORD00571,2025-06-15,Net Banking,Successful,3164.34
PAY00572,ORD00572,2025-04-02,Cash on Delivery,Successful,75067.38
PAY00573,ORD00573,2025-03-19,Debit Card,Successful,26570.87
PAY00574,ORD00574,2025-01-18,UPI,Successful,26221.97
PAY00575,ORD00575,2025-06-14,Debit Card,Refunded,35822.08
PAY00576,ORD00576,2025-11-14,Debit Card,Successful,7498.95
PAY00577,ORD00577,2025-07-19,UPI,Successful,848.53
PAY00578,ORD00578,2025-04-03,Credit Card,Successful,11106.09
PAY00579,ORD00579,2025-01-29,UPI,Successful,6690.7
PAY00580,ORD00580,2025-01-05,Net Banking,Successful,5054.43
PAY00581,ORD00581,2025-04-27,Debit Card,Successful,77491.89
PAY00582,ORD00582,2025-02-14,Credit Card,Successful,2768.72
PAY00583,ORD00583,2025-09-21,Debit Card,Successful,51655.46
PAY00584,ORD00584,2025-07-31,UPI,Successful,2372.3
PAY00585,ORD00585,2025-11-10,Debit Card,Successful,155777.66
PAY00586,ORD00586,2025-05-28,Debit Card,Failed,6241.63
PAY00587,ORD00587,2025-05-05,Cash on Delivery,Successful,2653.18
PAY00588,ORD00588,2025-12-31,Net Banking,Successful,65758.34
PAY00589,ORD00589,2025-11-06,Net Banking,Successful,634.77
PAY00590,ORD00590,2025-10-24,UPI,Successful,4513.85
PAY00591,ORD00591,2025-04-26,Credit Card,Refunded,108748.79
PAY00592,ORD00592,2025-05-22,Debit Card,Refunded,1198.65
PAY00593,ORD00593,2025-05-24,Net Banking,Successful,6302.0
PAY00594,ORD00594,2025-09-06,Net Banking,Successful,27858.33
PAY00595,ORD00595,2025-05-16,UPI,Failed,34574.82
PAY00596,ORD00596,2025-12-15,Credit Card,Successful,77860.5
PAY00597,ORD00597,2025-09-04,Cash on Delivery,Successful,1135.98
PAY00598,ORD00598,2025-03-19,Debit Card,Failed,1447.51
PAY00599,ORD00599,2025-01-24,Debit Card,Successful,3216.04
PAY00600,ORD00600,2025-02-19,Credit Card,Successful,4029.77
PAY00601,ORD00601,2025-09-29,Credit Card,Successful,1830.02
PAY00602,ORD00602,2025-02-17,Net Banking,Successful,2622.21
PAY00603,ORD00603,2025-11-15,Net Banking,Successful,4802.64
PAY00604,ORD00604,2025-02-11,Cash on Delivery,Successful,58268.85
PAY00605,ORD00605,2025-12-01,Net Banking,Successful,2712.35
PAY00606,ORD00606,2025-12-15,Debit Card,Successful,5069.27
PAY00607,ORD00607,2025-03-19,Net Banking,Successful,3636.34
PAY00608,ORD00608,2025-07-29,Net Banking,Successful,486.83
PAY00609,ORD00609,2025-09-23,Cash on Delivery,Pending,18016.9
PAY00610,ORD00610,2025-04-22,UPI,Failed,1954.23
PAY00611,ORD00611,2025-07-05,Debit Card,Successful,12526.04
PAY00612,ORD00612,2025-08-20,Cash on Delivery,Successful,9992.79
PAY00613,ORD00613,2025-03-07,Net Banking,Successful,294566.91
PAY00614,ORD00614,2025-12-26,Debit Card,Successful,2842.62
PAY00615,ORD00615,2025-09-25,Credit Card,Successful,14494.62
PAY00616,ORD00616,2025-04-11,Credit Card,Successful,154568.4
PAY00617,ORD00617,2025-11-17,Credit Card,Successful,1745.36
PAY00618,ORD00618,2025-06-09,Debit Card,Successful,71925.1
PAY00619,ORD00619,2025-03-07,Debit Card,Successful,4373.92
PAY00620,ORD00620,2025-04-14,Credit Card,Successful,73878.92
PAY00621,ORD00621,2025-02-04,UPI,Successful,12094.18
PAY00622,ORD00622,2025-12-14,UPI,Successful,63744.47
PAY00623,ORD00623,2025-10-11,Credit Card,Successful,17678.86
PAY00624,ORD00624,2025-01-24,Debit Card,Successful,4762.03
PAY00625,ORD00625,2025-06-22,Credit Card,Successful,5219.86
PAY00626,ORD00626,2025-10-11,Debit Card,Refunded,3521.9
PAY00627,ORD00627,2025-04-06,Credit Card,Successful,223212.83
PAY00628,ORD00628,2025-03-23,Credit Card,Successful,90805.92
PAY00629,ORD00629,2025-08-14,Cash on Delivery,Successful,2509.04
PAY00630,ORD00630,2025-08-11,Credit Card,Successful,3200.71
PAY00631,ORD00631,2025-12-29,Credit Card,Successful,31123.7
PAY00632,ORD00632,2025-03-07,Net Banking,Successful,55906.22
PAY00633,ORD00633,2025-09-11,Net Banking,Successful,53626.37
PAY00634,ORD00634,2025-12-28,Cash on Delivery,Refunded,12032.18
PAY00635,ORD00635,2025-08-17,Debit Card,Successful,2211.99
PAY00636,ORD00636,2025-01-29,Net Banking,Successful,8757.57
PAY00637,ORD00637,2025-06-10,UPI,Successful,136291.25
PAY00638,ORD00638,2025-12-17,Cash on Delivery,Successful,4447.68
PAY00639,ORD00639,2025-10-12,Cash on Delivery,Successful,141785.57
PAY00640,ORD00640,2025-04-08,Net Banking,Successful,147148.75
PAY00641,ORD00641,2025-12-30,UPI,Successful,4614.25
PAY00642,ORD00642,2025-03-07,Net Banking,Successful,10879.33
PAY00643,ORD00643,2025-09-04,Credit Card,Successful,2999.02
PAY00644,ORD00644,2025-05-12,Cash on Delivery,Successful,7994.92
PAY00645,ORD00645,2025-01-02,Cash on Delivery,Successful,3307.36
PAY00646,ORD00646,2025-01-08,Debit Card,Successful,210356.01
PAY00647,ORD00647,2025-05-23,Net Banking,Successful,1840.21
PAY00648,ORD00648,2025-03-14,Credit Card,Successful,2888.17
PAY00649,ORD00649,2025-07-15,UPI,Successful,126469.56
PAY00650,ORD00650,2025-12-29,Credit Card,Successful,11852.73
PAY00651,ORD00651,2025-05-19,Debit Card,Successful,39520.78
PAY00652,ORD00652,2025-02-05,Debit Card,Successful,13143.75
PAY00653,ORD00653,2025-02-19,Cash on Delivery,Successful,13836.94
PAY00654,ORD00654,2025-04-27,Debit Card,Successful,56747.18
PAY00655,ORD00655,2025-05-22,Debit Card,Successful,11255.77
PAY00656,ORD00656,2025-03-26,Net Banking,Successful,63538.81
PAY00657,ORD00657,2025-11-12,Debit Card,Successful,3227.92
PAY00658,ORD00658,2025-02-17,Debit Card,Successful,54207.48
PAY00659,ORD00659,2025-04-16,Debit Card,Successful,9391.37
PAY00660,ORD00660,2025-04-26,Cash on Delivery,Successful,146216.36
PAY00661,ORD00661,2025-11-04,Cash on Delivery,Successful,5691.18
PAY00662,ORD00662,2025-07-06,Credit Card,Refunded,66949.22
PAY00663,ORD00663,2025-12-25,Cash on Delivery,Successful,6358.36
PAY00664,ORD00664,2025-07-31,Credit Card,Successful,1480.97
PAY00665,ORD00665,2025-09-29,Cash on Delivery,Successful,6825.1
PAY00666,ORD00666,2025-02-17,Credit Card,Successful,2202.92
PAY00667,ORD00667,2025-07-26,UPI,Successful,6697.51
PAY00668,ORD00668,2025-03-01,Credit Card,Successful,53020.14
PAY00669,ORD00669,2025-10-30,Debit Card,Successful,2643.5
PAY00670,ORD00670,2025-11-07,Net Banking,Successful,381643.08
PAY00671,ORD00671,2025-08-22,UPI,Successful,5279.48
PAY00672,ORD00672,2025-09-21,Cash on Delivery,Successful,65812.07
PAY00673,ORD00673,2025-05-28,Credit Card,Successful,5299.15
PAY00674,ORD00674,2025-04-18,Debit Card,Successful,3879.2
PAY00675,ORD00675,2025-03-24,Debit Card,Successful,21349.1
PAY00676,ORD00676,2025-04-28,UPI,Successful,2513.28
PAY00677,ORD00677,2025-05-16,Debit Card,Successful,13888.79
PAY00678,ORD00678,2025-08-13,Net Banking,Successful,158838.33
PAY00679,ORD00679,2025-08-19,Net Banking,Successful,41442.12
PAY00680,ORD00680,2025-06-09,Credit Card,Refunded,5508.05
PAY00681,ORD00681,2025-04-22,Cash on Delivery,Successful,150513.53
PAY00682,ORD00682,2025-08-26,Debit Card,Successful,81095.76
PAY00683,ORD00683,2025-08-30,Credit Card,Refunded,960.49
PAY00684,ORD00684,2025-05-11,Credit Card,Successful,3685.46
PAY00685,ORD00685,2025-01-10,Cash on Delivery,Successful,53139.49
PAY00686,ORD00686,2025-07-17,Credit Card ,Successful,6948.55
PAY00687,ORD00687,2025-07-25,Debit Card,Successful,1655.99
PAY00688,ORD00688,2025-12-11,Net Banking,Successful,125543.93
PAY00689,ORD00689,2025-03-13,UPI,Successful,70019.35
PAY00690,ORD00690,2025-03-21,Net Banking,Successful,146523.67
PAY00691,ORD00691,2025-12-18,UPI,Failed,44547.59
PAY00692,ORD00692,2025-03-07,Cash on Delivery,Successful,1673.84
PAY00693,ORD00693,2025-04-19,UPI,Successful,244069.89
PAY00694,ORD00694,2025-10-03,Cash on Delivery,Successful,179609.92
PAY00695,ORD00695,2025-10-12,Debit Card,Successful,25820.34
PAY00696,ORD00696,2025-03-10,Cash on Delivery,Successful,3106.95
PAY00697,ORD00697,2025-12-29,Cash on Delivery,Successful,47484.35
PAY00698,ORD00698,2025-04-16,Net Banking,Successful,84021.43
PAY00699,ORD00699,2025-06-03,Debit Card,Refunded,132542.58
PAY00700,ORD00700,2025-11-26,UPI,Successful,62256.55
PAY00701,ORD00701,2025-10-19,Net Banking,Successful,86513.04
PAY00702,ORD00702,2025-07-25,Debit Card,Successful,4298.7
PAY00703,ORD00703,2025-01-17,Credit Card,Successful,16370.95
PAY00704,ORD00704,2025-06-30,UPI,Successful,3662.3
PAY00705,ORD00705,2025-04-04,UPI,Successful,2250.76
PAY00706,ORD00706,2025-12-01,Debit Card,Successful,58576.04
PAY00707,ORD00707,2025-06-24,Credit Card,Successful,23536.53
PAY00708,ORD00708,2025-10-24,Cash on Delivery,Successful,73485.96
PAY00709,ORD00709,2025-02-27,Net Banking,Successful,51420.33
PAY00710,ORD00710,2025-08-10,UPI,Successful,5088.23
PAY00711,ORD00711,2025-03-20,Net Banking,Successful,2585.53
PAY00712,ORD00712,2025-03-02,Cash on Delivery,Successful,984.58
PAY00713,ORD00713,2025-05-01,Credit Card,Successful,5519.44
PAY00714,ORD00714,2025-12-16,Cash on Delivery,Successful,56736.28
PAY00715,ORD00715,2025-12-29,Debit Card,Successful,1233.71
PAY00716,ORD00716,2025-10-14,Credit Card,Refunded,2033.85
PAY00717,ORD00717,2025-07-12,Credit Card,Successful,4094.18
PAY00718,ORD00718,2025-02-18,UPI,Successful,34580.08
PAY00719,ORD00719,2025-06-23,Debit Card,Successful,18628.52
PAY00720,ORD00720,2025-07-05,UPI,Refunded,5476.33
PAY00721,ORD00721,2025-11-17,Credit Card,Refunded,20348.38
PAY00722,ORD00722,2025-10-21,Debit Card,Successful,6326.93
PAY00723,ORD00723,2025-02-07,Debit Card,Successful,3454.18
PAY00724,ORD00724,2025-09-13,Net Banking,Successful,25438.85
PAY00725,ORD00725,2025-02-23,Net Banking,Successful,127828.48
PAY00726,ORD00726,2025-04-10,Credit Card,Failed,124013.31
PAY00727,ORD00727,2025-06-22,UPI,Successful,1512.95
PAY00728,ORD00728,2025-04-01,Net Banking,Successful,13416.57
PAY00729,ORD00729,2025-08-25,Credit Card,Successful,65229.01
PAY00730,ORD00730,2025-09-10,Debit Card,Successful,2528.47
PAY00731,ORD00731,2025-07-07,UPI,Successful,5750.0
PAY00732,ORD00732,2025-07-04,UPI,Successful,55049.45
PAY00733,ORD00733,2025-02-06,Credit Card,Successful,28904.79
PAY00734,ORD00734,2025-02-15,Net Banking,Successful,4418.34
PAY00735,ORD00735,2025-11-01,Cash on Delivery,Successful,13357.05
PAY00736,ORD00736,2025-06-27,Credit Card,Successful,292318.71
PAY00737,ORD00737,2025-01-13,Net Banking,Successful,10328.37
PAY00738,ORD00738,2025-06-02,Net Banking,Successful,31292.77
PAY00739,ORD00739,2025-09-09,Credit Card,Successful,6034.77
PAY00740,ORD00740,2025-04-13,Net Banking,Successful,1890.91
PAY00741,ORD00741,2025-01-07,UPI,Failed,180614.54
PAY00742,ORD00742,2025-07-27,Cash on Delivery,Successful,99985.65
PAY00743,ORD00743,2025-01-15,Credit Card,Successful,67413.71
PAY00744,ORD00744,2025-02-08,UPI ,Successful,10839.69
PAY00745,ORD00745,2025-11-09,Net Banking,Successful,136568.26
PAY00746,ORD00746,2025-06-07,Debit Card,Successful,26065.34
PAY00747,ORD00747,2025-06-07,UPI,Successful,42465.69
PAY00748,ORD00748,2025-04-12,Debit Card,Successful,23482.18
PAY00749,ORD00749,2025-09-13,Net Banking,Successful,32635.28
PAY00750,ORD00750,08/02/2025,Debit Card,Successful,2820.52
PAY00751,ORD00751,2025-11-06,Debit Card,Successful,19422.26
PAY00752,ORD00752,2025-01-02,Debit Card,Refunded,4826.16
PAY00753,ORD00753,2025-07-21,UPI,Successful,4089.98
PAY00754,ORD00754,2025-05-09,Credit Card,Successful,1890.93
PAY00755,ORD00755,2025-01-10,UPI,Successful,716.45
PAY00756,ORD00756,2025-10-20,Credit Card,Successful,46826.18
PAY00757,ORD00757,2025-09-04,Net Banking,Successful,50538.09
PAY00758,ORD00758,2025-12-05,Credit Card,Successful,2236.65
PAY00759,ORD00759,2025-08-21,Cash on Delivery,Successful,20457.12
PAY00760,ORD00760,2025-07-15,Net Banking,Successful,10207.84
PAY00761,ORD00761,2025-07-18,Credit Card,Successful,22860.37
PAY00762,ORD00762,2025-01-19,Credit Card,Successful,154721.59
PAY00763,ORD00763,2025-03-02,Cash on Delivery,Successful,115436.69
PAY00764,ORD00764,2025-04-10,Debit Card,Successful,70660.55
PAY00765,ORD00765,2025-08-10,UPI,Successful,32578.76
PAY00766,ORD00766,2025-12-12,Debit Card,Successful,13010.21
PAY00767,ORD00767,2025-07-06,Cash on Delivery,Successful,170516.27
PAY00768,ORD00768,2025-10-18,Debit Card,Successful,50958.87
PAY00769,ORD00769,2025-03-23,Cash on Delivery,Successful,178433.02
PAY00770,ORD00770,2025-11-14,Credit Card,Successful,70219.21
PAY00771,ORD00771,2025-12-07,UPI,Successful,1633.19
PAY00772,ORD00772,2025-07-05,Net Banking,Failed,1087.2
PAY00773,ORD00773,2025-11-13,Cash on Delivery,Successful,72657.26
PAY00774,ORD00774,2025-09-08,UPI,Successful,162418.36
PAY00775,ORD00775,2025-03-02,Debit Card,Successful,6190.02
PAY00776,ORD00776,2025-06-07,Net Banking,Failed,69986.45
PAY00777,ORD00777,2025-08-27,Credit Card,Failed,3106.14
PAY00778,ORD00778,2025-04-16,Net Banking,Successful,1064.01
PAY00779,ORD00779,2025-07-31,Net Banking,Successful,116651.1
PAY00780,ORD00780,2025-08-06,Credit Card,Successful,82432.84
PAY00781,ORD00781,2025-07-28,Cash on Delivery,Successful,108477.96
PAY00782,ORD00782,2025-12-19,Net Banking,Successful,10776.61
PAY00783,ORD00783,2025-08-04,Debit Card,Successful,4735.26
PAY00784,ORD00784,2025-01-18,Net Banking,Pending,1547.21
PAY00785,ORD00785,2025-06-25,Credit Card,Failed,9705.53
PAY00786,ORD00786,2025-08-31,Debit Card,Successful,8502.83
PAY00787,ORD00787,2025-09-14,UPI,Successful,52429.95
PAY00788,ORD00788,2025-10-30,Cash on Delivery,Successful,26553.44
PAY00789,ORD00789,2025-12-23,Debit Card,Successful,15324.16
PAY00790,ORD00790,2025-05-21,UPI,Successful,32042.19
PAY00791,ORD00791,2025-01-27,Net Banking,Successful,41712.42
PAY00792,ORD00792,2025-04-13,Cash on Delivery,Successful,30910.76
PAY00793,ORD00793,2025-07-22,,Successful,3578.13
PAY00794,ORD00794,2025-06-29,Cash on Delivery,Successful,203023.01
PAY00795,ORD00795,2025-05-16,Credit Card,Refunded,4529.72
PAY00796,ORD00796,2025-09-23,Net Banking,Successful,1961.5
PAY00797,ORD00797,2025-07-17,Credit Card,Successful,4100.95
PAY00798,ORD00798,2025-10-26,Credit Card,Successful,6201.18
PAY00799,ORD00799,2025-08-15,Debit Card,Successful,5666.64
PAY00800,ORD00800,2025-06-28,Credit Card,Successful,18124.27
PAY00801,ORD00801,2025-05-21,Net Banking,Successful,7224.1
PAY00802,ORD00802,2025-06-13,Upi,Failed,1293.05
PAY00803,ORD00803,2025-11-23,Debit Card,Successful,65376.82
PAY00804,ORD00804,2025-01-13,Credit Card,Pending,129987.3
PAY00805,ORD00805,2025-05-04,Cash on Delivery,Successful,6419.37
PAY00806,ORD00806,2025-03-28,Cash on Delivery,Successful,2109.89
PAY00807,ORD00807,2025-10-14,Debit Card,Refunded,5703.9
PAY00808,ORD00808,2025-12-14,Debit Card,Successful,139567.58
PAY00809,ORD00809,2025-11-09,Credit Card,Successful,7062.39
PAY00810,ORD00810,2025-04-27,Net Banking,Failed,5661.79
PAY00811,ORD00811,2025-06-20,Cash on Delivery,Successful,4121.72
PAY00812,ORD00812,2025-08-14,Debit Card,Successful,4349.38
PAY00813,ORD00813,2025-10-11,Net Banking,Successful,10460.62
PAY00814,ORD00814,2025-09-26,Net Banking,Successful,5716.36
PAY00815,ORD00815,2025-04-28,UPI,Successful,35538.88
PAY00816,ORD00816,2025-04-12,UPI,SUCCESSFUL,149102.85
PAY00817,ORD00817,2025-07-10,UPI,Successful,9310.01
PAY00818,ORD00818,2025-04-07,Net Banking,Successful,126052.31
PAY00819,ORD00819,2025-03-03,Net Banking,Successful,2685.83
PAY00820,ORD00820,2025-11-04,Net Banking,Successful,21355.36
PAY00821,ORD00821,2025-09-26,UPI,Successful,115756.24
PAY00822,ORD00822,2025-01-15,UPI,Successful,3884.99
PAY00823,ORD00823,2025-08-23,Debit Card,Successful,66388.19
PAY00824,ORD00824,2025-05-21,Net Banking,Successful,119408.79
PAY00825,ORD00825,2025-01-01,Net Banking,Refunded,25730.19
PAY00826,ORD00826,2025-04-22,Debit Card,Successful,8866.17
PAY00827,ORD00827,2025-01-16,Cash on Delivery,Successful,4282.76
PAY00828,ORD00828,2025-01-24,Debit Card,Refunded,53849.09
PAY00829,ORD00829,2025-07-28,Cash on Delivery,Successful,3484.1
PAY00830,ORD00830,2025-04-28,Debit Card,Successful,137762.16
PAY00831,ORD00831,2025-11-20,Net Banking,Successful,1153.66
PAY00832,ORD00832,2025-04-16,Cash on Delivery,Successful,2950.18
PAY00833,ORD00833,2025-07-22,Credit Card,Successful,609.28
PAY00834,ORD00834,2025-11-28,UPI,Successful,48540.58
PAY00835,ORD00835,2025-12-21,Net Banking,Successful,8908.08
PAY00836,ORD00836,2025-01-20,Credit Card,Successful,61284.01
PAY00837,ORD00837,2025-03-11,Cash on Delivery,Successful,25502.7
PAY00838,ORD00838,2025-10-20,Cash on Delivery,Successful,14899.31
PAY00839,ORD00839,2025-05-16,Net Banking,Successful,3130.01
PAY00840,ORD00840,2025-11-01,Net Banking,Successful,6693.59
PAY00841,ORD00841,2025-12-29,Credit Card,Pending,2819.83
PAY00842,ORD00842,2025-05-26,Debit Card,Successful,3458.77
PAY00843,ORD00843,2025-02-15,Cash on Delivery,Successful,7669.59
PAY00844,ORD00844,2025-11-18,Credit Card,Successful,57721.4
PAY00845,ORD00845,2025-01-23,UPI,Successful,5642.15
PAY00846,ORD00846,2025-02-26,Cash on Delivery,Failed,21092.85
PAY00847,ORD00847,2025-06-17,Credit Card,Successful,3663.67
PAY00848,ORD00848,2025-06-03,Cash on Delivery,Successful,4765.08
PAY00849,ORD00849,31/10/2025,Net Banking,Successful,192547.17
PAY00850,ORD00850,2025-10-17,Cash on Delivery,Successful,9591.54
PAY00851,ORD00851,2025-04-14,Cash on Delivery,Successful,4647.81
PAY00852,ORD00852,2025-05-01,Debit Card,Successful,13985.83
PAY00853,ORD00853,2025-02-14,Net Banking,Successful,4939.41
PAY00854,ORD00854,2025-04-21,Cash on Delivery,Successful,6751.89
PAY00855,ORD00855,2025-12-02,Credit Card,Successful,1544.3
PAY00856,ORD00856,2025-12-28,Debit Card,Successful,53745.56
PAY00857,ORD00857,2025-10-30,Debit Card,Successful,3348.18
PAY00858,ORD00858,2025-01-12,Net Banking,Successful,103666.91
PAY00859,ORD00859,2025-07-29,Net Banking,Successful,5983.81
PAY00860,ORD00860,2025-08-28,Debit Card,Successful,44233.46
PAY00861,ORD00861,2025-09-28,Debit Card,Successful,5809.34
PAY00862,ORD00862,2025-08-10,UPI,Successful,40626.69
PAY00863,ORD00863,2025-01-31,Net Banking,Successful,9249.79
PAY00864,ORD00864,2025-11-22,Net Banking,Refunded,125169.08
PAY00865,ORD00865,2025-12-15,Net Banking,Successful,6976.11
PAY00866,ORD00866,2025-11-04,Credit Card,Successful,1273.24
PAY00867,ORD00867,2025-07-24,UPI,Successful,5049.98
PAY00868,ORD00868,2025-10-19,Cash on Delivery,Successful,9085.71
PAY00869,ORD00869,2025-04-07,Debit Card,Successful,32720.14
PAY00870,ORD00870,2025-05-10,UPI,Successful,324226.51
PAY00871,ORD00871,2025-11-27,Credit Card,Successful,65871.97
PAY00872,ORD00872,2025-06-02,Debit Card,Failed,1777.05
PAY00873,ORD00873,2025-12-25,Credit Card,Refunded,17375.46
PAY00874,ORD00874,2025-05-08,Net Banking,Successful,59447.16
PAY00875,ORD00875,2025-09-14,Credit Card,Successful,27474.7
PAY00876,ORD00876,2025-06-21,Cash on Delivery,Failed,2737.46
PAY00877,ORD00877,2025-01-06,Net Banking,Successful,6709.93
PAY00878,ORD00878,2025-02-03,Net Banking,Pending,12880.92
PAY00879,ORD00879,2025-11-18,Cash on Delivery,Pending,14883.25
PAY00880,ORD00880,2025-11-25,Credit Card,Successful,4757.92
PAY00881,ORD00881,2025-01-16,Credit Card,Successful,504.6
PAY00882,ORD00882,2025-01-21,Cash on Delivery,Successful,25163.82
PAY00883,ORD00883,2025-08-21,Debit Card,Successful,3851.33
PAY00884,ORD00884,2025-10-03,Debit Card,Failed,100329.13
PAY00885,ORD00885,2025-08-14,,Successful,7096.7
PAY00886,ORD00886,2025-09-20,Cash on Delivery,Successful,12350.74
PAY00887,ORD00887,2025-04-27,UPI,Successful,27025.0
PAY00888,ORD00888,2025-06-29,Net Banking,Successful,2934.73
PAY00889,ORD00889,2025-08-10,Credit Card, Successful ,3866.63
PAY00890,ORD00890,2025-12-20,Net Banking,Failed,4641.43
PAY00891,ORD00891,2025-05-30,Credit Card,Successful,8334.51
PAY00892,ORD00892,2025-09-03,Cash on Delivery,Successful,58556.31
PAY00893,ORD00893,2025-01-30,Debit Card,Successful,5165.24
PAY00894,ORD00894,2025-04-07,Credit Card,Successful,8164.35
PAY00895,ORD00895,2025-10-11,Credit Card,Successful,46557.37
PAY00896,ORD00896,2025-12-06,Cash on Delivery,Successful,3566.94
PAY00897,ORD00897,2025-05-06,UPI,Refunded,7936.05
PAY00898,ORD00898,2025-08-08,Net Banking,Successful,183059.33
PAY00899,ORD00899,2025-06-16,UPI,Successful,113483.94
PAY00900,ORD00900,2025-05-17,Cash on Delivery,Successful,6323.56
PAY00901,ORD00901,2025-01-22,UPI,Failed,5954.01
PAY00902,ORD00902,2025-12-04,UPI,Successful,595.48
PAY00903,ORD00903,2025-10-28,Net Banking,Successful,11036.5
PAY00904,ORD00904,2025-04-13,Debit Card,Successful,12527.29
PAY00905,ORD00905,2025-08-25,Net Banking,Successful,14940.8
PAY00906,ORD00906,2025-08-12,Credit Card,Successful,2528.29
PAY00907,ORD00907,2025-03-21,Cash on Delivery,Successful,1950.3
PAY00908,ORD00908,2025-03-05,Debit Card,Pending,705.39
PAY00909,ORD00909,2025-03-23,Debit Card,Successful,1662.25
PAY00910,ORD00910,2025-03-08,Cash on Delivery,Successful,32681.2
PAY00911,ORD00911,2025-12-04,Credit Card,Successful,8357.04
PAY00912,ORD00912,2025-07-15,Cash on Delivery,Successful,5707.07
PAY00913,ORD00913,2025-01-11,Net Banking,Successful,2508.22
PAY00914,ORD00914,2025-05-06,Net Banking,Successful,66502.89
PAY00915,ORD00915,2025-06-30,UPI,Successful,3099.18
PAY00916,ORD00916,2025-05-06,UPI,Successful,28545.3
PAY00917,ORD00917,2025-11-02,UPI,Refunded,3474.76
PAY00918,ORD00918,2025-03-02,Credit Card,Successful,4665.55
PAY00919,ORD00919,31/01/2025,Credit Card,Successful,39493.22
PAY00920,ORD00920,2025-04-17,UPI,Successful,49320.45
PAY00921,ORD00921,2025-03-02,Net Banking,Successful,26420.57
PAY00922,ORD00922,2025-07-02,Credit Card,Successful,8426.91
PAY00923,ORD00923,2025-10-13,Net Banking,Successful,7037.54
PAY00924,ORD00924,2025-01-12,Credit Card,Successful,25823.59
PAY00925,ORD00925,2025-04-13,Debit Card,Successful,10353.47
PAY00926,ORD00926,2025-03-13,Cash on Delivery,Refunded,53953.09
PAY00927,ORD00927,2025-12-21,Debit Card,Successful,191036.55
PAY00928,ORD00928,2025-03-06,UPI,Successful,4310.54
PAY00929,ORD00929,2025-09-28,Net Banking,Successful,98049.5
PAY00930,ORD00930,2025-10-18,Net Banking,Successful,11154.33
PAY00931,ORD00931,2025-06-27,Net Banking,Successful,4975.71
PAY00932,ORD00932,2025-05-28,UPI,Refunded,53355.09
PAY00933,ORD00933,2025-04-22,UPI,SUCCESSFUL,8089.48
PAY00934,ORD00934,2025-08-16,Credit Card,Successful,89914.94
PAY00935,ORD00935,2025-11-04,Cash on Delivery,Successful,2186.01
PAY00936,ORD00936,2025-10-28,Cash on Delivery,Successful,1782.91
PAY00937,ORD00937,2025-05-19,UPI,Refunded,65749.59
PAY00938,ORD00938,2025-11-23,Cash on Delivery,Failed,1257.47
PAY00939,ORD00939,2025-05-02,Net Banking,Successful,58354.9
PAY00940,ORD00940,2025-07-11,Net Banking,Successful,3514.68
PAY00941,ORD00941,2025-03-22,Net Banking,Successful,6880.6
PAY00942,ORD00942,2025-12-14,Net Banking,Successful,10681.54
PAY00943,ORD00943,2025-03-12,Net Banking,Successful,24983.51
PAY00944,ORD00944,2025-03-09,Cash on Delivery,Successful,7304.2
PAY00945,ORD00945,2025-02-20,Credit Card,Successful,4600.59
PAY00946,ORD00946,2025-04-05,Cash on Delivery,Successful,1071.42
PAY00947,ORD00947,2025-11-28,Credit Card,Successful,56718.38
PAY00948,ORD00948,2025-09-28,Debit Card,Successful,82053.26
PAY00949,ORD00949,2025-06-22,Net Banking,Successful,151568.44
PAY00950,ORD00950,2025-01-22,UPI,Successful,75520.6
PAY00951,ORD00951,2025-09-20,UPI,Successful,5403.07
PAY00952,ORD00952,2025-08-05,Net Banking,Refunded,97121.33
PAY00953,ORD00953,2025-06-05,Cash on Delivery,Successful,11419.95
PAY00954,ORD00954,2025-08-21,UPI,Successful,39355.81
PAY00955,ORD00955,2025-12-12,Net Banking,Successful,58415.99
PAY00956,ORD00956,2025-12-29,Debit Card,Successful,30168.51
PAY00957,ORD00957,2025-09-20,Credit Card,Successful,122070.79
PAY00958,ORD00958,2025-10-27,Credit Card,Refunded,13030.15
PAY00959,ORD00959,2025-06-16,Credit Card,Refunded,1716.15
PAY00960,ORD00960,2025-09-19,Credit Card,Successful,7119.08
PAY00961,ORD00961,2025-12-02,Debit Card,Successful,1982.11
PAY00962,ORD00962,2025-07-28,Credit Card,Refunded,10060.17
PAY00963,ORD00963,2025-01-22,Cash on Delivery,Successful,25962.34
PAY00964,ORD00964,2025-01-14,Net Banking,Successful,5355.57
PAY00965,ORD00965,2025-11-01,Debit Card,Successful,23707.33
PAY00966,ORD00966,2025-06-30,UPI,Successful,16337.99
PAY00967,ORD00967,2025-07-08,UPI,Successful,3975.65
PAY00968,ORD00968,2025-09-19,Net Banking,Successful,2497.63
PAY00969,ORD00969,2025-09-17,Net Banking,Pending,6957.14
PAY00970,ORD00970,2025-12-06,Debit Card,Successful,5987.2
PAY00971,ORD00971,2025-08-13,Cash on Delivery,Pending,42306.08
PAY00972,ORD00972,2025-06-03,,Successful,211933.14
PAY00973,ORD00973,2025-11-18,UPI,Successful,22015.8
PAY00974,ORD00974,2025-05-20,Credit Card,Successful,7381.03
PAY00975,ORD00975,2025-04-03,Credit Card,Successful,12805.32
PAY00976,ORD00976,2025-12-29,Debit Card,Successful,51988.69
PAY00977,ORD00977,2025-04-22,Credit Card,Successful,34038.33
PAY00978,ORD00978,2025-03-17,Net Banking,Successful,7895.15
PAY00979,ORD00979,2025-05-08,Net Banking,Successful,79640.99
PAY00980,ORD00980,2025-08-29,Net Banking,Successful,226888.19
PAY00981,ORD00981,2025-01-09,Credit Card,Successful,2983.85
PAY00982,ORD00982,2025-12-30,Credit Card,Successful,5477.21
PAY00983,ORD00983,2025-07-06,Credit Card,Failed,13377.17
PAY00984,ORD00984,2025-10-08,Cash on Delivery,Successful,5483.45
PAY00985,ORD00985,2025-12-19,Credit Card,Refunded,56472.16
PAY00986,ORD00986,2025-08-25,Net Banking,Successful,13182.76
PAY00987,ORD00987,2025-08-12,Cash on Delivery,Successful,28921.94
PAY00988,ORD00988,2025-04-12,Credit Card,Failed,83466.85
PAY00989,ORD00989,2025-06-24,UPI,Successful,1584.82
PAY00990,ORD00990,2025-03-02,Debit Card,Successful,4611.0
PAY00991,ORD00991,2025-07-06,UPI,Successful,199187.98
PAY00992,ORD00992,2025-06-25,Cash on Delivery,Successful,66823.35
PAY00993,ORD00993,2025-08-19,Cash on Delivery,Successful,5051.27
PAY00994,ORD00994,2025-05-15,Net Banking,Successful,7776.97
PAY00995,ORD00995,2025-07-12,Debit Card,Successful,9490.67
PAY00996,ORD00996,2025-03-21,UPI,Successful,2224.66
PAY00997,ORD00997,2025-09-09,Credit Card,Successful,151276.62
PAY00998,ORD00998,2025-07-23,upi,Successful,2478.56
PAY00999,ORD00999,2025-02-02,Debit Card,Successful,145332.0
PAY01000,ORD01000,2025-02-27,Cash on Delivery,Failed,3517.24
PAY01001,ORD01001,2025-05-22,UPI,Successful,3261.33
PAY01002,ORD01002,2025-11-23,Cash on Delivery,Successful,2746.24
PAY01003,ORD01003,2025-06-23,UPI,Successful,122188.35
PAY01004,ORD01004,2025-06-22,UPI,Successful,10649.12
PAY01005,ORD01005,2025-05-29,,Successful,78861.75
PAY01006,ORD01006,2025-11-15,Net Banking,Successful,8492.82
PAY01007,ORD01007,2025-08-11,Net Banking,Successful,14998.35
PAY01008,ORD01008,2025-08-06,Net Banking,Successful,2174.05
PAY01009,ORD01009,2025-04-15,Debit Card,Successful,2681.31
PAY01010,ORD01010,2025-12-25,Cash on Delivery,Pending,4274.84
PAY01011,ORD01011,2025-08-01,Debit Card,Successful,1578.86
PAY01012,ORD01012,2025-10-14,Debit Card,Successful,7923.28
PAY01013,ORD01013,2025-01-04,UPI,Successful,13220.08
PAY01014,ORD01014,2025-02-16,Cash on Delivery,Successful,6682.59
PAY01015,ORD01015,2025-08-02,Debit Card,Successful,9805.37
PAY01016,ORD01016,2025-05-31,Net Banking,Successful,12104.25
PAY01017,ORD01017,2025-08-31,Cash on Delivery,Successful,3642.49
PAY01018,ORD01018,2025-06-18,Debit Card,Failed,7566.05
PAY01019,ORD01019,2025-10-14,Debit Card,Successful,6094.05
PAY01020,ORD01020,2025-02-17,UPI,Successful,2563.52
PAY01021,ORD01021,2025-08-22,Net Banking,Successful,35347.25
PAY01022,ORD01022,2025-04-25,Credit Card,Successful,62659.54
PAY01023,ORD01023,2025-07-16,Credit Card,Successful,5666.75
PAY01024,ORD01024,2025-02-05,Cash on Delivery,Failed,56636.66
PAY01025,ORD01025,2025-01-19,Credit Card,Successful,6915.22
PAY01026,ORD01026,2025-09-23,Net Banking,Successful,3360.0
PAY01027,ORD01027,2025-06-29,Debit Card,Failed,72280.18
PAY01028,ORD01028,2025-02-15,Debit Card,Successful,231965.64
PAY01029,ORD01029,2025-07-10,Net Banking,Successful,59907.15
PAY01030,ORD01030,2025-04-11,Cash on Delivery,Successful,4980.81
PAY01031,ORD01031,2025-02-17,Net Banking,Successful,123098.2
PAY01032,ORD01032,2025-04-15,Net Banking,Successful,7120.56
PAY01033,ORD01033,2025-03-24,UPI,Successful,28226.77
PAY01034,ORD01034,2025-01-25,Net Banking,Successful,2161.85
PAY01035,ORD01035,2025-12-18,Net Banking,Failed,3327.98
PAY01036,ORD01036,2025-12-29,Net Banking,Successful,4318.29
PAY01037,ORD01037,2025-08-10,Cash on Delivery,Successful,3373.16
PAY01038,ORD01038,2025-10-28,UPI,Successful,3746.36
PAY01039,ORD01039,2025-01-02,Debit Card,Failed,23281.66
PAY01040,ORD01040,2025-10-06,Cash on Delivery,Successful,5316.99
PAY01041,ORD01041,2025-09-23,UPI,Successful,336007.1
PAY01042,ORD01042,2025-10-14,Credit Card,Successful,8485.78
PAY01043,ORD01043,2025-09-28,Cash on Delivery,Successful,13324.68
PAY01044,ORD01044,2025-08-19,Cash on Delivery,Successful,139241.96
PAY01045,ORD01045,2025-07-31,Cash on Delivery,Successful,18797.38
PAY01046,ORD01046,2025-08-10,Cash on Delivery,Successful,18909.79
PAY01047,ORD01047,2025-05-20,Debit Card,Successful,25879.38
PAY01048,ORD01048,2025-10-06,UPI,Successful,4970.06
PAY01049,ORD01049,2025-09-20,UPI,Refunded,340697.48
PAY01050,ORD01050,2025-04-06,Cash on Delivery,Successful,2187.89
PAY01051,ORD01051,2025-07-27,UPI,Successful,37198.39
PAY01052,ORD01052,2025-09-04,Debit Card,Successful,49568.06
PAY01053,ORD01053,2025-07-31,Debit Card,Failed,13205.87
PAY01054,ORD01054,2025-01-16,UPI,Successful,4331.12
PAY01055,ORD01055,2025-11-28,Cash on Delivery,Successful,151300.51
PAY01056,ORD01056,2025-12-17,Credit Card,Pending,1264.18
PAY01057,ORD01057,2025-09-11,Net Banking,Successful,148003.89
PAY01058,ORD01058,2025-07-28,UPI,Successful,9797.37
PAY01059,ORD01059,2025-11-01,Credit Card,Failed,2189.46
PAY01060,ORD01060,2025-09-23,Credit Card,Successful,4825.81
PAY01061,ORD01061,2025-08-31,Debit Card,Successful,25986.8
PAY01062,ORD01062,2025-05-20,Credit Card,Successful,2733.53
PAY01063,ORD01063,2025-03-28,Debit Card,Successful,19058.5
PAY01064,ORD01064,2025-09-27,Credit Card,Successful,33043.61
PAY01065,ORD01065,2025-06-06,Cash on Delivery,Successful,63292.48
PAY01066,ORD01066,2025-11-09,Cash on Delivery,Successful,10393.06
PAY01067,ORD01067,2025-11-12,Debit Card,Refunded,14292.47
PAY01068,ORD01068,2025-05-08,Cash on Delivery,Successful,1715.73
PAY01069,ORD01069,2025-06-19,Debit Card,Successful,33080.75
PAY01070,ORD01070,2025-06-09,Cash on Delivery,Failed,9071.18
PAY01071,ORD01071,2025-04-11,Net Banking,Successful,1135.85
PAY01072,ORD01072,2025-01-06,Net Banking,Successful,1730.39
PAY01073,ORD01073,2025-10-26,Credit Card,Pending,49034.92
PAY01074,ORD01074,2025-10-12,Net Banking,Successful,4317.17
PAY01075,ORD01075,2025-05-18,UPI,Pending,1191.42
PAY01076,ORD01076,2025-07-18,Debit Card,Successful,11331.85
PAY01077,ORD01077,2025-12-08,Net Banking,Successful,8123.36
PAY01078,ORD01078,2025-03-04,Net Banking,Failed,10195.59
PAY01079,ORD01079,2025-04-04,Cash on Delivery,Successful,63565.66
PAY01080,ORD01080,2025-03-16,Net Banking,Successful,67662.94
PAY01081,ORD01081,2025-05-17,Net Banking,Successful,8821.87
PAY01082,ORD01082,2025-09-09,Net Banking,Successful,94656.14
PAY01083,ORD01083,2025-01-27,Net Banking,Successful,38197.4
PAY01084,ORD01084,2025-04-17,Credit Card,Successful,7697.03
PAY01085,ORD01085,2025-12-28,Debit Card,Successful,8690.34
PAY01086,ORD01086,2025-01-28,Cash on Delivery,Successful,9052.52
PAY01087,ORD01087,2025-04-15,Debit Card,Successful,3247.18
PAY01088,ORD01088,2025-09-09,Cash on Delivery,Successful,2300.78
PAY01089,ORD01089,2025-06-17,Cash on Delivery,Successful,14824.0
PAY01090,ORD01090,2025-05-06,UPI,Successful,2412.63
PAY01091,ORD01091,2025-06-18,Cash on Delivery,Successful,18878.72
PAY01092,ORD01092,2025-07-17,Credit Card,Failed,70778.87
PAY01093,ORD01093,2025-12-12,Cash on Delivery,Pending,4985.59
PAY01094,ORD01094,2025-12-06,Debit Card,Successful,17148.76
PAY01095,ORD01095,2025-08-24,Debit Card,Successful,1185.92
PAY01096,ORD01096,2025-10-15,Cash on Delivery,Failed,134635.86
PAY01097,ORD01097,2025-01-28,Debit Card,Successful,2283.82
PAY01098,ORD01098,2025-02-04,Debit Card,Refunded,8973.47
PAY01099,ORD01099,2025-07-22,Debit Card,Successful,2827.6
PAY01100,ORD01100,2025-11-30,Credit Card,Successful,28735.6
PAY01101,ORD01101,2025-11-24,Debit Card,Successful,1907.52
PAY01102,ORD01102,2025-05-16,UPI,Successful,51078.45
PAY01103,ORD01103,2025-04-25,Credit Card,Successful,216778.48
PAY01104,ORD01104,2025-01-19,Cash on Delivery,Successful,102580.88
PAY01105,ORD01105,2025-02-24,Cash on Delivery,Successful,135031.49
PAY01106,ORD01106,2025-07-01,UPI,Successful,5819.31
PAY01107,ORD01107,2025-05-10,Cash on Delivery,Successful,6379.88
PAY01108,ORD01108,2025-02-01,Net Banking,Successful,91865.21
PAY01109,ORD01109,2025-02-14,Debit Card,Failed,4368.02
PAY01110,ORD01110,2025-08-09,Cash on Delivery,Successful,35457.79
PAY01111,ORD01111,2025-08-22,UPI,Refunded,107731.62
PAY01112,ORD01112,2025-07-08,UPI,Successful,2426.26
PAY01113,ORD01113,2025-05-08,Net Banking,Successful,3965.17
PAY01114,ORD01114,2025-11-20,Debit Card,Successful,28957.5
PAY01115,ORD01115,2025-10-20,Credit Card,Successful,122786.24
PAY01116,ORD01116,2025-12-10,Cash on Delivery,refunded,7173.49
PAY01117,ORD01117,2025-06-24,UPI,Successful,72792.42
PAY01118,ORD01118,2025-11-18,Credit Card,Successful,27975.65
PAY01119,ORD01119,2025-04-25,UPI,Successful,2755.14
PAY01120,ORD01120,2025-06-13,Debit Card,Successful,9463.81
PAY01121,ORD01121,2025-02-14,UPI,Successful,53294.9
PAY01122,ORD01122,2025-04-07,Net Banking,Successful,24654.05
PAY01123,ORD01123,2025-12-30,Cash on Delivery,Successful,6925.2
PAY01124,ORD01124,01/09/2025,Debit Card,Successful,76644.23
PAY01125,ORD01125,2025-12-30,Credit Card,Successful,136556.37
PAY01126,ORD01126,2025-09-08,Cash on Delivery,Failed,7552.1
PAY01127,ORD01127,2025-12-21,UPI,Refunded,1524.94
PAY01128,ORD01128,2025-05-23,Credit Card,Successful,59353.32
PAY01129,ORD01129,2025-04-15,Cash on Delivery,Successful,58636.72
PAY01130,ORD01130,2025-01-01,Debit Card,Successful,8113.04
PAY01131,ORD01131,2025-09-16,Net Banking,Successful,11071.99
PAY01132,ORD01132,2025-09-09,Debit Card,Successful,3086.83
PAY01133,ORD01133,2025-07-06,Credit Card,Successful,1767.62
PAY01134,ORD01134,2025-11-05,Debit Card,Successful,1995.35
PAY01135,ORD01135,2025-05-17,UPI,Successful,109955.63
PAY01136,ORD01136,2025-12-02,Cash on Delivery,Pending,2070.97
PAY01137,ORD01137,2025-10-25,Credit Card,Pending,10174.08
PAY01138,ORD01138,2025-07-05,UPI,Successful,133922.91
PAY01139,ORD01139,2025-01-11,Credit Card,Successful,4958.22
PAY01140,ORD01140,2025-08-31,Cash on Delivery,Successful,21466.91
PAY01141,ORD01141,2025-06-29,Net Banking,Successful,125499.57
PAY01142,ORD01142,2025-02-18,Cash on Delivery,Successful,3039.47
PAY01143,ORD01143,2025-04-21,Credit Card,Successful,29261.78
PAY01144,ORD01144,2025-04-10,Debit Card,Successful,16941.86
PAY01145,ORD01145,2025-01-04,Cash on Delivery,Successful,6234.84
PAY01146,ORD01146,2025-09-03,UPI,Refunded,8623.93
PAY01147,ORD01147,2025-03-05,Cash on Delivery,Successful,5563.48
PAY01148,ORD01148,2025-08-08,UPI,Successful,301643.57
PAY01149,ORD01149,2025-11-01,Cash on Delivery,Successful,22654.47
PAY01150,ORD01150,2025-03-13,Debit Card,Successful,22195.01
PAY01151,ORD01151,2025-10-09,Credit Card,Successful,8260.45
PAY01152,ORD01152,2025-05-28,Cash on Delivery,Successful,172509.4
PAY01153,ORD01153,2025-08-24,Debit Card,Successful,132459.27
PAY01154,ORD01154,2025-08-17,Cash on Delivery,Successful,5242.35
PAY01155,ORD01155,2025-01-23,Debit Card,Successful,5388.42
PAY01156,ORD01156,2025-02-12,Debit Card,Successful,11408.04
PAY01157,ORD01157,2025-08-16,Credit Card,Successful,17179.92
PAY01158,ORD01158,2025-02-14,Debit Card,Successful,36446.94
PAY01159,ORD01159,2025-08-06,Credit Card,Successful,60909.97
PAY01160,ORD01160,2025-07-23,UPI,Successful,20424.46
PAY01161,ORD01161,2025-04-24,Net Banking,Successful,26095.21
PAY01162,ORD01162,2025-02-14,Cash on Delivery,Successful,5631.91
PAY01163,ORD01163,2025-06-23,Credit Card,Successful,24624.32
PAY01164,ORD01164,2025-08-03,Credit Card,Successful,3640.85
PAY01165,ORD01165,2025-05-09,Debit Card,Successful,64555.66
PAY01166,ORD01166,19/06/2025,Net Banking,Successful,13022.76
PAY01167,ORD01167,2025-08-04,UPI,Successful,26877.78
PAY01168,ORD01168,2025-01-28,Net Banking,Failed,2523.56
PAY01169,ORD01169,2025-07-27,UPI,Successful,53992.48
PAY01170,ORD01170,2025-01-30,Credit Card,Successful,4002.93
PAY01171,ORD01171,2025-06-10,Credit Card,Successful,11218.47
PAY01172,ORD01172,2025-01-04,Cash on Delivery,Successful,1920.51
PAY01173,ORD01173,2025-10-09,Debit Card,Successful,9819.02
PAY01174,ORD01174,2025-08-07,Net Banking,Successful,55809.62
PAY01175,ORD01175,2025-06-13,UPI,Successful,65261.56
PAY01176,ORD01176,2025-02-06,Cash on Delivery,Successful,3219.69
PAY01177,ORD01177,2025-12-24,Credit Card,Successful,5906.46
PAY01178,ORD01178,2025-07-16,Credit Card,Successful,11972.37
PAY01179,ORD01179,2025-04-14,UPI,Successful,7568.91
PAY01180,ORD01180,2025-07-06,Credit Card,Successful,11374.77
PAY01181,ORD01181,2025-04-28,Net Banking,Pending,4484.02
PAY01182,ORD01182,2025-01-09,UPI,Successful,19821.92
PAY01183,ORD01183,2025-05-20,Credit Card,Successful,3764.9
PAY01184,ORD01184,2025-10-26,Debit Card,Refunded,131794.38
PAY01185,ORD01185,2025-02-11,Debit Card,Successful,6390.92
PAY01186,ORD01186,2025-08-31,UPI,Successful,12528.01
PAY01187,ORD01187,2025-10-25,Cash on Delivery,Successful,224135.96
PAY01188,ORD01188,2025-03-16,UPI,Successful,2646.01
PAY01189,ORD01189,2025-04-27,UPI,Successful,3874.84
PAY01190,ORD01190,2025-05-19,Debit Card,Successful,1015.13
PAY01191,ORD01191,2025-12-16,UPI,Successful,5369.14
PAY01192,ORD01192,2025-09-28,UPI,Successful,8985.66
PAY01193,ORD01193,2025-02-26,UPI,Successful,5143.45
PAY01194,ORD01194,2025-03-15,UPI,Refunded,144333.07
PAY01195,ORD01195,2025-06-05,Credit Card,Successful,9650.14
PAY01196,ORD01196,2025-06-15,Net Banking,Refunded,7421.32
PAY01197,ORD01197,2025-10-06,Net Banking,Successful,24877.95
PAY01198,ORD01198,2025-06-11,Credit Card,Successful,7174.28
PAY01199,ORD01199,2025-11-07,Cash on Delivery,Successful,5304.68
PAY01200,ORD01200,2025-05-26,Debit Card,Successful,10197.21
PAY01201,ORD01201,2025-05-07,Cash on Delivery,Successful,5712.91
PAY01202,ORD01202,2025-04-14,Credit Card,Pending,115015.07
PAY01203,ORD01203,2025-01-04,Cash on Delivery,Successful,7979.69
PAY01204,ORD01204,2025-12-29,UPI,Pending,6831.76
PAY01205,ORD01205,2025-12-25,UPI,Successful,5105.34
PAY01206,ORD01206,2025-08-27,Net Banking,Refunded,2780.9
PAY01207,ORD01207,2025-01-02,Net Banking,Successful,32790.91
PAY01208,ORD01208,2025-05-25,Cash on Delivery,Successful,3469.82
PAY01209,ORD01209,2025-05-15,Credit Card,Successful,2806.46
PAY01210,ORD01210,2025-08-18,Debit Card,Successful,218396.21
PAY01211,ORD01211,2025-02-19,Net Banking,Successful,64049.29
PAY01212,ORD01212,2025-05-19,UPI,Successful,22710.71
PAY01213,ORD01213,2025-02-26,Net Banking,Successful,953.93
PAY01214,ORD01214,2025-12-27,Credit Card,Refunded,3757.91
PAY01215,ORD01215,2025-10-10,UPI,Failed,4192.6
PAY01216,ORD01216,2025-04-19,UPI,Successful,9184.28
PAY01217,ORD01217,2025-08-29,Credit Card,Successful,25895.75
PAY01218,ORD01218,2025-11-25,Net Banking,Successful,120490.61
PAY01219,ORD01219,2025-07-14,Net Banking,Successful,25512.64
PAY01220,ORD01220,2025-08-21,UPI,Successful,2963.28
PAY01221,ORD01221,2025-08-16,Credit Card,Successful,120600.26
PAY01222,ORD01222,2025-07-01,Cash on Delivery,Successful,11870.56
PAY01223,ORD01223,2025-09-10,Credit Card,Refunded,8422.27
PAY01224,ORD01224,2025-12-19,UPI,Successful,10528.96
PAY01225,ORD01225,2025-05-03,UPI,Successful,147359.47
PAY01226,ORD01226,2025-01-30,Credit Card,Failed,13720.79
PAY01227,ORD01227,2025-07-05,UPI,Successful,79504.37
PAY01228,ORD01228,2025-07-13,Net Banking,Successful,1704.28
PAY01229,ORD01229,2025-04-07,Net Banking,Successful,6875.16
PAY01230,ORD01230,2025-09-07,UPI,Successful,13311.98
PAY01231,ORD01231,2025-07-12,Credit Card,Successful,11785.88
PAY01232,ORD01232,2025-01-15,Credit Card,Successful,1772.41
PAY01233,ORD01233,2025-05-12,Cash on Delivery,SUCCESSFUL,1470.72
PAY01234,ORD01234,23/01/2025,UPI,Successful,10376.94
PAY01235,ORD01235,2025-12-27,credit card,Refunded,23946.2
PAY01236,ORD01236,2025-07-01,Net Banking,Successful,2592.38
PAY01237,ORD01237,2025-10-20,Cash on Delivery,Successful,7941.0
PAY01238,ORD01238,2025-08-28,Credit Card,Successful,124590.13
PAY01239,ORD01239,2025-07-15,Cash on Delivery,Successful,192136.62
PAY01240,ORD01240,2025-10-23,Credit Card,Successful,8779.86
PAY01241,ORD01241,2025-04-03,Credit Card,Successful,72746.95
PAY01242,ORD01242,2025-10-03,Credit Card,Failed,9913.01
PAY01243,ORD01243,2025-08-06,Cash on Delivery,Successful,115542.23
PAY01244,ORD01244,2025-08-19,Credit Card,Successful,161291.06
PAY01245,ORD01245,2025-12-05,Cash on Delivery,Successful,112572.34
PAY01246,ORD01246,2025-01-14,Net Banking,Pending,4114.37
PAY01247,ORD01247,2025-11-20,Net Banking,Failed,53536.09
PAY01248,ORD01248,2025-02-03,Cash on Delivery,Successful,2525.85
PAY01249,ORD01249,2025-08-12,Debit Card,Successful,30332.19
PAY01250,ORD01250,2025-03-02,Cash on Delivery,Successful,29454.41
PAY01251,ORD01251,2025-04-23,Debit Card,Successful,1040.37
PAY01252,ORD01252,2025-10-28,Debit Card,Failed,5816.33
PAY01253,ORD01253,2025-10-29,Credit Card,Successful,127290.14
PAY01254,ORD01254,2025-01-02,Cash on Delivery,Successful,35919.33
PAY01255,ORD01255,2025-12-01,Debit Card,Successful,4847.25
PAY01256,ORD01256,2025-01-26,Credit Card,Successful,5632.49
PAY01257,ORD01257,2025-09-13,Debit Card,Failed,93854.14
PAY01258,ORD01258,2025-12-08,Cash on Delivery,Successful,2641.03
PAY01259,ORD01259,2025-01-13,Credit Card,Successful,8931.14
PAY01260,ORD01260,2025-08-25,Cash on Delivery,Successful,3014.29
PAY01261,ORD01261,2025-09-11,Net Banking,Successful,5707.5
PAY01262,ORD01262,2025-05-23,Net Banking,Failed,39983.34
PAY01263,ORD01263,2025-08-26,Credit Card,Successful,1057.61
PAY01264,ORD01264,2025-09-17,UPI,Successful,9942.66
PAY01265,ORD01265,2025-02-23,Debit Card,Successful,999.75
PAY01266,ORD01266,2025-08-07,Cash on Delivery,Failed,3114.06
PAY01267,ORD01267,2025-07-25,Credit Card,Successful,15324.28
PAY01268,ORD01268,2025-01-15,UPI,Successful,136655.87
PAY01269,ORD01269,2025-04-14,UPI,Successful,3832.77
PAY01270,ORD01270,2025-11-01,Debit Card,Successful,16070.36
PAY01271,ORD01271,2025-12-23,UPI,Successful,29979.95
PAY01272,ORD01272,2025-10-31,Credit Card,Successful,66308.15
PAY01273,ORD01273,2025-01-19,Net Banking,Successful,112886.85
PAY01274,ORD01274,2025-04-15,Net Banking,Successful,1448.19
PAY01275,ORD01275,2025-05-03,Net Banking,Refunded,40819.08
PAY01276,ORD01276,2025-12-06,Debit Card,Successful,4873.31
PAY01277,ORD01277,2025-09-29,Credit Card,Failed,4765.16
PAY01278,ORD01278,2025-03-31,Cash on Delivery,Successful,57243.94
PAY01279,ORD01279,2025-01-25,UPI,Successful,5886.53
PAY01280,ORD01280,2025-02-24,Debit Card,Successful,110039.24
PAY01281,ORD01281,2025-05-17,Credit Card,Refunded,13264.23
PAY01282,ORD01282,2025-08-02,UPI,Successful,510.07
PAY01283,ORD01283,2025-04-07,Credit Card,Successful,2942.37
PAY01284,ORD01284,2025-03-03,Cash on Delivery,Successful,3089.9
PAY01285,ORD01285,2025-02-27,Net Banking,Successful,5772.87
PAY01286,ORD01286,2025-05-15,Net Banking,Successful,26304.55
PAY01287,ORD01287,2025-05-25,Cash on Delivery,Successful,31966.99
PAY01288,ORD01288,2025-11-07,Debit Card,Successful,4230.69
PAY01289,ORD01289,2025-11-11,Debit Card,Successful,23455.38
PAY01290,ORD01290,2025-12-02,Cash on Delivery,Successful,2360.85
PAY01291,ORD01291,2025-04-21,Net Banking,Successful,12914.07
PAY01292,ORD01292,2025-07-10,Credit Card,Successful,1150.81
PAY01293,ORD01293,2025-10-24,Credit Card,Successful,3121.53
PAY01294,ORD01294,2025-03-05,Cash on Delivery,Successful,5457.75
PAY01295,ORD01295,2025-03-16,Debit Card,Pending,4854.76
PAY01296,ORD01296,2025-02-11,Cash on Delivery,Successful,12665.75
PAY01297,ORD01297,2025-02-01,Net Banking,Refunded,4540.37
PAY01298,ORD01298,2025-05-11,Cash on Delivery,Successful,7084.15
PAY01299,ORD01299,2025-03-05,Net Banking,Successful,2898.67
PAY01300,ORD01300,2025-09-09,Credit Card,Successful,7316.37
PAY01301,ORD01301,2025-02-15,Cash on Delivery,Successful,7795.77
PAY01302,ORD01302,2025-10-27,Net Banking,Successful,88331.27
PAY01303,ORD01303,2025-04-18,UPI,Successful,6561.06
PAY01304,ORD01304,2025-12-14,Credit Card,Successful,6010.15
PAY01305,ORD01305,2025-11-18,Debit Card,Successful,3095.4
PAY01306,ORD01306,2025-10-12,UPI,Successful,122607.63
PAY01307,ORD01307,2025-04-21,Credit Card,Successful,150493.55
PAY01308,ORD01308,2025-11-25,UPI,Successful,8350.22
PAY01309,ORD01309,2025-03-09,Debit Card,Successful,111695.89
PAY01310,ORD01310,2025-07-11,UPI,Successful,17006.93
PAY01311,ORD01311,2025-06-18,Cash on Delivery,Successful,6533.91
PAY01312,ORD01312,2025-08-05,Cash on Delivery,Failed,16380.24
PAY01313,ORD01313,2025-01-28,Credit Card,Successful,6725.78
PAY01314,ORD01314,2025-12-12,Credit Card,Successful,10081.12
PAY01315,ORD01315,2025-09-09,Credit Card,Successful,25552.78
PAY01316,ORD01316,2025-09-16,Debit Card,Successful,127127.28
PAY01317,ORD01317,2025-04-06,Net Banking,Successful,3814.96
PAY01318,ORD01318,2025-07-26,UPI,Successful,10995.47
PAY01319,ORD01319,2025-04-11,Debit Card,Successful,3229.01
PAY01320,ORD01320,2025-03-04,UPI,Successful,2590.08
PAY01321,ORD01321,2025-10-20,Debit Card,Successful,11737.79
PAY01322,ORD01322,2025-03-12,Cash on Delivery,Successful,14457.44
PAY01323,ORD01323,2025-02-12,Debit Card,Successful,68426.44
PAY01324,ORD01324,2025-09-19,Debit Card,Successful,4331.17
PAY01325,ORD01325,2025-01-05,Credit Card,Successful,4795.37
PAY01326,ORD01326,2025-11-30,Debit Card,Successful,1669.4
PAY01327,ORD01327,2025-07-11,Credit Card,Pending,2949.0
PAY01328,ORD01328,2025-06-11,Net Banking,Successful,8736.81
PAY01329,ORD01329,2025-12-21,Net Banking,Failed,46152.23
PAY01330,ORD01330,2025-09-05,UPI,Successful,172254.81
PAY01331,ORD01331,2025-02-10,Debit Card,Successful,2964.31
PAY01332,ORD01332,2025-04-15,Cash on Delivery,Successful,57522.98
PAY01333,ORD01333,2025-12-09,Credit Card,Successful,25323.66
PAY01334,ORD01334,2025-06-04,Debit Card,Failed,185805.32
PAY01335,ORD01335,2025-04-16,Credit Card,Successful,75117.51
PAY01336,ORD01336,2025-09-15,Credit Card,Refunded,6301.75
PAY01337,ORD01337,2025-02-05,Credit Card,Failed,1475.7
PAY01338,ORD01338,2025-09-11,Debit Card,Successful,1942.05
PAY01339,ORD01339,2025-10-28,Credit Card,Successful,3716.83
PAY01340,ORD01340,2025-03-22,Cash on Delivery,Successful,1561.6
PAY01341,ORD01341,2025-09-21,Cash on Delivery,Successful,26943.14
PAY01342,ORD01342,2025-07-14,Cash on Delivery,Successful,131801.84
PAY01343,ORD01343,2025-08-19,Cash on Delivery,Failed,234079.53
PAY01344,ORD01344,2025-08-02,Net Banking,Successful,6995.52
PAY01345,ORD01345,2025-04-11,Debit Card,Successful,4021.16
PAY01346,ORD01346,2025-02-21,Credit Card,Successful,33472.6
PAY01347,ORD01347,2025-07-13,Net Banking,Successful,37854.79
PAY01348,ORD01348,2025-09-24,UPI,Successful,219070.92
PAY01349,ORD01349,2025-06-16,Credit Card,Successful,8278.48
PAY01350,ORD01350,21-10-2025,Debit Card,Pending,3634.37
PAY01351,ORD01351,2025-04-27,UPI,Successful,27757.63
PAY01352,ORD01352,2025-11-26,UPI,Successful,18861.93
PAY01353,ORD01353,2025-02-24,UPI,Successful,4535.52
PAY01354,ORD01354,2025-01-09,Credit Card,Successful,4089.97
PAY01355,ORD01355,2025-09-07,UPI,Pending,250861.0
PAY01356,ORD01356,2025-08-31,Debit Card,Successful,3434.02
PAY01357,ORD01357,2025-06-28,Credit Card,Successful,6836.4
PAY01358,ORD01358,2025-03-18,UPI,Successful,5242.42
PAY01359,ORD01359,2025-02-24,Net Banking,Successful,8309.67
PAY01360,ORD01360,2025-09-16,Cash on Delivery,Successful,11279.49
PAY01361,ORD01361,2025-11-09,UPI,Successful,65847.42
PAY01362,ORD01362,2025-04-20,Debit Card,Successful,68.61
PAY01363,ORD01363,2025-05-06,UPI,Successful,4063.87
PAY01364,ORD01364,2025-06-14,UPI,Successful,12955.21
PAY01365,ORD01365,2025-06-07,UPI,Successful,6685.42
PAY01366,ORD01366,2025-02-21,Credit Card,Successful,3184.26
PAY01367,ORD01367,2025-09-13,Net Banking,Successful,8863.64
PAY01368,ORD01368,2025-06-03,Net Banking,Successful,65971.11
PAY01369,ORD01369,2025-07-22,Debit Card,Successful,837.04
PAY01370,ORD01370,2025-07-30,Debit Card,Successful,1511.73
PAY01371,ORD01371,2025-07-16,Cash on Delivery,Successful,5223.06
PAY01372,ORD01372,2025-06-21,Debit Card,Successful,27052.85
PAY01373,ORD01373,2025-08-02,Net Banking,Successful,17428.33
PAY01374,ORD01374,2025-04-02,Credit Card,Successful,7250.53
PAY01375,ORD01375,2025-06-24,Credit Card,Refunded,68804.21
PAY01376,ORD01376,2025-07-19,Net Banking,Successful,13851.45
PAY01377,ORD01377,2025-03-15,Debit Card,Failed,1161.59
PAY01378,ORD01378,2025-10-19,UPI,Successful,113271.54
PAY01379,ORD01379,2025-09-08,UPI,Successful,2086.3
PAY01380,ORD01380,2025-05-07,UPI,Failed,5219.09
PAY01381,ORD01381,2025-04-28,Cash on Delivery,Successful,66810.42
PAY01382,ORD01382,2025-07-16,credit card,Successful,4037.35
PAY01383,ORD01383,2025-05-13,Net Banking,Successful,193834.89
PAY01384,ORD01384,2025-12-05,Cash on Delivery,Successful,5554.6
PAY01385,ORD01385,2025-01-26,UPI,Successful,57617.29
PAY01386,ORD01386,2025-09-27,Debit Card,Successful,1922.74
PAY01387,ORD01387,2025-08-15,Credit Card,Successful,50560.67
PAY01388,ORD01388,2025-02-25,Net Banking,Successful,26151.7
PAY01389,ORD01389,2025-06-22,Cash on Delivery,Successful,59754.73
PAY01390,ORD01390,2025-05-13,cash on delivery,Successful,65357.85
PAY01391,ORD01391,2025-04-01,Net Banking,Successful,190245.02
PAY01392,ORD01392,2025-03-26,UPI,Successful,54467.57
PAY01393,ORD01393,2025-09-07,Cash on Delivery,Successful,14574.12
PAY01394,ORD01394,2025-02-04,Cash on Delivery,Successful,4441.88
PAY01395,ORD01395,2025-01-22,Cash on Delivery,Successful,47420.88
PAY01396,ORD01396,2025-08-12,Net Banking,Successful,11370.96
PAY01397,ORD01397,2025-09-28,Cash on Delivery,Refunded,22516.2
PAY01398,ORD01398,2025-05-19,Cash on Delivery,Successful,15793.02
PAY01399,ORD01399,2025-04-22,UPI,Failed,1159.82
PAY01400,ORD01400,2025-08-11,Debit Card,Successful,1890.07
PAY01401,ORD01401,2025-01-07,Debit Card,Successful,58835.23
PAY01402,ORD01402,2025-06-24,Credit Card,Successful,30238.06
PAY01403,ORD01403,2025-06-18,Net Banking,Successful,4209.7
PAY01404,ORD01404,2025-10-10,Net Banking,Successful,1184.75
PAY01405,ORD01405,2025-11-28,UPI,Successful,9676.29
PAY01406,ORD01406,2025-12-08,Net Banking,Successful,60480.49
PAY01407,ORD01407,2025-10-08,Net Banking,Successful,2467.06
PAY01408,ORD01408,2025-01-31,UPI,Refunded,65262.25
PAY01409,ORD01409,2025-04-01,Credit Card,Refunded,11848.61
PAY01410,ORD01410,2025-10-31,Debit Card,Successful,5457.21
PAY01411,ORD01411,2025-02-13,UPI,Successful,8241.5
PAY01412,ORD01412,2025-11-26,Cash on Delivery,Failed,25802.89
PAY01413,ORD01413,2025-11-30,Net Banking,Successful,4563.65
PAY01414,ORD01414,2025-10-20,Credit Card,Successful,25063.97
PAY01415,ORD01415,2025-05-19,Debit Card,Successful,1991.26
PAY01416,ORD01416,2025-05-29,Debit Card,Successful,3260.14
PAY01417,ORD01417,2025-01-04,Cash on Delivery,Successful,4551.92
PAY01418,ORD01418,2025-04-21,UPI,Successful,70781.86
PAY01419,ORD01419,2025-12-22,Credit Card,Refunded,14571.15
PAY01420,ORD01420,2025-10-23,Net Banking,Successful,34892.15
PAY01421,ORD01421,2025-10-25,Cash on Delivery,Successful,1701.39
PAY01422,ORD01422,2025-03-28,Net Banking,Successful,26522.44
PAY01423,ORD01423,2025-03-20,Cash on Delivery,Successful,5758.65
PAY01424,ORD01424,2025-03-25,Net Banking,Refunded,10068.44
PAY01425,ORD01425,2025-02-25,Credit Card,Successful,9946.82
PAY01426,ORD01426,2025-01-22,Cash on Delivery,Successful,27094.28
PAY01427,ORD01427,2025-11-14,Credit Card,Successful,9480.07
PAY01428,ORD01428,2025-12-26,UPI,Successful,8055.13
PAY01429,ORD01429,2025-11-13,Cash on Delivery,Successful,9546.57
PAY01430,ORD01430,2025-09-24,Net Banking,Successful,18338.94
PAY01431,ORD01431,2025-07-06,Cash on Delivery,Successful,1520.87
PAY01432,ORD01432,2025-10-06,UPI,Successful,110131.42
PAY01433,ORD01433,2025-03-17,Net Banking,Successful,128036.08
PAY01434,ORD01434,2025-11-04,UPI,Successful,208856.83
PAY01435,ORD01435,2025-12-05,Credit Card,Successful,2443.93
PAY01436,ORD01436,2025-12-09,Net Banking,Successful,35444.18
PAY01437,ORD01437,2025-02-22,Debit Card,Successful,57865.92
PAY01438,ORD01438,2025-05-20,Cash on Delivery,Failed,27998.28
PAY01439,ORD01439,2025-03-05,Net Banking,Successful,625.54
PAY01440,ORD01440,2025-03-18,Debit Card,Refunded,26828.93
PAY01441,ORD01441,2025-10-14,Cash on Delivery,Failed,60830.65
PAY01442,ORD01442,2025-02-18,Debit Card,Successful,1802.8
PAY01443,ORD01443,2025-02-01,Cash on Delivery,Successful,17657.54
PAY01444,ORD01444,2025-03-12,Cash on Delivery,Successful,7232.06
PAY01445,ORD01445,2025-07-03,Net Banking,Successful,163080.66
PAY01446,ORD01446,2025-03-29,Net Banking,Successful,3109.87
PAY01447,ORD01447,2025-04-04,Debit Card,Successful,27451.88
PAY01448,ORD01448,2025-01-07,Credit Card,Refunded,5135.04
PAY01449,ORD01449,2025-03-17,UPI,Refunded,11474.95
PAY01450,ORD01450,2025-07-22,Cash on Delivery,Successful,58100.36
PAY01451,ORD01451,2025-09-02,Net Banking,Successful,16481.37
PAY01452,ORD01452,2025-03-22,UPI,Successful,14313.63
PAY01453,ORD01453,2025-06-10,Credit Card,Successful,6490.31
PAY01454,ORD01454,2025-03-23,Credit Card,Successful,34437.28
PAY01455,ORD01455,2025-08-06,Cash on Delivery,Successful,6511.92
PAY01456,ORD01456,2025-08-18,UPI,Successful,157775.65
PAY01457,ORD01457,2025-01-16,Net Banking,Successful,34969.26
PAY01458,ORD01458,2025-11-13,UPI,Refunded,7779.54
PAY01459,ORD01459,2025-11-30,Cash on Delivery,Successful,72095.35
PAY01460,ORD01460,2025-10-02,Net Banking,Successful,4174.05
PAY01461,ORD01461,2025-12-29,Credit Card,Successful,53098.53
PAY01462,ORD01462,2025-06-04,,Successful,4506.58
PAY01463,ORD01463,2025-12-25,UPI,Successful,3467.63
PAY01464,ORD01464,2025-03-10,Debit Card,Successful,72242.67
PAY01465,ORD01465,2025-08-18,Credit Card,Failed,5077.49
PAY01466,ORD01466,2025-04-02,Debit Card,Successful,18233.36
PAY01467,ORD01467,2025-01-11,Debit Card,Successful,11065.79
PAY01468,ORD01468,2025-12-24,Cash on Delivery,Successful,56547.75
PAY01469,ORD01469,2025-02-07,Debit Card,Successful,134340.3
PAY01470,ORD01470,2025-09-10,Credit Card,Successful,10795.21
PAY01471,ORD01471,2025-08-25,Net Banking,Successful,6624.44
PAY01472,ORD01472,2025-05-22,UPI,Successful,9779.96
PAY01473,ORD01473,2025-06-27,Debit Card,Successful,61244.48
PAY01474,ORD01474,2025-08-12,Cash on Delivery,Pending,99390.19
PAY01475,ORD01475,2025-10-31,Debit Card,Failed,27788.38
PAY01476,ORD01476,2025-10-31,Cash on Delivery,Successful,1360.54
PAY01477,ORD01477,2025-08-11,Debit Card,Pending,892.13
PAY01478,ORD01478,2025-10-25,Cash on Delivery,Successful,120264.44
PAY01479,ORD01479,2025-12-25,Debit Card,Successful,68463.82
PAY01480,ORD01480,2025-10-12,UPI,Failed,6077.69
PAY01481,ORD01481,2025-10-10,Debit Card,Successful,101005.09
PAY01482,ORD01482,2025-10-23,UPI,Successful,7305.51
PAY01483,ORD01483,2025-11-28,Credit Card,Successful,8511.46
PAY01484,ORD01484,2025-08-24,UPI,Successful,63948.97
PAY01485,ORD01485,2025-09-22,Cash on Delivery,Successful,7396.39
PAY01486,ORD01486,2025-01-21,Cash on Delivery,Successful,5934.66
PAY01487,ORD01487,2025-11-30,Net Banking,Successful,23236.66
PAY01488,ORD01488,2025-08-22,Cash on Delivery,Successful,3852.07
PAY01489,ORD01489,2025-02-10,Cash on Delivery,Successful,98258.71
PAY01490,ORD01490,2025-07-08,Credit Card,Successful,50866.24
PAY01491,ORD01491,2025-02-06,Debit Card,Successful,6171.9
PAY01492,ORD01492,2025-12-16,Credit Card,Successful,48235.79
PAY01493,ORD01493,2025-04-06,Net Banking,Failed,1277.7
PAY01494,ORD01494,2025-11-30,UPI,Successful,65746.94
PAY01495,ORD01495,2025-05-08,Net Banking,Successful,8752.08
PAY01496,ORD01496,2025-01-30,Net Banking,Successful,56753.84
PAY01497,ORD01497,2025-08-29,Net Banking,Failed,10878.14
PAY01498,ORD01498,2025-09-11,Debit Card,Successful,61054.24
PAY01499,ORD01499,2025-01-04,Cash on Delivery,Refunded,2374.76
PAY01500,ORD01500,2025-10-10,Cash on Delivery,Pending,56500.05
PAY01501,ORD01501,2025-10-17,Credit Card,Successful,4042.16
PAY01502,ORD01502,2025-11-09,UPI,Successful,40436.46
PAY01503,ORD01503,2025-04-12,Net Banking,Successful,1865.73
PAY01504,ORD01504,2025-07-13,UPI,Successful,10322.76
PAY01505,ORD01505,2025-12-27,Debit Card,Successful,97062.26
PAY01506,ORD01506,2025-02-06,Cash on Delivery,Successful,215947.96
PAY01507,ORD01507,2025-01-06,Credit Card,Successful,114816.62
PAY01508,ORD01508,2025-07-03,Credit Card,Successful,37011.72
PAY01509,ORD01509,2025-10-10,Net Banking,Successful,6130.23
PAY01510,ORD01510,2025-05-23,Credit Card,Pending,15638.45
PAY01511,ORD01511,2025-03-25,Credit Card,Successful,105509.32
PAY01512,ORD01512,2025-06-20,Credit Card,Successful,2122.8
PAY01513,ORD01513,2025-04-11,Cash on Delivery,Successful,107385.75
PAY01514,ORD01514,2025-06-17,Debit Card,Successful,4297.72
PAY01515,ORD01515,2025-06-29,UPI,Successful,118900.1
PAY01516,ORD01516,2025-10-25,Debit Card,Successful,122530.12
PAY01517,ORD01517,2025-12-04,Cash on Delivery,Failed,3081.84
PAY01518,ORD01518,2025-02-26,Cash on Delivery,Successful,7603.58
PAY01519,ORD01519,2025-01-14,Credit Card,Successful,14863.18
PAY01520,ORD01520,2025-09-12,Net Banking,Successful,5615.03
PAY01521,ORD01521,2025-02-24,Credit Card,Failed,4261.98
PAY01522,ORD01522,2025-08-08,Cash on Delivery,Successful,8952.41
PAY01523,ORD01523,2025-07-02,Net Banking,Refunded,11829.77
PAY01524,ORD01524,2025-01-06,Debit Card,Successful,5233.8
PAY01525,ORD01525,2025-05-09,Debit Card,Successful,20996.7
PAY01526,ORD01526,2025-05-02,UPI,Successful,4747.41
PAY01527,ORD01527,2025-03-14,Cash on Delivery,Successful,16535.51
PAY01528,ORD01528,2025-03-10,UPI,Successful,2916.68
PAY01529,ORD01529,2025-09-15,Debit Card,Successful,5823.78
PAY01530,ORD01530,2025-12-30,Net Banking,Successful,9252.41
PAY01531,ORD01531,2025-04-21,Net Banking,Successful,74257.33
PAY01532,ORD01532,2025-02-27,UPI,Successful,14669.46
PAY01533,ORD01533,2025-02-11,Net Banking,Successful,6095.82
PAY01534,ORD01534,2025-09-27,Net Banking,Successful,5680.28
PAY01535,ORD01535,2025-04-28,Debit Card,Successful,42362.96
PAY01536,ORD01536,2025-12-12,Cash on Delivery,Successful,14550.05
PAY01537,ORD01537,2025-03-13,Debit Card,Successful,41221.4
PAY01538,ORD01538,2025-03-24,UPI,Successful,131946.44
PAY01539,ORD01539,2025-10-25,Debit Card,Successful,11929.58
PAY01540,ORD01540,2025-09-12,Credit Card,Successful,70569.89
PAY01541,ORD01541,2025-02-14,UPI,Successful,7679.99
PAY01542,ORD01542,2025-04-16,UPI,Successful,12006.24
PAY01543,ORD01543,2025-01-09,Debit Card,Successful,34053.48
PAY01544,ORD01544,2025-07-26,Net Banking,Successful,9274.97
PAY01545,ORD01545,2025-01-28,Debit Card,Successful,174590.84
PAY01546,ORD01546,2025-10-25,Net Banking,Successful,122677.99
PAY01547,ORD01547,2025-01-14,Cash on Delivery,Successful,12603.29
PAY01548,ORD01548,2025-02-18,Net Banking,Successful,9724.87
PAY01549,ORD01549,2025-05-05,Cash on Delivery,Refunded,2237.23
PAY01550,ORD01550,2025-06-02,Credit Card,Successful,2763.18
PAY01551,ORD01551,2025-02-17,Credit Card,Failed,164292.37
PAY01552,ORD01552,2025-01-23,UPI,Successful,13076.27
PAY01553,ORD01553,2025-09-14,UPI,Successful,16902.61
PAY01554,ORD01554,2025-02-08,Cash on Delivery,Refunded,21967.65
PAY01555,ORD01555,2025-01-13,Debit Card,Successful,17126.76
PAY01556,ORD01556,2025-08-18,UPI,Successful,58075.89
PAY01557,ORD01557,2025-09-23,Credit Card,Successful,17099.01
PAY01558,ORD01558,2025-02-02,Net Banking,Successful,7846.3
PAY01559,ORD01559,2025-08-29,Cash on Delivery,Successful,76261.02
PAY01560,ORD01560,2025-11-25,Cash on Delivery,Successful,5870.19
PAY01561,ORD01561,2025-04-05,Credit Card,Successful,67283.61
PAY01562,ORD01562,2025-05-25,UPI,Successful,2518.03
PAY01563,ORD01563,2025-10-21,Cash on Delivery,Successful,4887.74
PAY01564,ORD01564,2025-04-18,UPI,Failed,1425.68
PAY01565,ORD01565,2025-01-11,Cash on Delivery,Successful,7009.22
PAY01566,ORD01566,2025-11-26,Net Banking,Successful,175.21
PAY01567,ORD01567,2025-05-11,Debit Card,Successful,226225.95
PAY01568,ORD01568,2025-06-07,Debit Card,Successful,101940.45
PAY01569,ORD01569,2025-02-23,Net Banking,Successful,10552.54
PAY01570,ORD01570,2025-07-04,Credit Card,Successful,6393.73
PAY01571,ORD01571,2025-01-11,UPI,Successful,195734.43
PAY01572,ORD01572,2025-01-01,Debit Card,Successful,4968.27
PAY01573,ORD01573,2025-11-19,Cash on Delivery,Successful,13567.67
PAY01574,ORD01574,2025-04-13,Cash on Delivery,Successful,4567.36
PAY01575,ORD01575,2025-06-22,Debit Card,Successful,26669.19
PAY01576,ORD01576,2025-08-22,Debit Card,Successful,332.73
PAY01577,ORD01577,2025-03-10,Net Banking,Successful,3408.8
PAY01578,ORD01578,2025-03-17,Debit Card,Failed,36635.51
PAY01579,ORD01579,2025-12-14,UPI,Successful,14085.74
PAY01580,ORD01580,2025-07-02,Credit Card,Successful,64421.41
PAY01581,ORD01581,2025-03-08,UPI,Failed,17517.75
PAY01582,ORD01582,2025-09-08,Net Banking,Successful,36343.01
PAY01583,ORD01583,2025-12-30,Net Banking,Successful,40916.81
PAY01584,ORD01584,2025-10-14,Debit Card,Successful,67788.48
PAY01585,ORD01585,2025-09-12,Upi,Refunded,28458.42
PAY01586,ORD01586,2025-08-21,Credit Card,Successful,126449.08
PAY01587,ORD01587,2025-09-01,Cash on Delivery,Refunded,4838.97
PAY01588,ORD01588,2025-07-09,Cash on Delivery,Successful,27463.88
PAY01589,ORD01589,2025-09-14,Debit Card,refunded,108141.6
PAY01590,ORD01590,2025-12-03,Net Banking,Successful,9544.48
PAY01591,ORD01591,2025-04-20,Debit Card,Successful,3804.24
PAY01592,ORD01592,2025-02-13,Debit Card,failed,95055.44
PAY01593,ORD01593,2025-04-25,Debit Card,Successful,1282.63
PAY01594,ORD01594,2025-11-26,Debit Card,Successful,1075.51
PAY01595,ORD01595,2025-01-22,Net Banking,Successful,70655.6
PAY01596,ORD01596,2025-09-01,Credit Card,Successful,64150.19
PAY01597,ORD01597,2025-05-21,Debit Card,Successful,3934.21
PAY01598,ORD01598,2025-10-28,Debit Card,Successful,5050.55
PAY01599,ORD01599,2025-06-24,UPI,Refunded,129642.91
PAY01600,ORD01600,2025-07-29,Credit Card,Successful,190417.71
PAY01601,ORD01601,2025-11-27,Net Banking,Refunded,5709.57
PAY01602,ORD01602,2025-04-25,Credit Card,Successful,14167.21
PAY01603,ORD01603,2025-10-03,Debit Card,Successful,2495.82
PAY01604,ORD01604,2025-09-13,Credit Card,Successful,18448.07
PAY01605,ORD01605,2025-06-09,Cash on Delivery,Refunded,2872.05
PAY01606,ORD01606,2025-05-07,Credit Card,Successful,47050.44
PAY01607,ORD01607,2025-06-28,UPI,Successful,143070.56
PAY01608,ORD01608,2025-09-19,Debit Card,Successful,5105.47
PAY01609,ORD01609,2025-10-19,UPI,Successful,1461.01
PAY01610,ORD01610,2025-11-23,Net Banking,Successful,8288.03
PAY01611,ORD01611,2025-12-05,UPI,Successful,78520.11
PAY01612,ORD01612,2025-01-17,Debit Card,Successful,24608.94
PAY01613,ORD01613,2025-06-06,Credit Card,Successful,22824.39
PAY01614,ORD01614,2025-05-01,Cash on Delivery,Successful,926.8
PAY01615,ORD01615,2025-08-18,Debit Card,Successful,6788.39
PAY01616,ORD01616,2025-06-11,Debit Card,Successful,3437.31
PAY01617,ORD01617,2025-07-30,Debit Card,Successful,34387.66
PAY01618,ORD01618,2025-06-10,Net Banking,Successful,59885.4
PAY01619,ORD01619,2025-01-05,Credit Card,Successful,52930.23
PAY01620,ORD01620,2025-08-28,Debit Card,Successful,10840.05
PAY01621,ORD01621,2025-07-01,UPI,Successful,93834.92
PAY01622,ORD01622,2025-10-14,Net Banking,Failed,1839.14
PAY01623,ORD01623,2025-04-06,Cash on Delivery,Successful,15432.77
PAY01624,ORD01624,03/07/2025,Net Banking,Failed,85714.61
PAY01625,ORD01625,2025-06-22,Debit Card,Successful,16429.23
PAY01626,ORD01626,2025-12-11,Net Banking,Successful,2949.68
PAY01627,ORD01627,2025-05-25,UPI,Successful,3908.4
PAY01628,ORD01628,2025-08-19,Credit Card,Pending,79729.47
PAY01629,ORD01629,2025-12-29,Credit Card,Successful,1061.06
PAY01630,ORD01630,2025-08-22,Debit Card,Successful,20663.47
PAY01631,ORD01631,2025-09-27,Credit Card,Successful,29177.55
PAY01632,ORD01632,2025-03-26,Debit Card,Failed,2871.87
PAY01633,ORD01633,2025-02-24,UPI,Pending,6155.09
PAY01634,ORD01634,2025-01-20,Debit Card,Successful,1307.65
PAY01635,ORD01635,2025-12-14,Credit Card,Failed,2965.6
PAY01636,ORD01636,2025-05-22,UPI,Successful,15026.83
PAY01637,ORD01637,2025-09-11,Cash on Delivery,Pending,6312.61
PAY01638,ORD01638,2025-03-05,Credit Card,Successful,245387.3
PAY01639,ORD01639,2025-07-26,UPI,Successful,127660.42
PAY01640,ORD01640,2025-07-07,UPI,Failed,100258.87
PAY01641,ORD01641,2025-10-03,Net Banking,Failed,104998.74
PAY01642,ORD01642,2025-05-24,UPI,Successful,19412.65
PAY01643,ORD01643,2025-12-22,Debit Card,Successful,9217.01
PAY01644,ORD01644,2025-08-07,Debit Card,Successful,120506.51
PAY01645,ORD01645,2025-02-11,Debit Card,Successful,45078.83
PAY01646,ORD01646,2025-05-12,Cash on Delivery,Successful,5891.54
PAY01647,ORD01647,2025-08-10,Debit Card,Successful,2529.85
PAY01648,ORD01648,2025-06-03,Credit Card,Successful,14336.42
PAY01649,ORD01649,2025-12-23,Credit Card,Successful,4067.38
PAY01650,ORD01650,2025-10-08,Debit Card,Successful,55137.27
PAY01651,ORD01651,2025-02-12,Cash on Delivery,Successful,134.2
PAY01652,ORD01652,2025-03-02,UPI,Successful,1301.33
PAY01653,ORD01653,2025-08-27,Credit Card,Pending,242033.97
PAY01654,ORD01654,2025-04-29,Cash on Delivery,Successful,5966.83
PAY01655,ORD01655,2025-06-17,Credit Card,Successful,5308.47
PAY01656,ORD01656,2025-12-21,Net Banking,Successful,7722.15
PAY01657,ORD01657,2025-04-25,Credit Card,Successful,3466.08
PAY01658,ORD01658,2025-08-26,Cash on Delivery,Successful,6448.01
PAY01659,ORD01659,2025-06-07,Credit Card,Successful,14102.08
PAY01660,ORD01660,2025-09-29,Net Banking,Successful,980.42
PAY01661,ORD01661,2025-12-03,UPI,Successful,17750.84
PAY01662,ORD01662,2025-12-14,Debit Card,Successful,4821.91
PAY01663,ORD01663,2025-11-24,Debit Card,Pending,160692.87
PAY01664,ORD01664,2025-05-14,Net Banking,Successful,171080.42
PAY01665,ORD01665,2025-02-21,UPI,Successful,10867.36
PAY01666,ORD01666,2025-11-16,Net Banking,Successful,38459.03
PAY01667,ORD01667,2025-10-30,Debit Card,Successful,2641.66
PAY01668,ORD01668,2025-05-14,Debit Card,Successful,327508.81
PAY01669,ORD01669,2025-03-24,UPI,Successful,1484.83
PAY01670,ORD01670,2025-01-12,credit card,Successful,76595.37
PAY01671,ORD01671,2025-03-04,Cash on Delivery,Successful,2025.55
PAY01672,ORD01672,2025-01-31,Net Banking,Successful,15999.94
PAY01673,ORD01673,2025-08-07,UPI,Successful,236236.3
PAY01674,ORD01674,2025-05-06,Cash on Delivery,Successful,13518.59
PAY01675,ORD01675,2025-02-12,Debit Card,Successful,3853.09
PAY01676,ORD01676,2025-12-19,Cash on Delivery,Successful,7530.55
PAY01677,ORD01677,2025-02-19,Cash on Delivery,Successful,19686.19
PAY01678,ORD01678,2025-03-27,Cash on Delivery,Successful,5882.76
PAY01679,ORD01679,2025-11-01,UPI,Successful,9041.7
PAY01680,ORD01680,2025-01-30,Net Banking,Successful,83761.98
PAY01681,ORD01681,2025-05-19,UPI,Successful,13922.02
PAY01682,ORD01682,2025-05-19,Credit Card,Successful,3889.21
PAY01683,ORD01683,2025-07-01,Debit Card,Successful,15983.14
PAY01684,ORD01684,2025-06-01,Debit Card,Successful,11579.88
PAY01685,ORD01685,2025-04-18,Debit Card,Successful,178380.93
PAY01686,ORD01686,2025-06-11,UPI,Successful,35019.34
PAY01687,ORD01687,2025-04-16,Credit Card,Successful,6562.71
PAY01688,ORD01688,2025-06-22,Net Banking,Successful,19732.62
PAY01689,ORD01689,2025-11-23,UPI,Successful,3855.05
PAY01690,ORD01690,2025-10-31,Credit Card,Successful,11239.26
PAY01691,ORD01691,2025-01-15,Credit Card,Successful,4434.05
PAY01692,ORD01692,2025-09-08,Credit Card,Successful,23408.92
PAY01693,ORD01693,2025-07-25,Net Banking,Failed,12232.71
PAY01694,ORD01694,2025-04-15,Debit Card,Successful,22557.36
PAY01695,ORD01695,2025-07-04,Net Banking,Successful,7492.9
PAY01696,ORD01696,2025-02-08,Debit Card,Failed,5148.04
PAY01697,ORD01697,2025-05-16,UPI,Successful,1899.25
PAY01698,ORD01698,2025-08-13,UPI,Failed,2279.78
PAY01699,ORD01699,2025-07-07,Debit Card,Successful,64896.0
PAY01700,ORD01700,2025-05-16,Cash on Delivery,Failed,10396.7
PAY01701,ORD01701,2025-06-11,UPI,Successful,88479.87
PAY01702,ORD01702,2025-03-03,Debit Card,Successful,234234.29
PAY01703,ORD01703,2025-02-25,Cash on Delivery,Failed,9760.38
PAY01704,ORD01704,2025-12-09,Net Banking,Pending,2334.58
PAY01705,ORD01705,2025-11-09,Cash on Delivery,Successful,3049.23
PAY01706,ORD01706,2025-03-14,Debit Card,Successful,7491.72
PAY01707,ORD01707,01/10/2025,Cash on Delivery,Successful,3509.82
PAY01708,ORD01708,2025-06-11,Cash on Delivery,Successful,23782.62
PAY01709,ORD01709,2025-06-12,UPI,Successful,6391.47
PAY01710,ORD01710,2025-07-25,Debit Card,Successful,95088.05
PAY01711,ORD01711,2025-11-25,Cash on Delivery,Successful,2274.4
PAY01712,ORD01712,2025-01-31,UPI,Successful,10430.86
PAY01713,ORD01713,2025-05-19,Cash on Delivery,Successful,4684.6
PAY01714,ORD01714,2025-12-03,Credit Card,Successful,60175.79
PAY01715,ORD01715,2025-04-04,Cash on Delivery,Successful,7920.45
PAY01716,ORD01716,2025-04-10,Debit Card,Successful,7192.74
PAY01717,ORD01717,2025-07-09,Debit Card,Successful,60638.82
PAY01718,ORD01718,2025-06-28,UPI,Successful,4262.63
PAY01719,ORD01719,2025-12-22,Credit Card,Successful,221223.96
PAY01720,ORD01720,2025-11-27,Cash on Delivery,Successful,6822.36
PAY01721,ORD01721,2025-09-23,Net Banking,Successful,18155.26
PAY01722,ORD01722,2025-01-15,UPI,Successful,23339.39
PAY01723,ORD01723,2025-01-24,Net Banking,Successful,3382.32
PAY01724,ORD01724,2025-02-15,Net Banking,Successful,7117.34
PAY01725,ORD01725,2025-04-19,Net Banking,Successful,6594.53
PAY01726,ORD01726,2025-05-31,UPI,Successful,44874.06
PAY01727,ORD01727,2025-04-03,Cash on Delivery,Successful,30050.19
PAY01728,ORD01728,2025-09-10,Cash on Delivery,Successful,66241.93
PAY01729,ORD01729,2025-05-10,Debit Card,Successful,37041.41
PAY01730,ORD01730,2025-10-17,Debit Card,Successful,9084.02
PAY01731,ORD01731,2025-10-28,Credit Card,Successful,1853.62
PAY01732,ORD01732,2025-06-06,UPI,Successful,2810.68
PAY01733,ORD01733,2025-01-28,Credit Card,Successful,62827.58
PAY01734,ORD01734,2025-01-05,UPI,Successful,4756.51
PAY01735,ORD01735,2025-09-30,Cash on Delivery,Successful,32505.53
PAY01736,ORD01736,2025-07-19,Debit Card,Successful,9064.91
PAY01737,ORD01737,2025-08-11,UPI,Successful,13483.4
PAY01738,ORD01738,2025-07-06,Debit Card,Successful,18338.14
PAY01739,ORD01739,2025-09-12,Debit Card,Successful,1924.43
PAY01740,ORD01740,2025-04-27,Cash on Delivery,successful,6701.07
PAY01741,ORD01741,2025-11-30,UPI,Successful,3358.87
PAY01742,ORD01742,2025-01-11,Debit Card,Successful,54392.0
PAY01743,ORD01743,2025-03-13,Credit Card,Successful,139575.13
PAY01744,ORD01744,2025-05-11,Net Banking,Successful,2479.43
PAY01745,ORD01745,2025-03-22,Net Banking,Successful,59451.61
PAY01746,ORD01746,2025-07-01,Cash on Delivery,Refunded,26454.89
PAY01747,ORD01747,2025-11-05,Debit Card,Successful,18607.95
PAY01748,ORD01748,2025-02-17,Cash on Delivery,Pending,36946.93
PAY01749,ORD01749,2025-01-31,Net Banking,Successful,2713.76
PAY01750,ORD01750,2025-03-14,Debit Card,Successful,128847.63
PAY01751,ORD01751,2025-08-28,UPI,Successful,12545.54
PAY01752,ORD01752,2025-10-16,Net Banking,Successful,2478.15
PAY01753,ORD01753,2025-03-11,Debit Card,Successful,15854.14
PAY01754,ORD01754,2025-12-28,Cash on Delivery,Successful,6825.24
PAY01755,ORD01755,2025-04-14,UPI,Successful,4674.11
PAY01756,ORD01756,2025-01-30,Cash on Delivery,Successful,2674.28
PAY01757,ORD01757,2025-07-10,Debit Card,Successful,21496.88
PAY01758,ORD01758,2025-12-15,Credit Card,Failed,4299.57
PAY01759,ORD01759,2025-06-02,Debit Card,Successful,4368.81
PAY01760,ORD01760,2025-09-18,Credit Card,Successful,13601.51
PAY01761,ORD01761,2025-05-17,UPI,Successful,62314.95
PAY01762,ORD01762,2025-10-13,Credit Card,Successful,128474.57
PAY01763,ORD01763,2025-03-21,UPI,Failed,3296.45
PAY01764,ORD01764,2025-08-07,Credit Card ,Successful,8127.18
PAY01765,ORD01765,2025-10-30,UPI,Successful,10903.91
PAY01766,ORD01766,2025-08-01,Cash on Delivery,Refunded,53552.8
PAY01767,ORD01767,2025-06-22,Credit Card,Successful,24858.3
PAY01768,ORD01768,2025-12-24,Debit Card,Successful,11235.36
PAY01769,ORD01769,2025-12-31,Cash on Delivery,Successful,125976.32
PAY01770,ORD01770,2025-08-22,Debit Card,Refunded,5633.7
PAY01771,ORD01771,2025-03-01,Cash on Delivery,Successful,9245.43
PAY01772,ORD01772,2025-04-09,Net Banking,Refunded,3088.36
PAY01773,ORD01773,2025-09-10,Cash on Delivery,Refunded,244143.2
PAY01774,ORD01774,2025-12-15,Debit Card,Refunded,27648.01
PAY01775,ORD01775,2025-08-13,Debit Card,Refunded,6490.8
PAY01776,ORD01776,2025-09-28,Cash on Delivery,Successful,3512.1
PAY01777,ORD01777,2025-03-16,UPI,Failed,19427.47
PAY01778,ORD01778,2025-01-13,Net Banking,Successful,66442.39
PAY01779,ORD01779,2025-11-04,Net Banking,Successful,3990.58
PAY01780,ORD01780,2025-12-07,Credit Card,Successful,92770.95
PAY01781,ORD01781,2025-07-18,Debit Card,Successful,12758.26
PAY01782,ORD01782,2025-07-29,Debit Card,Successful,2286.05
PAY01783,ORD01783,2025-12-08,Net Banking,Successful,18637.93
PAY01784,ORD01784,2025-05-23,Net Banking,Refunded,109917.21
PAY01785,ORD01785,2025-06-22,Cash on Delivery,Failed,26279.59
PAY01786,ORD01786,2025-02-20,Debit Card,Successful,24688.55
PAY01787,ORD01787,2025-10-10,Debit Card,Successful,95812.03
PAY01788,ORD01788,2025-09-16,Debit Card,Successful,6342.62
PAY01789,ORD01789,2025-01-09,UPI,Successful,3939.54
PAY01790,ORD01790,2025-03-11,Debit Card,Refunded,15993.86
PAY01791,ORD01791,2025-09-30,Debit Card,Refunded,66124.2
PAY01792,ORD01792,2025-03-24,Credit Card,Successful,68875.95
PAY01793,ORD01793,2025-11-29,Cash on Delivery,Successful,6307.6
PAY01794,ORD01794,2025-10-28,Cash on Delivery,Successful,9980.05
PAY01795,ORD01795,2025-09-27,UPI,Refunded,4727.86
PAY01796,ORD01796,2025-08-15,UPI,Pending,3537.34
PAY01797,ORD01797,2025-09-09,UPI,Successful,1518.78
PAY01798,ORD01798,2025-04-04,Cash on Delivery,Successful,11609.46
PAY01799,ORD01799,2025-06-12,Debit Card,Refunded,41778.36
PAY01800,ORD01800,2025-04-22,Net Banking,Successful,52149.33
PAY01801,ORD01801,2025-11-24,Credit Card,Successful,12209.11
PAY01802,ORD01802,2025-03-10,Cash on Delivery,Refunded,61433.57
PAY01803,ORD01803,2025-09-24,Net Banking,Successful,4154.34
PAY01804,ORD01804,2025-08-03,Debit Card,Successful,50870.62
PAY01805,ORD01805,2025-04-06,Debit Card,Successful,8063.88
PAY01806,ORD01806,2025-03-03,UPI,Successful,15954.35
PAY01807,ORD01807,2025-03-12,Cash on Delivery,Successful,7036.38
PAY01808,ORD01808,2025-09-08,UPI,Successful,42696.15
PAY01809,ORD01809,2025-02-04,Net Banking,Successful,9539.19
PAY01810,ORD01810,2025-11-18,Net Banking,Successful,28916.83
PAY01811,ORD01811,2025-12-23,UPI,Successful,18687.93
PAY01812,ORD01812,2025-10-19,UPI,Failed,153892.05
PAY01813,ORD01813,2025-06-25,Debit Card,Successful,3783.72
PAY01814,ORD01814,2025-02-04,UPI,Successful,25400.11
PAY01815,ORD01815,2025-09-01,Credit Card,Successful,1351.77
PAY01816,ORD01816,2025-01-14,UPI,Successful,74175.16
PAY01817,ORD01817,2025-01-03,UPI,Successful,7182.42
PAY01818,ORD01818,2025-10-14,Debit Card,Successful,12096.93
PAY01819,ORD01819,2025-10-12,UPI,Successful,39502.65
PAY01820,ORD01820,2025-01-16,UPI,Failed,12301.17
PAY01821,ORD01821,2025-07-05,UPI,Successful,5044.41
PAY01822,ORD01822,2025-11-15,Debit Card,Successful,1202.69
PAY01823,ORD01823,2025-08-28,Credit Card,Successful,18093.07
PAY01824,ORD01824,2025-02-23,UPI,Successful,201684.49
PAY01825,ORD01825,2025-04-09,UPI,Successful,15395.92
PAY01826,ORD01826,2025-06-09,Credit Card,Successful,11287.69
PAY01827,ORD01827,2025-01-27,UPI,Successful,1725.86
PAY01828,ORD01828,2025-12-17,Net Banking,Failed,15528.21
PAY01829,ORD01829,2025-12-09,Cash on Delivery,Successful,7593.73
PAY01830,ORD01830,2025-11-24,Cash on Delivery,Refunded,7426.6
PAY01831,ORD01831,2025-09-27,Credit Card,Successful,94915.21
PAY01832,ORD01832,2025-10-06,Credit Card,Refunded,22577.47
PAY01833,ORD01833,01/01/2025,UPI,Successful,1876.98
PAY01834,ORD01834,2025-08-30,Cash on Delivery,Successful,148312.7
PAY01835,ORD01835,2025-01-15,Net Banking,Successful,60186.15
PAY01836,ORD01836,2025-02-13,Net Banking,Successful,65194.12
PAY01837,ORD01837,2025-09-25,UPI,Successful,681.69
PAY01838,ORD01838,2025-06-27,Net Banking,Successful,64148.69
PAY01839,ORD01839,2025-11-02,Debit Card,Failed,116897.5
PAY01840,ORD01840,2025-10-19,Debit Card,Successful,875.97
PAY01841,ORD01841,2025-03-09,Cash on Delivery,Successful,62735.43
PAY01842,ORD01842,2025-02-08,Cash on Delivery,Successful,3773.24
PAY01843,ORD01843,2025-08-26,Debit Card,Successful,5847.94
PAY01844,ORD01844,2025-08-24,Credit Card,Successful,53518.95
PAY01845,ORD01845,2025-11-14,UPI,Successful,13300.08
PAY01846,ORD01846,2025-03-27,Cash on Delivery,Successful,13123.56
PAY01847,ORD01847,2025-10-10,Net Banking,Successful,6758.52
PAY01848,ORD01848,2025-01-30,Cash on Delivery,Successful,20213.82
PAY01849,ORD01849,2025-11-06,UPI,Successful,158442.48
PAY01850,ORD01850,2025-08-27,Credit Card,Successful,174500.09
PAY01851,ORD01851,2025-03-28,Credit Card,Refunded,929.28
PAY01852,ORD01852,2025-03-04,Debit Card,Successful,7452.61
PAY01853,ORD01853,2025-01-25,Credit Card,Successful,41055.46
PAY01854,ORD01854,2025-11-17,Cash on Delivery,Successful,78828.94
PAY01855,ORD01855,2025-09-10,Net Banking,Failed,28449.12
PAY01856,ORD01856,2025-09-22,Debit Card,Refunded,8068.21
PAY01857,ORD01857,2025-06-16,Cash on Delivery,Successful,13966.4
PAY01858,ORD01858,2025-06-23,Cash on Delivery,Successful,14550.22
PAY01859,ORD01859,23/06/2025,Net Banking,Successful,77887.59
PAY01860,ORD01860,2025-06-05,Cash on Delivery,Successful,3221.89
PAY01861,ORD01861,2025-06-01,Credit Card,Refunded,1309.03
PAY01862,ORD01862,2025-04-01,Cash on Delivery,Successful,11685.7
PAY01863,ORD01863,2025-07-31,UPI,Successful,4959.63
PAY01864,ORD01864,2025-12-13,UPI,Successful,12491.51
PAY01865,ORD01865,2025-08-17,Credit Card ,Successful,50537.26
PAY01866,ORD01866,2025-08-08,Credit Card,Successful,8005.19
PAY01867,ORD01867,2025-10-04,Credit Card,Successful,39510.6
PAY01868,ORD01868,2025-12-20,Credit Card,Successful,6278.99
PAY01869,ORD01869,2025-06-07,Net Banking,Successful,3733.97
PAY01870,ORD01870,2025-05-19,Cash on Delivery,Successful,145342.97
PAY01871,ORD01871,2025-01-24,UPI,Failed,7489.35
PAY01872,ORD01872,2025-07-25,Net Banking,Successful,11936.15
PAY01873,ORD01873,2025-09-07,Credit Card,Successful,9192.58
PAY01874,ORD01874,2025-12-06,Net Banking,Successful,4111.74
PAY01875,ORD01875,2025-11-06,Cash on Delivery,Successful,15340.99
PAY01876,ORD01876,2025-05-27,Cash on Delivery,Successful,66713.95
PAY01877,ORD01877,2025-07-13,UPI,Successful,72021.33
PAY01878,ORD01878,2025-01-18,UPI,Successful,14248.01
PAY01879,ORD01879,2025-12-14,Cash on Delivery,Successful,1781.45
PAY01880,ORD01880,2025-10-16,UPI,Successful,3310.58
PAY01881,ORD01881,2025-09-30,Debit Card,Successful,39557.45
PAY01882,ORD01882,2025-05-19,UPI,Successful,95253.13
PAY01883,ORD01883,2025-02-14,Cash on Delivery,Successful,131566.05
PAY01884,ORD01884,2025-11-27,Debit Card,Successful,2188.47
PAY01885,ORD01885,2025-11-25,Debit Card,Successful,11059.44
PAY01886,ORD01886,2025-05-29,Net Banking,Successful,6983.25
PAY01887,ORD01887,2025-08-18,UPI,Successful,16430.66
PAY01888,ORD01888,2025-12-01,UPI,Successful,2903.11
PAY01889,ORD01889,2025-10-03,Net Banking,Successful,2226.84
PAY01890,ORD01890,2025-04-21,Debit Card,Successful,38704.16
PAY01891,ORD01891,2025-01-27,Credit Card,Successful,7243.39
PAY01892,ORD01892,2025-05-23,UPI,Successful,33609.5
PAY01893,ORD01893,2025-02-26,Net Banking,Successful,198073.41
PAY01894,ORD01894,2025-07-02,UPI,Failed,27590.55
PAY01895,ORD01895,2025-09-25,Net Banking,Successful,65574.01
PAY01896,ORD01896,2025-05-07,Net Banking,Successful,7347.85
PAY01897,ORD01897,2025-01-08,Debit Card,Successful,7412.96
PAY01898,ORD01898,2025-01-02,UPI,Successful,5510.5
PAY01899,ORD01899,05-09-2025,Debit Card,Successful,68882.61
PAY01900,ORD01900,2025-04-13,Net Banking,Successful,80442.09
PAY01901,ORD01901,2025-02-04,Credit Card,Successful,37828.71
PAY01902,ORD01902,11/07/2025,UPI,Successful,2012.52
PAY01903,ORD01903,2025-04-02,Cash on Delivery,Successful,27028.94
PAY01904,ORD01904,2025-03-13,Credit Card ,Successful,76270.47
PAY01905,ORD01905,2025-04-23,Debit Card,Failed,51579.62
PAY01906,ORD01906,2025-08-29,Debit Card,Successful,158313.16
PAY01907,ORD01907,2025-09-12,UPI,Successful,12943.66
PAY01908,ORD01908,2025-07-06,UPI,Successful,33044.56
PAY01909,ORD01909,2025-04-05,Cash on Delivery,Successful,6168.97
PAY01910,ORD01910,2025-05-08,Credit Card,Successful,6673.55
PAY01911,ORD01911,2025-10-10,Credit Card,Successful,4411.85
PAY01912,ORD01912,2025-08-23,Net Banking,Successful,30818.99
PAY01913,ORD01913,2025-10-22,Debit Card,Successful,16283.55
PAY01914,ORD01914,2025-02-28,Cash on Delivery,Successful,40858.83
PAY01915,ORD01915,2025-03-14,UPI,Refunded,63045.93
PAY01916,ORD01916,2025-04-03,Credit Card,Successful,766.96
PAY01917,ORD01917,2025-07-14,UPI,Successful,111770.44
PAY01918,ORD01918,2025-10-25,Debit Card,Successful,4468.1
PAY01919,ORD01919,2025-06-20,Credit Card,Successful,8276.8
PAY01920,ORD01920,2025-04-19,UPI,Successful,1323.42
PAY01921,ORD01921,2025-01-24,UPI,Refunded,3691.21
PAY01922,ORD01922,2025-01-16,Net Banking,Successful,150942.46
PAY01923,ORD01923,2025-02-07,Net Banking,Successful,110659.63
PAY01924,ORD01924,2025-06-23,credit card,Failed,110435.93
PAY01925,ORD01925,2025-03-06,Net Banking,Successful,10266.5
PAY01926,ORD01926,2025-06-15,Cash on Delivery,Successful,37901.2
PAY01927,ORD01927,2025-05-17,Credit Card,Successful,16523.48
PAY01928,ORD01928,2025-08-16,Credit Card,Refunded,1899.24
PAY01929,ORD01929,2025-01-15,Debit Card,Refunded,2527.3
PAY01930,ORD01930,2025-01-23,Net Banking,Successful,1587.76
PAY01931,ORD01931,2025-01-13,Debit Card,Successful,2436.12
PAY01932,ORD01932,2025-07-13,Cash on Delivery,Successful,66595.05
PAY01933,ORD01933,2025-05-03,Net Banking,Successful,15451.72
PAY01934,ORD01934,2025-01-17,Net Banking,Successful,5097.29
PAY01935,ORD01935,2025-10-30,Net Banking,Successful,231992.97
PAY01936,ORD01936,2025-06-08,Debit Card,Successful,35606.63
PAY01937,ORD01937,2025-07-18,Debit Card,Successful,38490.84
PAY01938,ORD01938,2025-02-12,Net Banking,Failed,6797.52
PAY01939,ORD01939,2025-05-03,Credit Card,Successful,5088.93
PAY01940,ORD01940,2025-08-12,UPI,Successful,46089.41
PAY01941,ORD01941,2025-07-03,UPI,Successful,260.43
PAY01942,ORD01942,2025-06-04,Cash on Delivery,Successful,71061.0
PAY01943,ORD01943,2025-05-11,UPI,Successful,2026.01
PAY01944,ORD01944,2025-08-12,Credit Card,Successful,4267.23
PAY01945,ORD01945,2025-09-26,Credit Card,Successful,29401.38
PAY01946,ORD01946,2025-10-04,Net Banking,Refunded,48547.49
PAY01947,ORD01947,2025-06-07,Debit Card,Successful,8003.37
PAY01948,ORD01948,2025-03-29,Net Banking,Successful,7588.26
PAY01949,ORD01949,2025-07-05,UPI,Successful,1230.47
PAY01950,ORD01950,2025-05-09,UPI,Successful,2852.16
PAY01951,ORD01951,2025-09-15,Net Banking,Successful,8453.2
PAY01952,ORD01952,2025-03-30,UPI,Successful,957.74
PAY01953,ORD01953,2025-12-29,Net Banking,Successful,197678.18
PAY01954,ORD01954,2025-03-30,UPI,Successful,10943.36
PAY01955,ORD01955,2025-03-11,Credit Card,Successful,5808.95
PAY01956,ORD01956,2025-10-23,Net Banking,Successful,6003.82
PAY01957,ORD01957,2025-03-23,Credit Card,Successful,4944.49
PAY01958,ORD01958,2025-10-16,Credit Card,Successful,5422.44
PAY01959,ORD01959,2025-08-25,Cash on Delivery,Refunded,3040.6
PAY01960,ORD01960,2025-04-19,Debit Card,Successful,4866.48
PAY01961,ORD01961,2025-05-29,Cash on Delivery,Refunded,22539.0
PAY01962,ORD01962,2025-09-19,UPI,Successful,10337.29
PAY01963,ORD01963,2025-08-03,Cash on Delivery,Successful,7383.23
PAY01964,ORD01964,2025-02-06,Credit Card,Successful,17909.19
PAY01965,ORD01965,2025-02-26,Cash on Delivery,Refunded,6219.3
PAY01966,ORD01966,2025-11-29,Debit Card,Refunded,7042.42
PAY01967,ORD01967,2025-07-19,Debit Card,Successful,4986.69
PAY01968,ORD01968,2025-06-11,Net Banking,Successful,3293.3
PAY01969,ORD01969,2025-10-29,Credit Card,Successful,18401.95
PAY01970,ORD01970,2025-02-13,Debit Card,Successful,8213.63
PAY01971,ORD01971,18-12-2025,UPI,Refunded,17444.18
PAY01972,ORD01972,2025-07-09,Debit Card,Successful,58555.98
PAY01973,ORD01973,2025-09-09,Credit Card,Failed,10350.14
PAY01974,ORD01974,2025-07-24,Net Banking,Successful,58747.52
PAY01975,ORD01975,2025-08-10,Net Banking,Successful,14338.56
PAY01976,ORD01976,2025-05-09,Net Banking,Successful,14036.77
PAY01977,ORD01977,24-01-2025,Debit Card,Successful,2114.82
PAY01978,ORD01978,2025-03-06,Debit Card,Successful,4554.07
PAY01979,ORD01979,2025-12-10,Net Banking,Refunded,15708.63
PAY01980,ORD01980,2025-11-25,Credit Card,Successful,7179.17
PAY01981,ORD01981,2025-08-12,Credit Card,Successful,5996.89
PAY01982,ORD01982,2025-06-14,Credit Card,Successful,2987.52
PAY01983,ORD01983,2025-09-09,UPI,Successful,2841.25
PAY01984,ORD01984,2025-05-28,Credit Card,Successful,39653.16
PAY01985,ORD01985,2025-09-23,Debit Card,Successful,152705.42
PAY01986,ORD01986,2025-03-10,Cash on Delivery,Successful,6848.77
PAY01987,ORD01987,2025-09-14,Debit Card,Successful,1419.9
PAY01988,ORD01988,2025-08-28,Cash on Delivery,Successful,219181.89
PAY01989,ORD01989,2025-05-22,Cash on Delivery,Successful,19145.95
PAY01990,ORD01990,2025-01-03,Cash on Delivery,Successful,29287.97
PAY01991,ORD01991,2025-12-18,Debit Card,Refunded,9416.23
PAY01992,ORD01992,2025-07-05,Credit Card,Failed,8828.21
PAY01993,ORD01993,2025-08-01,Debit Card,Successful,39068.29
PAY01994,ORD01994,2025-11-01,Credit Card,Successful,3464.51
PAY01995,ORD01995,2025-12-14,Credit Card,Successful,29736.57
PAY01996,ORD01996,2025-08-10,Credit Card,Failed,60345.6
PAY01997,ORD01997,2025-01-18,Net Banking,Successful,54643.26
PAY01998,ORD01998,2025-09-03,Net Banking,Successful,1122.72
PAY01999,ORD01999,2025-08-01,Debit Card,Successful,20919.94
PAY02000,ORD02000,2025-10-27,Net Banking,Successful,802.55
PAY02001,ORD02001,2025-03-25,UPI,Successful,1829.39
PAY02002,ORD02002,2025-05-07,Credit Card,Successful,89242.61
PAY02003,ORD02003,2025-02-15,Debit Card,Successful,15119.27
PAY02004,ORD02004,2025-10-18,UPI,Successful,9741.21
PAY02005,ORD02005,2025-01-11,Cash on Delivery,Successful,68492.38
PAY02006,ORD02006,2025-02-27,Net Banking,Successful,2173.67
PAY02007,ORD02007,2025-12-09,UPI,Successful,24504.0
PAY02008,ORD02008,2025-07-01,Net Banking,Successful,1039.84
PAY02009,ORD02009,2025-09-30,UPI,Successful,53775.94
PAY02010,ORD02010,2025-09-25,Net Banking,Successful,25840.32
PAY02011,ORD02011,2025-07-10,Credit Card,Successful,209547.13
PAY02012,ORD02012,2025-07-02,Debit Card,Successful,2929.16
PAY02013,ORD02013,2025-07-21,UPI,Successful,10363.41
PAY02014,ORD02014,2025-02-08,Credit Card,Successful,13522.73
PAY02015,ORD02015,2025-07-30,Debit Card,Successful,27780.42
PAY02016,ORD02016,2025-05-10,Debit Card,Successful,4811.01
PAY02017,ORD02017,2025-12-29,Debit Card,Successful,1714.76
PAY02018,ORD02018,2025-06-12,Cash on Delivery,Successful,57657.27
PAY02019,ORD02019,2025-10-20,Net Banking,Successful,89380.78
PAY02020,ORD02020,2025-11-29,Net Banking,Successful,7990.56
PAY02021,ORD02021,2025-12-31,Cash on Delivery,Successful,1913.86
PAY02022,ORD02022,2025-06-18,Debit Card,Successful,126539.05
PAY02023,ORD02023,2025-08-06,Cash on Delivery,Successful,26405.2
PAY02024,ORD02024,2025-05-07,Cash on Delivery,Failed,149173.73
PAY02025,ORD02025,2025-10-05,Credit Card,Refunded,67355.28
PAY02026,ORD02026,2025-07-01,Debit Card,Refunded,8713.15
PAY02027,ORD02027,2025-08-12,UPI,Failed,7431.74
PAY02028,ORD02028,2025-02-04,UPI,Successful,5945.37
PAY02029,ORD02029,2025-03-14,Net Banking,Successful,10249.76
PAY02030,ORD02030,2025-01-24,Debit Card,Failed,22807.15
PAY02031,ORD02031,2025-11-04,Net Banking,Successful,8593.37
PAY02032,ORD02032,2025-02-26,Cash on Delivery,Successful,53171.17
PAY02033,ORD02033,2025-03-08,Net Banking,Successful,5877.06
PAY02034,ORD02034,2025-11-05,UPI,Successful,96219.1
PAY02035,ORD02035,2025-08-04,UPI,Refunded,66526.92
PAY02036,ORD02036,2025-10-31,Cash on Delivery,Successful,47882.61
PAY02037,ORD02037,17/12/2025,UPI,Successful,54771.82
PAY02038,ORD02038,2025-03-12,UPI,Successful,55004.87
PAY02039,ORD02039,2025-07-05,UPI,Successful,1580.9
PAY02040,ORD02040,2025-10-30,UPI,Successful,9589.12
PAY02041,ORD02041,2025-08-11,Cash on Delivery,Successful,7152.4
PAY02042,ORD02042,2025-11-07,UPI,Successful,6619.31
PAY02043,ORD02043,2025-01-03,Cash on Delivery,Successful,9258.38
PAY02044,ORD02044,2025-02-09,credit card,Successful,3692.05
PAY02045,ORD02045,2025-12-14,Net Banking,Successful,6227.35
PAY02046,ORD02046,2025-12-13,UPI,Successful,56074.43
PAY02047,ORD02047,2025-04-07,Cash on Delivery,Successful,4299.55
PAY02048,ORD02048,2025-03-23,Cash on Delivery,Successful,4370.12
PAY02049,ORD02049,2025-03-05,Debit Card,Pending,25270.5
PAY02050,ORD02050,2025-11-23,Net Banking,Successful,5591.76
PAY02051,ORD02051,2025-01-22,UPI,Successful,61115.03
PAY02052,ORD02052,2025-06-30,Credit Card,Refunded,60930.68
PAY02053,ORD02053,2025-03-29,Credit Card,Successful,1421.9
PAY02054,ORD02054,2025-08-02,UPI,Failed,1458.9
PAY02055,ORD02055,2025-03-19,Credit Card,Successful,6156.83
PAY02056,ORD02056,2025-07-20,Net Banking,Successful,43239.93
PAY02057,ORD02057,2025-07-28,Credit Card,Successful,50016.45
PAY02058,ORD02058,2025-11-05,Debit Card,Successful,7469.81
PAY02059,ORD02059,2025-01-19,UPI,Successful,7720.14
PAY02060,ORD02060,2025-05-28,Debit Card,Successful,66551.96
PAY02061,ORD02061,2025-07-16,Cash on Delivery,Successful,17161.24
PAY02062,ORD02062,2025-05-04,Net Banking,Failed,20319.15
PAY02063,ORD02063,2025-02-16,Cash on Delivery,Successful,1109.14
PAY02064,ORD02064,2025-05-01,Cash on Delivery,Successful,4118.02
PAY02065,ORD02065,2025-06-10,UPI,Successful,9844.22
PAY02066,ORD02066,2025-09-27,Debit Card,Successful,5151.68
PAY02067,ORD02067,2025-12-11,,Successful,5925.09
PAY02068,ORD02068,2025-02-01,Cash on Delivery,Successful,1217.85
PAY02069,ORD02069,2025-09-28,Debit Card,Successful,19485.01
PAY02070,ORD02070,2025-06-27,Cash on Delivery,Successful,8125.15
PAY02071,ORD02071,2025-05-24,UPI,refunded,76670.33
PAY02072,ORD02072,2025-11-04,Cash on Delivery,Successful,31225.61
PAY02073,ORD02073,2025-04-05,UPI,Successful,1985.55
PAY02074,ORD02074,2025-10-27,Debit Card,Successful,6358.97
PAY02075,ORD02075,2025-11-08,Debit Card,Successful,21265.75
PAY02076,ORD02076,2025-03-13,Cash on Delivery,Successful,12566.04
PAY02077,ORD02077,2025-01-03,Net Banking,Successful,5264.43
PAY02078,ORD02078,2025-02-14,UPI,Successful,4407.15
PAY02079,ORD02079,2025-08-28,Credit Card,Successful,53146.44
PAY02080,ORD02080,2025-12-09,Credit Card,Successful,34414.37
PAY02081,ORD02081,2025-05-01,Cash on Delivery,Failed,7698.8
PAY02082,ORD02082,2025-12-26,Credit Card,Failed,15817.39
PAY02083,ORD02083,2025-03-08,credit card,Successful,3009.98
PAY02084,ORD02084,2025-09-01,UPI,Successful,77659.23
PAY02085,ORD02085,2025-09-08,Cash on Delivery,Successful,5116.51
PAY02086,ORD02086,2025-06-25,Debit Card,Successful,72679.07
PAY02087,ORD02087,2025-07-23,Debit Card,Successful,11705.69
PAY02088,ORD02088,2025-03-07,UPI,Successful,22013.2
PAY02089,ORD02089,2025-09-01,UPI,Successful,79477.52
PAY02090,ORD02090,2025-06-14,Credit Card,Successful,30919.43
PAY02091,ORD02091,2025-02-24,Cash on Delivery,Successful,2808.14
PAY02092,ORD02092,2025-02-19,Net Banking,Successful,105052.24
PAY02093,ORD02093,2025-07-28,Cash on Delivery,Successful,20243.5
PAY02094,ORD02094,2025-06-23,UPI,Failed,19149.76
PAY02095,ORD02095,2025-10-25,Debit Card,Successful,2863.01
PAY02096,ORD02096,2025-03-07,Cash on Delivery,Successful,5192.62
PAY02097,ORD02097,2025-04-02,Net Banking,Successful,14866.15
PAY02098,ORD02098,2025-03-13,Cash on Delivery,Successful,9373.94
PAY02099,ORD02099,2025-01-31,Net Banking,Failed,3334.63
PAY02100,ORD02100,2025-04-17,Cash on Delivery,Successful,12451.56
PAY02101,ORD02101,2025-11-22,Debit Card,Successful,5335.86
PAY02102,ORD02102,2025-01-26,Credit Card,Successful,21244.32
PAY02103,ORD02103,2025-08-30,Credit Card,Successful,73220.95
PAY02104,ORD02104,2025-11-10,Net Banking,Failed,21601.91
PAY02105,ORD02105,2025-09-16,Cash on Delivery,Successful,141210.95
PAY02106,ORD02106,2025-08-17,Net Banking,Successful,13827.94
PAY02107,ORD02107,2025-04-21,Debit Card,Refunded,66973.51
PAY02108,ORD02108,2025-02-05,Debit Card,Successful,200779.91
PAY02109,ORD02109,2025-11-06,Debit Card,Successful,127534.63
PAY02110,ORD02110,2025-08-19,Credit Card,Successful,70281.5
PAY02111,ORD02111,2025-02-26,Net Banking,Successful,39589.09
PAY02112,ORD02112,2025-06-27,Net Banking,Successful,60232.27
PAY02113,ORD02113,2025-10-18,Debit Card,Refunded,17976.26
PAY02114,ORD02114,2025-06-11,Net Banking,Successful,16797.52
PAY02115,ORD02115,2025-05-28,Debit Card,Successful,266008.99
PAY02116,ORD02116,2025-02-15,Debit Card,Successful,3983.67
PAY02117,ORD02117,2025-04-01,Cash on Delivery,Successful,9683.2
PAY02118,ORD02118,2025-12-01,Credit Card,Refunded,11583.07
PAY02119,ORD02119,2025-11-03,UPI,Successful,69992.78
PAY02120,ORD02120,2025-01-02,Debit Card,Refunded,48575.57
PAY02121,ORD02121,2025-05-09,UPI,Successful,1527.66
PAY02122,ORD02122,2025-05-09,UPI,Successful,3250.05
PAY02123,ORD02123,2025-05-17,UPI,Successful,30947.22
PAY02124,ORD02124,2025-04-18,Debit Card,Successful,64925.66
PAY02125,ORD02125,2025-08-03,Debit Card,Successful,108656.85
PAY02126,ORD02126,2025-05-10,Credit Card,Successful,14029.24
PAY02127,ORD02127,2025-12-20,Debit Card,Successful,13004.11
PAY02128,ORD02128,2025-11-20,Net Banking,Successful,184520.47
PAY02129,ORD02129,2025-11-19,Cash on Delivery,Successful,4101.76
PAY02130,ORD02130,2025-08-15,Cash on Delivery,Successful,47763.1
PAY02131,ORD02131,2025-05-03,UPI,Successful,27057.58
PAY02132,ORD02132,2025-08-25,Cash on Delivery,Successful,86791.6
PAY02133,ORD02133,2025-11-18,Debit Card,Successful,3527.93
PAY02134,ORD02134,2025-10-07,Debit Card,Successful,1026.54
PAY02135,ORD02135,2025-02-24,Net Banking,Successful,21037.3
PAY02136,ORD02136,2025-04-22,Credit Card,Successful,59976.44
PAY02137,ORD02137,2025-07-10,Net Banking,Successful,3123.65
PAY02138,ORD02138,2025-01-08,upi,Successful,6062.94
PAY02139,ORD02139,2025-01-23,Credit Card,Successful,21606.84
PAY02140,ORD02140,2025-04-19,Credit Card,Successful,80492.59
PAY02141,ORD02141,2025-06-25,Credit Card,Successful,108468.54
PAY02142,ORD02142,2025-11-27,Credit Card,Successful,103204.26
PAY02143,ORD02143,2025-06-19,Debit Card, Successful ,57860.75
PAY02144,ORD02144,2025-07-09,Credit Card,Successful,34321.24
PAY02145,ORD02145,2025-03-03,Credit Card,Successful,4777.23
PAY02146,ORD02146,2025-10-11,Debit Card,Failed,29336.26
PAY02147,ORD02147,2025-08-25,Credit Card,Failed,58005.64
PAY02148,ORD02148,2025-05-04,Cash on Delivery,Successful,12774.29
PAY02149,ORD02149,2025-08-04,Credit Card,Successful,63039.63
PAY02150,ORD02150,2025-04-23,Credit Card,Successful,273555.33
PAY02151,ORD02151,2025-07-13,Net Banking,Successful,104692.26
PAY02152,ORD02152,2025-09-28,Net Banking,Successful,9438.22
PAY02153,ORD02153,2025-06-21,Cash on Delivery,Successful,4567.22
PAY02154,ORD02154,2025-04-13,Debit Card,Successful,2988.47
PAY02155,ORD02155,2025-08-27,Debit Card,Successful,8524.76
PAY02156,ORD02156,2025-04-15,Net Banking,Successful,4456.11
PAY02157,ORD02157,2025-09-21,Credit Card,Successful,6015.03
PAY02158,ORD02158,2025-09-13,Credit Card,Successful,17619.12
PAY02159,ORD02159,2025-12-12,Net Banking,Successful,120597.8
PAY02160,ORD02160,2025-12-27,Cash on Delivery,Successful,2505.7
PAY02161,ORD02161,2025-10-24,Cash on Delivery,Successful,145952.85
PAY02162,ORD02162,2025-07-30,Credit Card,Successful,1093.3
PAY02163,ORD02163,2025-11-24,Credit Card,Successful,3074.17
PAY02164,ORD02164,2025-12-28,Debit Card,Successful,11754.7
PAY02165,ORD02165,2025-06-11,Cash on Delivery,Successful,65579.55
PAY02166,ORD02166,2025-10-19,Cash on Delivery,Successful,7013.2
PAY02167,ORD02167,2025-09-22,UPI,Successful,6542.18
PAY02168,ORD02168,2025-02-15,Credit Card,Successful,3440.55
PAY02169,ORD02169,2025-03-23,Cash on Delivery,Successful,1415.82
PAY02170,ORD02170,2025-06-16,UPI,Successful,507.88
PAY02171,ORD02171,2025-06-23,Cash on Delivery,Successful,4373.27
PAY02172,ORD02172,2025-10-28,Debit Card,Successful,5332.87
PAY02173,ORD02173,2025-04-12,Cash on Delivery,Successful,11263.98
PAY02174,ORD02174,2025-04-28,Credit Card,Successful,15411.51
PAY02175,ORD02175,2025-07-31,Debit Card,Successful,38316.9
PAY02176,ORD02176,2025-02-05,Debit Card,Successful,2570.31
PAY02177,ORD02177,2025-08-08,Debit Card,Successful,69153.14
PAY02178,ORD02178,2025-01-30,Credit Card,Successful,11679.77
PAY02179,ORD02179,2025-01-24,UPI,Successful,26728.06
PAY02180,ORD02180,2025-04-23,Debit Card,Successful,27896.35
PAY02181,ORD02181,2025-04-02,UPI,Successful,157.64
PAY02182,ORD02182,2025-03-15,Debit Card,Successful,7134.4
PAY02183,ORD02183,2025-11-14,Debit Card,Successful,1731.42
PAY02184,ORD02184,2025-07-05,Cash on Delivery,Successful,63037.28
PAY02185,ORD02185,2025-06-09,Credit Card,Failed,84241.07
PAY02186,ORD02186,2025-11-07,Cash on Delivery,Successful,2689.3
PAY02187,ORD02187,2025-11-07,Credit Card,Successful,11233.7
PAY02188,ORD02188,2025-01-17,Debit Card,Successful,1096.2
PAY02189,ORD02189,2025-10-18,Net Banking,Successful,13430.04
PAY02190,ORD02190,2025-10-13,Debit Card,Successful,3467.73
PAY02191,ORD02191,2025-08-24,Net Banking,Successful,25193.91
PAY02192,ORD02192,2025-06-18,Credit Card,Successful,2057.02
PAY02193,ORD02193,2025-01-28,,Successful,7493.82
PAY02194,ORD02194,2025-10-03,UPI,Successful,154020.99
PAY02195,ORD02195,2025-09-13,UPI,Successful,206988.52
PAY02196,ORD02196,2025-12-18,Debit Card,Successful,12889.6
PAY02197,ORD02197,2025-01-26,Debit Card,Successful,6287.07
PAY02198,ORD02198,2025-03-21,Cash on Delivery,Successful,63444.33
PAY02199,ORD02199,2025-07-24,Net Banking,Successful,3893.18
PAY02200,ORD02200,2025-07-13,Cash on Delivery,Successful,16297.22
PAY02201,ORD02201,2025-12-19,Net Banking,Successful,57420.08
PAY02202,ORD02202,2025-08-09,Credit Card,Failed,46750.92
PAY02203,ORD02203,2025-12-15,UPI,Successful,3320.83
PAY02204,ORD02204,2025-04-18,UPI,Successful,7943.4
PAY02205,ORD02205,2025-09-16,Net Banking,Successful,4610.56
PAY02206,ORD02206,2025-01-09,UPI,Successful,2969.47
PAY02207,ORD02207,2025-06-21,Debit Card,Successful,49766.72
PAY02208,ORD02208,2025-06-21,Credit Card,Successful,9725.49
PAY02209,ORD02209,2025-03-26,Debit Card,Successful,172074.18
PAY02210,ORD02210,2025-04-05,Debit Card,Successful,68184.46
PAY02211,ORD02211,2025-10-17,Debit Card,Pending,5184.86
PAY02212,ORD02212,2025-04-18,Debit Card,Successful,4046.21
PAY02213,ORD02213,2025-06-17,UPI,Successful,8033.83
PAY02214,ORD02214,2025-09-07,Cash on Delivery,Successful,11182.69
PAY02215,ORD02215,2025-07-31,UPI,Successful,4588.15
PAY02216,ORD02216,2025-12-31,cash on delivery,Successful,74860.43
PAY02217,ORD02217,2025-01-29,Cash on Delivery,Refunded,781.74
PAY02218,ORD02218,2025-08-28,Net Banking,Successful,27120.54
PAY02219,ORD02219,2025-12-11,Credit Card,Failed,15563.34
PAY02220,ORD02220,2025-05-10,Credit Card,Successful,19207.74
PAY02221,ORD02221,2025-08-09,Net Banking,Successful,4445.08
PAY02222,ORD02222,2025-02-23,Cash on Delivery,Successful,16789.25
PAY02223,ORD02223,2025-02-21,Credit Card,Successful,25059.95
PAY02224,ORD02224,2025-07-17,Credit Card,Successful,13188.74
PAY02225,ORD02225,2025-01-25,Cash on Delivery,Successful,94264.51
PAY02226,ORD02226,2025-07-22,Cash on Delivery,Successful,4239.01
PAY02227,ORD02227,2025-10-09,Net Banking,Successful,3158.7
PAY02228,ORD02228,2025-12-23,Net Banking,Successful,2343.3
PAY02229,ORD02229,2025-11-12,Net Banking,Successful,6029.36
PAY02230,ORD02230,2025-05-09,Net Banking,Successful,63574.95
PAY02231,ORD02231,2025-01-10,Debit Card,Pending,3219.61
PAY02232,ORD02232,2025-12-15,Net Banking,Successful,123648.01
PAY02233,ORD02233,2025-02-12,Cash on Delivery,Successful,8161.08
PAY02234,ORD02234,2025-11-15,Cash on Delivery,Refunded,1860.29
PAY02235,ORD02235,2025-08-02,Debit Card,Successful,8798.37
PAY02236,ORD02236,2025-12-08,Cash on Delivery,Successful,1577.2
PAY02237,ORD02237,2025-01-25,UPI,Successful,59975.65
PAY02238,ORD02238,2025-04-27,UPI,Refunded,44798.16
PAY02239,ORD02239,2025-02-21,Net Banking,Successful,30339.18
PAY02240,ORD02240,06/10/2025,UPI,Successful,16659.64
PAY02241,ORD02241,2025-07-22,UPI,Successful,14850.92
PAY02242,ORD02242,2025-05-18,Net Banking,Successful,61870.72
PAY02243,ORD02243,2025-10-27,UPI,Successful,2546.31
PAY02244,ORD02244,2025-11-27,Debit Card,Successful,6554.62
PAY02245,ORD02245,2025-09-10,Credit Card,Successful,16645.43
PAY02246,ORD02246,2025-11-20,UPI,Successful,8323.98
PAY02247,ORD02247,2025-01-02,Credit Card,SUCCESSFUL,6487.97
PAY02248,ORD02248,2025-03-23,UPI,Successful,4196.81
PAY02249,ORD02249,2025-07-17,Credit Card,Successful,188890.37
PAY02250,ORD02250,2025-09-14,Net Banking,Successful,2469.22
PAY02251,ORD02251,2025-04-03,Debit Card,Successful,1860.07
PAY02252,ORD02252,2025-11-18,UPI,Successful,117970.49
PAY02253,ORD02253,2025-10-24,UPI,Successful,13427.15
PAY02254,ORD02254,2025-03-19,Net Banking,Successful,3421.4
PAY02255,ORD02255,2025-04-10,Credit Card,Successful,72741.24
PAY02256,ORD02256,2025-11-23,Cash on Delivery,Successful,18084.47
PAY02257,ORD02257,2025-12-14,Cash on Delivery,Successful,94277.87
PAY02258,ORD02258,2025-01-03,UPI,Successful,10840.09
PAY02259,ORD02259,2025-04-01,Credit Card,Successful,18511.46
PAY02260,ORD02260,2025-09-06,UPI,Successful,10799.56
PAY02261,ORD02261,2025-05-06,UPI,Successful,1681.66
PAY02262,ORD02262,2025-11-01,Debit Card,Successful,1488.37
PAY02263,ORD02263,2025-04-06,Cash on Delivery,Successful,11882.98
PAY02264,ORD02264,2025-04-04,Cash on Delivery,Successful,15237.1
PAY02265,ORD02265,2025-11-06,Debit Card,Successful,13946.96
PAY02266,ORD02266,2025-02-20,Debit Card,Failed,3333.48
PAY02267,ORD02267,2025-09-06,Debit Card,Successful,6513.19
PAY02268,ORD02268,2025-07-24,Cash on Delivery,Successful,5213.79
PAY02269,ORD02269,2025-01-04,UPI,Refunded,6064.68
PAY02270,ORD02270,2025-12-20,Credit Card,Successful,146019.15
PAY02271,ORD02271,2025-11-24,Net Banking,Successful,29709.49
PAY02272,ORD02272,2025-08-26,Credit Card,Successful,6553.22
PAY02273,ORD02273,2025-04-19,UPI,Pending,4128.04
PAY02274,ORD02274,2025-05-31,Credit Card,Successful,4925.91
PAY02275,ORD02275,2025-05-03,Credit Card ,Successful,32139.22
PAY02276,ORD02276,2025-09-19,Debit Card,Successful,11194.5
PAY02277,ORD02277,2025-02-28,UPI,Successful,2884.33
PAY02278,ORD02278,2025-06-10,Cash on Delivery,Successful,5348.4
PAY02279,ORD02279,2025-06-05,Debit Card,Successful,2829.54
PAY02280,ORD02280,2025-02-28,UPI,Successful,30193.38
PAY02281,ORD02281,2025-12-20,Cash on Delivery,Successful,9632.38
PAY02282,ORD02282,2025-01-06,Debit Card,Successful,2448.38
PAY02283,ORD02283,2025-03-14,UPI,Successful,2846.42
PAY02284,ORD02284,2025-01-17,Credit Card,Successful,12562.77
PAY02285,ORD02285,2025-01-24,Credit Card,Successful,2275.62
PAY02286,ORD02286,2025-12-03,Net Banking,Refunded,11492.11
PAY02287,ORD02287,2025-01-05,Net Banking,Successful,12419.05
PAY02288,ORD02288,2025-05-25,Credit Card,Successful,5740.28
PAY02289,ORD02289,2025-11-25,Debit Card,Successful,3351.97
PAY02290,ORD02290,2025-04-15,UPI,Successful,250658.16
PAY02291,ORD02291,2025-07-14,,Failed,15851.36
PAY02292,ORD02292,2025-01-13,UPI,Successful,2144.73
PAY02293,ORD02293,2025-12-30,Debit Card,Successful,250.02
PAY02294,ORD02294,2025-05-16,Cash on Delivery,Refunded,62935.5
PAY02295,ORD02295,2025-10-07,Cash on Delivery,Successful,7893.57
PAY02296,ORD02296,2025-12-16,Debit Card,Refunded,11604.77
PAY02297,ORD02297,2025-04-06,Cash on Delivery,Refunded,2250.98
PAY02298,ORD02298,2025-07-16,Credit Card,Successful,39092.0
PAY02299,ORD02299,2025-03-17,Cash on Delivery,Failed,2134.3
PAY02300,ORD02300,2025-03-25,Net Banking,Successful,119741.99
PAY02301,ORD02301,2025-02-27,Credit Card,Successful,4130.02
PAY02302,ORD02302,2025-08-28,Debit Card,Successful,23659.11
PAY02303,ORD02303,2025-05-29,Debit Card,Successful,5614.32
PAY02304,ORD02304,2025-04-21,Debit Card,Successful,1286.05
PAY02305,ORD02305,2025-09-10,UPI,Failed,9821.32
PAY02306,ORD02306,2025-02-21,UPI,Successful,7821.09
PAY02307,ORD02307,2025-07-25,Net Banking,Successful,3548.18
PAY02308,ORD02308,2025-02-26,UPI,Successful,2955.73
PAY02309,ORD02309,2025-08-28,Credit Card,Refunded,74080.67
PAY02310,ORD02310,2025-07-30,Debit Card,Refunded,14301.17
PAY02311,ORD02311,2025-11-03,Cash on Delivery,Successful,19064.81
PAY02312,ORD02312,2025-06-13,Credit Card,Successful,8408.51
PAY02313,ORD02313,2025-04-07,Credit Card ,Successful,1704.59
PAY02314,ORD02314,2025-05-12,Credit Card,Successful,13480.68
PAY02315,ORD02315,2025-08-10,Credit Card,Successful,1464.08
PAY02316,ORD02316,2025-01-09,UPI,Successful,1382.23
PAY02317,ORD02317,2025-01-21,Credit Card,Successful,3480.72
PAY02318,ORD02318,2025-06-03,Credit Card,Successful,23059.19
PAY02319,ORD02319,2025-12-18,Net Banking,Successful,31649.66
PAY02320,ORD02320,2025-11-25,UPI,Successful,4924.29
PAY02321,ORD02321,2025-12-11,Net Banking,Successful,13148.76
PAY02322,ORD02322,2025-04-12,Debit Card,Successful,4339.19
PAY02323,ORD02323,2025-09-25,Credit Card,Successful,5099.04
PAY02324,ORD02324,2025-02-01,Debit Card,Failed,6900.93
PAY02325,ORD02325,2025-01-15,Cash on Delivery,Successful,4870.64
PAY02326,ORD02326,2025-06-13,Debit Card,Successful,18932.12
PAY02327,ORD02327,2025-05-13,Net Banking,Successful,4637.91
PAY02328,ORD02328,2025-03-25,Credit Card,Successful,2969.81
PAY02329,ORD02329,2025-07-31,UPI,Successful,4042.54
PAY02330,ORD02330,2025-02-01,Net Banking,Successful,1806.08
PAY02331,ORD02331,2025-09-16,Cash on Delivery,Successful,65965.14
PAY02332,ORD02332,2025-08-20,Cash on Delivery,Successful,78224.6
PAY02333,ORD02333,2025-01-26,Cash on Delivery,Refunded,2396.16
PAY02334,ORD02334,2025-10-14,Net Banking,Failed,5740.21
PAY02335,ORD02335,2025-01-13,UPI,Failed,52837.39
PAY02336,ORD02336,2025-07-21,Net Banking,Successful,2986.81
PAY02337,ORD02337,2025-01-21,Cash on Delivery,Successful,67320.93
PAY02338,ORD02338,2025-04-29,Net Banking,Successful,19492.93
PAY02339,ORD02339,2025-01-04,Credit Card,Successful,54581.33
PAY02340,ORD02340,2025-03-25,UPI,Successful,73203.07
PAY02341,ORD02341,2025-08-21,Credit Card,failed,14750.85
PAY02342,ORD02342,2025-08-15,UPI,Successful,5053.82
PAY02343,ORD02343,2025-10-08,Net Banking,Successful,17769.07
PAY02344,ORD02344,2025-01-14,Net Banking,Successful,8469.42
PAY02345,ORD02345,2025-05-01,Debit Card,Successful,163908.3
PAY02346,ORD02346,2025-07-04,UPI,Successful,8523.05
PAY02347,ORD02347,2025-03-22,UPI,Successful,7768.46
PAY02348,ORD02348,2025-05-11,Debit Card,failed,32246.06
PAY02349,ORD02349,2025-04-11,UPI,Successful,3372.04
PAY02350,ORD02350,2025-01-16,Credit Card,Successful,2856.88
PAY02351,ORD02351,2025-01-21,Credit Card,Successful,5005.51
PAY02352,ORD02352,2025-04-02,Net Banking,Successful,160086.64
PAY02353,ORD02353,2025-07-25,Debit Card,Successful,14076.53
PAY02354,ORD02354,2025-02-03,credit card,Failed,4591.89
PAY02355,ORD02355,2025-11-23,Debit Card,Refunded,16816.36
PAY02356,ORD02356,2025-09-01,UPI,Successful,74774.98
PAY02357,ORD02357,2025-08-24,Net Banking,Successful,31937.2
PAY02358,ORD02358,2025-05-20,Net Banking,Successful,21869.28
PAY02359,ORD02359,2025-08-14,UPI,Successful,75875.79
PAY02360,ORD02360,2025-09-19,Cash on Delivery,Successful,194844.38
PAY02361,ORD02361,2025-04-10,UPI,Successful,2660.19
PAY02362,ORD02362,2025-03-25,Net Banking,Successful,6702.92
PAY02363,ORD02363,2025-08-18,UPI,Refunded,12460.39
PAY02364,ORD02364,2025-01-13,Cash on Delivery,Successful,3021.86
PAY02365,ORD02365,2025-10-06,UPI,Failed,28269.62
PAY02366,ORD02366,2025-05-07,Credit Card,Successful,2698.24
PAY02367,ORD02367,2025-03-03,UPI,Successful,3559.02
PAY02368,ORD02368,2025-03-05,Net Banking,Successful,3003.46
PAY02369,ORD02369,2025-06-21,Credit Card,Refunded,58345.42
PAY02370,ORD02370,2025-09-13,UPI,Failed,10162.51
PAY02371,ORD02371,2025-08-26,Net Banking,Successful,7354.59
PAY02372,ORD02372,2025-02-06,UPI,Successful,6222.42
PAY02373,ORD02373,2025-03-08,UPI,Successful,4617.95
PAY02374,ORD02374,2025-07-24,Debit Card,Refunded,4665.13
PAY02375,ORD02375,2025-02-19,UPI,Successful,37533.18
PAY02376,ORD02376,2025-10-18,Cash on Delivery,Successful,1630.87
PAY02377,ORD02377,2025-08-19,Cash on Delivery,Successful,3507.28
PAY02378,ORD02378,2025-06-19,Cash on Delivery,Successful,2977.04
PAY02379,ORD02379,2025-08-27,Cash on Delivery,Pending,16315.44
PAY02380,ORD02380,2025-03-08,Credit Card,Successful,3683.17
PAY02381,ORD02381,2025-10-12,Debit Card,Successful,2678.5
PAY02382,ORD02382,2025-12-27,Debit Card,Successful,31097.95
PAY02383,ORD02383,2025-06-06,Credit Card,Successful,1813.07
PAY02384,ORD02384,2025-03-25,Net Banking,Successful,4183.3
PAY02385,ORD02385,2025-12-03,Net Banking,Successful,3798.9
PAY02386,ORD02386,2025-04-08,UPI,Refunded,5322.51
PAY02387,ORD02387,2025-01-31,Credit Card,Successful,17739.9
PAY02388,ORD02388,2025-11-22,Credit Card,Successful,57028.89
PAY02389,ORD02389,2025-09-30,upi,Successful,18400.99
PAY02390,ORD02390,2025-10-16,Debit Card,Successful,21641.03
PAY02391,ORD02391,2025-05-01,Cash on Delivery,Successful,123498.74
PAY02392,ORD02392,2025-09-13,UPI,Successful,8905.74
PAY02393,ORD02393,2025-03-29,Debit Card,Successful,57866.54
PAY02394,ORD02394,2025-04-08,UPI,Successful,116155.69
PAY02395,ORD02395,2025-12-25,Net Banking,Successful,20421.87
PAY02396,ORD02396,2025-03-25,Net Banking,Refunded,4811.14
PAY02397,ORD02397,2025-01-16,Credit Card,Successful,2459.66
PAY02398,ORD02398,2025-10-22,Net Banking,Successful,2084.9
PAY02399,ORD02399,2025-12-07,UPI,Successful,9662.91
PAY02400,ORD02400,2025-11-07,UPI,Successful,56729.02
PAY02401,ORD02401,2025-07-16,Credit Card,Successful,6027.32
PAY02402,ORD02402,2025-05-27,UPI,Successful,2016.13
PAY02403,ORD02403,2025-12-13,Cash on Delivery,Successful,19403.19
PAY02404,ORD02404,2025-10-27,Net Banking,Successful,8592.47
PAY02405,ORD02405,2025-06-13,Net Banking,Refunded,15560.26
PAY02406,ORD02406,2025-12-13,UPI,Successful,6642.5
PAY02407,ORD02407,2025-12-30,Debit Card,Successful,19303.94
PAY02408,ORD02408,2025-02-09,Debit Card,Successful,148421.58
PAY02409,ORD02409,2025-08-02,Credit Card,Failed,116192.71
PAY02410,ORD02410,2025-07-27,Cash on Delivery,Successful,3729.72
PAY02411,ORD02411,2025-08-31,Credit Card,Successful,3022.77
PAY02412,ORD02412,2025-04-26,UPI,Successful,51398.12
PAY02413,ORD02413,2025-01-02,Credit Card,Successful,3800.31
PAY02414,ORD02414,2025-01-29,Credit Card,Successful,4933.38
PAY02415,ORD02415,2025-08-06,Credit Card,Successful,142489.62
PAY02416,ORD02416,2025-05-19,Net Banking,Successful,166914.45
PAY02417,ORD02417,2025-03-01,Credit Card,Successful,1715.28
PAY02418,ORD02418,2025-02-17,UPI,Successful,27527.72
PAY02419,ORD02419,2025-12-20,Credit Card,Successful,1926.69
PAY02420,ORD02420,2025-12-19,Cash on Delivery,Successful,65076.97
PAY02421,ORD02421,2025-08-01,Net Banking,Successful,14571.6
PAY02422,ORD02422,2025-03-29,Net Banking,Successful,67966.19
PAY02423,ORD02423,2025-08-03,Cash on Delivery,Successful,3904.44
PAY02424,ORD02424,2025-04-10,UPI,Successful,67404.45
PAY02425,ORD02425,2025-01-17,Net Banking,Successful,15662.31
PAY02426,ORD02426,2025-05-17,Cash on Delivery,Successful,74948.55
PAY02427,ORD02427,2025-03-02,UPI,Refunded,3478.92
PAY02428,ORD02428,2025-04-15,UPI,Successful,63221.9
PAY02429,ORD02429,2025-03-17,UPI,Successful,3114.17
PAY02430,ORD02430,2025-02-23,UPI,Successful,31462.97
PAY02431,ORD02431,2025-05-16,Debit Card,Successful,16872.19
PAY02432,ORD02432,2025-05-31,Net Banking,Successful,5263.82
PAY02433,ORD02433,2025-09-02,Debit Card,Failed,25497.31
PAY02434,ORD02434,2025-03-27,Credit Card,Successful,199516.18
PAY02435,ORD02435,2025-11-20,UPI,Successful,37830.84
PAY02436,ORD02436,2025-06-03,Credit Card,Successful,6871.18
PAY02437,ORD02437,2025-07-13,UPI,Successful,6534.44
PAY02438,ORD02438,2025-02-26,UPI,Successful,980.9
PAY02439,ORD02439,2025-03-24,cash on delivery,Successful,9754.5
PAY02440,ORD02440,2025-03-04,UPI,Successful,58542.38
PAY02441,ORD02441,2025-09-09,Net Banking,Failed,75720.74
PAY02442,ORD02442,2025-05-09,UPI,Failed,8330.03
PAY02443,ORD02443,2025-05-28,Net Banking,Successful,231170.55
PAY02444,ORD02444,2025-11-02,UPI,Successful,16369.04
PAY02445,ORD02445,2025-03-30,Debit Card,Successful,71539.63
PAY02446,ORD02446,2025-04-15,Net Banking,Successful,66593.16
PAY02447,ORD02447,2025-11-30,Debit Card,Successful,32287.22
PAY02448,ORD02448,2025-09-11,Credit Card,Successful,12589.78
PAY02449,ORD02449,2025-03-02,Credit Card,Successful,1189.59
PAY02450,ORD02450,2025-01-02,Debit Card,failed,64266.57
PAY02451,ORD02451,2025-06-11,Cash on Delivery,Successful,133132.85
PAY02452,ORD02452,2025-07-08,UPI,Failed,166620.61
PAY02453,ORD02453,2025-09-28,Net Banking,Successful,1859.19
PAY02454,ORD02454,2025-09-03,Cash on Delivery,Successful,8135.92
PAY02455,ORD02455,2025-12-18,Cash on Delivery,Successful,8472.47
PAY02456,ORD02456,2025-06-23,Debit Card,Successful,5411.24
PAY02457,ORD02457,2025-03-29,Credit Card,Successful,4440.61
PAY02458,ORD02458,2025-04-11,Cash on Delivery,Successful,2462.54
PAY02459,ORD02459,2025-09-15,Credit Card,Successful,119777.5
PAY02460,ORD02460,2025-05-09,Net Banking,Successful,48638.11
PAY02461,ORD02461,2025-05-03,Cash on Delivery,Pending,20513.1
PAY02462,ORD02462,2025-10-01,Credit Card,Successful,54551.48
PAY02463,ORD02463,2025-03-28,Debit Card,Successful,31822.28
PAY02464,ORD02464,2025-01-25,UPI,Successful,3272.95
PAY02465,ORD02465,2025-05-18,UPI,Successful,4791.43
PAY02466,ORD02466,2025-01-07,UPI,Successful,14851.99
PAY02467,ORD02467,2025-10-30,Credit Card,Successful,5639.75
PAY02468,ORD02468,2025-01-14,Net Banking,Successful,13943.41
PAY02469,ORD02469,2025-11-17,Credit Card,Successful,3238.43
PAY02470,ORD02470,2025-08-17,Debit Card,Successful,5005.13
PAY02471,ORD02471,2025-02-22,Net Banking,Successful,2805.29
PAY02472,ORD02472,2025-09-23,UPI,Successful,2435.36
PAY02473,ORD02473,2025-12-25,Debit Card,Successful,110681.37
PAY02474,ORD02474,2025-07-17,Cash on Delivery,Successful,21121.26
PAY02475,ORD02475,2025-08-06,Cash on Delivery,Successful,6498.52
PAY02476,ORD02476,2025-08-13,Cash on Delivery,Successful,2856.95
PAY02477,ORD02477,2025-10-25,Debit Card,Successful,1746.5
PAY02478,ORD02478,2025-02-25,Cash on Delivery,Successful,69390.82
PAY02479,ORD02479,2025-01-02,Net Banking,Successful,4091.69
PAY02480,ORD02480,2025-02-11,Net Banking,Successful,2294.24
PAY02481,ORD02481,2025-01-01,Cash on Delivery,Successful,8860.59
PAY02482,ORD02482,2025-04-06,UPI,Successful,9293.2
PAY02483,ORD02483,2025-10-13,Net Banking,Successful,142422.75
PAY02484,ORD02484,2025-08-01,UPI,Successful,28152.76
PAY02485,ORD02485,2025-11-24,UPI,Successful,8043.27
PAY02486,ORD02486,2025-03-30,Debit Card,Successful,23936.47
PAY02487,ORD02487,2025-07-20,Cash on Delivery,Successful,1965.64
PAY02488,ORD02488,2025-12-26,Debit Card,Successful,351211.78
PAY02489,ORD02489,2025-06-01,Debit Card,Successful,16729.13
PAY02490,ORD02490,2025-01-19,UPI,Successful,11699.13
PAY02491,ORD02491,2025-07-14,Credit Card,Successful,8296.86
PAY02492,ORD02492,2025-11-22,Cash on Delivery,Pending,118217.87
PAY02493,ORD02493,2025-09-16,Cash on Delivery,Successful,997.17
PAY02494,ORD02494,2025-01-17,Cash on Delivery,Successful,3099.86
PAY02495,ORD02495,2025-05-27,UPI,Successful,3634.33
PAY02496,ORD02496,2025-05-19,UPI,Successful,113109.34
PAY02497,ORD02497,2025-07-20,Credit Card,Successful,6013.59
PAY02498,ORD02498,2025-04-25,Debit Card,Successful,171114.52
PAY02499,ORD02499,2025-05-07,Debit Card,Refunded,239484.92
PAY02500,ORD02500,2025-08-05,UPI,Successful,1201.31
PAY02501,ORD02501,2025-10-24,Cash on Delivery,Successful,7560.9
PAY02502,ORD02502,2025-09-23,UPI,Refunded,9938.43
PAY02503,ORD02503,2025-11-03,Cash on Delivery,Refunded,51708.3
PAY02504,ORD02504,2025-05-20,Debit Card,Successful,292924.07
PAY02505,ORD02505,2025-12-04,Debit Card,Successful,10523.5
PAY02506,ORD02506,2025-04-20,Debit Card,Pending,76074.28
PAY02507,ORD02507,2025-12-26,Cash on Delivery,Pending,57823.78
PAY02508,ORD02508,2025-09-15,Net Banking,Successful,17845.38
PAY02509,ORD02509,2025-04-28,Debit Card,Successful,30129.71
PAY02510,ORD02510,2025-06-10,Cash on Delivery,Successful,7191.81
PAY02511,ORD02511,2025-10-22,Net Banking,Successful,1249.58
PAY02512,ORD02512,2025-11-25,UPI,Successful,63447.13
PAY02513,ORD02513,2025-07-19,Debit Card,Successful,1276.9
PAY02514,ORD02514,2025-01-09,UPI,Successful,187005.35
PAY02515,ORD02515,2025-11-17,Debit Card,Successful,166545.01
PAY02516,ORD02516,2025-07-08,Cash on Delivery,Successful,133067.28
PAY02517,ORD02517,2025-11-06,Net Banking,Successful,18845.7
PAY02518,ORD02518,2025-02-22,Cash on Delivery,Successful,7376.82
PAY02519,ORD02519,2025-05-24,UPI,Successful,3163.28
PAY02520,ORD02520,2025-01-29,Cash on Delivery,Successful,8084.75
PAY02521,ORD02521,2025-08-11,Credit Card,Refunded,133853.96
PAY02522,ORD02522,2025-03-10,Cash on Delivery,Successful,978.19
PAY02523,ORD02523,2025-10-10,UPI,Successful,4646.15
PAY02524,ORD02524,2025-11-13,Debit Card,Successful,3363.06
PAY02525,ORD02525,2025-08-06,UPI,Refunded,5463.25
PAY02526,ORD02526,2025-11-13,Debit Card,Successful,52879.54
PAY02527,ORD02527,2025-07-02,Net Banking,Successful,80075.6
PAY02528,ORD02528,2025-07-21,Net Banking,Successful,9362.44
PAY02529,ORD02529,2025-06-17,Debit Card,Successful,6981.86
PAY02530,ORD02530,2025-02-14,Cash on Delivery,Successful,39380.46
PAY02531,ORD02531,2025-09-14,Cash on Delivery,Successful,2798.67
PAY02532,ORD02532,2025-07-19,Net Banking,Successful,4472.01
PAY02533,ORD02533,2025-07-14,Net Banking,Successful,9857.35
PAY02534,ORD02534,2025-02-23,Net Banking,Successful,4868.49
PAY02535,ORD02535,2025-03-08,Cash on Delivery,Successful,10963.53
PAY02536,ORD02536,2025-10-26,Debit Card,Successful,5310.57
PAY02537,ORD02537,2025-09-14,UPI,Successful,188323.79
PAY02538,ORD02538,2025-11-21,Cash on Delivery,Successful,30421.69
PAY02539,ORD02539,2025-07-27,Cash on Delivery,Successful,26163.07
PAY02540,ORD02540,2025-06-22,Credit Card,Successful,4040.36
PAY02541,ORD02541,2025-11-25,Debit Card,Successful,3810.95
PAY02542,ORD02542,2025-08-21,UPI,Pending,571.96
PAY02543,ORD02543,2025-06-19,Cash on Delivery,Successful,5708.73
PAY02544,ORD02544,2025-08-02,Credit Card,Failed,5117.21
PAY02545,ORD02545,2025-06-15,Debit Card,Successful,1760.83
PAY02546,ORD02546,2025-09-06,Net Banking,Successful,3572.84
PAY02547,ORD02547,2025-06-30,UPI,Refunded,61892.95
PAY02548,ORD02548,2025-06-19,Credit Card,Successful,2138.0
PAY02549,ORD02549,2025-03-29,UPI,Successful,12005.57
PAY02550,ORD02550,2025-05-29,UPI,Successful,9506.37
PAY02551,ORD02551,2025-10-31,Cash on Delivery,Successful,75559.75
PAY02552,ORD02552,2025-02-12,Cash on Delivery,Failed,2169.02
PAY02553,ORD02553,2025-06-16,Credit Card,Pending,213036.7
PAY02554,ORD02554,2025-03-22,Debit Card,Successful,6742.75
PAY02555,ORD02555,2025-11-21,Net Banking,Successful,3326.77
PAY02556,ORD02556,2025-10-16,UPI,Failed,10670.24
PAY02557,ORD02557,2025-06-17,Cash on Delivery,Successful,8394.4
PAY02558,ORD02558,2025-11-16,Net Banking,Successful,637.52
PAY02559,ORD02559,2025-05-11,UPI,Failed,9163.13
PAY02560,ORD02560,2025-10-16,UPI,Successful,2819.73
PAY02561,ORD02561,2025-03-14,Debit Card,Successful,222716.52
PAY02562,ORD02562,2025-12-07,UPI,Successful,4270.43
PAY02563,ORD02563,2025-05-18,Debit Card,Successful,107799.88
PAY02564,ORD02564,2025-01-01,Debit Card,Successful,61482.79
PAY02565,ORD02565,2025-05-15,Net Banking,Successful,26522.86
PAY02566,ORD02566,2025-06-25,Net Banking,Successful,16120.33
PAY02567,ORD02567,2025-03-07,Credit Card,Successful,2956.51
PAY02568,ORD02568,2025-08-01,Net Banking,Successful,3853.42
PAY02569,ORD02569,2025-08-29,Credit Card,Successful,3600.11
PAY02570,ORD02570,2025-12-22,Net Banking,Successful,83644.87
PAY02571,ORD02571,2025-02-05,UPI,Refunded,2610.76
PAY02572,ORD02572,2025-12-12,Debit Card,Successful,117342.68
PAY02573,ORD02573,2025-07-12,Debit Card,Refunded,3994.4
PAY02574,ORD02574,2025-06-20,Net Banking,Successful,3283.09
PAY02575,ORD02575,2025-08-02,UPI,Successful,23490.3
PAY02576,ORD02576,2025-03-08,Cash on Delivery,Refunded,54514.76
PAY02577,ORD02577,2025-03-27,Net Banking,Successful,132439.57
PAY02578,ORD02578,2025-01-31,Cash on Delivery,Successful,54743.28
PAY02579,ORD02579,2025-03-14,Cash on Delivery,Successful,16337.33
PAY02580,ORD02580,2025-05-06,Credit Card,Successful,2313.13
PAY02581,ORD02581,2025-07-28,UPI,Successful,9852.16
PAY02582,ORD02582,2025-09-27,Debit Card,Successful,2375.68
PAY02583,ORD02583,2025-09-27,Credit Card,Successful,8455.88
PAY02584,ORD02584,2025-08-18,Net Banking,Successful,71701.65
PAY02585,ORD02585,2025-04-02,Debit Card,Failed,66089.3
PAY02586,ORD02586,2025-06-28,Net Banking,Successful,6157.04
PAY02587,ORD02587,2025-12-04,Credit Card,Successful,19300.26
PAY02588,ORD02588,2025-01-22,Credit Card,Successful,48490.0
PAY02589,ORD02589,2025-12-31,Net Banking,Successful,2212.25
PAY02590,ORD02590,2025-09-04,Cash on Delivery,Successful,4615.12
PAY02591,ORD02591,2025-01-25,Debit Card,Successful,2714.68
PAY02592,ORD02592,2025-12-13,Net Banking,Successful,28122.08
PAY02593,ORD02593,2025-09-16,Net Banking,Successful,3559.22
PAY02594,ORD02594,2025-05-25,Credit Card,Successful,9903.43
PAY02595,ORD02595,2025-11-29,Debit Card,Successful,60028.6
PAY02596,ORD02596,2025-08-03,UPI,Failed,14198.79
PAY02597,ORD02597,2025-01-28,Net Banking,Failed,2657.69
PAY02598,ORD02598,2025-12-13,UPI,Successful,29399.18
PAY02599,ORD02599,2025-04-12,UPI,Successful,3678.4
PAY02600,ORD02600,2025-08-30,UPI,Successful,2562.7
PAY02601,ORD02601,2025-01-25,Debit Card,Refunded,26661.5
PAY02602,ORD02602,2025-12-17,Net Banking,Successful,51989.81
PAY02603,ORD02603,2025-10-25,Credit Card,Successful,201274.63
PAY02604,ORD02604,2025-09-06,Credit Card,Refunded,22365.4
PAY02605,ORD02605,2025-09-13,Debit Card,Successful,2955.15
PAY02606,ORD02606,2025-08-21,UPI,Successful,17430.57
PAY02607,ORD02607,2025-06-25,Credit Card,Pending,25025.37
PAY02608,ORD02608,2025-07-13,Debit Card,Successful,4786.54
PAY02609,ORD02609,2025-06-28,Debit Card,Failed,36554.53
PAY02610,ORD02610,2025-11-13,Net Banking,Successful,9118.86
PAY02611,ORD02611,2025-05-09,Cash on Delivery,Successful,1142.31
PAY02612,ORD02612,2025-11-11,Cash on Delivery,Successful,4630.13
PAY02613,ORD02613,2025-04-14,UPI,Successful,15024.36
PAY02614,ORD02614,2025-02-25,Credit Card,Successful,5943.57
PAY02615,ORD02615,2025-07-15,UPI,Successful,2431.54
PAY02616,ORD02616,2025-10-21,Debit Card,Successful,2548.36
PAY02617,ORD02617,2025-04-16,Net Banking,Successful,131072.64
PAY02618,ORD02618,2025-10-03,UPI,Successful,14057.89
PAY02619,ORD02619,2025-04-09,Credit Card,Failed,3508.71
PAY02620,ORD02620,2025-04-07,Cash on Delivery,Failed,4669.17
PAY02621,ORD02621,2025-04-16,Cash on Delivery,Successful,7439.86
PAY02622,ORD02622,2025-06-09,Net Banking,Failed,1364.2
PAY02623,ORD02623,2025-06-11,Net Banking,Successful,95379.8
PAY02624,ORD02624,2025-08-26,Credit Card,Successful,65785.86
PAY02625,ORD02625,12-07-2025,UPI,Successful,14759.5
PAY02626,ORD02626,2025-08-10,Debit Card,Successful,99810.52
PAY02627,ORD02627,2025-01-08,Debit Card,Successful,78356.31
PAY02628,ORD02628,2025-05-25,Credit Card,Refunded,9182.27
PAY02629,ORD02629,2025-06-13,Credit Card,Successful,2964.73
PAY02630,ORD02630,2025-06-02,Cash on Delivery,Successful,2308.91
PAY02631,ORD02631,2025-09-02,Cash on Delivery,Successful,13374.27
PAY02632,ORD02632,2025-02-24,Cash on Delivery,Successful,8536.92
PAY02633,ORD02633,2025-10-15,UPI,Successful,19539.76
PAY02634,ORD02634,2025-12-05,UPI,Successful,2756.54
PAY02635,ORD02635,2025-12-23,Cash on Delivery,Successful,8225.28
PAY02636,ORD02636,2025-05-08,UPI,Successful,53222.87
PAY02637,ORD02637,2025-10-26,Net Banking,Successful,23095.6
PAY02638,ORD02638,2025-08-12,Debit Card,Successful,11387.61
PAY02639,ORD02639,2025-09-02,Cash on Delivery,Successful,26209.97
PAY02640,ORD02640,2025-03-27,Net Banking,Failed,4104.59
PAY02641,ORD02641,2025-03-22,Credit Card,Successful,141087.75
PAY02642,ORD02642,2025-09-17,Credit Card,Successful,9571.28
PAY02643,ORD02643,2025-08-21,Credit Card,Successful,108685.53
PAY02644,ORD02644,2025-03-24,Credit Card,Successful,73519.71
PAY02645,ORD02645,2025-04-03,Net Banking,Successful,50019.34
PAY02646,ORD02646,2025-09-29,Cash on Delivery,Pending,28163.01
PAY02647,ORD02647,2025-11-05,Net Banking,Successful,26499.09
PAY02648,ORD02648,2025-12-09,Cash on Delivery,Successful,20288.86
PAY02649,ORD02649,2025-06-03,Credit Card,Successful,46311.79
PAY02650,ORD02650,2025-02-12,Net Banking,Successful,57446.98
PAY02651,ORD02651,2025-11-16,Debit Card,Successful,3708.03
PAY02652,ORD02652,2025-12-28,Net Banking,Refunded,199177.02
PAY02653,ORD02653,2025-05-22,Credit Card,Successful,93455.14
PAY02654,ORD02654,2025-12-03,Cash on Delivery,Successful,11467.54
PAY02655,ORD02655,2025-08-10,Debit Card,Successful,24757.9
PAY02656,ORD02656,2025-03-15,Cash on Delivery,Successful,53567.94
PAY02657,ORD02657,2025-01-04,UPI,Successful,755.26
PAY02658,ORD02658,2025-02-07,Credit Card,Successful,62823.75
PAY02659,ORD02659,2025-06-05,UPI,Successful,99149.68
PAY02660,ORD02660,2025-07-12,Net Banking,Successful,17983.25
PAY02661,ORD02661,2025-07-07,Credit Card,Successful,79220.42
PAY02662,ORD02662,2025-09-10,Cash on Delivery,Successful,119055.9
PAY02663,ORD02663,2025-09-15,credit card,Successful,2071.06
PAY02664,ORD02664,2025-09-07,Net Banking,Successful,2413.84
PAY02665,ORD02665,2025-01-24,Credit Card,Successful,3486.49
PAY02666,ORD02666,2025-07-12,Cash on Delivery,Successful,3468.45
PAY02667,ORD02667,2025-11-12,Debit Card,Failed,3361.44
PAY02668,ORD02668,2025-08-05,Net Banking,Successful,6907.7
PAY02669,ORD02669,2025-11-25,Debit Card,Successful,2558.5
PAY02670,ORD02670,2025-03-07,Net Banking,Successful,2748.87
PAY02671,ORD02671,2025-01-30,UPI,Failed,7905.26
PAY02672,ORD02672,2025-12-08,Debit Card,Successful,43343.49
PAY02673,ORD02673,2025-09-05,Net Banking,Refunded,7931.59
PAY02674,ORD02674,2025-11-22,Credit Card,Successful,6986.47
PAY02675,ORD02675,2025-05-19,cash on delivery,Refunded,239558.3
PAY02676,ORD02676,2025-01-22,UPI,Failed,2136.78
PAY02677,ORD02677,2025-02-24,Debit Card,Successful,29574.62
PAY02678,ORD02678,2025-04-24,Debit Card,Failed,2833.8
PAY02679,ORD02679,2025-01-07,UPI,Successful,18724.38
PAY02680,ORD02680,2025-10-28,Credit Card,Successful,7297.22
PAY02681,ORD02681,2025-12-17,UPI,Successful,121640.39
PAY02682,ORD02682,2025-07-17,Debit Card,Successful,5715.83
PAY02683,ORD02683,2025-09-04,Debit Card,Successful,4260.21
PAY02684,ORD02684,2025-09-07,Debit Card,Successful,14860.93
PAY02685,ORD02685,2025-11-28,UPI,Successful,6777.16
PAY02686,ORD02686,2025-12-31,Debit Card,Failed,8977.14
PAY02687,ORD02687,2025-03-06,Credit Card,Successful,5543.43
PAY02688,ORD02688,2025-07-24,Debit Card,Successful,135272.68
PAY02689,ORD02689,2025-06-23,Credit Card,Successful,77994.27
PAY02690,ORD02690,2025-12-15,Debit Card,Successful,62899.74
PAY02691,ORD02691,2025-07-20,Net Banking,Successful,178429.08
PAY02692,ORD02692,2025-02-05,Net Banking,Successful,1715.33
PAY02693,ORD02693,2025-08-28,UPI,Successful,18737.82
PAY02694,ORD02694,2025-07-06,Debit Card,Successful,105612.31
PAY02695,ORD02695,2025-02-11,UPI,Successful,34389.13
PAY02696,ORD02696,2025-10-14,Debit Card,Successful,139604.34
PAY02697,ORD02697,2025-01-23,UPI,Successful,37205.86
PAY02698,ORD02698,2025-08-04,UPI,Successful,134411.82
PAY02699,ORD02699,2025-07-18,Cash on Delivery,Successful,71680.89
PAY02700,ORD02700,2025-11-24,Credit Card,Successful,2124.08
PAY02701,ORD02701,2025-10-19,Credit Card,Successful,193925.49
PAY02702,ORD02702,2025-03-03,UPI,Refunded,140145.68
PAY02703,ORD02703,2025-03-01,Cash on Delivery,Successful,460.35
PAY02704,ORD02704,2025-04-17,Debit Card,Successful,7411.8
PAY02705,ORD02705,2025-08-01,Cash on Delivery,Successful,3208.62
PAY02706,ORD02706,2025-03-09,Credit Card,Successful,8028.9
PAY02707,ORD02707,2025-02-08,Credit Card,Successful,5796.26
PAY02708,ORD02708,2025-07-11,Cash on Delivery,Successful,15312.81
PAY02709,ORD02709,2025-07-26,Credit Card,Successful,4829.87
PAY02710,ORD02710,2025-03-07,Credit Card,Successful,168519.12
PAY02711,ORD02711,2025-11-25,Net Banking,Refunded,153496.28
PAY02712,ORD02712,2025-10-18,Debit Card,Successful,3226.11
PAY02713,ORD02713,2025-10-13,Debit Card,Successful,18327.06
PAY02714,ORD02714,2025-10-24,Debit Card,Successful,9130.77
PAY02715,ORD02715,2025-06-05,Debit Card,Successful,5926.78
PAY02716,ORD02716,2025-10-20,Cash on Delivery,Pending,418.62
PAY02717,ORD02717,2025-11-18,Debit Card,Successful,53057.97
PAY02718,ORD02718,2025-04-12,Debit Card,Successful,69307.92
PAY02719,ORD02719,2025-08-06,Debit Card,Successful,6194.87
PAY02720,ORD02720,2025-06-27,Cash on Delivery,Successful,1504.75
PAY02721,ORD02721,2025-11-18,Net Banking,Successful,20605.06
PAY02722,ORD02722,2025-12-29,Debit Card,Successful,2319.7
PAY02723,ORD02723,2025-10-20,Net Banking,Successful,1429.59
PAY02724,ORD02724,2025-06-27,Debit Card,Successful,163435.64
PAY02725,ORD02725,2025-08-05,Cash on Delivery,Successful,4022.66
PAY02726,ORD02726,2025-05-01,Net Banking,Successful,3227.21
PAY02727,ORD02727,2025-03-10,Debit Card,Successful,64586.72
PAY02728,ORD02728,2025-07-27,Debit Card,Successful,2580.78
PAY02729,ORD02729,2025-02-26,Net Banking,Successful,16569.94
PAY02730,ORD02730,2025-04-15,UPI,Successful,2563.75
PAY02731,ORD02731,2025-02-16,Debit Card,Successful,5975.37
PAY02732,ORD02732,2025-08-06,Debit Card,Successful,19752.87
PAY02733,ORD02733,2025-12-16,Credit Card,Failed,1805.32
PAY02734,ORD02734,2025-09-26,Credit Card,Successful,15871.55
PAY02735,ORD02735,2025-04-26,UPI,Successful,8612.42
PAY02736,ORD02736,2025-08-04,Debit Card,Successful,16068.52
PAY02737,ORD02737,2025-04-09,Credit Card,Successful,27279.51
PAY02738,ORD02738,2025-04-07,Credit Card,Successful,6683.54
PAY02739,ORD02739,2025-08-29,Net Banking,Successful,45872.95
PAY02740,ORD02740,2025-09-09,UPI,Successful,17609.32
PAY02741,ORD02741,2025-07-20,Cash on Delivery,Successful,61645.01
PAY02742,ORD02742,2025-03-27,Debit Card,Pending,12938.85
PAY02743,ORD02743,2025-09-24,Net Banking,Successful,6565.38
PAY02744,ORD02744,2025-01-01,Cash on Delivery,Successful,21296.8
PAY02745,ORD02745,2025-12-30,Debit Card,Successful,19769.05
PAY02746,ORD02746,2025-03-23,Credit Card,Successful,56314.89
PAY02747,ORD02747,2025-01-10,Cash on Delivery,Successful,2331.33
PAY02748,ORD02748,2025-06-07,credit card,Successful,983.36
PAY02749,ORD02749,2025-03-31,UPI,Refunded,44018.74
PAY02750,ORD02750,2025-06-05,UPI,Failed,161729.85
PAY02751,ORD02751,2025-04-16,Credit Card,Successful,188925.89
PAY02752,ORD02752,2025-03-07,Credit Card,Failed,3868.64
PAY02753,ORD02753,2025-06-24,Net Banking,Successful,58093.04
PAY02754,ORD02754,2025-03-01,Cash on Delivery,Successful,57867.31
PAY02755,ORD02755,2025-12-20,Net Banking,Successful,135849.11
PAY02756,ORD02756,2025-01-07,Debit Card,Successful,113449.19
PAY02757,ORD02757,2025-01-02,UPI,Failed,34817.36
PAY02758,ORD02758,2025-12-11,Cash on Delivery,Refunded,28770.79
PAY02759,ORD02759,2025-06-18,Cash on Delivery,Successful,11189.08
PAY02760,ORD02760,2025-03-13,Net Banking,Failed,6318.05
PAY02761,ORD02761,2025-10-15,UPI,Successful,81147.26
PAY02762,ORD02762,2025-11-29,Cash on Delivery,Failed,82364.67
PAY02763,ORD02763,2025-12-30,Cash on Delivery,Successful,48997.65
PAY02764,ORD02764,2025-12-02,Net Banking,Successful,23343.27
PAY02765,ORD02765,2025-02-10,Cash on Delivery,Successful,34331.62
PAY02766,ORD02766,2025-11-05,Debit Card,Successful,4578.79
PAY02767,ORD02767,2025-11-23,Credit Card,Successful,3007.58
PAY02768,ORD02768,2025-07-17,UPI,Successful,58095.28
PAY02769,ORD02769,2025-07-20,UPI ,Failed,4698.21
PAY02770,ORD02770,2025-09-03,Debit Card,Successful,3428.95
PAY02771,ORD02771,2025-02-07,UPI,Failed,4050.34
PAY02772,ORD02772,2025-03-23,Credit Card,Successful,1630.33
PAY02773,ORD02773,2025-10-25,Net Banking,Successful,1029.05
PAY02774,ORD02774,2025-06-22,Credit Card,Successful,7690.64
PAY02775,ORD02775,2025-04-13,Cash on Delivery,Failed,5734.57
PAY02776,ORD02776,2025-11-09,Credit Card,Successful,136564.9
PAY02777,ORD02777,2025-12-08,Debit Card,Failed,63201.27
PAY02778,ORD02778,2025-05-23,Cash on Delivery,Successful,60289.01
PAY02779,ORD02779,2025-09-09,Debit Card,Successful,70714.49
PAY02780,ORD02780,2025-06-26,Net Banking,Successful,13388.92
PAY02781,ORD02781,2025-12-08,Credit Card,Successful,3392.68
PAY02782,ORD02782,2025-12-04,Debit Card,Successful,18003.05
PAY02783,ORD02783,2025-12-30,Credit Card,Successful,132154.89
PAY02784,ORD02784,2025-03-06,UPI,Failed,8292.8
PAY02785,ORD02785,2025-12-19,Cash on Delivery,Successful,23766.2
PAY02786,ORD02786,2025-08-20,UPI,Successful,104552.57
PAY02787,ORD02787,2025-11-20,UPI,Successful,1843.06
PAY02788,ORD02788,2025-05-08,UPI,Successful,10422.44
PAY02789,ORD02789,2025-07-26,Cash on Delivery,Successful,10412.86
PAY02790,ORD02790,2025-10-12,Credit Card,Successful,9583.71
PAY02791,ORD02791,2025-02-04,Debit Card,Successful,3931.79
PAY02792,ORD02792,2025-06-18,UPI,Successful,8580.27
PAY02793,ORD02793,2025-11-15,Credit Card,Successful,42202.08
PAY02794,ORD02794,2025-11-06,Credit Card,Successful,9193.09
PAY02795,ORD02795,02/07/2025,Credit Card,Successful,6824.76
PAY02796,ORD02796,2025-09-16,Debit Card,Successful,6304.09
PAY02797,ORD02797,2025-09-15,UPI,Successful,68530.87
PAY02798,ORD02798,2025-02-07,Debit Card,Successful,6649.97
PAY02799,ORD02799,2025-05-22,UPI,Successful,34993.99
PAY02800,ORD02800,2025-08-15,Credit Card,Successful,3026.07
PAY02801,ORD02801,2025-05-18,Credit Card,Successful,38828.61
PAY02802,ORD02802,2025-05-06,Net Banking,Successful,55167.3
PAY02803,ORD02803,2025-07-29,Net Banking,Successful,5989.71
PAY02804,ORD02804,2025-07-31,Cash on Delivery,Successful,186379.69
PAY02805,ORD02805,2025-09-18,Cash on Delivery,Successful,151660.25
PAY02806,ORD02806,2025-12-27,Cash on Delivery,Pending,198039.47
PAY02807,ORD02807,2025-02-25,Debit Card,Successful,4683.53
PAY02808,ORD02808,2025-12-03,Net Banking,Successful,2665.55
PAY02809,ORD02809,2025-12-08,Cash on Delivery,Successful,15177.77
PAY02810,ORD02810,2025-10-16,Debit Card,Successful,193324.94
PAY02811,ORD02811,2025-05-15,Net Banking,Successful,94291.47
PAY02812,ORD02812,2025-04-08,Debit Card,Failed,7148.85
PAY02813,ORD02813,2025-06-13,Net Banking,Successful,5108.73
PAY02814,ORD02814,2025-07-29,Debit Card,Successful,163069.08
PAY02815,ORD02815,2025-05-02,Credit Card,Successful,8142.79
PAY02816,ORD02816,2025-08-12,Net Banking,Successful,4820.08
PAY02817,ORD02817,2025-01-09,UPI,Pending,3423.43
PAY02818,ORD02818,2025-12-29,Net Banking,Successful,236812.27
PAY02819,ORD02819,2025-12-24,UPI,Successful,6862.55
PAY02820,ORD02820,2025-06-27,Credit Card,Refunded,34073.17
PAY02821,ORD02821,2025-08-16,Cash on Delivery,Successful,22209.84
PAY02822,ORD02822,2025-03-14,Net Banking,Successful,1766.34
PAY02823,ORD02823,2025-12-23,Net Banking,Failed,15343.68
PAY02824,ORD02824,2025-10-30,Credit Card,Successful,3156.52
PAY02825,ORD02825,2025-07-16,Net Banking,Successful,4790.09
PAY02826,ORD02826,2025-10-24,Cash on Delivery,Successful,11234.72
PAY02827,ORD02827,2025-02-14,Credit Card,Successful,2168.7
PAY02828,ORD02828,2025-01-16,Cash on Delivery,Successful,6622.93
PAY02829,ORD02829,2025-02-24,UPI,Successful,41952.26
PAY02830,ORD02830,2025-12-10,UPI,Successful,3024.03
PAY02831,ORD02831,2025-01-18,Debit Card,Refunded,17888.73
PAY02832,ORD02832,2025-09-10,UPI,Successful,20219.13
PAY02833,ORD02833,2025-08-13,Credit Card,Successful,12116.04
PAY02834,ORD02834,2025-12-09,Credit Card,Successful,5802.53
PAY02835,ORD02835,2025-04-25,Cash on Delivery,Successful,29876.35
PAY02836,ORD02836,2025-10-09,Cash on Delivery,Successful,14794.46
PAY02837,ORD02837,2025-02-04,UPI,SUCCESSFUL,98652.03
PAY02838,ORD02838,2025-10-23,Net Banking,Successful,18323.06
PAY02839,ORD02839,2025-07-22,Net Banking,Successful,2835.01
PAY02840,ORD02840,2025-04-23,Credit Card,Successful,3692.46
PAY02841,ORD02841,09/01/2025,Credit Card,Successful,152494.47
PAY02842,ORD02842,2025-04-25,UPI,Successful,75714.09
PAY02843,ORD02843,2025-09-15,Net Banking,Successful,93562.93
PAY02844,ORD02844,2025-07-05,Cash on Delivery,Successful,80993.04
PAY02845,ORD02845,2025-01-01,Credit Card,Successful,2616.65
PAY02846,ORD02846,2025-10-24,Cash on Delivery,Successful,9922.87
PAY02847,ORD02847,2025-06-27,Net Banking,Successful,11275.73
PAY02848,ORD02848,2025-09-09,Net Banking,Successful,168575.54
PAY02849,ORD02849,2025-10-29,Cash on Delivery,Successful,15110.72
PAY02850,ORD02850,2025-09-02,Net Banking,Successful,2848.29
PAY02851,ORD02851,2025-05-14,Credit Card,Successful,10471.4
PAY02852,ORD02852,2025-04-14,Debit Card,Successful,112473.1
PAY02853,ORD02853,2025-02-08,Credit Card,Successful,12533.44
PAY02854,ORD02854,2025-11-02,Net Banking,Successful,5785.09
PAY02855,ORD02855,2025-06-24,Debit Card,Successful,7644.92
PAY02856,ORD02856,2025-10-09,UPI,Failed,6550.24
PAY02857,ORD02857,2025-09-11,Debit Card,Pending,1057.5
PAY02858,ORD02858,2025-12-05,Debit Card,Successful,9905.66
PAY02859,ORD02859,2025-09-22,Net Banking,Successful,7348.96
PAY02860,ORD02860,2025-10-01,Cash on Delivery,Successful,705.94
PAY02861,ORD02861,2025-03-24,Cash on Delivery,Successful,260085.0
PAY02862,ORD02862,2025-02-18,UPI,Successful,3218.74
PAY02863,ORD02863,2025-04-01,Net Banking,Successful,13661.57
PAY02864,ORD02864,2025-03-07,Cash on Delivery,Successful,6842.61
PAY02865,ORD02865,2025-09-11,Credit Card,Pending,20988.62
PAY02866,ORD02866,2025-01-25,Debit Card,Failed,16206.19
PAY02867,ORD02867,2025-10-16,cash on delivery,Successful,77724.58
PAY02868,ORD02868,2025-01-27,Net Banking,Successful,4750.11
PAY02869,ORD02869,2025-02-16,Cash on Delivery,Pending,9043.4
PAY02870,ORD02870,2025-07-17,UPI,Successful,9397.26
PAY02871,ORD02871,2025-11-08,Cash on Delivery,Successful,138239.34
PAY02872,ORD02872,2025-01-21,Cash on Delivery,Successful,16081.91
PAY02873,ORD02873,2025-10-24,Net Banking,Failed,17179.63
PAY02874,ORD02874,2025-01-18,Credit Card,Successful,27330.66
PAY02875,ORD02875,2025-09-23,Debit Card,Successful,5642.2
PAY02876,ORD02876,2025-05-12,Debit Card,Successful,27982.21
PAY02877,ORD02877,2025-12-30,Debit Card,Successful,7934.4
PAY02878,ORD02878,2025-09-12,Credit Card,Successful,9940.31
PAY02879,ORD02879,2025-07-25,Net Banking,Successful,12343.86
PAY02880,ORD02880,2025-04-29,Debit Card,Successful,1804.54
PAY02881,ORD02881,2025-10-11,Debit Card,Successful,25577.16
PAY02882,ORD02882,2025-02-23,Cash on Delivery,Successful,9146.2
PAY02883,ORD02883,2025-10-22,UPI,Successful,24400.39
PAY02884,ORD02884,2025-10-22,Credit Card,Successful,6049.07
PAY02885,ORD02885,2025-02-04,UPI,Successful,72845.8
PAY02886,ORD02886,2025-03-15,,Successful,70272.54
PAY02887,ORD02887,2025-01-07,UPI,Successful,66033.61
PAY02888,ORD02888,2025-03-06,UPI,Failed,54767.65
PAY02889,ORD02889,2025-11-23,Debit Card,Successful,2619.33
PAY02890,ORD02890,2025-07-03,Net Banking,Successful,277981.36
PAY02891,ORD02891,2025-02-23,UPI,Successful,60190.99
PAY02892,ORD02892,2025-12-02,Cash on Delivery,Successful,57647.74
PAY02893,ORD02893,2025-06-30,Cash on Delivery,Successful,11915.47
PAY02894,ORD02894,2025-01-08,Net Banking,Successful,54933.89
PAY02895,ORD02895,2025-03-27,Debit Card,Failed,61179.83
PAY02896,ORD02896,2025-05-25,Debit Card,Successful,9039.42
PAY02897,ORD02897,2025-06-10,Cash on Delivery,Successful,148233.21
PAY02898,ORD02898,2025-11-15,Net Banking,Successful,1865.35
PAY02899,ORD02899,2025-01-19,Net Banking,Refunded,13095.3
PAY02900,ORD02900,2025-03-13,Debit Card,Successful,27139.91
PAY02901,ORD02901,2025-10-05,Credit Card,Refunded,13779.84
PAY02902,ORD02902,2025-12-14,UPI,Successful,20039.2
PAY02903,ORD02903,2025-07-19,Credit Card,Successful,10627.97
PAY02904,ORD02904,2025-11-20,Cash on Delivery,Successful,4334.84
PAY02905,ORD02905,2025-09-26,Cash on Delivery,Successful,102203.21
PAY02906,ORD02906,2025-02-06,Cash on Delivery,Successful,9083.85
PAY02907,ORD02907,2025-01-09,Cash on Delivery,Failed,3954.66
PAY02908,ORD02908,2025-10-16,Cash on Delivery,Successful,21068.32
PAY02909,ORD02909,2025-10-09,Credit Card,Successful,159792.81
PAY02910,ORD02910,2025-08-25,UPI,Successful,52585.05
PAY02911,ORD02911,2025-12-09,Debit Card,Refunded,151513.14
PAY02912,ORD02912,2025-01-11,UPI,Successful,4423.72
PAY02913,ORD02913,2025-09-19,Cash on Delivery,Successful,5637.54
PAY02914,ORD02914,2025-05-03,Debit Card,Successful,8888.67
PAY02915,ORD02915,2025-12-07,Cash on Delivery,Successful,54037.87
PAY02916,ORD02916,2025-12-28,Net Banking,Successful,42960.4
PAY02917,ORD02917,2025-07-17,Debit Card,Successful,5288.91
PAY02918,ORD02918,2025-05-05,Credit Card,Successful,59616.04
PAY02919,ORD02919,2025-01-03,Net Banking,Successful,15399.97
PAY02920,ORD02920,2025-06-28,Credit Card,Successful,150813.6
PAY02921,ORD02921,2025-02-10,Credit Card,Successful,7314.86
PAY02922,ORD02922,2025-03-02,Debit Card,Successful,19606.84
PAY02923,ORD02923,2025-02-23,Debit Card,Successful,51822.36
PAY02924,ORD02924,2025-09-18,Cash on Delivery,Successful,11829.61
PAY02925,ORD02925,2025-06-24,UPI,Successful,64227.77
PAY02926,ORD02926,2025-07-27,Net Banking,Successful,194043.36
PAY02927,ORD02927,2025-02-06,Credit Card,Successful,99845.3
PAY02928,ORD02928,2025-12-27,Credit Card,Failed,9873.92
PAY02929,ORD02929,2025-10-10,Net Banking,Successful,2151.99
PAY02930,ORD02930,2025-01-18,Debit Card,Successful,13156.71
PAY02931,ORD02931,2025-03-21,UPI,Successful,9703.04
PAY02932,ORD02932,2025-06-13,Credit Card,Successful,28570.63
PAY02933,ORD02933,2025-01-18,Debit Card,Successful,88664.76
PAY02934,ORD02934,2025-11-16,UPI,Pending,4921.34
PAY02935,ORD02935,2025-05-02,Cash on Delivery,Failed,79499.12
PAY02936,ORD02936,18/04/2025,UPI,Successful,7949.31
PAY02937,ORD02937,2025-07-13,Net Banking,Successful,28132.12
PAY02938,ORD02938,2025-09-29,Credit Card,Successful,126704.47
PAY02939,ORD02939,2025-11-01,Net Banking,Failed,10847.69
PAY02940,ORD02940,2025-05-17,Debit Card,Pending,2926.36
PAY02941,ORD02941,2025-08-30,Debit Card,Failed,109459.08
PAY02942,ORD02942,2025-07-13,Credit Card,Successful,3041.56
PAY02943,ORD02943,2025-08-27,Net Banking,Successful,52895.33
PAY02944,ORD02944,2025-07-27,Cash on Delivery,Successful,105163.05
PAY02945,ORD02945,2025-08-01,Debit Card,Successful,186096.51
PAY02946,ORD02946,2025-12-24,Credit Card,Successful,4918.23
PAY02947,ORD02947,2025-12-22,UPI,Successful,26144.3
PAY02948,ORD02948,2025-06-11,Debit Card,Successful,6913.03
PAY02949,ORD02949,2025-07-02,UPI,Pending,61766.0
PAY02950,ORD02950,2025-07-01,Debit Card,Successful,16562.38
PAY02951,ORD02951,2025-06-02,Cash on Delivery,Failed,24401.1
PAY02952,ORD02952,2025-09-30,Debit Card,Successful,3925.61
PAY02953,ORD02953,2025-03-13,UPI,Refunded,6800.31
PAY02954,ORD02954,2025-12-02,Credit Card,Successful,4676.14
PAY02955,ORD02955,2025-01-25,Net Banking,Refunded,8477.6
PAY02956,ORD02956,2025-09-24,Cash on Delivery,Successful,79847.42
PAY02957,ORD02957,2025-02-22,Credit Card,Successful,105438.94
PAY02958,ORD02958,2025-08-10,UPI,Successful,23954.27
PAY02959,ORD02959,2025-04-29,Credit Card,Successful,4331.45
PAY02960,ORD02960,2025-02-08,UPI,Successful,1052.77
PAY02961,ORD02961,2025-08-08,UPI,Successful,20572.37
PAY02962,ORD02962,2025-09-11,Net Banking,Successful,4714.22
PAY02963,ORD02963,2025-01-31,Debit Card,Failed,52997.91
PAY02964,ORD02964,2025-09-30,UPI,Successful,123243.05
PAY02965,ORD02965,2025-10-06,Debit Card,Successful,2956.49
PAY02966,ORD02966,2025-04-18,Net Banking,Successful,120866.28
PAY02967,ORD02967,2025-04-25,Credit Card,Successful,247001.76
PAY02968,ORD02968,2025-06-15,Credit Card,Refunded,38271.3
PAY02969,ORD02969,2025-04-01,UPI,Successful,8602.2
PAY02970,ORD02970,2025-06-13,Net Banking,Successful,58946.44
PAY02971,ORD02971,2025-01-27,Net Banking,Successful,2462.59
PAY02972,ORD02972,2025-06-26,Debit Card,Successful,63134.98
PAY02973,ORD02973,2025-12-19,Net Banking,Successful,3915.37
PAY02974,ORD02974,2025-10-04,Debit Card,Successful,28762.34
PAY02975,ORD02975,2025-05-06,UPI,Successful,70051.88
PAY02976,ORD02976,2025-03-12,UPI ,Successful,14045.11
PAY02977,ORD02977,2025-08-20,Cash on Delivery,Successful,19127.08
PAY02978,ORD02978,2025-02-09,UPI,Successful,40658.59
PAY02979,ORD02979,2025-08-29,Debit Card,Successful,8682.48
PAY02980,ORD02980,2025-07-26,Credit Card,Successful,41668.79
PAY02981,ORD02981,2025-10-06,Credit Card,Successful,8677.17
PAY02982,ORD02982,2025-03-27,UPI,Successful,25820.84
PAY02983,ORD02983,2025-08-26,UPI,Successful,7936.49
PAY02984,ORD02984,2025-02-26,Debit Card,Failed,12550.24
PAY02985,ORD02985,2025-12-10,Debit Card,Successful,12961.71
PAY02986,ORD02986,2025-12-19,Credit Card,Successful,45533.31
PAY02987,ORD02987,2025-10-24,Cash on Delivery,Successful,3365.19
PAY02988,ORD02988,2025-09-04,Cash on Delivery,Successful,32369.62
PAY02989,ORD02989,2025-04-21,Credit Card,Successful,6314.33
PAY02990,ORD02990,2025-01-13,Credit Card,Successful,31801.74
PAY02991,ORD02991,2025-06-26,Credit Card,Failed,16734.01
PAY02992,ORD02992,2025-08-29,Debit Card,Successful,55228.14
PAY02993,ORD02993,2025-12-22,Debit Card,Successful,10339.56
PAY02994,ORD02994,2025-09-27,Cash on Delivery,Successful,1747.74
PAY02995,ORD02995,2025-04-07,Cash on Delivery,Successful,12569.74
PAY02996,ORD02996,2025-04-02,Net Banking,Refunded,13314.39
PAY02997,ORD02997,2025-05-24,Credit Card,Successful,4154.44
PAY02998,ORD02998,2025-12-26,Credit Card,Successful,158908.67
PAY02999,ORD02999,2025-09-19,Net Banking,Successful,179824.6
PAY03000,ORD03000,2025-07-20,Credit Card,Successful,63113.91
PAY03001,ORD03001,2025-05-04,Cash on Delivery,Failed,6790.4
PAY03002,ORD03002,2025-05-09,Credit Card,Successful,5252.73
PAY03003,ORD03003,2025-09-14,Cash on Delivery,Successful,15455.51
PAY03004,ORD03004,2025-06-24,Debit Card,Successful,1793.96
PAY03005,ORD03005,2025-02-02,Net Banking,failed,7846.6
PAY03006,ORD03006,2025-06-12,UPI,Successful,3386.25
PAY03007,ORD03007,2025-05-03,Credit Card,Successful,4593.79
PAY03008,ORD03008,2025-01-02,Cash on Delivery,Successful,5897.44
PAY03009,ORD03009,2025-06-27,Debit Card,Successful,14528.3
PAY03010,ORD03010,2025-01-15,Credit Card,Successful,5126.16
PAY03011,ORD03011,2025-09-16,UPI,Successful,205616.67
PAY03012,ORD03012,2025-09-01,Cash on Delivery,Successful,5192.79
PAY03013,ORD03013,2025-12-08,Net Banking,Successful,23158.71
PAY03014,ORD03014,2025-06-07,Cash on Delivery,Successful,5570.57
PAY03015,ORD03015,2025-10-07,Net Banking,Successful,7495.73
PAY03016,ORD03016,2025-08-15,Debit Card,Successful,2494.23
PAY03017,ORD03017,2025-09-15,Net Banking,Successful,21962.74
PAY03018,ORD03018,2025-12-01,Cash on Delivery,Successful,62976.22
PAY03019,ORD03019,2025-04-10,Debit Card,Successful,75116.97
PAY03020,ORD03020,2025-01-31,Cash on Delivery,Successful,190385.15
PAY03021,ORD03021,2025-03-30,Net Banking,Successful,117734.03
PAY03022,ORD03022,2025-10-02,Net Banking,Successful,12408.57
PAY03023,ORD03023,2025-05-30,Debit Card,Successful,10570.2
PAY03024,ORD03024,2025-06-02,Debit Card,Successful,67875.92
PAY03025,ORD03025,2025-01-26,UPI,Failed,7068.19
PAY03026,ORD03026,2025-10-03,Net Banking,Successful,80274.77
PAY03027,ORD03027,2025-01-11,UPI,Successful,58607.45
PAY03028,ORD03028,2025-07-05,Debit Card,Successful,6541.31
PAY03029,ORD03029,2025-04-01,UPI,Successful,1146.43
PAY03030,ORD03030,2025-11-30,Credit Card,Successful,10830.66
PAY03031,ORD03031,2025-07-22,Debit Card,Successful,27238.94
PAY03032,ORD03032,2025-07-21,Debit Card,Successful,6125.51
PAY03033,ORD03033,2025-07-23,Net Banking,Successful,991.63
PAY03034,ORD03034,2025-01-09,Debit Card,Successful,33315.37
PAY03035,ORD03035,2025-07-18,Net Banking,Successful,6980.37
PAY03036,ORD03036,2025-08-29,Net Banking,Successful,5469.18
PAY03037,ORD03037,2025-03-19,Credit Card,Successful,11145.7
PAY03038,ORD03038,2025-05-01,Credit Card,Successful,18359.0
PAY03039,ORD03039,2025-06-09,UPI,Successful,7300.52
PAY03040,ORD03040,2025-09-21,UPI,Successful,36997.85
PAY03041,ORD03041,2025-05-25,Net Banking,Successful,62163.79
PAY03042,ORD03042,2025-11-20,Net Banking,Successful,97406.63
PAY03043,ORD03043,2025-05-03,UPI,Successful,108898.91
PAY03044,ORD03044,2025-12-15,Credit Card,Successful,55319.94
PAY03045,ORD03045,2025-02-18,UPI,Successful,4480.25
PAY03046,ORD03046,2025-07-18,Net Banking,Successful,125030.41
PAY03047,ORD03047,2025-07-12,Net Banking,Successful,2590.09
PAY03048,ORD03048,2025-03-15,Net Banking,Successful,1034.31
PAY03049,ORD03049,2025-07-05,Credit Card,successful,20996.25
PAY03050,ORD03050,2025-02-07,Net Banking,Successful,19594.44
PAY03051,ORD03051,2025-10-01,Credit Card,Successful,8438.69
PAY03052,ORD03052,2025-08-21,Debit Card,Successful,9274.15
PAY03053,ORD03053,2025-03-19,Net Banking,Successful,3836.23
PAY03054,ORD03054,2025-06-30,Cash on Delivery,Successful,39635.86
PAY03055,ORD03055,2025-11-21,Net Banking,Successful,2559.61
PAY03056,ORD03056,2025-06-09,Net Banking,Successful,67676.34
PAY03057,ORD03057,2025-02-10,Credit Card,Successful,6883.52
PAY03058,ORD03058,2025-08-01,Debit Card,Pending,4087.56
PAY03059,ORD03059,2025-12-04,Credit Card,Successful,68300.18
PAY03060,ORD03060,2025-07-19,Debit Card,Successful,38095.37
PAY03061,ORD03061,2025-08-03,Debit Card,Successful,5203.96
PAY03062,ORD03062,2025-11-23,Debit Card,Successful,2687.96
PAY03063,ORD03063,2025-05-15,Net Banking,Successful,110857.13
PAY03064,ORD03064,2025-04-13,,Successful,11936.76
PAY03065,ORD03065,2025-07-14,Cash on Delivery,Successful,3086.63
PAY03066,ORD03066,2025-05-23,UPI,Successful,1728.29
PAY03067,ORD03067,2025-08-02,Debit Card,Successful,3423.02
PAY03068,ORD03068,2025-10-07,Debit Card,Successful,12611.33
PAY03069,ORD03069,2025-06-13,UPI,Successful,2412.27
PAY03070,ORD03070,2025-03-17,Credit Card,Successful,13146.49
PAY03071,ORD03071,2025-06-28,Debit Card,Successful,12538.38
PAY03072,ORD03072,2025-12-16,Cash on Delivery,Successful,5034.44
PAY03073,ORD03073,2025-04-19,Cash on Delivery,Successful,3358.64
PAY03074,ORD03074,2025-10-20,Cash on Delivery,Successful,23004.35
PAY03075,ORD03075,2025-05-17,UPI,Successful,4028.17
PAY03076,ORD03076,2025-01-08,Debit Card,Successful,151944.29
PAY03077,ORD03077,2025-02-04,Net Banking,Failed,35990.39
PAY03078,ORD03078,2025-12-18,Cash on Delivery,Successful,6069.39
PAY03079,ORD03079,2025-11-12,Credit Card,Successful,73890.2
PAY03080,ORD03080,2025-01-13,Credit Card,Successful,22403.88
PAY03081,ORD03081,2025-12-05,Credit Card,Failed,24553.26
PAY03082,ORD03082,2025-06-27,Credit Card,Successful,4649.75
PAY03083,ORD03083,2025-08-06,UPI,Successful,2079.9
PAY03084,ORD03084,2025-02-18,Debit Card,Successful,56983.11
PAY03085,ORD03085,2025-06-23,UPI,Successful,3808.16
PAY03086,ORD03086,2025-12-03,Cash on Delivery,Successful,77284.75
PAY03087,ORD03087,2025-09-13,Credit Card,Pending,7688.07
PAY03088,ORD03088,2025-05-11,Net Banking,Successful,11585.2
PAY03089,ORD03089,2025-06-12,Credit Card ,Successful,68693.12
PAY03090,ORD03090,2025-02-03,Credit Card,Successful,3946.3
PAY03091,ORD03091,2025-10-10,Net Banking,Failed,5875.09
PAY03092,ORD03092,2025-05-30,Net Banking,Pending,15387.75
PAY03093,ORD03093,2025-04-02,Cash on Delivery,Successful,124469.38
PAY03094,ORD03094,2025-04-03,Net Banking,Successful,4405.61
PAY03095,ORD03095,2025-02-06,Net Banking,Successful,1735.88
PAY03096,ORD03096,2025-01-25,UPI,Successful,1428.99
PAY03097,ORD03097,2025-12-15,Credit Card,Successful,43753.64
PAY03098,ORD03098,2025-02-26,UPI,Successful,9787.19
PAY03099,ORD03099,2025-10-08,Cash on Delivery,Successful,73432.22
PAY03100,ORD03100,2025-03-22,Net Banking,Successful,5364.5
PAY03101,ORD03101,2025-08-09,Debit Card,Successful,23923.43
PAY03102,ORD03102,2025-01-24,Net Banking,Successful,2124.11
PAY03103,ORD03103,2025-09-02,Debit Card,Refunded,22191.51
PAY03104,ORD03104,2025-12-31,Cash on Delivery,Successful,13267.96
PAY03105,ORD03105,2025-11-04,Debit Card,Successful,72889.42
PAY03106,ORD03106,2025-11-04,UPI,Successful,4652.47
PAY03107,ORD03107,2025-01-28,Credit Card,Successful,2984.52
PAY03108,ORD03108,2025-07-07,Cash on Delivery,Successful,877.19
PAY03109,ORD03109,2025-09-07,Debit Card,Successful,4367.08
PAY03110,ORD03110,2025-07-23,Credit Card,Successful,76427.49
PAY03111,ORD03111,2025-10-15,UPI,Successful,19689.37
PAY03112,ORD03112,2025-05-25,Debit Card,Successful,2381.35
PAY03113,ORD03113,2025-12-14,Credit Card,Successful,130791.26
PAY03114,ORD03114,2025-11-25,Debit Card,Successful,4137.09
PAY03115,ORD03115,2025-05-12,Net Banking,Successful,242118.61
PAY03116,ORD03116,2025-10-27,Credit Card,Successful,6084.93
PAY03117,ORD03117,2025-03-21,Debit Card,Refunded,257763.39
PAY03118,ORD03118,2025-07-02,Net Banking,Refunded,239772.26
PAY03119,ORD03119,2025-01-10,UPI,Successful,4384.19
PAY03120,ORD03120,2025-01-14,UPI,Successful,1953.16
PAY03121,ORD03121,2025-11-24,Cash on Delivery,Successful,2495.58
PAY03122,ORD03122,2025-05-28,Credit Card,Successful,16596.59
PAY03123,ORD03123,2025-12-02,Net Banking,Successful,4369.45
PAY03124,ORD03124,2025-10-30,Credit Card,Failed,5338.19
PAY03125,ORD03125,2025-09-21,UPI,Successful,55602.16
PAY03126,ORD03126,2025-06-20,Debit Card,Successful,7024.85
PAY03127,ORD03127,10/12/2025,Net Banking,Successful,2533.77
PAY03128,ORD03128,2025-12-05,Debit Card,Successful,10224.2
PAY03129,ORD03129,2025-10-27,Cash on Delivery,Successful,145150.72
PAY03130,ORD03130,2025-03-02,Credit Card,Successful,23495.05
PAY03131,ORD03131,2025-04-19,UPI,Successful,17940.93
PAY03132,ORD03132,2025-03-29,Cash on Delivery,Successful,12178.47
PAY03133,ORD03133,2025-11-11,Net Banking,Successful,4097.49
PAY03134,ORD03134,2025-05-10,Credit Card,Successful,598.21
PAY03135,ORD03135,2025-08-29,Net Banking,Successful,178540.56
PAY03136,ORD03136,2025-10-18,Net Banking,Successful,147882.46
PAY03137,ORD03137,2025-08-30,Net Banking,Failed,134895.8
PAY03138,ORD03138,2025-05-09,UPI,Refunded,4651.25
PAY03139,ORD03139,2025-01-16,Net Banking,Successful,4954.51
PAY03140,ORD03140,2025-07-02,UPI,Successful,92469.07
PAY03141,ORD03141,2025-12-14,Net Banking,Successful,25641.89
PAY03142,ORD03142,2025-09-29,Net Banking,Successful,4957.76
PAY03143,ORD03143,2025-12-12,UPI,Successful,13750.22
PAY03144,ORD03144,2025-09-03,Debit Card,Successful,57457.75
PAY03145,ORD03145,2025-11-03,UPI,Successful,7158.97
PAY03146,ORD03146,2025-07-13,UPI,Successful,2590.54
PAY03147,ORD03147,2025-03-11,Net Banking,Successful,15249.75
PAY03148,ORD03148,2025-07-13,Debit Card,Refunded,8052.14
PAY03149,ORD03149,2025-05-30,Cash on Delivery,Successful,52065.95
PAY03150,ORD03150,2025-02-23,Cash on Delivery,Successful,9776.75
PAY03151,ORD03151,2025-10-13,UPI,Successful,6971.76
PAY03152,ORD03152,2025-01-01,Debit Card,Successful,112869.45
PAY03153,ORD03153,2025-09-22,UPI,Successful,2139.89
PAY03154,ORD03154,2025-09-14,Debit Card,Successful,24509.89
PAY03155,ORD03155,2025-07-02,Debit Card,Successful,1324.93
PAY03156,ORD03156,2025-12-14,Net Banking,Successful,50221.57
PAY03157,ORD03157,2025-01-03,Debit Card,Successful,27579.7
PAY03158,ORD03158,2025-10-25,Credit Card,Successful,3804.55
PAY03159,ORD03159,2025-03-01,Cash on Delivery,Successful,5593.18
PAY03160,ORD03160,2025-03-12,Debit Card,Successful,66287.41
PAY03161,ORD03161,2025-12-29,Credit Card,Successful,5240.19
PAY03162,ORD03162,2025-08-14,Cash on Delivery,Successful,3037.89
PAY03163,ORD03163,2025-12-20,Credit Card,Successful,17983.5
PAY03164,ORD03164,2025-10-15,Credit Card,Successful,3994.06
PAY03165,ORD03165,2025-01-27,Cash on Delivery,Successful,53729.9
PAY03166,ORD03166,2025-08-07,Cash on Delivery,Successful,3578.76
PAY03167,ORD03167,2025-08-29,Credit Card,Refunded,44596.03
PAY03168,ORD03168,2025-08-24,Net Banking,Successful,1741.91
PAY03169,ORD03169,2025-05-14,Net Banking,Failed,5528.54
PAY03170,ORD03170,2025-02-04,UPI,Successful,83732.73
PAY03171,ORD03171,2025-05-05,Cash on Delivery,Successful,6375.18
PAY03172,ORD03172,2025-05-18,Cash on Delivery,Successful,24957.23
PAY03173,ORD03173,2025-09-21,UPI,Successful,47179.68
PAY03174,ORD03174,2025-01-06,UPI,Successful,30912.77
PAY03175,ORD03175,2025-05-04,Cash on Delivery,Successful,2800.9
PAY03176,ORD03176,2025-03-11,Net Banking,Refunded,5498.22
PAY03177,ORD03177,2025-01-22,Credit Card,Successful,8112.85
PAY03178,ORD03178,2025-06-27,Credit Card,Successful,67698.73
PAY03179,ORD03179,2025-11-04,Credit Card,Successful,62029.98
PAY03180,ORD03180,2025-05-02,UPI,Successful,37753.39
PAY03181,ORD03181,2025-02-17,UPI,Successful,25735.05
PAY03182,ORD03182,2025-11-14,Net Banking,failed,66432.5
PAY03183,ORD03183,2025-06-05,credit card,Successful,17579.3
PAY03184,ORD03184,2025-05-20,Net Banking,Refunded,3979.71
PAY03185,ORD03185,2025-04-14,UPI,Failed,110723.04
PAY03186,ORD03186,2025-08-26,Cash on Delivery,Successful,45630.31
PAY03187,ORD03187,2025-10-29,Debit Card,Successful,27199.85
PAY03188,ORD03188,2025-10-22,UPI,Successful,1704.46
PAY03189,ORD03189,2025-10-01,cash on delivery,Successful,16243.14
PAY03190,ORD03190,08-06-2025,Debit Card,Successful,5731.38
PAY03191,ORD03191,2025-06-22,Net Banking,failed,3707.74
PAY03192,ORD03192,2025-08-19,Debit Card,Successful,7511.65
PAY03193,ORD03193,2025-07-17,Net Banking,Successful,40086.21
PAY03194,ORD03194,2025-12-06,Credit Card,Successful,200461.94
PAY03195,ORD03195,2025-01-11,Cash on Delivery,Successful,5730.17
PAY03196,ORD03196,2025-04-16,Credit Card,Successful,14130.58
PAY03197,ORD03197,2025-10-25,Credit Card,Successful,187452.05
PAY03198,ORD03198,2025-09-23,Debit Card,Pending,7948.06
PAY03199,ORD03199,2025-05-31,Credit Card,Successful,131227.2
PAY03200,ORD03200,2025-06-10,Cash on Delivery,Successful,20780.03
PAY03201,ORD03201,2025-04-20,Net Banking,Successful,7609.82
PAY03202,ORD03202,2025-03-24,Cash on Delivery,Successful,31862.14
PAY03203,ORD03203,2025-12-05,Credit Card,Successful,11687.37
PAY03204,ORD03204,2025-12-05,Cash on Delivery,Successful,24838.49
PAY03205,ORD03205,2025-12-13,Cash on Delivery,Refunded,72296.37
PAY03206,ORD03206,2025-10-23,Credit Card,Successful,10830.65
PAY03207,ORD03207,2025-07-18,Credit Card,Successful,12289.05
PAY03208,ORD03208,2025-08-25,Net Banking,Successful,30453.58
PAY03209,ORD03209,2025-07-30,Net Banking,Successful,36372.0
PAY03210,ORD03210,2025-02-05,UPI,Successful,5258.99
PAY03211,ORD03211,2025-05-16,Credit Card,Successful,20560.77
PAY03212,ORD03212,2025-08-14,Credit Card,Successful,1148.98
PAY03213,ORD03213,2025-08-19,Credit Card,Successful,50670.74
PAY03214,ORD03214,2025-07-17,Credit Card,Successful,40041.52
PAY03215,ORD03215,2025-12-22,UPI,Successful,4272.68
PAY03216,ORD03216,2025-02-04,Net Banking,Successful,22645.43
PAY03217,ORD03217,2025-10-28,Cash on Delivery,Successful,1451.77
PAY03218,ORD03218,2025-09-09,UPI,Successful,7671.97
PAY03219,ORD03219,2025-11-16,Cash on Delivery,Failed,2289.51
PAY03220,ORD03220,2025-09-18,Net Banking,Successful,7801.57
PAY03221,ORD03221,2025-05-13,UPI,Successful,6088.47
PAY03222,ORD03222,2025-02-02,Debit Card,Successful,14065.35
PAY03223,ORD03223,2025-01-14,Debit Card,Successful,4595.49
PAY03224,ORD03224,2025-05-30,Net Banking,Successful,2442.83
PAY03225,ORD03225,2025-12-13,Cash on Delivery,Successful,5997.26
PAY03226,ORD03226,2025-07-08,Net Banking,Successful,79472.57
PAY03227,ORD03227,2025-04-27,Cash on Delivery,Successful,2346.44
PAY03228,ORD03228,2025-04-20,Cash on Delivery,Successful,101332.24
PAY03229,ORD03229,2025-04-15,Cash on Delivery,Successful,21479.43
PAY03230,ORD03230,2025-06-14,Cash on Delivery,Successful,12828.05
PAY03231,ORD03231,2025-07-26,UPI,Successful,2765.5
PAY03232,ORD03232,2025-09-10,Net Banking,Successful,50034.24
PAY03233,ORD03233,2025-11-15,Debit Card,Successful,51311.04
PAY03234,ORD03234,2025-10-08,UPI,Refunded,1855.95
PAY03235,ORD03235,2025-05-19,Debit Card,Successful,65747.0
PAY03236,ORD03236,2025-01-02,Credit Card,Successful,60691.34
PAY03237,ORD03237,2025-05-20,Debit Card,Successful,4594.08
PAY03238,ORD03238,2025-07-09,Cash on Delivery,Successful,17406.42
PAY03239,ORD03239,2025-03-18,Credit Card ,Successful,62494.61
PAY03240,ORD03240,2025-01-27,Debit Card,Refunded,2074.3
PAY03241,ORD03241,2025-06-09,Credit Card,Pending,110668.85
PAY03242,ORD03242,2025-08-16,Debit Card,Successful,98127.78
PAY03243,ORD03243,2025-09-06,Cash on Delivery,Successful,8141.63
PAY03244,ORD03244,2025-07-30,Debit Card,Successful,65868.92
PAY03245,ORD03245,2025-04-01,Debit Card,Refunded,64254.47
PAY03246,ORD03246,2025-09-15,Cash on Delivery,Failed,14834.35
PAY03247,ORD03247,2025-06-06,UPI,Successful,12200.4
PAY03248,ORD03248,2025-04-16,Credit Card,Successful,20628.81
PAY03249,ORD03249,2025-05-13,Credit Card,Successful,7491.18
PAY03250,ORD03250,2025-10-22,Cash on Delivery,Refunded,113587.01
PAY03251,ORD03251,2025-03-18,Cash on Delivery,Successful,190875.7
PAY03252,ORD03252,2025-11-25,Debit Card,Successful,2896.52
PAY03253,ORD03253,2025-12-20,UPI,Successful,11284.39
PAY03254,ORD03254,2025-07-28,Cash on Delivery,Successful,2712.85
PAY03255,ORD03255,2025-05-22,Cash on Delivery,Successful,7635.2
PAY03256,ORD03256,2025-09-18,Credit Card ,Successful,17645.15
PAY03257,ORD03257,2025-12-26,Net Banking,Failed,57745.61
PAY03258,ORD03258,2025-12-08,cash on delivery,Successful,680.82
PAY03259,ORD03259,2025-01-31,Net Banking,Refunded,169332.59
PAY03260,ORD03260,2025-04-07,UPI,Successful,1004.43
PAY03261,ORD03261,2025-07-01,Credit Card,Failed,13389.98
PAY03262,ORD03262,2025-01-29,Debit Card,Successful,2777.72
PAY03263,ORD03263,2025-08-24,Credit Card,Successful,1744.24
PAY03264,ORD03264,2025-06-15,cash on delivery,Successful,8052.56
PAY03265,ORD03265,2025-01-02,UPI,Successful,2359.32
PAY03266,ORD03266,2025-09-01,Credit Card,Successful,14827.33
PAY03267,ORD03267,2025-12-25,UPI,Successful,69216.29
PAY03268,ORD03268,2025-02-01,Cash on Delivery,Successful,10342.34
PAY03269,ORD03269,2025-07-13,UPI,Successful,6844.82
PAY03270,ORD03270,2025-05-31,UPI,Successful,1328.88
PAY03271,ORD03271,2025-02-20,UPI,Successful,1795.39
PAY03272,ORD03272,2025-09-11,Net Banking,Successful,3241.61
PAY03273,ORD03273,2025-03-17,Cash on Delivery,Successful,116953.34
PAY03274,ORD03274,2025-08-13,Cash on Delivery,Successful,4348.07
PAY03275,ORD03275,2025-08-18,UPI,Successful,2877.16
PAY03276,ORD03276,2025-02-22,Debit Card,Successful,114257.67
PAY03277,ORD03277,2025-04-20,Credit Card ,Refunded,212922.8
PAY03278,ORD03278,2025-01-05,Debit Card,Successful,113909.03
PAY03279,ORD03279,2025-04-02,Net Banking,Refunded,12189.99
PAY03280,ORD03280,2025-03-22,Debit Card,Successful,58469.21
PAY03281,ORD03281,2025-01-13,UPI,Failed,85977.64
PAY03282,ORD03282,2025-04-18,Cash on Delivery,Successful,49830.26
PAY03283,ORD03283,2025-11-19,Debit Card,Successful,12218.11
PAY03284,ORD03284,2025-07-28,Debit Card,Successful,7784.54
PAY03285,ORD03285,2025-03-11,Credit Card,Successful,22906.09
PAY03286,ORD03286,2025-01-18,Cash on Delivery,Successful,11742.89
PAY03287,ORD03287,2025-06-09,Net Banking,Successful,5168.49
PAY03288,ORD03288,2025-07-22,Cash on Delivery,Successful,34384.42
PAY03289,ORD03289,2025-10-22,Credit Card,Successful,63223.78
PAY03290,ORD03290,2025-09-19,Credit Card,Successful,7983.55
PAY03291,ORD03291,2025-05-20,Credit Card,Successful,5485.91
PAY03292,ORD03292,2025-06-21,Debit Card,Successful,176064.76
PAY03293,ORD03293,2025-05-25,UPI,Successful,51521.93
PAY03294,ORD03294,2025-09-20,Debit Card,Successful,9969.0
PAY03295,ORD03295,2025-12-16,UPI,Successful,20048.51
PAY03296,ORD03296,2025-11-14,Cash on Delivery,Successful,143232.22
PAY03297,ORD03297,2025-12-22,Debit Card,Successful,20110.96
PAY03298,ORD03298,2025-12-30,Cash on Delivery,successful,5641.37
PAY03299,ORD03299,2025-01-17,Net Banking,Failed,2620.78
PAY03300,ORD03300,2025-07-21,Credit Card,Successful,5174.15
PAY03301,ORD03301,2025-05-12,Debit Card,Successful,80714.94
PAY03302,ORD03302,2025-04-26,Credit Card,Successful,24842.83
PAY03303,ORD03303,2025-03-21,Cash on Delivery,Successful,45605.53
PAY03304,ORD03304,2025-12-31,Cash on Delivery,Successful,15914.29
PAY03305,ORD03305,2025-08-13,Credit Card,Successful,31691.39
PAY03306,ORD03306,2025-06-15,Cash on Delivery,Successful,11325.91
PAY03307,ORD03307,2025-06-16,Debit Card,Successful,7320.61
PAY03308,ORD03308,2025-05-23,Debit Card,Successful,3250.64
PAY03309,ORD03309,2025-12-21,Credit Card,Successful,35115.32
PAY03310,ORD03310,2025-05-23,UPI,Successful,61922.39
PAY03311,ORD03311,2025-04-25,Credit Card,Refunded,11807.43
PAY03312,ORD03312,2025-09-14,Cash on Delivery,Pending,6932.58
PAY03313,ORD03313,2025-02-07,UPI,Successful,128323.27
PAY03314,ORD03314,2025-12-07,Net Banking,Successful,6857.36
PAY03315,ORD03315,2025-10-11,UPI,Successful,21354.99
PAY03316,ORD03316,2025-09-23,Debit Card,Successful,40578.57
PAY03317,ORD03317,2025-08-20,Net Banking,Successful,13977.38
PAY03318,ORD03318,2025-03-01,Cash on Delivery,Successful,4245.26
PAY03319,ORD03319,2025-08-16,Net Banking,Successful,36307.24
PAY03320,ORD03320,2025-07-17,Credit Card,Successful,52114.66
PAY03321,ORD03321,2025-06-20,UPI,Successful,31319.49
PAY03322,ORD03322,2025-07-29,cash on delivery,Successful,58819.63
PAY03323,ORD03323,2025-03-03,Net Banking,Successful,64003.33
PAY03324,ORD03324,2025-01-06,UPI,Refunded,4677.13
PAY03325,ORD03325,2025-12-07,Cash on Delivery,Successful,24678.22
PAY03326,ORD03326,2025-01-05,Credit Card,Successful,8540.92
PAY03327,ORD03327,2025-11-15,Cash on Delivery,Successful,1532.44
PAY03328,ORD03328,2025-10-15,Debit Card,Successful,1432.9
PAY03329,ORD03329,2025-09-10,Debit Card,Successful,2196.65
PAY03330,ORD03330,2025-02-17,Cash on Delivery,Successful,26966.2
PAY03331,ORD03331,2025-06-25,Net Banking,Failed,225191.31
PAY03332,ORD03332,2025-10-26,UPI,Refunded,68032.89
PAY03333,ORD03333,2025-10-29,Debit Card,Successful,114437.46
PAY03334,ORD03334,2025-06-12,Net Banking,Successful,4713.23
PAY03335,ORD03335,2025-11-02,Cash on Delivery,Successful,33480.46
PAY03336,ORD03336,07/05/2025,Debit Card,Successful,15332.84
PAY03337,ORD03337,2025-01-13,UPI,Successful,69576.05
PAY03338,ORD03338,2025-11-28,Cash on Delivery,Successful,1780.05
PAY03339,ORD03339,2025-12-07,Net Banking,Successful,36525.25
PAY03340,ORD03340,2025-07-07,Debit Card,Successful,206879.28
PAY03341,ORD03341,2025-10-28,Net Banking,Successful,71393.21
PAY03342,ORD03342,2025-12-22,Credit Card,Successful,6479.65
PAY03343,ORD03343,2025-10-27,Cash on Delivery,Successful,4433.8
PAY03344,ORD03344,2025-09-24,Credit Card,Successful,1555.61
PAY03345,ORD03345,21/06/2025,UPI,Successful,2177.59
PAY03346,ORD03346,2025-03-30,Credit Card,Successful,4828.83
PAY03347,ORD03347,2025-05-17,UPI,Successful,13283.62
PAY03348,ORD03348,2025-06-21,Debit Card,successful,24572.37
PAY03349,ORD03349,2025-12-09,Debit Card,Successful,11185.91
PAY03350,ORD03350,2025-08-05,Cash on Delivery,Failed,66838.35
PAY03351,ORD03351,2025-02-27,cash on delivery,Successful,2236.03
PAY03352,ORD03352,2025-08-02,Cash on Delivery,Successful,2406.73
PAY03353,ORD03353,2025-07-23,Cash on Delivery,Successful,33843.79
PAY03354,ORD03354,2025-02-09,Net Banking,Successful,140298.96
PAY03355,ORD03355,2025-12-25,Net Banking,Successful,26850.76
PAY03356,ORD03356,2025-05-08,Net Banking,Successful,3085.08
PAY03357,ORD03357,2025-03-07,Debit Card,Failed,122662.09
PAY03358,ORD03358,2025-08-19,UPI,Successful,8079.39
PAY03359,ORD03359,2025-02-18,Credit Card,Successful,28790.68
PAY03360,ORD03360,2025-05-19,Debit Card,Successful,12643.63
PAY03361,ORD03361,2025-03-27,UPI,Successful,3315.53
PAY03362,ORD03362,2025-02-07,Net Banking,Successful,11485.25
PAY03363,ORD03363,2025-10-02,UPI,Successful,804.17
PAY03364,ORD03364,2025-10-12,Net Banking,Successful,67058.39
PAY03365,ORD03365,2025-05-07,Debit Card,Successful,125750.65
PAY03366,ORD03366,2025-10-11,Debit Card,Failed,2814.42
PAY03367,ORD03367,2025-03-11,Debit Card,Successful,13615.9
PAY03368,ORD03368,2025-02-26,Net Banking,Successful,179595.78
PAY03369,ORD03369,2025-05-08,Credit Card,Successful,7398.61
PAY03370,ORD03370,2025-09-24,Credit Card,Successful,61067.57
PAY03371,ORD03371,2025-09-21,Debit Card,Successful,4208.65
PAY03372,ORD03372,2025-11-08,Credit Card,Successful,5905.81
PAY03373,ORD03373,2025-12-02,Net Banking,Successful,14923.83
PAY03374,ORD03374,2025-10-07,Credit Card,Successful,11382.89
PAY03375,ORD03375,2025-01-09,Credit Card,Successful,16181.13
PAY03376,ORD03376,2025-05-25,Debit Card,Refunded,70869.13
PAY03377,ORD03377,2025-06-24,Credit Card,Successful,11671.71
PAY03378,ORD03378,2025-02-27,Cash on Delivery,Failed,13882.89
PAY03379,ORD03379,2025-06-23,Debit Card,Successful,5959.15
PAY03380,ORD03380,2025-06-24,UPI,Failed,29753.73
PAY03381,ORD03381,2025-12-03,Debit Card,Successful,7485.5
PAY03382,ORD03382,2025-10-30,UPI,Successful,4446.85
PAY03383,ORD03383,2025-02-24,UPI,Pending,3470.92
PAY03384,ORD03384,2025-02-05,Credit Card,Successful,7801.9
PAY03385,ORD03385,2025-12-26,Cash on Delivery,Successful,19088.62
PAY03386,ORD03386,2025-06-05,Net Banking,Successful,10166.38
PAY03387,ORD03387,2025-03-12,Cash on Delivery,Successful,63289.24
PAY03388,ORD03388,2025-03-24,Net Banking,Successful,12577.79
PAY03389,ORD03389,2025-08-18,Cash on Delivery,Successful,3327.17
PAY03390,ORD03390,2025-03-15,Cash on Delivery,failed,20010.54
PAY03391,ORD03391,2025-03-18,Credit Card,Refunded,5205.21
PAY03392,ORD03392,2025-10-17,Net Banking,Successful,13172.41
PAY03393,ORD03393,2025-07-23,Credit Card,Pending,16171.32
PAY03394,ORD03394,2025-01-27,Net Banking,Successful,9489.19
PAY03395,ORD03395,2025-11-15,UPI,Successful,2368.93
PAY03396,ORD03396,2025-05-15,UPI,Successful,67426.89
PAY03397,ORD03397,2025-11-03,Net Banking,Successful,11431.86
PAY03398,ORD03398,2025-07-19,UPI,Successful,3596.01
PAY03399,ORD03399,2025-03-18,Cash on Delivery,Successful,7465.93
PAY03400,ORD03400,2025-04-25,Net Banking,Successful,8167.8
PAY03401,ORD03401,2025-08-10,Credit Card,Successful,28752.85
PAY03402,ORD03402,2025-12-18,Debit Card,Successful,9094.69
PAY03403,ORD03403,2025-03-03,Cash on Delivery,Successful,96561.98
PAY03404,ORD03404,2025-07-20,Credit Card,Successful,7456.02
PAY03405,ORD03405,2025-09-20,Cash on Delivery,Successful,3139.95
PAY03406,ORD03406,2025-04-19,Debit Card,Successful,28931.48
PAY03407,ORD03407,2025-10-22,Debit Card,Successful,6024.98
PAY03408,ORD03408,2025-01-30,UPI,Successful,4279.6
PAY03409,ORD03409,2025-09-14,Cash on Delivery,Successful,2711.4
PAY03410,ORD03410,2025-05-29,UPI,Failed,9260.02
PAY03411,ORD03411,2025-07-23,Net Banking,Successful,27529.21
PAY03412,ORD03412,2025-01-21,Cash on Delivery,Successful,2300.47
PAY03413,ORD03413,2025-03-15,Debit Card,Refunded,12964.6
PAY03414,ORD03414,2025-06-15,Net Banking,Successful,8966.67
PAY03415,ORD03415,2025-03-07,Credit Card,Successful,708.0
PAY03416,ORD03416,2025-08-30,UPI,Successful,56541.56
PAY03417,ORD03417,2025-10-10,Debit Card,Successful,5703.52
PAY03418,ORD03418,2025-05-11,Credit Card,Successful,29695.03
PAY03419,ORD03419,2025-07-31,Debit Card,Successful,1964.62
PAY03420,ORD03420,2025-12-09,UPI,Successful,1616.84
PAY03421,ORD03421,2025-07-05,Cash on Delivery,Successful,53676.42
PAY03422,ORD03422,2025-06-14,Debit Card,Successful,1859.02
PAY03423,ORD03423,2025-03-02,UPI,Successful,135345.79
PAY03424,ORD03424,2025-12-19,Net Banking,Successful,26886.05
PAY03425,ORD03425,2025-04-13,Net Banking,Successful,97305.52
PAY03426,ORD03426,2025-06-09,Cash on Delivery,Successful,10477.53
PAY03427,ORD03427,2025-04-23,Cash on Delivery,Successful,28987.6
PAY03428,ORD03428,2025-11-21,UPI,Successful,19023.83
PAY03429,ORD03429,2025-12-12,Cash on Delivery,Successful,99258.78
PAY03430,ORD03430,2025-09-21,UPI,Successful,3166.17
PAY03431,ORD03431,2025-10-17,UPI,Successful,15337.51
PAY03432,ORD03432,2025-03-05,UPI,Successful,8526.97
PAY03433,ORD03433,2025-01-08,Credit Card,Successful,8325.03
PAY03434,ORD03434,2025-07-10,Cash on Delivery,Successful,1531.93
PAY03435,ORD03435,2025-04-02,Debit Card,Successful,12857.94
PAY03436,ORD03436,2025-08-01,Debit Card,Successful,129743.42
PAY03437,ORD03437,2025-08-12,UPI,Failed,174130.36
PAY03438,ORD03438,2025-03-13,Net Banking,Successful,2437.05
PAY03439,ORD03439,2025-10-03,Cash on Delivery,Successful,108590.36
PAY03440,ORD03440,2025-03-31,Net Banking,Successful,62424.13
PAY03441,ORD03441,2025-04-29,Debit Card,Successful,215118.09
PAY03442,ORD03442,2025-09-30,Debit Card,Successful,6926.51
PAY03443,ORD03443,2025-12-27,Debit Card,Successful,6816.02
PAY03444,ORD03444,2025-06-23,Net Banking,Successful,8414.08
PAY03445,ORD03445,2025-10-15,Cash on Delivery,Pending,61606.32
PAY03446,ORD03446,2025-03-24,Credit Card,Successful,20928.67
PAY03447,ORD03447,2025-01-10,Cash on Delivery,Successful,74927.68
PAY03448,ORD03448,2025-09-12,Cash on Delivery,Successful,8803.73
PAY03449,ORD03449,2025-08-04,Cash on Delivery,Successful,1035.08
PAY03450,ORD03450,2025-06-01,Cash on Delivery,Successful,2529.26
PAY03451,ORD03451,2025-03-10,UPI,Successful,17850.84
PAY03452,ORD03452,2025-12-05,Debit Card,Pending,6570.32
PAY03453,ORD03453,2025-05-27,Debit Card,Successful,10357.62
PAY03454,ORD03454,2025-04-25,Cash on Delivery,Successful,3016.6
PAY03455,ORD03455,2025-12-08,Net Banking,Successful,1392.19
PAY03456,ORD03456,2025-02-18,Cash on Delivery,Failed,3482.26
PAY03457,ORD03457,2025-12-23,Credit Card,Successful,3238.14
PAY03458,ORD03458,2025-01-16,Cash on Delivery,Pending,2135.91
PAY03459,ORD03459,2025-04-06,Debit Card,Successful,5713.31
PAY03460,ORD03460,2025-09-28,Credit Card,Successful,46298.7
PAY03461,ORD03461,2025-08-28,Debit Card,Successful,9852.58
PAY03462,ORD03462,2025-08-06,Debit Card,Successful,54107.32
PAY03463,ORD03463,2025-05-12,Credit Card,Successful,301864.09
PAY03464,ORD03464,2025-11-27,UPI,Successful,67352.16
PAY03465,ORD03465,2025-01-27,Net Banking,Refunded,16117.72
PAY03466,ORD03466,2025-02-10,Net Banking,Failed,95577.66
PAY03467,ORD03467,2025-06-01,Cash on Delivery,Successful,119342.81
PAY03468,ORD03468,2025-04-28,Credit Card,Successful,3583.1
PAY03469,ORD03469,2025-05-07,Credit Card,Refunded,1686.66
PAY03470,ORD03470,2025-10-13,Debit Card,Successful,1691.27
PAY03471,ORD03471,2025-01-10,Debit Card,Successful,3035.73
PAY03472,ORD03472,2025-08-17,Debit Card,Successful,333419.97
PAY03473,ORD03473,2025-11-14,Credit Card,Successful,6384.02
PAY03474,ORD03474,2025-11-26,,Successful,3630.34
PAY03475,ORD03475,2025-05-25,UPI,Successful,8381.4
PAY03476,ORD03476,2025-06-16,Net Banking,Successful,2606.81
PAY03477,ORD03477,2025-04-26,Credit Card,Successful,7363.27
PAY03478,ORD03478,2025-03-10,Net Banking,Successful,3355.47
PAY03479,ORD03479,2025-07-04,Debit Card,Pending,39783.31
PAY03480,ORD03480,2025-09-02,Credit Card,Successful,832.95
PAY03481,ORD03481,2025-08-22,Net Banking,Successful,1856.71
PAY03482,ORD03482,2025-07-05,Debit Card,Successful,6203.42
PAY03483,ORD03483,2025-01-25,Cash on Delivery,Successful,3889.5
PAY03484,ORD03484,2025-12-04,Credit Card,Successful,35519.98
PAY03485,ORD03485,2025-06-26,Net Banking,Successful,3807.08
PAY03486,ORD03486,2025-02-21,Cash on Delivery,Successful,10828.42
PAY03487,ORD03487,2025-06-08,Net Banking,Successful,28435.89
PAY03488,ORD03488,2025-04-27,Net Banking,Refunded,81898.29
PAY03489,ORD03489,2025-04-08,Credit Card,Successful,65046.75
PAY03490,ORD03490,2025-10-26,Debit Card,Successful,11351.71
PAY03491,ORD03491,2025-09-08,Debit Card,Successful,122897.59
PAY03492,ORD03492,2025-06-02,UPI,Successful,3340.45
PAY03493,ORD03493,2025-12-08,Net Banking,Successful,2371.24
PAY03494,ORD03494,2025-06-19,Cash on Delivery,Failed,115005.13
PAY03495,ORD03495,2025-10-14,UPI,Successful,5374.58
PAY03496,ORD03496,2025-12-06,Net Banking,Successful,44893.66
PAY03497,ORD03497,2025-06-09,Debit Card,Successful,219421.87
PAY03498,ORD03498,2025-01-29,Debit Card,Successful,11375.9
PAY03499,ORD03499,2025-12-26,Credit Card,Refunded,8995.99
PAY03500,ORD03500,2025-12-16,Net Banking,Successful,9068.64
PAY03501,ORD03501,2025-09-27,UPI,Successful,3145.17
PAY03502,ORD03502,2025-03-08,Debit Card,Failed,5141.93
PAY03503,ORD03503,2025-03-18,Credit Card,Successful,4946.97
PAY03504,ORD03504,2025-07-28,Debit Card,Successful,93868.61
PAY03505,ORD03505,2025-12-31,Cash on Delivery,Failed,6738.66
PAY03506,ORD03506,2025-10-31,Cash on Delivery,Successful,291450.17
PAY03507,ORD03507,2025-08-16,Debit Card,Failed,14651.86
PAY03508,ORD03508,2025-09-26,Credit Card,Failed,1403.02
PAY03509,ORD03509,2025-09-24,Net Banking,Successful,101159.01
PAY03510,ORD03510,2025-09-22,Debit Card,Successful,5248.28
PAY03511,ORD03511,2025-08-01,Debit Card,Successful,3053.04
PAY03512,ORD03512,2025-04-26,UPI,Successful,7527.67
PAY03513,ORD03513,2025-11-13,Credit Card,Refunded,16057.95
PAY03514,ORD03514,2025-11-23,UPI,Successful,3955.26
PAY03515,ORD03515,2025-03-11,Debit Card,Refunded,12892.31
PAY03516,ORD03516,2025-02-28,UPI,Refunded,88268.39
PAY03517,ORD03517,2025-06-21,Cash on Delivery,Pending,63860.43
PAY03518,ORD03518,2025-03-30,UPI,Successful,121962.75
PAY03519,ORD03519,2025-11-19,Debit Card,Successful,1752.7
PAY03520,ORD03520,2025-11-13,,Successful,127837.42
PAY03521,ORD03521,2025-04-20,Debit Card,Successful,127603.17
PAY03522,ORD03522,2025-10-20,Debit Card,Successful,26644.86
PAY03523,ORD03523,2025-07-25,Credit Card,Failed,2228.76
PAY03524,ORD03524,2025-09-16,UPI,Successful,106651.33
PAY03525,ORD03525,2025-06-30,Cash on Delivery,Successful,1161.19
PAY03526,ORD03526,2025-11-15,Cash on Delivery,Successful,3274.48
PAY03527,ORD03527,2025-10-19,Cash on Delivery,Successful,60501.48
PAY03528,ORD03528,2025-10-11,Cash on Delivery,Successful,10606.55
PAY03529,ORD03529,2025-03-11,Debit Card,Successful,2583.03
PAY03530,ORD03530,2025-10-09,Cash on Delivery,Refunded,1552.74
PAY03531,ORD03531,2025-01-12,Debit Card,Successful,5952.74
PAY03532,ORD03532,2025-05-11,UPI,Successful,6433.37
PAY03533,ORD03533,2025-07-28,Credit Card,Failed,8823.45
PAY03534,ORD03534,2025-11-02,Cash on Delivery,Successful,523.66
PAY03535,ORD03535,2025-04-04,UPI,Successful,24806.82
PAY03536,ORD03536,2025-06-14,UPI,Successful,20038.31
PAY03537,ORD03537,2025-10-28,UPI,Successful,17312.84
PAY03538,ORD03538,2025-05-10,UPI,Successful,81917.43
PAY03539,ORD03539,2025-10-17,Debit Card,Refunded,123638.39
PAY03540,ORD03540,2025-08-16,Cash on Delivery,Successful,2693.53
PAY03541,ORD03541,2025-12-06,Net Banking,Successful,8538.94
PAY03542,ORD03542,2025-01-01,Debit Card,Refunded,185666.39
PAY03543,ORD03543,2025-11-20,Credit Card,Successful,1617.08
PAY03544,ORD03544,2025-12-22,Debit Card,Successful,8748.52
PAY03545,ORD03545,2025-05-20,Cash on Delivery,Successful,13264.62
PAY03546,ORD03546,2025-09-05,UPI,Failed,9860.28
PAY03547,ORD03547,2025-12-21,UPI,Successful,4272.75
PAY03548,ORD03548,2025-08-05,UPI,Successful,3294.09
PAY03549,ORD03549,2025-11-14,Net Banking,Successful,3051.98
PAY03550,ORD03550,2025-04-12,Cash on Delivery,Successful,10883.53
PAY03551,ORD03551,2025-02-28,Debit Card,Successful,25261.3
PAY03552,ORD03552,2025-10-28,UPI,Successful,65252.31
PAY03553,ORD03553,2025-06-19,Cash on Delivery,Successful,20795.16
PAY03554,ORD03554,2025-12-01,Credit Card,Successful,15211.42
PAY03555,ORD03555,2025-04-16,Credit Card,Successful,7743.46
PAY03556,ORD03556,2025-06-17,Credit Card,refunded,3164.86
PAY03557,ORD03557,2025-08-26,UPI,Successful,7474.79
PAY03558,ORD03558,2025-12-15,Cash on Delivery,Successful,9812.24
PAY03559,ORD03559,2025-08-16,Credit Card,Successful,3768.78
PAY03560,ORD03560,2025-03-08,Debit Card,Successful,61289.41
PAY03561,ORD03561,2025-09-30,Credit Card,Successful,3960.98
PAY03562,ORD03562,2025-01-25,Net Banking,Successful,8537.23
PAY03563,ORD03563,2025-01-05,Cash on Delivery,Successful,7327.42
PAY03564,ORD03564,2025-08-13,Upi,Successful,106537.1
PAY03565,ORD03565,2025-05-12,Net Banking,Successful,102896.32
PAY03566,ORD03566,2025-09-02,Cash on Delivery,Successful,26978.3
PAY03567,ORD03567,2025-09-19,Cash on Delivery,Successful,16146.55
PAY03568,ORD03568,2025-02-13,Net Banking,Failed,10889.55
PAY03569,ORD03569,2025-11-02,Credit Card,Successful,9998.67
PAY03570,ORD03570,2025-05-16,Debit Card,Successful,16356.08
PAY03571,ORD03571,2025-12-29,Cash on Delivery,Successful,58111.79
PAY03572,ORD03572,2025-09-12,Net Banking,Failed,106179.74
PAY03573,ORD03573,2025-08-31,Cash on Delivery,Successful,55568.75
PAY03574,ORD03574,2025-08-24,Cash on Delivery,Successful,4716.04
PAY03575,ORD03575,2025-05-29,Credit Card,Pending,7611.31
PAY03576,ORD03576,08/07/2025,UPI,Successful,9546.46
PAY03577,ORD03577,2025-09-14,UPI,Failed,92437.18
PAY03578,ORD03578,2025-01-26,Debit Card,Successful,237491.28
PAY03579,ORD03579,2025-06-28,Credit Card,Pending,870.11
PAY03580,ORD03580,2025-07-18,Cash on Delivery,Successful,18241.49
PAY03581,ORD03581,2025-03-15,Credit Card,Successful,4243.84
PAY03582,ORD03582,2025-09-30,Debit Card,Successful,56870.66
PAY03583,ORD03583,2025-09-08,Credit Card,Successful,20918.43
PAY03584,ORD03584,2025-01-06,Credit Card,Successful,34477.39
PAY03585,ORD03585,2025-02-17,UPI,Pending,12900.89
PAY03586,ORD03586,2025-12-05,Credit Card,Successful,25688.39
PAY03587,ORD03587,2025-09-25,Cash on Delivery,Failed,1962.31
PAY03588,ORD03588,2025-12-01,Cash on Delivery,Successful,1101.48
PAY03589,ORD03589,2025-08-25,Net Banking,Successful,64361.1
PAY03590,ORD03590,2025-08-01,Debit Card,Pending,149630.06
PAY03591,ORD03591,2025-04-04,Cash on Delivery,Failed,3800.29
PAY03592,ORD03592,2025-02-15,UPI,Successful,71098.46
PAY03593,ORD03593,2025-12-24,Net Banking,Successful,2155.95
PAY03594,ORD03594,2025-04-15,Net Banking,Failed,39568.91
PAY03595,ORD03595,2025-12-10,Credit Card,Successful,7665.74
PAY03596,ORD03596,2025-10-21,Cash on Delivery,Successful,13902.83
PAY03597,ORD03597,2025-08-14,cash on delivery,Successful,1288.2
PAY03598,ORD03598,2025-12-24,Debit Card,Successful,197651.93
PAY03599,ORD03599,2025-04-25,Credit Card,Successful,171105.99
PAY03600,ORD03600,2025-10-26,Net Banking,Successful,7985.46
PAY03601,ORD03601,2025-11-19,Cash on Delivery,Successful,57061.93
PAY03602,ORD03602,2025-07-21,Debit Card,Successful,1560.4
PAY03603,ORD03603,2025-01-09,Debit Card,Successful,8278.46
PAY03604,ORD03604,2025-04-13,Cash on Delivery,Successful,3927.85
PAY03605,ORD03605,2025-12-31,Cash on Delivery,Successful,1625.0
PAY03606,ORD03606,2025-07-03,Debit Card,Failed,12596.04
PAY03607,ORD03607,2025-07-19,Upi,Successful,2786.37
PAY03608,ORD03608,2025-08-17,UPI,Successful,2591.03
PAY03609,ORD03609,2025-12-31,Cash on Delivery,Failed,99623.67
PAY03610,ORD03610,2025-06-03,Debit Card,Successful,118391.64
PAY03611,ORD03611,2025-02-16,Cash on Delivery,Successful,6258.17
PAY03612,ORD03612,2025-04-11,UPI,Failed,173584.14
PAY03613,ORD03613,2025-11-20,Debit Card,Failed,67874.39
PAY03614,ORD03614,2025-11-06,Cash on Delivery,Successful,1195.74
PAY03615,ORD03615,2025-03-23,Net Banking,Successful,5499.53
PAY03616,ORD03616,2025-11-01,Net Banking,Successful,798.04
PAY03617,ORD03617,2025-10-06,Credit Card,Successful,5635.75
PAY03618,ORD03618,2025-08-24,Cash on Delivery,Successful,9658.5
PAY03619,ORD03619,2025-06-21,Debit Card,Successful,103312.74
PAY03620,ORD03620,2025-09-22,Debit Card,Successful,26068.54
PAY03621,ORD03621,2025-01-19,Cash on Delivery,Successful,12684.63
PAY03622,ORD03622,2025-04-04,Net Banking,Failed,166.68
PAY03623,ORD03623,2025-11-06,Credit Card,Successful,4067.57
PAY03624,ORD03624,04/11/2025,UPI,Successful,16150.86
PAY03625,ORD03625,2025-05-30,Net Banking,Refunded,11577.14
PAY03626,ORD03626,2025-04-04,Credit Card,Successful,2924.71
PAY03627,ORD03627,2025-01-26,Credit Card,Failed,3965.0
PAY03628,ORD03628,2025-10-21,Credit Card,Successful,8613.06
PAY03629,ORD03629,2025-12-23,UPI,Successful,3282.92
PAY03630,ORD03630,2025-03-07,Cash on Delivery,Successful,4787.91
PAY03631,ORD03631,2025-10-20,UPI,Successful,2930.43
PAY03632,ORD03632,2025-05-15,Credit Card,Successful,22750.85
PAY03633,ORD03633,2025-03-22,Debit Card,Successful,15078.27
PAY03634,ORD03634,2025-08-11,UPI,Pending,10174.63
PAY03635,ORD03635,2025-10-02,Cash on Delivery,Successful,837.01
PAY03636,ORD03636,2025-07-04,Credit Card,Successful,9588.7
PAY03637,ORD03637,2025-02-12,Credit Card,Failed,6105.52
PAY03638,ORD03638,2025-11-08,UPI,Successful,7436.87
PAY03639,ORD03639,2025-05-17,UPI,Successful,9339.96
PAY03640,ORD03640,2025-02-02,Debit Card,Refunded,23001.84
PAY03641,ORD03641,2025-06-30,Debit Card,Successful,2197.26
PAY03642,ORD03642,2025-08-31,Debit Card,Successful,31697.37
PAY03643,ORD03643,2025-06-22,Credit Card,Successful,189442.07
PAY03644,ORD03644,2025-03-22,Credit Card,Successful,3282.28
PAY03645,ORD03645,2025-12-21,Cash on Delivery,Successful,171245.45
PAY03646,ORD03646,2025-03-08,UPI,Failed,1789.4
PAY03647,ORD03647,2025-06-15,Cash on Delivery,Successful,10211.81
PAY03648,ORD03648,2025-12-09,Credit Card,Successful,6719.1
PAY03649,ORD03649,2025-04-10,Credit Card,Successful,3077.18
PAY03650,ORD03650,2025-03-17,Net Banking,Successful,9032.23
PAY03651,ORD03651,2025-11-08,Debit Card,Successful,43061.56
PAY03652,ORD03652,2025-07-02,UPI,Successful,3963.88
PAY03653,ORD03653,2025-08-13,Cash on Delivery,Successful,20460.57
PAY03654,ORD03654,2025-02-23,UPI,Successful,4568.79
PAY03655,ORD03655,2025-06-29,UPI,Successful,10891.8
PAY03656,ORD03656,2025-06-03,Debit Card,Successful,6165.29
PAY03657,ORD03657,2025-07-30,UPI,Successful,6589.27
PAY03658,ORD03658,2025-09-13,Cash on Delivery,Successful,6914.06
PAY03659,ORD03659,2025-05-22,UPI,Failed,141072.86
PAY03660,ORD03660,2025-06-14,UPI,Successful,122592.1
PAY03661,ORD03661,2025-12-17,Debit Card,Successful,63751.3
PAY03662,ORD03662,2025-05-06,Credit Card,Successful,6379.29
PAY03663,ORD03663,2025-03-04,Credit Card,Successful,1077.9
PAY03664,ORD03664,2025-12-17,Cash on Delivery,Successful,111467.31
PAY03665,ORD03665,2025-10-07,UPI,Successful,1082.89
PAY03666,ORD03666,2025-09-03,Debit Card,Successful,40244.31
PAY03667,ORD03667,2025-06-08,Credit Card,Successful,5634.77
PAY03668,ORD03668,2025-12-13,Cash on Delivery,Successful,440.2
PAY03669,ORD03669,2025-02-26,Cash on Delivery,Failed,1998.52
PAY03670,ORD03670,2025-06-13,Credit Card,Successful,1473.9
PAY03671,ORD03671,2025-02-25,Net Banking,Successful,69485.72
PAY03672,ORD03672,2025-11-25,Credit Card,Successful,7026.75
PAY03673,ORD03673,2025-09-07,Credit Card,Successful,6779.5
PAY03674,ORD03674,2025-05-14,UPI,Successful,29428.24
PAY03675,ORD03675,2025-08-11,Net Banking,Successful,59890.02
PAY03676,ORD03676,19-04-2025,Net Banking,Successful,4191.17
PAY03677,ORD03677,2025-10-08,UPI,Successful,17003.55
PAY03678,ORD03678,2025-04-10,Net Banking,Successful,16460.28
PAY03679,ORD03679,2025-07-18,Net Banking,Pending,5112.43
PAY03680,ORD03680,2025-05-05,Cash on Delivery,Successful,12952.23
PAY03681,ORD03681,2025-06-03,Cash on Delivery,Successful,7094.61
PAY03682,ORD03682,2025-05-22,Net Banking,Successful,21541.27
PAY03683,ORD03683,2025-07-29,Net Banking,Successful,68856.03
PAY03684,ORD03684,2025-09-03,Debit Card,Successful,64800.76
PAY03685,ORD03685,2025-03-21,UPI ,Failed,4425.1
PAY03686,ORD03686,2025-03-29,Net Banking,Successful,34392.64
PAY03687,ORD03687,2025-11-12,UPI,failed,262442.77
PAY03688,ORD03688,2025-01-01,Credit Card,Successful,2768.87
PAY03689,ORD03689,2025-09-06,Debit Card,Successful,5485.05
PAY03690,ORD03690,2025-10-09,Net Banking,Successful,56761.18
PAY03691,ORD03691,2025-05-06,Credit Card,Successful,18963.31
PAY03692,ORD03692,2025-01-26,Debit Card,Successful,61410.57
PAY03693,ORD03693,2025-03-01,Debit Card,Successful,241990.11
PAY03694,ORD03694,2025-01-05,Net Banking,Successful,10006.69
PAY03695,ORD03695,2025-05-10,Credit Card,Successful,100193.05
PAY03696,ORD03696,2025-08-02,Net Banking,Successful,10685.21
PAY03697,ORD03697,2025-11-25,UPI,Successful,8125.61
PAY03698,ORD03698,2025-03-25,Credit Card,Successful,2679.26
PAY03699,ORD03699,2025-05-19,Credit Card,Successful,22709.24
PAY03700,ORD03700,2025-09-07,Cash on Delivery,Successful,6530.86
PAY03701,ORD03701,2025-07-29,UPI,Successful,13895.94
PAY03702,ORD03702,2025-10-20,Net Banking,Successful,4622.07
PAY03703,ORD03703,2025-10-25,UPI ,Successful,58862.61
PAY03704,ORD03704,2025-10-13,Net Banking,Successful,44664.21
PAY03705,ORD03705,2025-06-02,Cash on Delivery,Successful,11925.31
PAY03706,ORD03706,2025-07-19,Net Banking,Successful,6879.85
PAY03707,ORD03707,2025-04-15,Debit Card,Successful,10074.81
PAY03708,ORD03708,2025-11-27,Net Banking,Successful,1598.0
PAY03709,ORD03709,2025-06-29,Debit Card,Successful,1430.97
PAY03710,ORD03710,2025-06-03,UPI,Successful,3677.99
PAY03711,ORD03711,2025-12-16,Credit Card,Failed,3692.55
PAY03712,ORD03712,2025-12-02,Cash on Delivery,Successful,64429.73
PAY03713,ORD03713,2025-03-01,Net Banking,Successful,109280.74
PAY03714,ORD03714,2025-11-20,Cash on Delivery,Successful,26579.05
PAY03715,ORD03715,2025-05-10,Net Banking,Successful,31526.28
PAY03716,ORD03716,2025-11-04,Credit Card,Successful,1895.94
PAY03717,ORD03717,2025-08-11,UPI,Successful,5382.52
PAY03718,ORD03718,2025-06-13,UPI,Successful,2435.89
PAY03719,ORD03719,2025-09-03,Cash on Delivery,Successful,17791.68
PAY03720,ORD03720,2025-09-02,Credit Card,Successful,55228.91
PAY03721,ORD03721,2025-05-02,UPI,Successful,5787.86
PAY03722,ORD03722,2025-02-10,Cash on Delivery,Successful,27258.31
PAY03723,ORD03723,2025-09-17,Cash on Delivery,Successful,8003.19
PAY03724,ORD03724,2025-08-22,Debit Card,Successful,54444.0
PAY03725,ORD03725,2025-07-16,Cash on Delivery,Successful,25568.83
PAY03726,ORD03726,2025-10-08,Debit Card,Successful,61911.79
PAY03727,ORD03727,2025-09-23,Debit Card,Successful,3151.15
PAY03728,ORD03728,2025-07-11,Credit Card,Successful,142351.98
PAY03729,ORD03729,2025-12-09,Cash on Delivery,Successful,5186.38
PAY03730,ORD03730,2025-03-06,Net Banking,Refunded,642.78
PAY03731,ORD03731,2025-11-01,UPI,Successful,8608.46
PAY03732,ORD03732,2025-01-31,Net Banking,Successful,121484.07
PAY03733,ORD03733,2025-01-07,UPI,Refunded,7525.84
PAY03734,ORD03734,2025-06-29,Credit Card,Refunded,8806.95
PAY03735,ORD03735,2025-08-13,Debit Card,Successful,8952.68
PAY03736,ORD03736,2025-06-14,Debit Card,Successful,10535.51
PAY03737,ORD03737,2025-05-26,Debit Card,Successful,7644.38
PAY03738,ORD03738,2025-10-18,Credit Card,Successful,17928.28
PAY03739,ORD03739,2025-04-25,UPI,Successful,9876.78
PAY03740,ORD03740,2025-04-05,Debit Card,Successful,6594.76
PAY03741,ORD03741,2025-03-06,Cash on Delivery,Failed,79301.55
PAY03742,ORD03742,2025-02-22,Credit Card,failed,1145.5
PAY03743,ORD03743,2025-11-09,Net Banking,Successful,35064.87
PAY03744,ORD03744,2025-01-29,UPI,Pending,5678.23
PAY03745,ORD03745,2025-06-22,Credit Card,Successful,27611.29
PAY03746,ORD03746,2025-07-10,Credit Card,Successful,14432.79
PAY03747,ORD03747,2025-11-10,Net Banking,Successful,37096.04
PAY03748,ORD03748,2025-10-27,Debit Card,Failed,8960.53
PAY03749,ORD03749,2025-01-11,UPI,Successful,47312.52
PAY03750,ORD03750,2025-03-22,Net Banking,Successful,10408.78
PAY03751,ORD03751,2025-12-27,Debit Card,Successful,201027.31
PAY03752,ORD03752,2025-07-26,Credit Card,Successful,4830.67
PAY03753,ORD03753,2025-09-08,Credit Card,Successful,46815.12
PAY03754,ORD03754,19/11/2025,Cash on Delivery,Successful,4210.04
PAY03755,ORD03755,2025-09-16,Credit Card,Failed,54750.79
PAY03756,ORD03756,2025-03-16,Debit Card,Pending,2090.7
PAY03757,ORD03757,2025-04-08,Debit Card,Successful,28637.31
PAY03758,ORD03758,2025-05-07,UPI,Successful,45738.25
PAY03759,ORD03759,2025-08-29,UPI,Successful,4113.16
PAY03760,ORD03760,2025-10-25,Credit Card,Failed,1489.02
PAY03761,ORD03761,2025-05-07,Net Banking,Successful,61424.93
PAY03762,ORD03762,2025-07-30,Cash on Delivery,Successful,62448.62
PAY03763,ORD03763,2025-09-13,Credit Card,Failed,180984.68
PAY03764,ORD03764,2025-09-13,Debit Card,Successful,3920.89
PAY03765,ORD03765,2025-06-21,Cash on Delivery,Successful,7336.85
PAY03766,ORD03766,2025-12-18,Credit Card,Failed,7720.55
PAY03767,ORD03767,2025-05-23,Net Banking,Successful,18252.93
PAY03768,ORD03768,2025-08-16,Net Banking,Refunded,4005.85
PAY03769,ORD03769,2025-11-04,Credit Card,Successful,7450.56
PAY03770,ORD03770,2025-11-09,UPI,Refunded,11564.96
PAY03771,ORD03771,2025-12-18,Net Banking,Successful,60513.59
PAY03772,ORD03772,2025-08-15,Debit Card,Successful,19897.06
PAY03773,ORD03773,2025-12-30,UPI,Successful,10081.71
PAY03774,ORD03774,2025-07-27,Cash on Delivery,Successful,83020.7
PAY03775,ORD03775,2025-08-18,Debit Card,Successful,133066.68
PAY03776,ORD03776,2025-06-26,Credit Card,Successful,5340.3
PAY03777,ORD03777,02/05/2025,Cash on Delivery,Successful,4597.97
PAY03778,ORD03778,2025-11-15,Cash on Delivery,Successful,7306.89
PAY03779,ORD03779,2025-06-29,Net Banking,Successful,10129.38
PAY03780,ORD03780,2025-03-03,Debit Card,Successful,75140.79
PAY03781,ORD03781,2025-08-15,Cash on Delivery,Successful,63314.65
PAY03782,ORD03782,2025-10-27,Credit Card,Successful,4072.56
PAY03783,ORD03783,2025-03-26,Credit Card,Successful,13529.19
PAY03784,ORD03784,2025-10-11,UPI,Successful,193132.43
PAY03785,ORD03785,2025-10-11,UPI,Successful,6854.12
PAY03786,ORD03786,2025-09-17,Credit Card,Failed,2044.75
PAY03787,ORD03787,2025-06-05,Cash on Delivery,Successful,1253.38
PAY03788,ORD03788,2025-06-18,UPI,Refunded,12114.96
PAY03789,ORD03789,2025-04-13,Debit Card,Failed,10677.16
PAY03790,ORD03790,2025-01-02,Debit Card,Successful,12847.79
PAY03791,ORD03791,2025-07-20,Net Banking,Successful,67681.85
PAY03792,ORD03792,2025-03-14,UPI,Successful,156826.1
PAY03793,ORD03793,2025-04-22,Credit Card,Successful,893.03
PAY03794,ORD03794,2025-01-18,Net Banking,Pending,2208.31
PAY03795,ORD03795,2025-12-24,Cash on Delivery,Successful,128862.34
PAY03796,ORD03796,2025-02-12,Cash on Delivery,Successful,2555.29
PAY03797,ORD03797,2025-07-29,Debit Card,Successful,165822.04
PAY03798,ORD03798,2025-08-18,Net Banking,Successful,20676.26
PAY03799,ORD03799,2025-03-07,Debit Card,Successful,608.87
PAY03800,ORD03800,2025-06-12,Net Banking,Successful,119769.65
PAY03801,ORD03801,2025-05-05,Cash on Delivery,Successful,4900.8
PAY03802,ORD03802,2025-01-15,credit card,Successful,150178.44
PAY03803,ORD03803,2025-09-24,Net Banking,Successful,99490.9
PAY03804,ORD03804,2025-08-19,Cash on Delivery,Successful,50878.73
PAY03805,ORD03805,2025-03-21,Debit Card,Successful,17750.95
PAY03806,ORD03806,2025-10-21,Credit Card,Successful,4195.67
PAY03807,ORD03807,2025-02-13,Debit Card,Successful,62804.81
PAY03808,ORD03808,2025-02-22,Debit Card,Successful,1210.99
PAY03809,ORD03809,2025-01-02,Cash on Delivery,Successful,1369.17
PAY03810,ORD03810,2025-10-17,UPI,Successful,1384.84
PAY03811,ORD03811,2025-07-10,Cash on Delivery,Successful,47255.47
PAY03812,ORD03812,2025-01-18,UPI,Successful,25904.27
PAY03813,ORD03813,2025-05-14,Credit Card,Failed,64923.83
PAY03814,ORD03814,2025-04-15,UPI,Successful,75557.51
PAY03815,ORD03815,2025-03-05,UPI ,Successful,5107.18
PAY03816,ORD03816,2025-03-24,UPI,Successful,4338.52
PAY03817,ORD03817,2025-07-22,UPI,Successful,17020.08
PAY03818,ORD03818,2025-12-08,Debit Card,Successful,7829.83
PAY03819,ORD03819,2025-07-24,Credit Card,Successful,129013.56
PAY03820,ORD03820,2025-07-10,Net Banking,Successful,748.27
PAY03821,ORD03821,2025-07-02,Debit Card,Successful,72844.47
PAY03822,ORD03822,2025-06-17,Cash on Delivery,Successful,2782.05
PAY03823,ORD03823,2025-01-02,Credit Card,Successful,19684.33
PAY03824,ORD03824,2025-09-04,Debit Card,Failed,13671.15
PAY03825,ORD03825,2025-07-01,Credit Card,Successful,4093.73
PAY03826,ORD03826,2025-01-21,Debit Card,Successful,2553.65
PAY03827,ORD03827,2025-12-19,Debit Card,Successful,2396.64
PAY03828,ORD03828,2025-11-30,Cash on Delivery,Successful,8327.67
PAY03829,ORD03829,2025-10-08,Credit Card,Successful,3632.17
PAY03830,ORD03830,2025-11-18,Net Banking,Successful,46174.64
PAY03831,ORD03831,2025-06-16,Net Banking,Successful,141198.44
PAY03832,ORD03832,2025-03-19,UPI,Successful,44177.91
PAY03833,ORD03833,2025-09-06,Net Banking,Successful,22437.46
PAY03834,ORD03834,2025-07-04,Credit Card,Successful,166.88
PAY03835,ORD03835,2025-01-24,Credit Card,Successful,2115.14
PAY03836,ORD03836,2025-03-20,Debit Card,Successful,118293.71
PAY03837,ORD03837,2025-01-09,Debit Card,Successful,12479.64
PAY03838,ORD03838,2025-07-09,Debit Card,Successful,77421.12
PAY03839,ORD03839,2025-06-05,Debit Card,Successful,90082.56
PAY03840,ORD03840,2025-03-01,Debit Card,Successful,1018.63
PAY03841,ORD03841,2025-01-08,Net Banking,Successful,5265.65
PAY03842,ORD03842,2025-08-08,UPI,Pending,32516.21
PAY03843,ORD03843,2025-02-14,Cash on Delivery,Successful,30433.25
PAY03844,ORD03844,2025-11-19,Net Banking,Successful,15806.92
PAY03845,ORD03845,2025-02-15,UPI,Successful,7676.36
PAY03846,ORD03846,2025-01-09,Net Banking,Refunded,1789.76
PAY03847,ORD03847,2025-08-14,Credit Card,Failed,3531.99
PAY03848,ORD03848,2025-01-24,Credit Card,Successful,4601.97
PAY03849,ORD03849,2025-06-09,UPI,Successful,9104.28
PAY03850,ORD03850,2025-06-04,Credit Card,Successful,3139.48
PAY03851,ORD03851,2025-10-28,Cash on Delivery,Successful,19583.94
PAY03852,ORD03852,2025-11-17,UPI,Successful,8118.79
PAY03853,ORD03853,2025-07-27,Cash on Delivery,Successful,5131.59
PAY03854,ORD03854,2025-11-30,Cash on Delivery,Successful,9129.1
PAY03855,ORD03855,2025-11-07,Cash on Delivery,Successful,182709.42
PAY03856,ORD03856,2025-06-20,UPI,Successful,7855.28
PAY03857,ORD03857,2025-12-23,Net Banking,Failed,11935.37
PAY03858,ORD03858,2025-01-21,UPI,Failed,16341.41
PAY03859,ORD03859,2025-12-02,Cash on Delivery,Successful,2422.75
PAY03860,ORD03860,2025-10-15,Debit Card,Successful,3809.44
PAY03861,ORD03861,2025-05-30,UPI,Successful,24579.29
PAY03862,ORD03862,2025-03-26,UPI,Successful,13285.87
PAY03863,ORD03863,2025-06-16,Credit Card,Successful,6846.0
PAY03864,ORD03864,2025-02-19,UPI,Successful,151009.38
PAY03865,ORD03865,2025-09-26,Credit Card,Refunded,4436.32
PAY03866,ORD03866,2025-05-01,Debit Card,Successful,7477.99
PAY03867,ORD03867,2025-06-01,Cash on Delivery,Failed,5552.12
PAY03868,ORD03868,2025-05-14,Credit Card,Successful,6553.79
PAY03869,ORD03869,2025-07-25,Cash on Delivery,Refunded,7390.4
PAY03870,ORD03870,2025-12-10,Cash on Delivery,Successful,75656.65
PAY03871,ORD03871,2025-01-21,Cash on Delivery,Refunded,18232.17
PAY03872,ORD03872,2025-05-14,Cash on Delivery,Successful,1494.6
PAY03873,ORD03873,2025-10-30,Cash on Delivery,Refunded,13788.73
PAY03874,ORD03874,2025-01-10,UPI,Successful,3969.3
PAY03875,ORD03875,2025-10-06,Credit Card,Refunded,1091.33
PAY03876,ORD03876,2025-09-11,Net Banking,Successful,38490.43
PAY03877,ORD03877,2025-06-11,Cash on Delivery,Successful,13820.4
PAY03878,ORD03878,2025-01-06,Net Banking,Failed,27075.87
PAY03879,ORD03879,2025-07-12,Debit Card,Successful,39345.76
PAY03880,ORD03880,2025-01-27,Debit Card,Successful,1575.55
PAY03881,ORD03881,2025-09-15,UPI,Successful,158663.42
PAY03882,ORD03882,2025-02-07,UPI,Successful,905.25
PAY03883,ORD03883,2025-10-30,Cash on Delivery,Successful,108861.12
PAY03884,ORD03884,2025-07-23,Net Banking,Successful,66317.53
PAY03885,ORD03885,2025-10-15,UPI,Successful,9659.16
PAY03886,ORD03886,2025-01-10,Credit Card,Successful,12750.25
PAY03887,ORD03887,2025-05-31,UPI,Successful,75566.37
PAY03888,ORD03888,2025-02-25,Credit Card,Failed,125814.26
PAY03889,ORD03889,2025-10-09,Net Banking,Successful,49730.01
PAY03890,ORD03890,2025-01-28,Credit Card,Successful,8700.82
PAY03891,ORD03891,2025-05-10,Debit Card,Successful,5984.18
PAY03892,ORD03892,2025-07-29,Cash on Delivery,Successful,32451.71
PAY03893,ORD03893,2025-07-09,Credit Card,Successful,2474.39
PAY03894,ORD03894,2025-02-27,Net Banking,Successful,29589.21
PAY03895,ORD03895,2025-04-23,Debit Card,Successful,13186.6
PAY03896,ORD03896,2025-03-07,Cash on Delivery,Successful,4789.85
PAY03897,ORD03897,2025-10-31,UPI,Successful,3053.96
PAY03898,ORD03898,2025-07-22,Cash on Delivery,Successful,3837.58
PAY03899,ORD03899,2025-10-27,UPI,Successful,54687.7
PAY03900,ORD03900,2025-11-24,Net Banking,Successful,3954.53
PAY03901,ORD03901,2025-09-08,Debit Card,Successful,62204.25
PAY03902,ORD03902,2025-01-20,Debit Card, Successful ,11047.35
PAY03903,ORD03903,2025-11-20,UPI,Successful,4144.36
PAY03904,ORD03904,2025-11-12,UPI,Successful,1644.03
PAY03905,ORD03905,2025-08-27,Net Banking,Successful,6513.35
PAY03906,ORD03906,2025-02-15,UPI,Pending,7972.77
PAY03907,ORD03907,2025-09-11,Credit Card,Successful,7610.34
PAY03908,ORD03908,2025-01-19,Cash on Delivery,Successful,143617.14
PAY03909,ORD03909,2025-07-15,Debit Card,Successful,3430.3
PAY03910,ORD03910,2025-05-10,Credit Card,Successful,31611.7
PAY03911,ORD03911,2025-08-02,Credit Card,Successful,197776.08
PAY03912,ORD03912,2025-05-16,Credit Card,Successful,7145.89
PAY03913,ORD03913,09/07/2025,UPI,Successful,26745.0
PAY03914,ORD03914,2025-05-14,Cash on Delivery,Successful,11828.07
PAY03915,ORD03915,2025-12-16,Net Banking,Failed,102559.07
PAY03916,ORD03916,2025-11-21,Cash on Delivery,Successful,118727.89
PAY03917,ORD03917,2025-08-01,Credit Card,Refunded,7533.74
PAY03918,ORD03918,2025-05-27,Credit Card ,Refunded,31779.82
PAY03919,ORD03919,2025-05-12,Cash on Delivery,Successful,6229.99
PAY03920,ORD03920,2025-02-28,Credit Card,Successful,4415.95
PAY03921,ORD03921,2025-10-13,Debit Card,Successful,12702.35
PAY03922,ORD03922,2025-11-01,Net Banking,Successful,2661.38
PAY03923,ORD03923,2025-08-08,Net Banking,Successful,56243.97
PAY03924,ORD03924,2025-11-05,UPI,Successful,102421.62
PAY03925,ORD03925,2025-04-09,Credit Card,Successful,54627.75
PAY03926,ORD03926,2025-11-01,Cash on Delivery,Successful,3019.1
PAY03927,ORD03927,2025-03-26,Credit Card,Successful,54418.11
PAY03928,ORD03928,2025-09-01,Cash on Delivery,Failed,162346.33
PAY03929,ORD03929,2025-01-02,Debit Card,Refunded,49154.88
PAY03930,ORD03930,2025-05-25,UPI,Failed,2297.33
PAY03931,ORD03931,2025-06-09,Debit Card,Successful,138773.59
PAY03932,ORD03932,2025-05-19,Cash on Delivery,Successful,24183.88
PAY03933,ORD03933,2025-08-11,Credit Card,Failed,10853.03
PAY03934,ORD03934,2025-04-08,Debit Card,Successful,4718.0
PAY03935,ORD03935,2025-05-25,Cash on Delivery,Successful,8741.27
PAY03936,ORD03936,2025-06-30,Net Banking,Successful,12389.22
PAY03937,ORD03937,2025-02-14,Debit Card,Successful,39169.41
PAY03938,ORD03938,2025-03-15,Net Banking,Successful,61792.13
PAY03939,ORD03939,2025-02-15,Debit Card,Successful,53814.39
PAY03940,ORD03940,2025-05-11,Debit Card,Successful,3309.75
PAY03941,ORD03941,2025-06-26,Cash on Delivery,Successful,62885.36
PAY03942,ORD03942,2025-10-22,Debit Card,Failed,1599.64
PAY03943,ORD03943,2025-05-20,Cash on Delivery,Successful,603.95
PAY03944,ORD03944,2025-03-14,Debit Card,Successful,11522.79
PAY03945,ORD03945,2025-01-04,Net Banking,Successful,20321.13
PAY03946,ORD03946,2025-10-05,UPI ,Successful,2220.97
PAY03947,ORD03947,2025-09-19,UPI,Successful,9982.28
PAY03948,ORD03948,2025-03-30,UPI,Refunded,84826.72
PAY03949,ORD03949,2025-08-13,Net Banking,Successful,9781.45
PAY03950,ORD03950,2025-02-06,UPI,Successful,32862.51
PAY03951,ORD03951,2025-04-07,Net Banking,Successful,135865.79
PAY03952,ORD03952,2025-01-17,Net Banking,Failed,23201.74
PAY03953,ORD03953,2025-12-03,Credit Card,Successful,140727.89
PAY03954,ORD03954,2025-09-08,UPI,Successful,109626.11
PAY03955,ORD03955,2025-05-08,UPI,Successful,1420.79
PAY03956,ORD03956,2025-08-29,Net Banking,Successful,60751.19
PAY03957,ORD03957,2025-05-07,Debit Card,Successful,5060.09
PAY03958,ORD03958,2025-07-29,Debit Card,Successful,125649.59
PAY03959,ORD03959,2025-08-17,Debit Card,Refunded,61396.13
PAY03960,ORD03960,2025-08-13,Cash on Delivery,Successful,3510.5
PAY03961,ORD03961,2025-11-11,Net Banking,Successful,182386.59
PAY03962,ORD03962,2025-09-18,Net Banking,Successful,54285.47
PAY03963,ORD03963,2025-11-21,Debit Card,Successful,3171.11
PAY03964,ORD03964,2025-10-03,Cash on Delivery,Successful,1944.26
PAY03965,ORD03965,2025-05-31,Cash on Delivery,Successful,65910.6
PAY03966,ORD03966,2025-10-22,UPI,Successful,11084.96
PAY03967,ORD03967,2025-11-07,UPI,Successful,54963.32
PAY03968,ORD03968,2025-02-07,UPI,Successful,104618.44
PAY03969,ORD03969,2025-09-08,Debit Card,Successful,132894.77
PAY03970,ORD03970,2025-03-22,Credit Card,Refunded,14069.65
PAY03971,ORD03971,2025-07-29,UPI,Successful,68557.67
PAY03972,ORD03972,2025-12-30,UPI,Successful,16099.34
PAY03973,ORD03973,2025-12-18,UPI,Successful,5235.38
PAY03974,ORD03974,2025-07-27,Net Banking,Failed,1140.86
PAY03975,ORD03975,2025-08-13,Cash on Delivery,Failed,3461.07
PAY03976,ORD03976,2025-04-18,UPI,Successful,8129.68
PAY03977,ORD03977,2025-01-17,Debit Card,Successful,9936.3
PAY03978,ORD03978,2025-07-23,UPI,Successful,5551.16
PAY03979,ORD03979,2025-02-24,UPI,Successful,8042.22
PAY03980,ORD03980,2025-11-02,Credit Card, Successful ,12232.65
PAY03981,ORD03981,2025-05-05,Cash on Delivery,Successful,4859.22
PAY03982,ORD03982,2025-04-17,Cash on Delivery,Successful,9611.97
PAY03983,ORD03983,2025-04-24,Debit Card,Successful,5622.11
PAY03984,ORD03984,2025-02-22,Net Banking,Failed,1607.81
PAY03985,ORD03985,2025-12-07,Credit Card,Refunded,24033.89
PAY03986,ORD03986,2025-09-20,UPI,Successful,139269.87
PAY03987,ORD03987,2025-07-23,Net Banking,Successful,2645.6
PAY03988,ORD03988,2025-10-04,Credit Card,Successful,45912.87
PAY03989,ORD03989,2025-05-08,Cash on Delivery,Successful,1374.54
PAY03990,ORD03990,2025-10-03,Net Banking,Successful,112206.47
PAY03991,ORD03991,2025-11-02,Cash on Delivery,Successful,121921.83
PAY03992,ORD03992,2025-09-28,Net Banking,Failed,1925.64
PAY03993,ORD03993,2025-04-10,Net Banking,Successful,26971.23
PAY03994,ORD03994,2025-07-01,UPI,Successful,11429.47
PAY03995,ORD03995,2025-10-16,Debit Card,Successful,8372.19
PAY03996,ORD03996,2025-02-18,Cash on Delivery,Successful,9788.95
PAY03997,ORD03997,2025-05-06,Credit Card,Successful,432.6
PAY03998,ORD03998,2025-06-12,Cash on Delivery,Successful,10801.98
PAY03999,ORD03999,2025-01-12,Net Banking,Failed,16866.79
PAY04000,ORD04000,2025-08-07,Credit Card,Successful,1694.03
PAY04001,ORD04001,2025-08-04,upi,Successful,5792.0
PAY04002,ORD04002,2025-07-14,Debit Card,Successful,1416.7
PAY04003,ORD04003,2025-05-29,Debit Card,Successful,13652.37
PAY04004,ORD04004,2025-03-14,Net Banking,Successful,4076.26
PAY04005,ORD04005,2025-03-15,Net Banking,Successful,1051.49
PAY04006,ORD04006,2025-10-10,Credit Card,Successful,2356.71
PAY04007,ORD04007,2025-03-09,Credit Card,Successful,8230.85
PAY04008,ORD04008,2025-02-23,Cash on Delivery,Successful,27366.58
PAY04009,ORD04009,2025-12-23,Credit Card,Successful,5086.36
PAY04010,ORD04010,2025-11-25,UPI,Successful,2730.0
PAY04011,ORD04011,2025-06-22,Credit Card,Successful,1605.49
PAY04012,ORD04012,2025-03-06,Debit Card,Successful,6693.42
PAY04013,ORD04013,2025-09-29,Debit Card,Successful,11506.98
PAY04014,ORD04014,2025-02-09,Credit Card,Successful,132871.72
PAY04015,ORD04015,11/11/2025,Cash on Delivery,Successful,7509.55
PAY04016,ORD04016,2025-11-30,Net Banking,Successful,66167.83
PAY04017,ORD04017,2025-03-11,Credit Card,Refunded,2979.83
PAY04018,ORD04018,2025-02-02,Cash on Delivery,Successful,21430.55
PAY04019,ORD04019,2025-11-10,Net Banking,Successful,103720.1
PAY04020,ORD04020,2025-04-05,Net Banking,Successful,4449.1
PAY04021,ORD04021,2025-07-22,Cash on Delivery,Successful,8327.58
PAY04022,ORD04022,2025-01-26,UPI,Successful,18961.15
PAY04023,ORD04023,2025-08-03,Cash on Delivery,Successful,4649.5
PAY04024,ORD04024,2025-07-20,Credit Card,Successful,31479.36
PAY04025,ORD04025,2025-02-28,Credit Card,Successful,9143.25
PAY04026,ORD04026,2025-08-15,Net Banking,Successful,3508.79
PAY04027,ORD04027,2025-04-11,Net Banking,Successful,17938.36
PAY04028,ORD04028,2025-12-18,Credit Card,Successful,3827.6
PAY04029,ORD04029,2025-05-24,UPI,Successful,15912.16
PAY04030,ORD04030,2025-10-24,UPI,Successful,1307.71
PAY04031,ORD04031,2025-11-13,Debit Card,Successful,57522.4
PAY04032,ORD04032,2025-03-21,Credit Card,Successful,5222.0
PAY04033,ORD04033,2025-06-24,Net Banking,Refunded,105340.45
PAY04034,ORD04034,2025-04-01,,Successful,68900.96
PAY04035,ORD04035,2025-09-04,Debit Card,Successful,23770.64
PAY04036,ORD04036,2025-11-30,UPI,Refunded,4082.14
PAY04037,ORD04037,2025-05-27,Net Banking,Successful,68415.06
PAY04038,ORD04038,2025-12-01,Debit Card,Successful,1647.45
PAY04039,ORD04039,2025-10-01,UPI,Successful,3323.42
PAY04040,ORD04040,2025-02-02,Credit Card,Successful,103222.19
PAY04041,ORD04041,2025-08-25,Cash on Delivery,Successful,2180.53
PAY04042,ORD04042,2025-03-02,Cash on Delivery,Successful,4784.83
PAY04043,ORD04043,2025-03-20,Debit Card,Successful,12921.25
PAY04044,ORD04044,2025-03-30,Cash on Delivery,Successful,21056.3
PAY04045,ORD04045,2025-08-21,Cash on Delivery,Failed,18269.88
PAY04046,ORD04046,2025-06-17,Debit Card,Successful,10084.86
PAY04047,ORD04047,2025-02-27,UPI,Successful,9130.04
PAY04048,ORD04048,2025-12-10,Credit Card,Failed,16235.74
PAY04049,ORD04049,2025-10-09,UPI,Failed,62375.26
PAY04050,ORD04050,2025-09-08,Credit Card,Pending,155700.03
PAY04051,ORD04051,2025-05-30,Debit Card,Successful,12896.93
PAY04052,ORD04052,2025-09-17,Credit Card,Successful,76070.0
PAY04053,ORD04053,2025-06-09,UPI,Successful,13742.07
PAY04054,ORD04054,2025-05-18,UPI,Successful,18203.86
PAY04055,ORD04055,2025-01-27,Cash on Delivery,Successful,8882.93
PAY04056,ORD04056,2025-11-19,Net Banking,Successful,10495.72
PAY04057,ORD04057,2025-05-19,Net Banking,Successful,30011.18
PAY04058,ORD04058,2025-04-21,Debit Card,Successful,1296.43
PAY04059,ORD04059,2025-11-03,Debit Card,Successful,12755.07
PAY04060,ORD04060,2025-09-02,Net Banking,Successful,52678.94
PAY04061,ORD04061,2025-11-23,Credit Card,Failed,18946.22
PAY04062,ORD04062,2025-11-28,Debit Card,Successful,6716.09
PAY04063,ORD04063,2025-06-22,Debit Card,Successful,3033.2
PAY04064,ORD04064,2025-10-04,Credit Card,Successful,857.66
PAY04065,ORD04065,2025-01-20,Debit Card,Successful,229679.38
PAY04066,ORD04066,2025-08-26,Net Banking,Successful,5277.45
PAY04067,ORD04067,2025-01-28,Credit Card,Refunded,3332.47
PAY04068,ORD04068,2025-03-01,Cash on Delivery,Successful,78829.26
PAY04069,ORD04069,2025-02-18,UPI,Successful,73514.55
PAY04070,ORD04070,2025-04-27,Credit Card,Successful,115227.2
PAY04071,ORD04071,28-10-2025,Net Banking,Refunded,3439.97
PAY04072,ORD04072,2025-01-02,cash on delivery,Successful,5369.79
PAY04073,ORD04073,2025-04-18,Net Banking,Successful,34228.45
PAY04074,ORD04074,2025-07-11,Cash on Delivery,Failed,1069.09
PAY04075,ORD04075,2025-10-25,Credit Card,Successful,68864.84
PAY04076,ORD04076,2025-01-10,Cash on Delivery,Successful,5131.75
PAY04077,ORD04077,2025-02-12,UPI, Successful ,5715.99
PAY04078,ORD04078,2025-01-16,Credit Card,Successful,8011.43
PAY04079,ORD04079,2025-04-17,Cash on Delivery,Successful,11050.73
PAY04080,ORD04080,2025-01-04,Debit Card,Successful,7531.44
PAY04081,ORD04081,2025-03-31,Credit Card,Successful,136585.5
PAY04082,ORD04082,2025-12-18,Credit Card,Successful,34013.35
PAY04083,ORD04083,2025-02-09,UPI,Successful,15176.6
PAY04084,ORD04084,2025-03-08,Debit Card,Pending,35800.61
PAY04085,ORD04085,2025-07-24,UPI,Successful,230329.06
PAY04086,ORD04086,2025-03-01,Credit Card,Successful,70291.38
PAY04087,ORD04087,2025-05-30,Net Banking,Successful,139822.8
PAY04088,ORD04088,2025-03-21,Debit Card,Successful,3724.26
PAY04089,ORD04089,2025-01-04,Net Banking,Successful,5415.24
PAY04090,ORD04090,2025-02-13,Cash on Delivery,Failed,9944.79
PAY04091,ORD04091,2025-03-03,UPI,Successful,2321.7
PAY04092,ORD04092,2025-06-01,Debit Card,Successful,1845.12
PAY04093,ORD04093,2025-05-09,Net Banking,Successful,4183.6
PAY04094,ORD04094,2025-02-26,Credit Card,Successful,12730.26
PAY04095,ORD04095,2025-07-05,Cash on Delivery,Successful,114627.95
PAY04096,ORD04096,2025-02-07,Net Banking,Successful,55070.26
PAY04097,ORD04097,2025-01-03,UPI,Successful,1211.51
PAY04098,ORD04098,2025-07-31,UPI,Pending,1621.75
PAY04099,ORD04099,2025-04-30,Cash on Delivery,Successful,11401.47
PAY04100,ORD04100,2025-03-22,Credit Card,Successful,11309.15
PAY04101,ORD04101,2025-07-06,Credit Card,Successful,17842.24
PAY04102,ORD04102,2025-02-14,Cash on Delivery,Successful,38102.2
PAY04103,ORD04103,2025-05-03,Credit Card,Successful,15808.53
PAY04104,ORD04104,2025-05-16,UPI,Successful,27046.94
PAY04105,ORD04105,2025-11-30,UPI,Successful,8882.11
PAY04106,ORD04106,2025-12-27,Credit Card,Successful,36464.73
PAY04107,ORD04107,2025-07-12,Net Banking,Successful,2014.95
PAY04108,ORD04108,2025-01-28,Debit Card,Successful,12009.84
PAY04109,ORD04109,2025-06-17,UPI,Successful,12454.38
PAY04110,ORD04110,2025-01-12,Net Banking,Successful,56459.4
PAY04111,ORD04111,2025-10-25,Debit Card,Successful,200273.77
PAY04112,ORD04112,2025-07-07,Net Banking,Successful,2794.99
PAY04113,ORD04113,2025-08-16,Credit Card,Successful,1528.4
PAY04114,ORD04114,2025-12-07,Cash on Delivery,Successful,5457.69
PAY04115,ORD04115,2025-01-23,Net Banking,Successful,4623.87
PAY04116,ORD04116,2025-02-13,Cash on Delivery,Successful,199257.97
PAY04117,ORD04117,2025-04-09,Credit Card,Successful,14012.23
PAY04118,ORD04118,2025-09-11,Debit Card,Failed,51716.82
PAY04119,ORD04119,2025-12-22,Credit Card,Failed,6016.58
PAY04120,ORD04120,2025-03-25,Net Banking,Successful,175229.69
PAY04121,ORD04121,2025-06-11,Credit Card,Successful,1047.09
PAY04122,ORD04122,2025-09-25,Credit Card,Successful,34018.71
PAY04123,ORD04123,2025-11-01,Debit Card,Refunded,2379.57
PAY04124,ORD04124,2025-07-25,Credit Card,Refunded,12605.88
PAY04125,ORD04125,2025-05-08,Net Banking,Successful,20752.73
PAY04126,ORD04126,2025-02-24,UPI,Successful,2987.43
PAY04127,ORD04127,2025-02-17,Cash on Delivery,Successful,100978.99
PAY04128,ORD04128,2025-03-25,UPI,Refunded,22639.2
PAY04129,ORD04129,2025-03-01,Net Banking,Successful,173994.8
PAY04130,ORD04130,2025-12-26,Credit Card,Successful,37294.9
PAY04131,ORD04131,2025-07-06,Credit Card,Successful,47501.07
PAY04132,ORD04132,2025-08-14,Cash on Delivery,Successful,30431.54
PAY04133,ORD04133,2025-12-11,Debit Card,Successful,13791.28
PAY04134,ORD04134,2025-02-08,UPI,Refunded,3957.45
PAY04135,ORD04135,2025-05-16,Credit Card,Successful,6382.88
PAY04136,ORD04136,2025-01-01,Cash on Delivery,Failed,851.51
PAY04137,ORD04137,2025-07-25,Credit Card,Successful,64793.04
PAY04138,ORD04138,2025-06-08,Cash on Delivery,Successful,113907.42
PAY04139,ORD04139,2025-10-05,Cash on Delivery,Successful,1563.35
PAY04140,ORD04140,2025-01-03,Credit Card,Successful,83171.43
PAY04141,ORD04141,2025-01-04,Net Banking,Successful,14829.79
PAY04142,ORD04142,2025-09-10,Net Banking,Successful,145218.53
PAY04143,ORD04143,2025-08-25,Cash on Delivery,Successful,10505.75
PAY04144,ORD04144,2025-02-23,Credit Card,Successful,27126.27
PAY04145,ORD04145,2025-02-28,Credit Card,Successful,19141.55
PAY04146,ORD04146,2025-08-20,Debit Card,Successful,90976.94
PAY04147,ORD04147,2025-04-24,Debit Card,Successful,10252.3
PAY04148,ORD04148,2025-11-20,upi,Failed,10847.97
PAY04149,ORD04149,2025-08-21,Debit Card,Successful,8256.27
PAY04150,ORD04150,2025-05-06,UPI,Successful,24665.77
PAY04151,ORD04151,2025-10-28,Net Banking,Successful,27441.66
PAY04152,ORD04152,2025-08-05,UPI,Successful,2940.42
PAY04153,ORD04153,2025-01-16,Cash on Delivery,Successful,3965.27
PAY04154,ORD04154,2025-02-02,UPI,Failed,11674.5
PAY04155,ORD04155,2025-05-29,Net Banking,Successful,9758.29
PAY04156,ORD04156,2025-01-30,Debit Card,Refunded,1606.01
PAY04157,ORD04157,2025-10-11,UPI,Successful,72429.32
PAY04158,ORD04158,2025-02-08,Debit Card,Successful,2532.39
PAY04159,ORD04159,2025-05-24,UPI,Successful,34927.7
PAY04160,ORD04160,2025-12-19,Net Banking,Successful,11558.37
PAY04161,ORD04161,2025-12-05,Credit Card,Refunded,53286.68
PAY04162,ORD04162,2025-03-04,Net Banking,Successful,2173.01
PAY04163,ORD04163,2025-06-12,Cash on Delivery,Successful,9379.3
PAY04164,ORD04164,2025-08-12,Debit Card,Successful,5722.47
PAY04165,ORD04165,2025-09-28,Net Banking,Successful,4273.28
PAY04166,ORD04166,2025-04-28,Debit Card,Successful,2689.69
PAY04167,ORD04167,2025-05-31,UPI,Successful,74391.43
PAY04168,ORD04168,2025-02-10,Cash on Delivery,Successful,210911.7
PAY04169,ORD04169,2025-05-14,Debit Card,Successful,1077.21
PAY04170,ORD04170,2025-04-25,Credit Card ,Successful,52160.07
PAY04171,ORD04171,2025-06-28,Debit Card,Successful,1924.45
PAY04172,ORD04172,2025-11-11,Net Banking,Successful,7071.54
PAY04173,ORD04173,2025-05-23,Net Banking,Failed,8140.85
PAY04174,ORD04174,2025-07-20,Net Banking,Successful,4328.55
PAY04175,ORD04175,2025-02-03,Credit Card,Successful,58409.6
PAY04176,ORD04176,2025-05-27,Credit Card,Successful,55892.06
PAY04177,ORD04177,2025-06-16,UPI,Successful,3827.47
PAY04178,ORD04178,2025-02-20,Credit Card,Successful,47337.03
PAY04179,ORD04179,2025-10-25,UPI,Successful,7156.29
PAY04180,ORD04180,2025-08-09,Cash on Delivery,Successful,13980.06
PAY04181,ORD04181,2025-11-27,Net Banking,Successful,12297.3
PAY04182,ORD04182,2025-02-19,Cash on Delivery,Failed,47787.33
PAY04183,ORD04183,2025-09-01,Cash on Delivery,Failed,3923.32
PAY04184,ORD04184,2025-04-25,Credit Card,Failed,2625.12
PAY04185,ORD04185,2025-11-25,UPI,Successful,62887.36
PAY04186,ORD04186,2025-11-20,Cash on Delivery,Successful,57110.46
PAY04187,ORD04187,2025-09-12,Cash on Delivery,Successful,528.97
PAY04188,ORD04188,2025-12-17,Debit Card,Successful,7663.58
PAY04189,ORD04189,2025-10-02,Cash on Delivery,Successful,58353.17
PAY04190,ORD04190,2025-12-17,Net Banking,Pending,146406.61
PAY04191,ORD04191,2025-08-20,Cash on Delivery,Successful,5264.27
PAY04192,ORD04192,2025-01-28,UPI,Successful,7255.84
PAY04193,ORD04193,2025-09-27,Net Banking,Successful,79313.36
PAY04194,ORD04194,2025-05-21,Credit Card,Successful,97007.63
PAY04195,ORD04195,2025-11-21,Credit Card,Successful,134380.61
PAY04196,ORD04196,2025-09-08,Net Banking,Successful,2244.7
PAY04197,ORD04197,2025-05-04,Net Banking,Successful,2883.03
PAY04198,ORD04198,2025-12-26,Cash on Delivery,Successful,6825.19
PAY04199,ORD04199,2025-12-02,Cash on Delivery,Failed,7840.61
PAY04200,ORD04200,2025-08-29,Credit Card,Successful,27655.61
PAY04201,ORD04201,2025-11-05,Net Banking,Successful,6572.36
PAY04202,ORD04202,2025-02-18,Debit Card,Failed,2737.83
PAY04203,ORD04203,2025-09-15,Debit Card,Pending,1029.47
PAY04204,ORD04204,2025-03-21,Debit Card,Successful,144499.54
PAY04205,ORD04205,2025-02-09,Credit Card,Failed,11074.77
PAY04206,ORD04206,2025-06-13,UPI,Successful,5284.4
PAY04207,ORD04207,2025-01-03,Cash on Delivery,Successful,120288.77
PAY04208,ORD04208,2025-08-31,UPI,Successful,7960.87
PAY04209,ORD04209,2025-03-01,Debit Card,Successful,224759.95
PAY04210,ORD04210,2025-11-15,Net Banking,Successful,2675.07
PAY04211,ORD04211,2025-10-21,Net Banking,Refunded,115434.41
PAY04212,ORD04212,2025-05-18,Credit Card,Failed,6768.39
PAY04213,ORD04213,2025-11-14,Net Banking,Successful,122036.19
PAY04214,ORD04214,2025-10-17,UPI,Successful,4490.65
PAY04215,ORD04215,2025-12-03,UPI,Successful,82841.59
PAY04216,ORD04216,2025-11-03,UPI,Successful,4753.93
PAY04217,ORD04217,2025-10-20,Net Banking,Successful,8858.54
PAY04218,ORD04218,2025-02-04,Cash on Delivery,Successful,49559.51
PAY04219,ORD04219,2025-08-17,Debit Card,Refunded,10473.93
PAY04220,ORD04220,2025-07-19,UPI,Successful,11894.34
PAY04221,ORD04221,2025-01-26,Cash on Delivery,Successful,54461.68
PAY04222,ORD04222,2025-11-07,UPI,Successful,24598.73
PAY04223,ORD04223,2025-05-28,Cash on Delivery,Successful,11944.75
PAY04224,ORD04224,2025-11-22,UPI,Successful,919.12
PAY04225,ORD04225,2025-11-02,UPI,Successful,111999.5
PAY04226,ORD04226,2025-01-19,Debit Card,Failed,3105.16
PAY04227,ORD04227,2025-04-01,Net Banking,Refunded,11336.16
PAY04228,ORD04228,2025-09-20,UPI,Failed,107421.15
PAY04229,ORD04229,2025-09-19,Debit Card,Successful,1928.0
PAY04230,ORD04230,2025-07-21,Credit Card,Successful,55634.46
PAY04231,ORD04231,2025-02-15,,Successful,39588.94
PAY04232,ORD04232,2025-03-18,Debit Card,Failed,7173.54
PAY04233,ORD04233,2025-08-24,Credit Card,Successful,5290.48
PAY04234,ORD04234,05-11-2025,UPI,Successful,220235.41
PAY04235,ORD04235,2025-03-18,Upi,Pending,4999.61
PAY04236,ORD04236,2025-04-18,Cash on Delivery,Successful,3046.55
PAY04237,ORD04237,2025-04-05,Cash on Delivery,Successful,152430.25
PAY04238,ORD04238,2025-09-06,Net Banking,Successful,1747.28
PAY04239,ORD04239,2025-06-27,Credit Card,Successful,785.47
PAY04240,ORD04240,2025-09-23,Credit Card,Successful,17456.06
PAY04241,ORD04241,2025-03-05,Cash on Delivery,Successful,202516.12
PAY04242,ORD04242,2025-12-19,Net Banking,Successful,25359.23
PAY04243,ORD04243,2025-05-14,Cash on Delivery,Successful,6944.71
PAY04244,ORD04244,2025-05-23,Cash on Delivery,Successful,16205.46
PAY04245,ORD04245,2025-12-01,Credit Card,Refunded,7793.8
PAY04246,ORD04246,2025-04-07,Credit Card,Successful,374187.62
PAY04247,ORD04247,2025-06-11,Net Banking,Failed,5137.95
PAY04248,ORD04248,2025-04-30,Net Banking,Refunded,65554.04
PAY04249,ORD04249,2025-05-11,Credit Card,Successful,78105.28
PAY04250,ORD04250,2025-12-13,Credit Card,Successful,72844.55
PAY04251,ORD04251,2025-01-07,Cash on Delivery,Successful,9833.56
PAY04252,ORD04252,2025-04-05,Cash on Delivery,Successful,26875.95
PAY04253,ORD04253,2025-11-01,Debit Card,Successful,6975.76
PAY04254,ORD04254,2025-05-14,Debit Card,Successful,9628.9
PAY04255,ORD04255,2025-11-29,Cash on Delivery,Successful,133295.95
PAY04256,ORD04256,2025-02-03,Net Banking,Successful,4478.74
PAY04257,ORD04257,2025-03-15,UPI,Successful,18606.03
PAY04258,ORD04258,2025-12-06,Cash on Delivery,Successful,71723.52
PAY04259,ORD04259,2025-03-11,Debit Card,Failed,12151.85
PAY04260,ORD04260,2025-04-26,Credit Card,Failed,78516.87
PAY04261,ORD04261,2025-10-22,Net Banking,Successful,73900.47
PAY04262,ORD04262,2025-12-19,UPI,Refunded,35522.81
PAY04263,ORD04263,2025-09-09,Debit Card,Successful,40912.6
PAY04264,ORD04264,2025-12-28,Debit Card,Successful,1019.36
PAY04265,ORD04265,2025-07-22,Credit Card,Successful,15306.27
PAY04266,ORD04266,2025-09-08,Net Banking,Successful,50596.79
PAY04267,ORD04267,2025-10-27,Net Banking,Successful,1876.08
PAY04268,ORD04268,2025-03-18,Net Banking,Successful,12690.34
PAY04269,ORD04269,2025-11-17,Cash on Delivery,Successful,66221.28
PAY04270,ORD04270,2025-12-15,Net Banking,Successful,44575.48
PAY04271,ORD04271,2025-10-26,Cash on Delivery,Successful,69172.34
PAY04272,ORD04272,2025-05-03,Credit Card,Successful,129739.3
PAY04273,ORD04273,2025-02-22,Cash on Delivery,Failed,2385.8
PAY04274,ORD04274,2025-05-03,UPI,Failed,27167.9
PAY04275,ORD04275,2025-01-26,Cash on Delivery,Successful,2571.89
PAY04276,ORD04276,2025-09-01,Net Banking,Successful,3390.35
PAY04277,ORD04277,2025-07-10,Net Banking,Pending,6731.18
PAY04278,ORD04278,2025-04-02,UPI,Successful,58961.97
PAY04279,ORD04279,2025-10-23,Debit Card,Successful,10492.22
PAY04280,ORD04280,2025-05-28,UPI,Refunded,16184.69
PAY04281,ORD04281,2025-03-29,Net Banking,Successful,1925.38
PAY04282,ORD04282,2025-03-06,Debit Card,Successful,4024.09
PAY04283,ORD04283,2025-03-29,Cash on Delivery,Successful,3385.13
PAY04284,ORD04284,2025-09-05,Net Banking,successful,848.22
PAY04285,ORD04285,2025-06-14,Cash on Delivery,Refunded,29641.16
PAY04286,ORD04286,2025-01-31,UPI,Successful,43561.68
PAY04287,ORD04287,2025-06-05,Net Banking,Successful,6073.54
PAY04288,ORD04288,2025-02-23,Debit Card,Successful,21919.92
PAY04289,ORD04289,2025-01-07,UPI,Successful,65000.84
PAY04290,ORD04290,2025-10-15,UPI,Successful,19778.42
PAY04291,ORD04291,2025-04-16,Net Banking,Successful,8305.22
PAY04292,ORD04292,2025-03-05,Debit Card,Successful,988.64
PAY04293,ORD04293,2025-08-06,Debit Card,Refunded,4310.29
PAY04294,ORD04294,2025-04-06,Debit Card,Successful,63407.65
PAY04295,ORD04295,2025-11-29,Net Banking,Successful,4695.54
PAY04296,ORD04296,2025-01-04,Credit Card,Successful,6070.9
PAY04297,ORD04297,2025-04-18,Debit Card,Successful,34303.93
PAY04298,ORD04298,2025-07-10,Cash on Delivery,Successful,8324.39
PAY04299,ORD04299,2025-02-08,Credit Card,Successful,16786.28
PAY04300,ORD04300,2025-06-04,UPI,Successful,68105.58
PAY04301,ORD04301,2025-10-06,Debit Card,Successful,66782.71
PAY04302,ORD04302,2025-10-04,Debit Card,Successful,21985.86
PAY04303,ORD04303,2025-08-16,Credit Card,Successful,165802.65
PAY04304,ORD04304,2025-11-29,Debit Card,Successful,6644.4
PAY04305,ORD04305,2025-10-06,Credit Card,Successful,15687.88
PAY04306,ORD04306,2025-04-25,Credit Card,Successful,5019.59
PAY04307,ORD04307,2025-02-01,Cash on Delivery,Failed,2336.99
PAY04308,ORD04308,2025-10-22,UPI,Successful,82965.01
PAY04309,ORD04309,2025-03-28,Net Banking,Successful,52132.9
PAY04310,ORD04310,2025-06-10,Cash on Delivery,Successful,10087.12
PAY04311,ORD04311,2025-08-14,UPI,Successful,44569.39
PAY04312,ORD04312,2025-01-08,UPI,Successful,14664.69
PAY04313,ORD04313,2025-07-02,UPI,Successful,9286.65
PAY04314,ORD04314,2025-09-23,Debit Card,Successful,123967.07
PAY04315,ORD04315,2025-05-16,UPI,Successful,176770.65
PAY04316,ORD04316,2025-12-08,Credit Card,Successful,2188.75
PAY04317,ORD04317,2025-01-15,Cash on Delivery,Failed,29960.6
PAY04318,ORD04318,2025-04-02,Cash on Delivery,Successful,1105.21
PAY04319,ORD04319,2025-09-22,Debit Card,Successful,12887.42
PAY04320,ORD04320,2025-03-11,Credit Card,Refunded,1837.42
PAY04321,ORD04321,2025-05-24,Credit Card,Successful,35544.66
PAY04322,ORD04322,2025-10-30,Net Banking,Successful,83272.02
PAY04323,ORD04323,2025-06-24,UPI,Successful,5156.82
PAY04324,ORD04324,2025-07-01,UPI,Successful,2902.84
PAY04325,ORD04325,2025-02-05,Cash on Delivery,Successful,13822.57
PAY04326,ORD04326,2025-05-31,Credit Card,Successful,20743.85
PAY04327,ORD04327,2025-05-01,Debit Card,Successful,36186.63
PAY04328,ORD04328,2025-08-17,Cash on Delivery,Successful,237729.55
PAY04329,ORD04329,2025-07-15,Debit Card,Successful,121118.49
PAY04330,ORD04330,2025-12-15,Cash on Delivery,Successful,42392.66
PAY04331,ORD04331,2025-11-27,Cash on Delivery,Failed,3557.48
PAY04332,ORD04332,2025-04-20,Debit Card,Successful,68841.3
PAY04333,ORD04333,2025-02-16,Debit Card,Successful,169946.29
PAY04334,ORD04334,2025-02-05,Credit Card,Refunded,7406.87
PAY04335,ORD04335,2025-12-23,Net Banking,Successful,37957.02
PAY04336,ORD04336,2025-10-30,Debit Card,Successful,1341.8
PAY04337,ORD04337,2025-04-23,Debit Card,Successful,24101.08
PAY04338,ORD04338,2025-05-06,UPI,Successful,26127.43
PAY04339,ORD04339,2025-02-28,Debit Card,Successful,22043.71
PAY04340,ORD04340,2025-12-17,Net Banking,Successful,2310.6
PAY04341,ORD04341,2025-09-07,Credit Card,Successful,10266.95
PAY04342,ORD04342,2025-08-27,Cash on Delivery,Successful,123084.87
PAY04343,ORD04343,2025-09-06,Cash on Delivery,Successful,4324.23
PAY04344,ORD04344,2025-01-15,Debit Card,Successful,127814.72
PAY04345,ORD04345,2025-10-03,Cash on Delivery,Successful,1152.81
PAY04346,ORD04346,2025-01-27,UPI,Successful,3131.76
PAY04347,ORD04347,2025-07-09,UPI,Successful,1718.58
PAY04348,ORD04348,2025-01-24,Net Banking,Successful,1448.58
PAY04349,ORD04349,2025-02-19,UPI,Successful,7696.75
PAY04350,ORD04350,2025-05-19,Cash on Delivery,Successful,89259.03
PAY04351,ORD04351,2025-03-07,Net Banking,Successful,25566.75
PAY04352,ORD04352,2025-10-14,UPI,Successful,118152.73
PAY04353,ORD04353,2025-05-05,Credit Card,Successful,66997.93
PAY04354,ORD04354,2025-06-14,Debit Card,Successful,91531.38
PAY04355,ORD04355,2025-06-18,UPI,Successful,63760.96
PAY04356,ORD04356,2025-12-05,Debit Card,Successful,79893.86
PAY04357,ORD04357,2025-06-21,Credit Card,Refunded,12702.64
PAY04358,ORD04358,2025-07-16,UPI,Successful,2727.73
PAY04359,ORD04359,2025-03-08,Debit Card,Successful,8503.35
PAY04360,ORD04360,2025-03-23,Credit Card,Pending,13633.49
PAY04361,ORD04361,2025-11-15,Debit Card,Successful,1142.65
PAY04362,ORD04362,2025-10-08,Cash on Delivery,Failed,2480.48
PAY04363,ORD04363,2025-01-12,UPI,Successful,123360.64
PAY04364,ORD04364,2025-12-23,UPI,Refunded,20354.02
PAY04365,ORD04365,2025-01-06,Credit Card,Successful,4798.02
PAY04366,ORD04366,2025-10-19,Debit Card,Successful,74868.32
PAY04367,ORD04367,2025-10-04,Net Banking,Successful,1338.39
PAY04368,ORD04368,2025-05-23,Net Banking,Successful,28938.28
PAY04369,ORD04369,2025-06-17,Cash on Delivery,Refunded,10952.03
PAY04370,ORD04370,2025-12-23,Credit Card,Refunded,59197.07
PAY04371,ORD04371,2025-02-10,Credit Card,Refunded,46014.95
PAY04372,ORD04372,2025-05-15,UPI,Successful,21612.17
PAY04373,ORD04373,2025-01-18,Cash on Delivery,Successful,8279.65
PAY04374,ORD04374,2025-01-29,Cash on Delivery,Successful,60931.84
PAY04375,ORD04375,2025-02-13,Debit Card,Successful,2849.62
PAY04376,ORD04376,2025-08-03,Credit Card,Successful,9236.53
PAY04377,ORD04377,2025-01-05,Net Banking,Successful,26069.36
PAY04378,ORD04378,2025-01-25,Cash on Delivery,Successful,17071.36
PAY04379,ORD04379,2025-11-27,Cash on Delivery,Successful,1466.97
PAY04380,ORD04380,2025-11-04,Cash on Delivery,Refunded,2558.31
PAY04381,ORD04381,2025-12-14,UPI,Successful,3053.13
PAY04382,ORD04382,2025-01-13,UPI,Successful,6744.7
PAY04383,ORD04383,2025-05-12,Cash on Delivery,Successful,26738.48
PAY04384,ORD04384,2025-06-05,UPI,Successful,14602.67
PAY04385,ORD04385,2025-11-19,UPI,Successful,84094.9
PAY04386,ORD04386,2025-07-18,Cash on Delivery,Successful,2010.39
PAY04387,ORD04387,2025-01-10,UPI,Successful,7359.41
PAY04388,ORD04388,2025-05-11,Net Banking,Successful,1047.84
PAY04389,ORD04389,2025-07-03,Net Banking,Successful,106800.5
PAY04390,ORD04390,2025-05-12,UPI,Successful,87663.52
PAY04391,ORD04391,2025-01-07,Credit Card,Successful,10599.47
PAY04392,ORD04392,2025-01-20,Net Banking,Successful,16497.81
PAY04393,ORD04393,2025-07-31,UPI,Successful,90046.8
PAY04394,ORD04394,2025-05-09,Debit Card,Successful,2954.76
PAY04395,ORD04395,17/07/2025,Cash on Delivery,Successful,157137.24
PAY04396,ORD04396,2025-06-01,Debit Card,Refunded,3913.38
PAY04397,ORD04397,2025-08-14,Cash on Delivery,Successful,2892.67
PAY04398,ORD04398,2025-07-04,Cash on Delivery,Successful,3998.65
PAY04399,ORD04399,2025-05-25,Cash on Delivery,Successful,2004.99
PAY04400,ORD04400,2025-11-06,UPI,Successful,2946.45
PAY04401,ORD04401,2025-07-22,Net Banking,Successful,8570.36
PAY04402,ORD04402,2025-06-11,UPI,Successful,8006.24
PAY04403,ORD04403,2025-01-31,UPI,Successful,11123.63
PAY04404,ORD04404,2025-09-29,Debit Card,Successful,2186.15
PAY04405,ORD04405,2025-11-05,Cash on Delivery,Successful,222629.16
PAY04406,ORD04406,2025-02-15,Credit Card,Successful,25081.12
PAY04407,ORD04407,2025-03-29,Credit Card,Failed,5963.42
PAY04408,ORD04408,2025-07-16,Credit Card,Successful,9200.25
PAY04409,ORD04409,2025-12-15,Cash on Delivery,Failed,162512.76
PAY04410,ORD04410,2025-01-31,UPI,Successful,7409.71
PAY04411,ORD04411,2025-07-08,Cash on Delivery,Successful,2918.84
PAY04412,ORD04412,2025-11-05,Cash on Delivery,Successful,1008.91
PAY04413,ORD04413,2025-05-04,Net Banking,Successful,4324.17
PAY04414,ORD04414,2025-01-12,Credit Card,Successful,18007.12
PAY04415,ORD04415,2025-09-12,Debit Card,Successful,46144.48
PAY04416,ORD04416,2025-11-20,UPI,Successful,1629.9
PAY04417,ORD04417,2025-09-04,Cash on Delivery,Successful,4450.59
PAY04418,ORD04418,2025-04-07,Net Banking,Pending,2578.21
PAY04419,ORD04419,2025-11-17,Cash on Delivery,Successful,22822.38
PAY04420,ORD04420,2025-03-22,UPI,Successful,4573.54
PAY04421,ORD04421,2025-03-04,Debit Card,Successful,5826.45
PAY04422,ORD04422,2025-07-25,UPI,Successful,4977.76
PAY04423,ORD04423,2025-03-25,UPI,Successful,74250.5
PAY04424,ORD04424,2025-07-12,Debit Card,Successful,11865.83
PAY04425,ORD04425,2025-09-19,Debit Card,Successful,31608.25
PAY04426,ORD04426,2025-05-23,Credit Card,Failed,2163.86
PAY04427,ORD04427,2025-08-03,UPI,Successful,4258.03
PAY04428,ORD04428,2025-11-26,Credit Card,Successful,6331.9
PAY04429,ORD04429,2025-04-03,UPI,Successful,8418.16
PAY04430,ORD04430,2025-02-13,Cash on Delivery,Failed,2126.73
PAY04431,ORD04431,2025-04-27,UPI,Successful,3089.08
PAY04432,ORD04432,2025-02-04,Net Banking,Successful,3200.56
PAY04433,ORD04433,2025-08-16,Credit Card,Successful,257425.11
PAY04434,ORD04434,2025-05-20,Net Banking,Successful,45246.51
PAY04435,ORD04435,2025-09-10,Cash on Delivery,Refunded,7231.74
PAY04436,ORD04436,30-12-2025,Cash on Delivery,Successful,24370.61
PAY04437,ORD04437,2025-08-23,Cash on Delivery,Successful,127740.53
PAY04438,ORD04438,2025-10-22,Debit Card,Successful,2405.0
PAY04439,ORD04439,2025-06-03,Credit Card,Successful,20760.84
PAY04440,ORD04440,2025-06-06,Credit Card,Successful,77490.44
PAY04441,ORD04441,2025-10-22,UPI,Failed,8978.67
PAY04442,ORD04442,2025-07-16,Net Banking,Successful,32444.84
PAY04443,ORD04443,2025-05-11,Debit Card,Successful,1393.91
PAY04444,ORD04444,2025-10-24,UPI,Successful,8917.87
PAY04445,ORD04445,2025-10-14,Debit Card,Refunded,11452.3
PAY04446,ORD04446,2025-09-11,Cash on Delivery,Successful,128751.83
PAY04447,ORD04447,2025-11-26,Cash on Delivery,Successful,9560.24
PAY04448,ORD04448,2025-09-02,Debit Card,Successful,4498.47
PAY04449,ORD04449,2025-08-03,Credit Card,Successful,5882.67
PAY04450,ORD04450,2025-08-29,Net Banking,Successful,32735.18
PAY04451,ORD04451,2025-09-29,UPI,Successful,1417.06
PAY04452,ORD04452,2025-05-08,Credit Card,Successful,6839.54
PAY04453,ORD04453,2025-06-29,Credit Card,Successful,121190.03
PAY04454,ORD04454,2025-02-21,Cash on Delivery,Successful,7079.77
PAY04455,ORD04455,2025-03-04,UPI,Successful,63757.16
PAY04456,ORD04456,2025-10-03,Debit Card,Successful,57655.48
PAY04457,ORD04457,2025-06-06,Cash on Delivery,Successful,6150.57
PAY04458,ORD04458,2025-08-23,Cash on Delivery,Successful,2414.5
PAY04459,ORD04459,2025-12-22,Credit Card,Successful,1953.34
PAY04460,ORD04460,2025-12-21,Credit Card,Successful,6885.48
PAY04461,ORD04461,2025-10-29,UPI,Successful,11958.15
PAY04462,ORD04462,2025-04-08,Debit Card,Successful,34118.88
PAY04463,ORD04463,2025-07-14,Debit Card,Successful,28458.7
PAY04464,ORD04464,2025-06-25,UPI,Successful,1418.04
PAY04465,ORD04465,2025-02-27,Credit Card,Successful,51335.34
PAY04466,ORD04466,2025-10-24,Cash on Delivery,Successful,3006.33
PAY04467,ORD04467,2025-09-29,Debit Card,Successful,6188.94
PAY04468,ORD04468,2025-08-18,Credit Card,Successful,26255.89
PAY04469,ORD04469,2025-03-01,Cash on Delivery,Successful,3180.05
PAY04470,ORD04470,2025-12-01,Net Banking,Successful,20364.51
PAY04471,ORD04471,2025-10-30,Debit Card,Failed,31439.25
PAY04472,ORD04472,2025-09-06,UPI,Successful,34057.29
PAY04473,ORD04473,2025-05-23,Credit Card,Successful,92991.15
PAY04474,ORD04474,2025-09-04,Credit Card,Successful,12451.72
PAY04475,ORD04475,2025-01-18,Debit Card,Successful,7841.9
PAY04476,ORD04476,2025-08-28,Cash on Delivery,Successful,1325.93
PAY04477,ORD04477,2025-07-06,Debit Card,Successful,7083.6
PAY04478,ORD04478,2025-12-23,Net Banking,Successful,22865.31
PAY04479,ORD04479,2025-07-08,Credit Card,Successful,111585.78
PAY04480,ORD04480,2025-11-13,Net Banking,Successful,9156.39
PAY04481,ORD04481,2025-11-24,Cash on Delivery,Successful,105101.98
PAY04482,ORD04482,2025-06-14,Credit Card,Successful,8557.94
PAY04483,ORD04483,2025-03-09,Debit Card,Successful,73001.42
PAY04484,ORD04484,2025-11-19,Cash on Delivery,Successful,120835.55
PAY04485,ORD04485,2025-05-13,Credit Card,failed,58017.22
PAY04486,ORD04486,2025-05-18,Debit Card,Successful,12782.11
PAY04487,ORD04487,2025-06-22,Debit Card,Refunded,783.78
PAY04488,ORD04488,2025-07-19,Credit Card,Pending,18699.65
PAY04489,ORD04489,2025-04-18,Cash on Delivery,Successful,10821.5
PAY04490,ORD04490,2025-12-20,Credit Card,Successful,72134.82
PAY04491,ORD04491,2025-01-02,Net Banking,Refunded,3369.09
PAY04492,ORD04492,2025-01-14,Net Banking,Successful,60815.79
PAY04493,ORD04493,2025-04-21,Debit Card, Successful ,1368.34
PAY04494,ORD04494,2025-12-18,UPI,Successful,173165.7
PAY04495,ORD04495,2025-08-29,Net Banking,Refunded,7239.01
PAY04496,ORD04496,2025-03-08,Debit Card,Successful,299039.82
PAY04497,ORD04497,2025-09-01,Cash on Delivery,Successful,52478.52
PAY04498,ORD04498,2025-06-17,Debit Card,Failed,4223.06
PAY04499,ORD04499,2025-10-12,Cash on Delivery,Successful,6452.45
PAY04500,ORD04500,2025-10-12,Debit Card,Successful,20021.03
PAY04501,ORD04501,2025-03-22,Cash on Delivery,Refunded,1658.88
PAY04502,ORD04502,2025-07-26,Credit Card,Successful,130923.85
PAY04503,ORD04503,2025-07-29,Cash on Delivery,Successful,7888.75
PAY04504,ORD04504,2025-10-04,Cash on Delivery,Successful,76576.0
PAY04505,ORD04505,2025-08-26,Debit Card,Successful,83441.12
PAY04506,ORD04506,2025-05-16,UPI,Successful,236708.89
PAY04507,ORD04507,2025-11-25,Debit Card,Pending,14626.57
PAY04508,ORD04508,2025-05-27,Cash on Delivery,Successful,56476.44
PAY04509,ORD04509,2025-01-24,Credit Card,Successful,3905.32
PAY04510,ORD04510,2025-11-05,Credit Card,Successful,138638.03
PAY04511,ORD04511,2025-08-10,Debit Card,Successful,31607.92
PAY04512,ORD04512,2025-09-02,UPI,Successful,10501.3
PAY04513,ORD04513,2025-12-15,Cash on Delivery,Successful,10595.63
PAY04514,ORD04514,2025-03-13,Debit Card,Successful,120081.51
PAY04515,ORD04515,2025-02-24,Cash on Delivery,Successful,19255.58
PAY04516,ORD04516,2025-10-16,upi,Successful,213993.65
PAY04517,ORD04517,2025-02-27,UPI,Successful,5168.51
PAY04518,ORD04518,2025-12-15,Cash on Delivery,Successful,64702.43
PAY04519,ORD04519,2025-06-20,UPI,Successful,13574.99
PAY04520,ORD04520,2025-03-30,Net Banking,Successful,1088.26
PAY04521,ORD04521,2025-04-01,UPI,Successful,56204.09
PAY04522,ORD04522,2025-02-20,UPI,Successful,10091.27
PAY04523,ORD04523,2025-02-07,Credit Card,Successful,68544.9
PAY04524,ORD04524,2025-11-10,Cash on Delivery,Successful,8974.15
PAY04525,ORD04525,2025-02-01,UPI,Successful,5464.42
PAY04526,ORD04526,2025-03-14,UPI,Successful,57410.36
PAY04527,ORD04527,2025-09-02,Debit Card,Failed,8355.98
PAY04528,ORD04528,2025-01-11,UPI,Successful,67310.67
PAY04529,ORD04529,2025-04-11,Net Banking,Successful,77544.08
PAY04530,ORD04530,2025-10-24,Debit Card,Successful,232119.99
PAY04531,ORD04531,2025-04-17,Net Banking,Successful,12657.98
PAY04532,ORD04532,2025-06-03,UPI,Successful,1454.25
PAY04533,ORD04533,2025-08-10,Net Banking,Successful,7728.41
PAY04534,ORD04534,2025-05-23,Credit Card,Successful,1152.56
PAY04535,ORD04535,2025-02-20,UPI,Successful,27588.07
PAY04536,ORD04536,2025-02-16,Net Banking,Refunded,13041.47
PAY04537,ORD04537,2025-12-11,Cash on Delivery,Successful,70663.62
PAY04538,ORD04538,2025-11-09,,Successful,69534.89
PAY04539,ORD04539,2025-03-02,Credit Card,Failed,51497.25
PAY04540,ORD04540,2025-10-21,Credit Card,Successful,15478.18
PAY04541,ORD04541,2025-05-15,Cash on Delivery,Successful,2323.14
PAY04542,ORD04542,2025-02-04,UPI,Successful,5132.31
PAY04543,ORD04543,2025-03-21,Debit Card,Successful,797.86
PAY04544,ORD04544,2025-11-03,Credit Card,Successful,64949.87
PAY04545,ORD04545,2025-08-11,UPI,Successful,5130.95
PAY04546,ORD04546,2025-06-28,Debit Card,Successful,93478.72
PAY04547,ORD04547,2025-12-01,UPI,Successful,2049.76
PAY04548,ORD04548,2025-04-07,Cash on Delivery,Successful,9197.36
PAY04549,ORD04549,2025-01-31,Credit Card,Successful,1891.82
PAY04550,ORD04550,2025-07-17,Cash on Delivery,Successful,5233.78
PAY04551,ORD04551,2025-11-27,Credit Card,Successful,8673.71
PAY04552,ORD04552,2025-03-20,Credit Card,Successful,1746.18
PAY04553,ORD04553,2025-05-29,Credit Card,Successful,55596.28
PAY04554,ORD04554,2025-12-12,Cash on Delivery,Successful,6980.45
PAY04555,ORD04555,2025-07-02,UPI,Failed,9785.84
PAY04556,ORD04556,2025-03-23,Debit Card,Successful,9833.48
PAY04557,ORD04557,2025-06-03,Debit Card,Successful,167700.81
PAY04558,ORD04558,2025-08-31,Net Banking,Refunded,92548.11
PAY04559,ORD04559,2025-05-04,Debit Card,Successful,6050.49
PAY04560,ORD04560,2025-11-19,Debit Card,Pending,120594.71
PAY04561,ORD04561,2025-01-28,Net Banking,Refunded,10179.04
PAY04562,ORD04562,2025-01-05,Debit Card,Refunded,12115.36
PAY04563,ORD04563,2025-08-18,Net Banking,Successful,2277.32
PAY04564,ORD04564,2025-12-17,Net Banking,Successful,10851.01
PAY04565,ORD04565,2025-10-22,UPI,Successful,208152.6
PAY04566,ORD04566,2025-07-25,Cash on Delivery,Successful,11202.18
PAY04567,ORD04567,2025-01-24,Debit Card,Successful,2183.17
PAY04568,ORD04568,2025-04-12,UPI,Successful,8950.31
PAY04569,ORD04569,2025-08-16,UPI,Successful,6377.86
PAY04570,ORD04570,2025-03-16,UPI,Successful,232286.8
PAY04571,ORD04571,2025-12-12,Debit Card,Successful,4323.04
PAY04572,ORD04572,2025-05-06,UPI,Failed,33925.34
PAY04573,ORD04573,2025-03-15,UPI,Successful,2881.56
PAY04574,ORD04574,2025-08-25,Credit Card,Successful,1821.76
PAY04575,ORD04575,2025-10-29,Credit Card,Successful,24194.1
PAY04576,ORD04576,2025-12-07,Credit Card,Successful,12164.42
PAY04577,ORD04577,2025-05-18,UPI,Successful,5459.95
PAY04578,ORD04578,2025-03-29,UPI,Successful,173918.81
PAY04579,ORD04579,2025-08-15,Cash on Delivery,Successful,224643.91
PAY04580,ORD04580,2025-09-07,Net Banking,Successful,31894.13
PAY04581,ORD04581,2025-09-12,UPI,Successful,33769.86
PAY04582,ORD04582,2025-11-12,Cash on Delivery,Successful,5577.38
PAY04583,ORD04583,2025-05-31,Credit Card,Successful,19612.1
PAY04584,ORD04584,2025-07-14,Credit Card,Refunded,24527.87
PAY04585,ORD04585,2025-11-02,Debit Card,Successful,116943.77
PAY04586,ORD04586,2025-06-10,UPI,Successful,3520.28
PAY04587,ORD04587,2025-02-21,Debit Card,Pending,18617.06
PAY04588,ORD04588,2025-09-06,Debit Card,Successful,45474.25
PAY04589,ORD04589,2025-12-07,Cash on Delivery,Successful,2898.96
PAY04590,ORD04590,2025-03-14,UPI,Successful,16206.11
PAY04591,ORD04591,2025-01-11,Cash on Delivery,Successful,111881.51
PAY04592,ORD04592,2025-12-27,Credit Card,Successful,2664.38
PAY04593,ORD04593,2025-02-22,Net Banking,Successful,3033.66
PAY04594,ORD04594,2025-03-10,Net Banking,Successful,3169.23
PAY04595,ORD04595,2025-05-08,UPI,Failed,60338.58
PAY04596,ORD04596,2025-08-22,Cash on Delivery,Successful,4711.12
PAY04597,ORD04597,2025-08-05,Debit Card,Successful,29789.21
PAY04598,ORD04598,2025-09-28,Debit Card,Successful,12538.91
PAY04599,ORD04599,2025-11-14,Net Banking,Successful,193432.3
PAY04600,ORD04600,2025-07-03,UPI,Successful,7469.16
PAY04601,ORD04601,2025-02-10,UPI,Successful,27234.63
PAY04602,ORD04602,2025-07-09,Credit Card,Successful,55451.11
PAY04603,ORD04603,2025-12-05,Net Banking,Successful,9447.91
PAY04604,ORD04604,2025-02-28,Debit Card,Refunded,290538.01
PAY04605,ORD04605,2025-09-19,Debit Card,Successful,10545.34
PAY04606,ORD04606,2025-07-22,Credit Card,Successful,4763.1
PAY04607,ORD04607,2025-02-16,Debit Card,Successful,59118.63
PAY04608,ORD04608,2025-01-30,Credit Card,Failed,72982.76
PAY04609,ORD04609,2025-12-24,Cash on Delivery,Refunded,86661.45
PAY04610,ORD04610,2025-12-07,Cash on Delivery,Failed,57005.74
PAY04611,ORD04611,2025-05-21,Credit Card,Successful,13904.84
PAY04612,ORD04612,2025-02-17,Credit Card,Successful,21693.35
PAY04613,ORD04613,2025-08-01,Cash on Delivery,Successful,7282.22
PAY04614,ORD04614,2025-04-30,Debit Card,Successful,136811.16
PAY04615,ORD04615,2025-02-23,Credit Card,Refunded,4061.31
PAY04616,ORD04616,2025-04-20,Net Banking,Successful,2024.12
PAY04617,ORD04617,2025-05-01,UPI,Successful,50900.49
PAY04618,ORD04618,2025-11-21,Net Banking,Failed,142986.06
PAY04619,ORD04619,2025-02-12,Credit Card,Successful,304.41
PAY04620,ORD04620,2025-12-05,UPI,Successful,57324.46
PAY04621,ORD04621,2025-03-29,UPI,Successful,80602.03
PAY04622,ORD04622,2025-02-09,UPI,Successful,58607.71
PAY04623,ORD04623,2025-03-23,Debit Card,Refunded,3016.5
PAY04624,ORD04624,08/01/2025,Credit Card,Successful,54882.62
PAY04625,ORD04625,2025-02-09,Credit Card,Successful,4375.32
PAY04626,ORD04626,2025-07-15,UPI,Successful,1367.08
PAY04627,ORD04627,2025-12-21,Credit Card,Successful,13291.41
PAY04628,ORD04628,2025-07-26,UPI,Successful,6965.36
PAY04629,ORD04629,2025-11-29,upi,Successful,57324.74
PAY04630,ORD04630,2025-05-19,Debit Card,Successful,4100.32
PAY04631,ORD04631,2025-10-05,UPI,Refunded,8085.87
PAY04632,ORD04632,2025-05-22,UPI,Successful,2100.14
PAY04633,ORD04633,2025-02-02,Credit Card,Successful,119154.57
PAY04634,ORD04634,2025-01-17,Debit Card,Successful,6327.88
PAY04635,ORD04635,2025-01-27,UPI,Successful,54848.28
PAY04636,ORD04636,2025-05-05,Credit Card,Successful,4852.18
PAY04637,ORD04637,2025-10-20,Net Banking,Successful,11568.07
PAY04638,ORD04638,2025-01-30,Credit Card,Successful,102557.79
PAY04639,ORD04639,2025-07-27,Debit Card,Successful,2994.2
PAY04640,ORD04640,2025-12-26,Debit Card,Successful,9235.42
PAY04641,ORD04641,2025-09-06,UPI,Successful,129527.81
PAY04642,ORD04642,2025-08-02,UPI,Successful,3300.74
PAY04643,ORD04643,2025-05-12,Cash on Delivery,Successful,55175.51
PAY04644,ORD04644,2025-07-12,Credit Card,Successful,3664.06
PAY04645,ORD04645,2025-08-30,Debit Card,Successful,38606.48
PAY04646,ORD04646,2025-05-20,Credit Card,Successful,10124.31
PAY04647,ORD04647,2025-06-08,UPI,Successful,12751.19
PAY04648,ORD04648,2025-01-30,Cash on Delivery,Successful,63681.93
PAY04649,ORD04649,2025-05-15,Cash on Delivery,Failed,150856.16
PAY04650,ORD04650,2025-08-01,Credit Card,Successful,7324.13
PAY04651,ORD04651,2025-09-09,UPI,Successful,2765.08
PAY04652,ORD04652,2025-02-24,Cash on Delivery,Refunded,33332.02
PAY04653,ORD04653,2025-03-23,Net Banking,Successful,1164.08
PAY04654,ORD04654,2025-02-25,Debit Card,Successful,4724.92
PAY04655,ORD04655,2025-10-15,Debit Card,Successful,4646.67
PAY04656,ORD04656,2025-07-15,Cash on Delivery,Successful,1823.5
PAY04657,ORD04657,2025-10-12,Debit Card,Successful,100848.03
PAY04658,ORD04658,2025-10-18,Net Banking,Successful,2933.53
PAY04659,ORD04659,2025-07-01,Net Banking,Successful,16552.81
PAY04660,ORD04660,2025-10-13,Net Banking,Successful,6450.93
PAY04661,ORD04661,2025-09-09,Net Banking,Refunded,131448.93
PAY04662,ORD04662,2025-07-15,Debit Card,Successful,173348.09
PAY04663,ORD04663,2025-05-15,Credit Card,Successful,2806.34
PAY04664,ORD04664,2025-02-16,UPI,Successful,5884.4
PAY04665,ORD04665,2025-03-12,Credit Card,Successful,67584.24
PAY04666,ORD04666,2025-03-16,Cash on Delivery,Successful,30844.03
PAY04667,ORD04667,2025-09-10,Cash on Delivery,Successful,8360.97
PAY04668,ORD04668,2025-09-29,Debit Card,Successful,3261.36
PAY04669,ORD04669,2025-12-25,Net Banking,Successful,6151.06
PAY04670,ORD04670,2025-02-03,Upi,Successful,5063.25
PAY04671,ORD04671,2025-04-27,Credit Card,Successful,3619.66
PAY04672,ORD04672,2025-12-03,Net Banking,Successful,58734.2
PAY04673,ORD04673,2025-07-30,Credit Card,Successful,82082.94
PAY04674,ORD04674,2025-11-13,Cash on Delivery,Successful,1942.17
PAY04675,ORD04675,2025-05-31,Credit Card,Successful,95342.38
PAY04676,ORD04676,2025-02-02,UPI,Successful,274366.66
PAY04677,ORD04677,2025-12-07,Debit Card,Successful,7651.71
PAY04678,ORD04678,2025-05-31,Debit Card,Successful,2954.84
PAY04679,ORD04679,2025-08-16,Debit Card,Successful,62863.2
PAY04680,ORD04680,2025-02-10,UPI,Successful,239222.22
PAY04681,ORD04681,2025-01-23,Credit Card,Successful,7921.57
PAY04682,ORD04682,2025-02-09,Credit Card,Successful,13488.24
PAY04683,ORD04683,2025-08-07,Credit Card,Successful,223500.95
PAY04684,ORD04684,2025-08-30,Debit Card,Successful,138596.64
PAY04685,ORD04685,2025-11-02,UPI,Successful,45622.86
PAY04686,ORD04686,2025-07-20,Credit Card,Successful,11104.86
PAY04687,ORD04687,2025-12-16,UPI,Successful,6813.69
PAY04688,ORD04688,2025-05-09,UPI,Successful,23652.01
PAY04689,ORD04689,2025-02-12,Cash on Delivery,Successful,137830.75
PAY04690,ORD04690,2025-01-15,Debit Card,Successful,4741.0
PAY04691,ORD04691,2025-01-08,Cash on Delivery,Successful,89599.26
PAY04692,ORD04692,2025-06-28,Cash on Delivery,Successful,62298.45
PAY04693,ORD04693,30/12/2025,Net Banking,Pending,7549.16
PAY04694,ORD04694,2025-01-04,Debit Card,Successful,35163.82
PAY04695,ORD04695,2025-08-31,Credit Card,Successful,108855.0
PAY04696,ORD04696,2025-04-02,Cash on Delivery,Successful,16633.91
PAY04697,ORD04697,2025-07-08,Net Banking,Successful,17942.46
PAY04698,ORD04698,2025-08-12,UPI,Successful,9722.86
PAY04699,ORD04699,2025-11-17,Debit Card,Successful,4885.78
PAY04700,ORD04700,2025-09-04,Net Banking,Successful,8749.67
PAY04701,ORD04701,2025-08-08,Cash on Delivery,Successful,7226.54
PAY04702,ORD04702,2025-12-19,Debit Card,Successful,8441.4
PAY04703,ORD04703,2025-03-23,Net Banking,Successful,17757.97
PAY04704,ORD04704,2025-04-30,Credit Card,Successful,4074.88
PAY04705,ORD04705,2025-03-02,Cash on Delivery,Successful,3148.72
PAY04706,ORD04706,2025-01-06,Cash on Delivery,Successful,105233.29
PAY04707,ORD04707,2025-03-19,Cash on Delivery,Successful,26931.9
PAY04708,ORD04708,2025-03-23,Debit Card,Successful,53083.58
PAY04709,ORD04709,2025-07-06,Credit Card,Successful,3066.53
PAY04710,ORD04710,2025-10-01,Credit Card,Successful,5165.78
PAY04711,ORD04711,2025-08-05,Credit Card,Successful,224892.72
PAY04712,ORD04712,2025-12-19,Credit Card,Successful,16910.47
PAY04713,ORD04713,2025-12-14,Credit Card,Successful,160167.28
PAY04714,ORD04714,2025-03-29,Net Banking,Failed,26147.28
PAY04715,ORD04715,2025-06-26,UPI,Successful,123411.03
PAY04716,ORD04716,2025-05-18,Credit Card,Successful,70047.45
PAY04717,ORD04717,2025-11-18,Credit Card,Successful,9265.12
PAY04718,ORD04718,2025-10-30,Debit Card,Refunded,67723.21
PAY04719,ORD04719,2025-10-04,UPI,Successful,33793.37
PAY04720,ORD04720,2025-04-01,Cash on Delivery,Failed,108231.26
PAY04721,ORD04721,2025-06-25,Credit Card,Pending,7723.1
PAY04722,ORD04722,2025-03-08,Cash on Delivery,Successful,157305.34
PAY04723,ORD04723,2025-04-21,Cash on Delivery,Successful,844.84
PAY04724,ORD04724,2025-01-08,Debit Card,Successful,16931.12
PAY04725,ORD04725,2025-01-20,Credit Card,Successful,2211.1
PAY04726,ORD04726,2025-09-09,UPI,Failed,3389.65
PAY04727,ORD04727,2025-02-05,Cash on Delivery,Successful,116838.53
PAY04728,ORD04728,2025-01-25,Debit Card,Refunded,26555.09
PAY04729,ORD04729,2025-05-04,UPI,Successful,65902.67
PAY04730,ORD04730,2025-04-26,Net Banking,Successful,265202.48
PAY04731,ORD04731,2025-11-13,Cash on Delivery,Successful,3069.58
PAY04732,ORD04732,2025-06-12,Net Banking,Successful,52952.14
PAY04733,ORD04733,2025-08-13,Credit Card,Successful,76712.82
PAY04734,ORD04734,2025-08-12,Credit Card,Refunded,13311.37
PAY04735,ORD04735,2025-03-19,Net Banking,Successful,3815.63
PAY04736,ORD04736,2025-06-27,Debit Card,Successful,5848.19
PAY04737,ORD04737,2025-04-09,Credit Card,Successful,882.31
PAY04738,ORD04738,2025-03-09,Cash on Delivery,Successful,149578.27
PAY04739,ORD04739,2025-05-05,Net Banking,Successful,41788.73
PAY04740,ORD04740,2025-09-07,Net Banking,Successful,65421.8
PAY04741,ORD04741,2025-02-01,Debit Card,Successful,1092.58
PAY04742,ORD04742,2025-04-02,UPI,Successful,82615.55
PAY04743,ORD04743,2025-07-04,UPI,Successful,5484.24
PAY04744,ORD04744,2025-01-11,Net Banking,Successful,21446.36
PAY04745,ORD04745,2025-01-10,UPI,Successful,7179.98
PAY04746,ORD04746,2025-10-14,Cash on Delivery,Successful,33225.89
PAY04747,ORD04747,2025-11-29,UPI,Successful,52862.33
PAY04748,ORD04748,2025-02-19,Cash on Delivery,Successful,1069.58
PAY04749,ORD04749,2025-11-22,Cash on Delivery,Successful,71821.53
PAY04750,ORD04750,2025-01-29,Debit Card,Successful,240066.29
PAY04751,ORD04751,2025-08-12,Cash on Delivery,Successful,2694.3
PAY04752,ORD04752,2025-10-04,UPI,Successful,7809.4
PAY04753,ORD04753,2025-05-28,UPI,Successful,3670.27
PAY04754,ORD04754,2025-04-29,Cash on Delivery,Successful,145823.49
PAY04755,ORD04755,2025-05-22,Net Banking,Successful,120118.19
PAY04756,ORD04756,2025-04-26,Credit Card,Refunded,71237.87
PAY04757,ORD04757,2025-11-29,Credit Card,Refunded,3238.82
PAY04758,ORD04758,2025-01-01,UPI,Refunded,276755.44
PAY04759,ORD04759,2025-11-08,Debit Card,Refunded,6249.25
PAY04760,ORD04760,2025-01-20,UPI,Successful,14568.84
PAY04761,ORD04761,2025-10-17,UPI,Failed,3918.03
PAY04762,ORD04762,2025-08-29,Debit Card,Successful,11699.8
PAY04763,ORD04763,2025-05-26,UPI,Successful,1834.76
PAY04764,ORD04764,2025-11-09,Net Banking,Successful,6955.81
PAY04765,ORD04765,2025-10-11,upi,Successful,64471.5
PAY04766,ORD04766,2025-05-15,UPI,Successful,9644.75
PAY04767,ORD04767,2025-03-06,Debit Card,Successful,10593.76
PAY04768,ORD04768,2025-10-23,UPI,Successful,4816.19
PAY04769,ORD04769,2025-08-22,Debit Card,Successful,51834.05
PAY04770,ORD04770,2025-07-08,Cash on Delivery,Successful,2922.34
PAY04771,ORD04771,2025-01-03,Debit Card,Failed,3177.5
PAY04772,ORD04772,2025-06-14,Cash on Delivery,Successful,24869.37
PAY04773,ORD04773,2025-03-02,Credit Card,Successful,8904.84
PAY04774,ORD04774,2025-06-17,Debit Card,Successful,1577.33
PAY04775,ORD04775,2025-06-02,Cash on Delivery,Successful,59871.3
PAY04776,ORD04776,2025-10-05,Upi,Successful,2601.62
PAY04777,ORD04777,2025-10-05,Cash on Delivery,Successful,5369.25
PAY04778,ORD04778,2025-09-06,Cash on Delivery,Successful,22971.46
PAY04779,ORD04779,2025-07-15,,Successful,3594.76
PAY04780,ORD04780,2025-03-26,Debit Card,Successful,19534.55
PAY04781,ORD04781,2025-01-02,Cash on Delivery,Successful,8512.7
PAY04782,ORD04782,2025-06-26,Credit Card,Successful,11798.64
PAY04783,ORD04783,2025-04-05,Credit Card,Successful,88862.94
PAY04784,ORD04784,2025-12-22,UPI,Successful,5226.7
PAY04785,ORD04785,2025-07-04,Credit Card,Successful,27117.14
PAY04786,ORD04786,2025-07-09,Cash on Delivery,Successful,5424.64
PAY04787,ORD04787,2025-04-07,Debit Card,Successful,9165.51
PAY04788,ORD04788,2025-05-10,UPI,Successful,112278.29
PAY04789,ORD04789,2025-02-17,Net Banking,Successful,11027.59
PAY04790,ORD04790,2025-09-19,Cash on Delivery,Successful,4609.12
PAY04791,ORD04791,2025-01-07,Debit Card,Refunded,43711.56
PAY04792,ORD04792,2025-03-04,UPI,Successful,114229.24
PAY04793,ORD04793,2025-09-29,Cash on Delivery,Successful,4497.51
PAY04794,ORD04794,2025-02-14,Cash on Delivery,Successful,8669.04
PAY04795,ORD04795,2025-07-03,Credit Card,Pending,181913.46
PAY04796,ORD04796,2025-05-29,Cash on Delivery,Successful,16823.89
PAY04797,ORD04797,2025-01-12,Cash on Delivery,Refunded,3162.48
PAY04798,ORD04798,2025-09-10,UPI,Successful,68571.7
PAY04799,ORD04799,2025-05-21,Cash on Delivery,Refunded,4242.59
PAY04800,ORD04800,2025-02-04,Credit Card,Successful,207151.47
PAY04801,ORD04801,2025-10-25,Net Banking,Successful,10419.93
PAY04802,ORD04802,2025-04-21,Credit Card,Successful,6251.61
PAY04803,ORD04803,2025-08-31,Net Banking,Successful,4811.38
PAY04804,ORD04804,2025-07-15,Debit Card,Successful,6873.2
PAY04805,ORD04805,2025-10-26,Credit Card,Successful,153546.75
PAY04806,ORD04806,2025-04-26,UPI,Successful,1019.22
PAY04807,ORD04807,2025-11-10,Net Banking,Successful,945.68
PAY04808,ORD04808,2025-10-18,UPI,Successful,11068.56
PAY04809,ORD04809,2025-04-02,Net Banking,Successful,8829.81
PAY04810,ORD04810,2025-01-25,Cash on Delivery,Successful,61946.26
PAY04811,ORD04811,2025-07-07,Net Banking,Successful,67476.7
PAY04812,ORD04812,2025-07-30,Net Banking,Successful,14303.06
PAY04813,ORD04813,11-02-2025,Debit Card,Successful,1273.85
PAY04814,ORD04814,2025-03-05,Debit Card,Successful,92530.05
PAY04815,ORD04815,2025-04-16,Credit Card,Successful,1743.19
PAY04816,ORD04816,2025-11-12,Cash on Delivery,Successful,14004.83
PAY04817,ORD04817,2025-11-27,UPI,Successful,34581.83
PAY04818,ORD04818,2025-02-05,Debit Card,Successful,26702.4
PAY04819,ORD04819,2025-08-09,Net Banking,Successful,62165.76
PAY04820,ORD04820,2025-05-28,Net Banking,Successful,4274.78
PAY04821,ORD04821,2025-06-02,Net Banking,Successful,8935.35
PAY04822,ORD04822,29/06/2025,Net Banking,Failed,101566.03
PAY04823,ORD04823,2025-02-13,UPI,Failed,56498.68
PAY04824,ORD04824,2025-06-11,Net Banking,Failed,40302.71
PAY04825,ORD04825,2025-05-24,UPI,Successful,60781.07
PAY04826,ORD04826,2025-10-10,Cash on Delivery,Successful,79911.02
PAY04827,ORD04827,2025-07-08,Credit Card,Successful,123854.61
PAY04828,ORD04828,2025-10-26,Credit Card,Successful,4747.38
PAY04829,ORD04829,2025-05-31,UPI,Successful,25260.85
PAY04830,ORD04830,2025-12-01,Net Banking,Successful,286043.28
PAY04831,ORD04831,2025-08-18,Net Banking,Successful,23480.16
PAY04832,ORD04832,2025-10-24,Net Banking,Successful,81089.14
PAY04833,ORD04833,2025-04-27,Credit Card,Successful,270618.73
PAY04834,ORD04834,2025-03-07,Net Banking,Successful,2618.68
PAY04835,ORD04835,2025-05-24,Credit Card,Successful,144462.91
PAY04836,ORD04836,2025-05-04,Cash on Delivery,Successful,26762.09
PAY04837,ORD04837,2025-09-26,UPI,Successful,41001.75
PAY04838,ORD04838,2025-02-23,UPI,Failed,6635.88
PAY04839,ORD04839,2025-07-17,UPI,Successful,1348.69
PAY04840,ORD04840,2025-06-16,Net Banking,Successful,12701.46
PAY04841,ORD04841,2025-09-11,Debit Card,Successful,14421.22
PAY04842,ORD04842,2025-01-03,UPI,Successful,14891.89
PAY04843,ORD04843,2025-05-06,Net Banking,Pending,44427.74
PAY04844,ORD04844,2025-08-11,Credit Card,Successful,7964.32
PAY04845,ORD04845,2025-09-21,Credit Card,Successful,2083.72
PAY04846,ORD04846,21/01/2025,Cash on Delivery,Successful,58191.7
PAY04847,ORD04847,2025-07-19,Debit Card,Successful,146902.58
PAY04848,ORD04848,2025-08-26,Credit Card,Successful,5281.05
PAY04849,ORD04849,2025-09-17,Debit Card,Successful,43970.19
PAY04850,ORD04850,2025-08-07,Cash on Delivery,Successful,10186.08
PAY04851,ORD04851,2025-09-15,Credit Card,Successful,73245.69
PAY04852,ORD04852,2025-04-16,UPI,Successful,6909.78
PAY04853,ORD04853,2025-09-29,Credit Card,Successful,62204.1
PAY04854,ORD04854,2025-09-27,Cash on Delivery,Successful,67651.3
PAY04855,ORD04855,2025-04-08,Credit Card,Successful,1041.59
PAY04856,ORD04856,2025-08-24,Debit Card,Successful,5425.56
PAY04857,ORD04857,2025-11-08,Cash on Delivery,Successful,4015.86
PAY04858,ORD04858,2025-03-28,Credit Card,Successful,17550.29
PAY04859,ORD04859,2025-09-13,Upi,Successful,1764.68
PAY04860,ORD04860,2025-07-05,Credit Card,Successful,15412.99
PAY04861,ORD04861,2025-12-21,UPI,Successful,118365.62
PAY04862,ORD04862,2025-02-23,Credit Card,Successful,91092.19
PAY04863,ORD04863,2025-09-17,Cash on Delivery,Failed,2122.49
PAY04864,ORD04864,2025-04-07,Net Banking,Successful,49622.22
PAY04865,ORD04865,2025-09-28,Debit Card,Failed,1566.8
PAY04866,ORD04866,2025-09-16,UPI,Failed,52425.74
PAY04867,ORD04867,2025-08-05,Cash on Delivery,Successful,3682.14
PAY04868,ORD04868,2025-07-18,Net Banking,Successful,2187.25
PAY04869,ORD04869,2025-07-13,Net Banking,Pending,361238.27
PAY04870,ORD04870,2025-09-16,Credit Card,Failed,179716.49
PAY04871,ORD04871,2025-02-02,UPI,Successful,6084.94
PAY04872,ORD04872,2025-10-29,Cash on Delivery,Successful,7154.57
PAY04873,ORD04873,2025-03-25,Net Banking,Successful,38337.04
PAY04874,ORD04874,2025-10-06,Net Banking,Failed,1861.39
PAY04875,ORD04875,2025-07-13,Credit Card,Successful,13990.17
PAY04876,ORD04876,2025-01-12,UPI,Successful,514.4
PAY04877,ORD04877,2025-02-08,Debit Card,Failed,47376.83
PAY04878,ORD04878,2025-11-02,UPI,Successful,89854.74
PAY04879,ORD04879,2025-11-20,UPI,Successful,8026.54
PAY04880,ORD04880,2025-12-07,UPI,Successful,13720.97
PAY04881,ORD04881,2025-08-22,Cash on Delivery,Successful,18969.13
PAY04882,ORD04882,2025-01-05,credit card,Successful,9150.66
PAY04883,ORD04883,2025-01-22,UPI,Successful,28332.39
PAY04884,ORD04884,2025-09-29,UPI,Successful,3065.14
PAY04885,ORD04885,2025-10-14,Cash on Delivery,Refunded,2351.4
PAY04886,ORD04886,2025-11-13,Cash on Delivery,Successful,42029.34
PAY04887,ORD04887,2025-05-13,UPI,Successful,226479.81
PAY04888,ORD04888,2025-08-22,Credit Card,Successful,12443.2
PAY04889,ORD04889,2025-01-23,Cash on Delivery,Successful,12569.81
PAY04890,ORD04890,2025-05-07,Cash on Delivery,Successful,4914.08
PAY04891,ORD04891,2025-08-02,Debit Card,Successful,1202.31
PAY04892,ORD04892,2025-07-13,Debit Card,Failed,12667.3
PAY04893,ORD04893,2025-11-21,Net Banking,Successful,6497.4
PAY04894,ORD04894,2025-01-31,UPI,Successful,119248.13
PAY04895,ORD04895,2025-04-21,UPI,Successful,61024.06
PAY04896,ORD04896,2025-12-19,UPI ,Successful,1509.24
PAY04897,ORD04897,2025-12-27,Debit Card,Successful,66720.06
PAY04898,ORD04898,2025-06-02,Cash on Delivery,Successful,20475.98
PAY04899,ORD04899,2025-11-24,Debit Card,Successful,1563.44
PAY04900,ORD04900,2025-09-01,Cash on Delivery,Successful,26552.38
PAY04901,ORD04901,2025-04-24,Credit Card,Successful,20385.98
PAY04902,ORD04902,2025-09-29,Net Banking,Successful,1778.19
PAY04903,ORD04903,2025-01-05,Debit Card,Refunded,3540.14
PAY04904,ORD04904,2025-08-16,Debit Card,refunded,7249.15
PAY04905,ORD04905,2025-11-25,Debit Card,Pending,59170.41
PAY04906,ORD04906,2025-12-28,Debit Card,Successful,4017.53
PAY04907,ORD04907,2025-02-24,Cash on Delivery,Successful,6185.69
PAY04908,ORD04908,2025-09-27,Net Banking,Successful,6961.9
PAY04909,ORD04909,2025-01-12,Cash on Delivery,Successful,96409.73
PAY04910,ORD04910,2025-06-20,Net Banking,Successful,1297.36
PAY04911,ORD04911,2025-10-04,Net Banking,Successful,9304.77
PAY04912,ORD04912,2025-05-01,Net Banking,Successful,13948.9
PAY04913,ORD04913,2025-04-13,UPI,Refunded,18141.31
PAY04914,ORD04914,2025-05-26,Debit Card,Successful,5761.18
PAY04915,ORD04915,2025-09-02,Credit Card ,Failed,16697.42
PAY04916,ORD04916,2025-07-18,Credit Card,Successful,35204.18
PAY04917,ORD04917,2025-09-04,Credit Card,Successful,7526.76
PAY04918,ORD04918,2025-05-22,UPI,Refunded,158128.44
PAY04919,ORD04919,2025-05-07,Cash on Delivery,Successful,18462.01
PAY04920,ORD04920,2025-09-12,UPI,Successful,65830.84
PAY04921,ORD04921,2025-08-19,Net Banking,Successful,14936.78
PAY04922,ORD04922,2025-06-30,Cash on Delivery,Failed,3840.51
PAY04923,ORD04923,2025-07-29,Cash on Delivery,Successful,6552.06
PAY04924,ORD04924,2025-01-17,Credit Card,Successful,3638.4
PAY04925,ORD04925,2025-01-08,Net Banking,Successful,54155.4
PAY04926,ORD04926,2025-05-21,Debit Card,Refunded,14554.85
PAY04927,ORD04927,2025-05-10,Debit Card,Successful,30463.71
PAY04928,ORD04928,2025-06-20,Credit Card,Successful,50356.93
PAY04929,ORD04929,2025-05-31,Cash on Delivery,Successful,2972.28
PAY04930,ORD04930,2025-03-13,UPI,Successful,9808.08
PAY04931,ORD04931,2025-11-11,UPI,Refunded,6521.72
PAY04932,ORD04932,2025-09-19,Cash on Delivery,Failed,11174.89
PAY04933,ORD04933,2025-08-07,Cash on Delivery,Successful,50674.36
PAY04934,ORD04934,2025-06-11,UPI ,Successful,27440.62
PAY04935,ORD04935,2025-03-18,Credit Card,Successful,63974.08
PAY04936,ORD04936,2025-10-15,Cash on Delivery,Successful,32510.61
PAY04937,ORD04937,2025-08-21,UPI,Successful,21358.59
PAY04938,ORD04938,2025-04-02,Debit Card,Successful,41676.62
PAY04939,ORD04939,2025-01-29,UPI,Successful,3200.22
PAY04940,ORD04940,2025-03-11,UPI,Refunded,9498.1
PAY04941,ORD04941,2025-08-30,UPI,Successful,17008.28
PAY04942,ORD04942,2025-01-23,UPI,Successful,5404.69
PAY04943,ORD04943,2025-02-20,Debit Card,Successful,3403.51
PAY04944,ORD04944,2025-02-23,Net Banking,Successful,8559.51
PAY04945,ORD04945,2025-03-25,Net Banking,Successful,12464.05
PAY04946,ORD04946,2025-10-13,Credit Card,Successful,60496.03
PAY04947,ORD04947,2025-09-27,UPI,Successful,58417.16
PAY04948,ORD04948,2025-11-12,Debit Card,Successful,8121.66
PAY04949,ORD04949,2025-10-02,Net Banking,Failed,2115.5
PAY04950,ORD04950,2025-09-26,Debit Card,Successful,13529.81
PAY04951,ORD04951,2025-03-21,Net Banking,Successful,3699.48
PAY04952,ORD04952,2025-08-05,Credit Card,Failed,12126.92
PAY04953,ORD04953,2025-08-04,UPI,Successful,27308.18
PAY04954,ORD04954,2025-07-31,Cash on Delivery,Successful,392.94
PAY04955,ORD04955,2025-01-31,Cash on Delivery,Successful,57648.19
PAY04956,ORD04956,2025-07-25,Debit Card,Successful,4737.71
PAY04957,ORD04957,2025-05-18,Debit Card,Failed,5922.2
PAY04958,ORD04958,2025-01-27,UPI,Successful,3538.26
PAY04959,ORD04959,2025-04-13,Net Banking,Successful,6674.38
PAY04960,ORD04960,2025-12-28,Cash on Delivery,Successful,92333.03
PAY04961,ORD04961,2025-03-24,Net Banking,Successful,43295.95
PAY04962,ORD04962,2025-09-04,Debit Card,Successful,71942.54
PAY04963,ORD04963,2025-01-03,Debit Card,Failed,9927.13
PAY04964,ORD04964,2025-01-17,Debit Card,Successful,63151.4
PAY04965,ORD04965,2025-03-18,UPI,Failed,145979.22
PAY04966,ORD04966,2025-05-27,UPI,Successful,3354.32
PAY04967,ORD04967,2025-10-27,Debit Card,Successful,57677.21
PAY04968,ORD04968,2025-05-26,Debit Card,Successful,76514.07
PAY04969,ORD04969,2025-10-18,Credit Card,Successful,52383.22
PAY04970,ORD04970,2025-01-25,Net Banking,Successful,203953.66
PAY04971,ORD04971,2025-08-09,Cash on Delivery,Successful,28547.6
PAY04972,ORD04972,2025-12-07,Cash on Delivery,Successful,6778.55
PAY04973,ORD04973,2025-06-08,UPI,Successful,265447.5
PAY04974,ORD04974,2025-05-08,Cash on Delivery,Successful,121074.91
PAY04975,ORD04975,2025-02-19,UPI,Successful,4671.04
PAY04976,ORD04976,2025-05-18,Cash on Delivery,Successful,7856.57
PAY04977,ORD04977,2025-12-02,Credit Card,Refunded,24639.32
PAY04978,ORD04978,2025-06-02,Credit Card ,Pending,1488.23
PAY04979,ORD04979,2025-01-03,Cash on Delivery,Failed,10883.48
PAY04980,ORD04980,2025-04-03,Cash on Delivery,Refunded,6256.09
PAY04981,ORD04981,2025-06-24,UPI,Failed,24960.66
PAY04982,ORD04982,2025-10-20,Debit Card,Successful,2246.55
PAY04983,ORD04983,2025-12-18,Net Banking,Successful,5675.22
PAY04984,ORD04984,2025-09-13,Debit Card,Successful,1602.64
PAY04985,ORD04985,2025-03-22,Credit Card,Successful,228275.62
PAY04986,ORD04986,2025-07-23,Credit Card,Successful,4159.66
PAY04987,ORD04987,2025-10-19,Debit Card,Successful,16487.22
PAY04988,ORD04988,2025-08-18,Credit Card,Successful,9872.56
PAY04989,ORD04989,2025-12-14,Debit Card,Failed,106862.9
PAY04990,ORD04990,2025-02-03,Debit Card,Successful,80505.97
PAY04991,ORD04991,2025-02-17,UPI,Successful,120318.94
PAY04992,ORD04992,2025-01-01,Credit Card,Successful,1723.53
PAY04993,ORD04993,2025-07-03,Cash on Delivery,Successful,5423.4
PAY04994,ORD04994,2025-07-28,Credit Card,Successful,2844.88
PAY04995,ORD04995,2025-03-17,Net Banking,Successful,8463.84
PAY04996,ORD04996,2025-05-12,Cash on Delivery,Successful,10629.98
PAY04997,ORD04997,2025-10-22,Credit Card,Failed,3982.04
PAY04998,ORD04998,2025-12-10,Cash on Delivery,Successful,3627.61
PAY04999,ORD04999,2025-03-13,Credit Card,Successful,3994.26
PAY05000,ORD05000,2025-02-01,Credit Card,Successful,6517.18
PAY05001,ORD05001,2025-05-26,Debit Card,Successful,126445.42
PAY05002,ORD05002,2025-12-11,UPI,Successful,42071.82
PAY05003,ORD05003,2025-02-11,Cash on Delivery,Successful,58822.62
PAY05004,ORD05004,2025-03-22,Debit Card,Successful,112835.31
PAY05005,ORD05005,2025-12-25,Credit Card,Successful,217442.55
PAY05006,ORD05006,2025-04-09,Credit Card,Refunded,5206.54
PAY05007,ORD05007,2025-10-03,Debit Card,Refunded,8196.81
PAY05008,ORD05008,2025-06-25,Debit Card,Successful,16264.7
PAY05009,ORD05009,2025-11-24,Debit Card,Successful,2222.62
PAY05010,ORD05010,2025-06-12,Net Banking,Successful,2769.66
PAY05011,ORD05011,2025-01-31,Net Banking,Successful,2811.27
PAY05012,ORD05012,2025-12-11,Debit Card,Successful,62641.06
PAY05013,ORD05013,2025-03-25,Net Banking,Successful,2690.4
PAY05014,ORD05014,2025-04-27,Credit Card,Successful,54221.96
PAY05015,ORD05015,2025-07-24,Debit Card,Successful,28961.64
PAY05016,ORD05016,2025-01-11,UPI,Failed,4210.33
PAY05017,ORD05017,2025-11-18,Debit Card,Successful,4732.65
PAY05018,ORD05018,2025-09-11,Cash on Delivery,Successful,990.81
PAY05019,ORD05019,2025-05-31,Net Banking,Failed,48728.0
PAY05020,ORD05020,2025-04-27,Cash on Delivery,Successful,17469.44
PAY05021,ORD05021,2025-10-31,Net Banking,Refunded,7567.59
PAY05022,ORD05022,2025-06-26,Debit Card,Failed,33297.94
PAY05023,ORD05023,2025-09-26,Net Banking,Successful,122735.47
PAY05024,ORD05024,2025-12-21,Net Banking,Failed,13463.46
PAY05025,ORD05025,2025-12-29,Debit Card,Successful,32792.94
PAY05026,ORD05026,2025-08-30,Credit Card,Successful,3552.16
PAY05027,ORD05027,2025-05-15,Credit Card,Successful,51511.0
PAY05028,ORD05028,2025-05-21,Cash on Delivery,Successful,1993.22
PAY05029,ORD05029,2025-03-18,Cash on Delivery,Refunded,1767.7
PAY05030,ORD05030,2025-04-19,Cash on Delivery,Failed,1638.88
PAY05031,ORD05031,2025-02-22,Debit Card,Successful,7171.36
PAY05032,ORD05032,2025-07-29,UPI,Successful,4741.96
PAY05033,ORD05033,2025-01-12,Net Banking,Successful,71620.14
PAY05034,ORD05034,2025-10-21,Credit Card,Successful,6080.98
PAY05035,ORD05035,2025-05-30,Credit Card,Successful,13810.54
PAY05036,ORD05036,2025-11-11,UPI,Successful,57461.81
PAY05037,ORD05037,2025-10-24,UPI,Successful,280004.3
PAY05038,ORD05038,2025-02-03,UPI,Successful,36056.29
PAY05039,ORD05039,2025-03-09,Cash on Delivery,Successful,14489.58
PAY05040,ORD05040,2025-09-15,UPI,Successful,21059.33
PAY05041,ORD05041,2025-07-02,Debit Card,Successful,5526.3
PAY05042,ORD05042,2025-11-06,Net Banking,Successful,7338.03
PAY05043,ORD05043,2025-04-03,UPI,Successful,4583.72
PAY05044,ORD05044,2025-10-31,Cash on Delivery,Successful,568.64
PAY05045,ORD05045,2025-06-25,Cash on Delivery,Refunded,26051.88
PAY05046,ORD05046,2025-08-29,Credit Card,Successful,96762.66
PAY05047,ORD05047,2025-10-18,Net Banking,Successful,85544.51
PAY05048,ORD05048,2025-09-28,credit card,Successful,61031.17
PAY05049,ORD05049,2025-04-28,UPI,Successful,3514.86
PAY05050,ORD05050,2025-07-13,Credit Card ,Successful,6127.29
PAY05051,ORD05051,2025-11-30,Cash on Delivery,Successful,63905.7
PAY05052,ORD05052,2025-05-27,Net Banking,Successful,5035.19
PAY05053,ORD05053,2025-05-21,Debit Card,Successful,1132.09
PAY05054,ORD05054,2025-12-21,Net Banking,Successful,2076.01
PAY05055,ORD05055,2025-01-11,Cash on Delivery,Successful,2114.94
PAY05056,ORD05056,2025-02-06,Cash on Delivery,Refunded,67837.48
PAY05057,ORD05057,2025-10-30,Cash on Delivery,Successful,1909.57
PAY05058,ORD05058,2025-11-29,Credit Card,Successful,3399.85
PAY05059,ORD05059,2025-06-15,Debit Card,Successful,5978.66
PAY05060,ORD05060,2025-12-02,Debit Card,Successful,9229.23
PAY05061,ORD05061,2025-11-14,Net Banking,Successful,65679.38
PAY05062,ORD05062,2025-04-18,UPI,Failed,79047.15
PAY05063,ORD05063,2025-03-21,UPI,Successful,6463.39
PAY05064,ORD05064,2025-02-07,UPI,Successful,223106.33
PAY05065,ORD05065,2025-02-06,Cash on Delivery,Successful,3515.79
PAY05066,ORD05066,2025-06-07,Debit Card,Successful,27385.89
PAY05067,ORD05067,2025-02-18,Credit Card,Failed,12161.95
PAY05068,ORD05068,2025-02-10,Credit Card,Successful,22042.19
PAY05069,ORD05069,2025-05-15,Credit Card,Successful,18833.33
PAY05070,ORD05070,2025-10-11,Cash on Delivery,Successful,2948.96
PAY05071,ORD05071,2025-04-22,Cash on Delivery,Pending,49568.79
PAY05072,ORD05072,2025-11-22,UPI,Successful,3760.32
PAY05073,ORD05073,2025-09-07,Net Banking,Successful,3817.02
PAY05074,ORD05074,2025-01-15,Net Banking,Successful,5308.71
PAY05075,ORD05075,2025-11-15,Net Banking,Successful,11112.33
PAY05076,ORD05076,2025-11-23,,Successful,9675.65
PAY05077,ORD05077,2025-07-17,Net Banking,Failed,4445.17
PAY05078,ORD05078,2025-04-05,Debit Card,Successful,10145.24
PAY05079,ORD05079,2025-04-02,Net Banking,Successful,17025.51
PAY05080,ORD05080,2025-03-08,Cash on Delivery,Successful,28825.61
PAY05081,ORD05081,2025-08-20,UPI,Successful,1335.56
PAY05082,ORD05082,2025-09-11,Credit Card,Successful,131324.88
PAY05083,ORD05083,2025-01-27,Credit Card,Successful,7497.26
PAY05084,ORD05084,2025-01-21,Credit Card,Successful,71232.8
PAY05085,ORD05085,2025-11-15,UPI,Successful,3131.65
PAY05086,ORD05086,2025-08-14,Net Banking,Successful,35370.83
PAY05087,ORD05087,2025-09-13,UPI,Successful,27590.89
PAY05088,ORD05088,2025-03-25,Credit Card,Refunded,107233.43
PAY05089,ORD05089,2025-11-14,Net Banking,Successful,4286.21
PAY05090,ORD05090,2025-04-10,UPI,Successful,12538.52
PAY05091,ORD05091,2025-02-25,Credit Card,Successful,1628.77
PAY05092,ORD05092,2025-07-05,Net Banking,Successful,26591.54
PAY05093,ORD05093,2025-02-25,Credit Card,Failed,5102.31
PAY05094,ORD05094,2025-10-07,Cash on Delivery,Failed,69015.65
PAY05095,ORD05095,2025-09-17,Credit Card,Successful,2303.91
PAY05096,ORD05096,2025-10-19,UPI,Successful,20113.4
PAY05097,ORD05097,2025-03-26,UPI,Successful,1842.57
PAY05098,ORD05098,2025-11-06,Cash on Delivery,Successful,16723.53
PAY05099,ORD05099,2025-08-03,Debit Card,Successful,64518.59
PAY05100,ORD05100,2025-06-11,Net Banking,Successful,72399.41
PAY05101,ORD05101,2025-06-10,UPI,Successful,126292.75
PAY05102,ORD05102,2025-05-26,Net Banking,Successful,1377.88
PAY05103,ORD05103,2025-09-10,Debit Card,Successful,340007.73
PAY05104,ORD05104,2025-11-26,Debit Card,Successful,3010.86
PAY05105,ORD05105,2025-04-09,,Successful,3290.4
PAY05106,ORD05106,2025-11-28,Net Banking,Successful,2961.25
PAY05107,ORD05107,2025-04-27,Cash on Delivery,Successful,2719.31
PAY05108,ORD05108,2025-11-25,Cash on Delivery,Successful,119484.91
PAY05109,ORD05109,2025-06-18,UPI,Successful,8903.71
PAY05110,ORD05110,2025-11-12,UPI,Successful,25677.03
PAY05111,ORD05111,2025-08-26,Net Banking,Successful,17700.32
PAY05112,ORD05112,2025-11-19,Net Banking,Successful,12036.43
PAY05113,ORD05113,2025-02-27,UPI,Successful,2870.75
PAY05114,ORD05114,2025-01-23,Credit Card,Successful,56629.86
PAY05115,ORD05115,2025-09-28,Credit Card,Successful,2954.17
PAY05116,ORD05116,2025-12-06,Debit Card,Successful,79271.67
PAY05117,ORD05117,2025-07-02,UPI,SUCCESSFUL,2144.76
PAY05118,ORD05118,2025-01-29,Debit Card,Successful,179226.5
PAY05119,ORD05119,2025-06-29,Debit Card,Successful,115063.97
PAY05120,ORD05120,2025-06-16,Cash on Delivery,Successful,124719.68
PAY05121,ORD05121,2025-11-30,Net Banking,Successful,7310.51
PAY05122,ORD05122,2025-04-09,Cash on Delivery,Successful,16348.6
PAY05123,ORD05123,2025-06-19,Credit Card,Successful,20305.96
PAY05124,ORD05124,2025-07-16,UPI,Successful,78555.65
PAY05125,ORD05125,2025-03-29,Net Banking,Refunded,56352.2
PAY05126,ORD05126,2025-08-28,UPI,Successful,127522.91
PAY05127,ORD05127,2025-12-17,Net Banking,Successful,3315.63
PAY05128,ORD05128,2025-05-27,Net Banking,Failed,3319.6
PAY05129,ORD05129,2025-04-06,Cash on Delivery,Successful,4550.72
PAY05130,ORD05130,2025-09-21,Credit Card,Failed,27731.49
PAY05131,ORD05131,2025-06-12,UPI,Successful,2662.3
PAY05132,ORD05132,2025-02-09,Credit Card,Successful,1881.76
PAY05133,ORD05133,2025-03-25,Cash on Delivery,Failed,26713.02
PAY05134,ORD05134,2025-04-16,Debit Card,Successful,7390.56
PAY05135,ORD05135,2025-03-10,Credit Card,Failed,9428.68
PAY05136,ORD05136,2025-08-16,Credit Card,Successful,1335.81
PAY05137,ORD05137,2025-11-05,Credit Card,Successful,4530.87
PAY05138,ORD05138,2025-06-08,Credit Card,Failed,967.06
PAY05139,ORD05139,2025-05-09,Credit Card,Failed,2318.99
PAY05140,ORD05140,2025-05-18,Debit Card,Successful,19980.62
PAY05141,ORD05141,2025-12-28,Net Banking,Successful,15655.78
PAY05142,ORD05142,2025-12-04,UPI,Successful,8871.31
PAY05143,ORD05143,2025-12-14,Net Banking,Successful,11826.08
PAY05144,ORD05144,2025-04-01,Net Banking,Successful,98243.49
PAY05145,ORD05145,2025-12-09,Credit Card,Successful,205834.52
PAY05146,ORD05146,2025-05-23,Debit Card,Successful,15590.21
PAY05147,ORD05147,2025-03-14,UPI,Successful,211225.48
PAY05148,ORD05148,2025-08-17,Debit Card,Failed,27856.94
PAY05149,ORD05149,2025-07-01,Debit Card,Successful,3029.67
PAY05150,ORD05150,2025-12-07,UPI,Successful,6969.88
PAY05151,ORD05151,2025-09-28,Credit Card,Successful,26828.85
PAY05152,ORD05152,2025-11-28,Debit Card,Successful,75313.07
PAY05153,ORD05153,2025-06-14,Net Banking,Failed,10585.16
PAY05154,ORD05154,2025-10-05,Debit Card,Successful,3788.24
PAY05155,ORD05155,2025-02-15,Credit Card,Failed,2731.8
PAY05156,ORD05156,2025-01-16,Credit Card,Successful,31663.85
PAY05157,ORD05157,2025-12-01,Debit Card,Successful,8988.24
PAY05158,ORD05158,2025-08-20,Debit Card,Successful,8433.04
PAY05159,ORD05159,2025-09-02,Net Banking,Successful,107399.4
PAY05160,ORD05160,2025-02-23,Net Banking,Successful,25979.26
PAY05161,ORD05161,2025-07-11,Cash on Delivery,Successful,17822.9
PAY05162,ORD05162,2025-02-09,Debit Card,Successful,137694.0
PAY05163,ORD05163,2025-07-26,Debit Card,Refunded,22686.27
PAY05164,ORD05164,2025-12-18,UPI,Successful,5029.63
PAY05165,ORD05165,2025-02-17,Net Banking,Refunded,1878.12
PAY05166,ORD05166,2025-01-28,Net Banking,Refunded,11761.4
PAY05167,ORD05167,2025-05-01,UPI,Successful,4099.25
PAY05168,ORD05168,2025-02-11,UPI,Successful,9380.81
PAY05169,ORD05169,2025-07-20,Debit Card,Failed,6159.7
PAY05170,ORD05170,2025-06-25,Credit Card,Successful,18299.11
PAY05171,ORD05171,2025-12-22,UPI,Successful,7353.32
PAY05172,ORD05172,2025-07-09,UPI,Successful,224989.86
PAY05173,ORD05173,2025-07-05,UPI,Pending,162118.32
PAY05174,ORD05174,2025-04-09,Credit Card,Refunded,126512.68
PAY05175,ORD05175,2025-10-29,Cash on Delivery,Failed,64499.33
PAY05176,ORD05176,2025-09-03,Cash on Delivery,Successful,32238.33
PAY05177,ORD05177,2025-01-31,Debit Card,Successful,11347.44
PAY05178,ORD05178,2025-08-10,Cash on Delivery,Successful,2180.08
PAY05179,ORD05179,2025-11-11,Debit Card,Successful,45900.56
PAY05180,ORD05180,2025-05-04,Credit Card,Successful,75067.33
PAY05181,ORD05181,2025-11-10,credit card,Successful,70855.36
PAY05182,ORD05182,2025-12-26,UPI,Successful,18149.36
PAY05183,ORD05183,2025-06-09,Net Banking,Refunded,2335.18
PAY05184,ORD05184,2025-11-22,Debit Card,Successful,59995.48
PAY05185,ORD05185,2025-02-20,Net Banking,Successful,201571.92
PAY05186,ORD05186,2025-04-23,Debit Card,Successful,26795.97
PAY05187,ORD05187,2025-01-07,Debit Card,Successful,26302.28
PAY05188,ORD05188,2025-06-01,Debit Card,Successful,1447.14
PAY05189,ORD05189,2025-11-02,Cash on Delivery,Successful,11699.72
PAY05190,ORD05190,2025-12-30,Net Banking,Successful,3044.86
PAY05191,ORD05191,2025-11-22,Net Banking,Successful,12675.12
PAY05192,ORD05192,2025-10-24,UPI,Successful,48220.54
PAY05193,ORD05193,2025-10-22,Debit Card,Failed,1754.88
PAY05194,ORD05194,2025-02-27,Credit Card,Successful,3154.46
PAY05195,ORD05195,2025-09-03,Credit Card,Successful,5178.68
PAY05196,ORD05196,2025-08-10,Debit Card,Successful,4458.48
PAY05197,ORD05197,2025-07-23,Net Banking,Successful,2841.08
PAY05198,ORD05198,2025-04-23,Debit Card,Successful,12089.48
PAY05199,ORD05199,2025-01-30,Net Banking,Successful,47637.9
PAY05200,ORD05200,2025-01-31,Net Banking,Successful,61503.12
PAY05201,ORD05201,2025-03-03,Credit Card,Successful,3960.37
PAY05202,ORD05202,24-11-2025,Debit Card,Failed,7651.6
PAY05203,ORD05203,15/08/2025,Debit Card,Successful,45730.96
PAY05204,ORD05204,2025-12-12,UPI,Successful,30458.91
PAY05205,ORD05205,2025-11-01,Cash on Delivery,Successful,28842.68
PAY05206,ORD05206,2025-07-31,Credit Card,Successful,217590.77
PAY05207,ORD05207,2025-10-18,Cash on Delivery,Successful,20183.12
PAY05208,ORD05208,2025-12-11,Credit Card,Successful,61262.72
PAY05209,ORD05209,2025-08-25,Credit Card,Successful,64141.51
PAY05210,ORD05210,2025-02-05,Credit Card,Successful,27380.95
PAY05211,ORD05211,2025-11-06,Credit Card,Successful,5287.0
PAY05212,ORD05212,2025-01-10,Debit Card,Failed,1273.32
PAY05213,ORD05213,2025-10-05,UPI,Successful,24254.0
PAY05214,ORD05214,2025-12-31,Debit Card,Successful,45464.75
PAY05215,ORD05215,2025-10-16,UPI,Successful,122293.92
PAY05216,ORD05216,2025-09-16,UPI,Successful,4419.84
PAY05217,ORD05217,2025-04-21,Debit Card,Successful,4342.51
PAY05218,ORD05218,2025-11-15,Debit Card,Successful,8011.78
PAY05219,ORD05219,2025-07-20,Debit Card,Successful,10232.26
PAY05220,ORD05220,2025-04-01,UPI,Successful,4687.9
PAY05221,ORD05221,2025-09-15,Cash on Delivery,Successful,9998.47
PAY05222,ORD05222,2025-01-07,Net Banking,Pending,8081.16
PAY05223,ORD05223,2025-10-19,Credit Card,Refunded,24190.69
PAY05224,ORD05224,2025-02-03,Net Banking,Successful,23306.59
PAY05225,ORD05225,2025-09-07,Net Banking,Successful,48503.01
PAY05226,ORD05226,2025-07-01,Net Banking,Successful,22053.58
PAY05227,ORD05227,2025-04-10,UPI,Successful,135500.49
PAY05228,ORD05228,2025-07-16,Debit Card,Successful,75441.02
PAY05229,ORD05229,2025-12-03,Debit Card,Successful,1433.13
PAY05230,ORD05230,2025-06-17,Net Banking,Successful,54629.88
PAY05231,ORD05231,2025-09-25,Cash on Delivery,Successful,3831.77
PAY05232,ORD05232,2025-01-10,Debit Card,Successful,132201.58
PAY05233,ORD05233,2025-10-01,Debit Card,Successful,10739.78
PAY05234,ORD05234,2025-07-27,UPI,Successful,59402.51
PAY05235,ORD05235,2025-11-25,Debit Card,Successful,22703.21
PAY05236,ORD05236,2025-08-19,Debit Card,Successful,2961.99
PAY05237,ORD05237,2025-06-16,Debit Card,Successful,6181.6
PAY05238,ORD05238,2025-05-23,Debit Card,Failed,25312.56
PAY05239,ORD05239,2025-12-06,UPI,Successful,28549.84
PAY05240,ORD05240,2025-07-11,UPI,Successful,57048.69
PAY05241,ORD05241,2025-11-24,Cash on Delivery,Successful,5170.57
PAY05242,ORD05242,2025-10-03,Net Banking,Successful,11544.78
PAY05243,ORD05243,2025-03-02,UPI,Failed,6395.69
PAY05244,ORD05244,2025-07-06,Net Banking,Successful,14830.01
PAY05245,ORD05245,2025-02-08,UPI,Refunded,67318.62
PAY05246,ORD05246,2025-07-15,Credit Card,Successful,23405.93
PAY05247,ORD05247,2025-01-14,UPI,Successful,1475.08
PAY05248,ORD05248,2025-11-01,Debit Card,Successful,10483.65
PAY05249,ORD05249,2025-08-10,UPI,Refunded,24380.76
PAY05250,ORD05250,2025-05-25,Net Banking,Successful,11097.37
PAY05251,ORD05251,2025-01-31,Cash on Delivery,Pending,206671.31
PAY05252,ORD05252,2025-12-16,UPI,Successful,7070.95
PAY05253,ORD05253,2025-06-18,Net Banking,Successful,10326.36
PAY05254,ORD05254,2025-04-25,Debit Card,Successful,2221.74
PAY05255,ORD05255,2025-03-21,Cash on Delivery,Successful,4603.87
PAY05256,ORD05256,2025-10-17,UPI,Successful,66496.07
PAY05257,ORD05257,2025-11-15,Cash on Delivery,Failed,97878.21
PAY05258,ORD05258,2025-08-11,Cash on Delivery,Successful,32871.77
PAY05259,ORD05259,2025-01-28,Debit Card,Successful,4749.37
PAY05260,ORD05260,2025-08-07,UPI,Failed,211193.17
PAY05261,ORD05261,2025-11-24,Credit Card,Successful,24989.56
PAY05262,ORD05262,2025-02-07,Debit Card,Successful,91066.6
PAY05263,ORD05263,2025-02-11,Cash on Delivery,Successful,149518.21
PAY05264,ORD05264,2025-07-19,Cash on Delivery,Successful,64357.86
PAY05265,ORD05265,2025-09-02,UPI,Successful,112867.59
PAY05266,ORD05266,2025-12-17,UPI,Successful,72141.96
PAY05267,ORD05267,2025-05-23,Cash on Delivery,Successful,1895.8
PAY05268,ORD05268,2025-07-29,UPI,Successful,17400.35
PAY05269,ORD05269,2025-10-13,Cash on Delivery,Successful,174098.4
PAY05270,ORD05270,2025-09-23,UPI,Pending,67388.0
PAY05271,ORD05271,2025-10-11,Debit Card,Successful,83131.0
PAY05272,ORD05272,2025-12-14,Net Banking,Successful,49532.21
PAY05273,ORD05273,2025-11-16,Debit Card,Failed,2731.57
PAY05274,ORD05274,2025-09-06,Net Banking,Refunded,3771.63
PAY05275,ORD05275,2025-12-26,Cash on Delivery,Successful,72886.8
PAY05276,ORD05276,2025-04-01,Credit Card,Successful,2372.73
PAY05277,ORD05277,2025-01-18,Credit Card,Successful,16422.38
PAY05278,ORD05278,2025-04-12,Cash on Delivery,Successful,10445.7
PAY05279,ORD05279,2025-02-03,Net Banking,Pending,103480.32
PAY05280,ORD05280,2025-07-31,Credit Card,Successful,1837.59
PAY05281,ORD05281,2025-06-27,Cash on Delivery,Successful,79767.65
PAY05282,ORD05282,2025-11-08,Debit Card,Successful,2490.6
PAY05283,ORD05283,2025-03-19,Debit Card,Failed,17491.41
PAY05284,ORD05284,2025-11-09,Net Banking,Successful,41510.92
PAY05285,ORD05285,2025-08-03,Net Banking,Successful,46055.33
PAY05286,ORD05286,2025-11-09,Cash on Delivery,Successful,8226.19
PAY05287,ORD05287,2025-06-27,Cash on Delivery,Successful,14685.89
PAY05288,ORD05288,2025-04-03,Net Banking,Successful,1602.66
PAY05289,ORD05289,2025-11-03,Cash on Delivery,Successful,935.38
PAY05290,ORD05290,2025-02-12,Net Banking,Successful,12246.06
PAY05291,ORD05291,2025-07-26,Credit Card,Successful,6073.19
PAY05292,ORD05292,2025-05-15,credit card,Successful,7507.03
PAY05293,ORD05293,2025-03-16,Cash on Delivery,Successful,58025.65
PAY05294,ORD05294,2025-12-24,UPI,Pending,2020.86
PAY05295,ORD05295,2025-01-29,Net Banking,Successful,7323.68
PAY05296,ORD05296,2025-10-23,Net Banking,Successful,1708.51
PAY05297,ORD05297,2025-08-05,Net Banking,Successful,1153.67
PAY05298,ORD05298,2025-05-01,Credit Card,Successful,12875.82
PAY05299,ORD05299,2025-07-09,UPI,Successful,129223.48
PAY05300,ORD05300,22-12-2025,Net Banking,Successful,69282.17
PAY05301,ORD05301,2025-10-03,Credit Card,Successful,11531.73
PAY05302,ORD05302,2025-05-04,Cash on Delivery,Successful,20195.33
PAY05303,ORD05303,2025-03-02,Net Banking,Successful,11561.19
PAY05304,ORD05304,2025-11-28,Cash on Delivery,Successful,6905.19
PAY05305,ORD05305,2025-07-27,Debit Card,Successful,28075.2
PAY05306,ORD05306,2025-02-21,Debit Card,Failed,137871.72
PAY05307,ORD05307,2025-02-22,Cash on Delivery,Successful,21992.13
PAY05308,ORD05308,2025-07-05,UPI,Successful,129668.77
PAY05309,ORD05309,2025-03-22,Debit Card,Successful,40328.97
PAY05310,ORD05310,2025-07-05,Debit Card,Successful,7181.77
PAY05311,ORD05311,2025-04-21,Credit Card,Successful,18707.73
PAY05312,ORD05312,2025-05-05,Debit Card,Successful,32640.84
PAY05313,ORD05313,2025-06-13,Cash on Delivery,Successful,4418.64
PAY05314,ORD05314,2025-03-18,Cash on Delivery,Failed,57123.42
PAY05315,ORD05315,2025-03-17,Net Banking,Successful,4013.63
PAY05316,ORD05316,2025-05-09,Credit Card,Refunded,3766.45
PAY05317,ORD05317,2025-02-19,Debit Card,Refunded,45293.85
PAY05318,ORD05318,2025-10-19,Net Banking,Successful,106578.38
PAY05319,ORD05319,2025-10-22,UPI,Successful,61001.18
PAY05320,ORD05320,2025-08-12,Credit Card,Successful,8922.27
PAY05321,ORD05321,2025-01-04,UPI,Successful,124.21
PAY05322,ORD05322,2025-04-25,Cash on Delivery,Successful,4129.97
PAY05323,ORD05323,2025-01-07,UPI,Successful,79531.43
PAY05324,ORD05324,2025-12-20,Net Banking,Successful,11585.68
PAY05325,ORD05325,2025-09-25,Net Banking,Successful,1160.3
PAY05326,ORD05326,2025-09-23,Cash on Delivery,Successful,66879.55
PAY05327,ORD05327,2025-01-22,Debit Card,Successful,66642.46
PAY05328,ORD05328,2025-03-23,Net Banking,Successful,31666.38
PAY05329,ORD05329,2025-04-06,Credit Card,Successful,6381.64
PAY05330,ORD05330,2025-09-25,Credit Card,Successful,6263.35
PAY05331,ORD05331,2025-10-23,Credit Card,Successful,74328.44
PAY05332,ORD05332,2025-01-12,Debit Card,Successful,4106.06
PAY05333,ORD05333,2025-03-22,Debit Card,Successful,48509.67
PAY05334,ORD05334,2025-09-17,Debit Card,Successful,2104.48
PAY05335,ORD05335,2025-07-14,Debit Card,Successful,7627.78
PAY05336,ORD05336,2025-01-31,Credit Card,Successful,8310.2
PAY05337,ORD05337,2025-10-03,Credit Card,Successful,51704.15
PAY05338,ORD05338,2025-08-03,UPI,Successful,14984.13
PAY05339,ORD05339,2025-12-28,Cash on Delivery,Failed,2886.32
PAY05340,ORD05340,2025-07-29,Debit Card,Successful,31652.38
PAY05341,ORD05341,2025-01-11,Net Banking,Successful,8032.38
PAY05342,ORD05342,2025-07-09,UPI,Successful,8989.59
PAY05343,ORD05343,2025-11-22,UPI,Successful,2239.39
PAY05344,ORD05344,2025-04-21,Cash on Delivery,Successful,2463.18
PAY05345,ORD05345,2025-05-27,UPI,Successful,26278.88
PAY05346,ORD05346,2025-06-22,,Pending,56670.72
PAY05347,ORD05347,2025-12-24,Debit Card,Successful,8588.13
PAY05348,ORD05348,2025-12-23,Debit Card,Failed,3723.87
PAY05349,ORD05349,2025-04-19,Credit Card,Refunded,10223.04
PAY05350,ORD05350,2025-02-15,Net Banking,Successful,99840.69
PAY05351,ORD05351,2025-10-30,Cash on Delivery,Successful,6049.14
PAY05352,ORD05352,2025-08-30,Credit Card,Successful,71297.71
PAY05353,ORD05353,2025-01-16,Debit Card,Failed,5267.31
PAY05354,ORD05354,2025-05-08,Net Banking,Successful,2353.86
PAY05355,ORD05355,2025-10-04,Debit Card,Successful,2061.94
PAY05356,ORD05356,2025-02-08,UPI,Successful,9658.9
PAY05357,ORD05357,2025-12-02,Credit Card,Pending,66216.3
PAY05358,ORD05358,2025-12-04,UPI,Successful,29014.68
PAY05359,ORD05359,2025-06-19,UPI,Successful,16875.04
PAY05360,ORD05360,2025-04-10,Net Banking,Successful,17412.63
PAY05361,ORD05361,2025-07-19,Net Banking,Successful,44989.32
PAY05362,ORD05362,2025-06-20,Credit Card,Successful,7638.18
PAY05363,ORD05363,2025-11-17,Net Banking,Successful,4769.7
PAY05364,ORD05364,2025-03-21,Cash on Delivery,Successful,1392.9
PAY05365,ORD05365,2025-01-07,Net Banking,Successful,70940.67
PAY05366,ORD05366,2025-05-24,Cash on Delivery,Pending,4419.55
PAY05367,ORD05367,2025-05-12,Debit Card,Failed,258723.32
PAY05368,ORD05368,2025-03-09,Cash on Delivery,Successful,19283.19
PAY05369,ORD05369,2025-12-18,Cash on Delivery,Refunded,5978.89
PAY05370,ORD05370,2025-03-04,Cash on Delivery,Successful,787.02
PAY05371,ORD05371,2025-01-30,UPI,Successful,23239.64
PAY05372,ORD05372,2025-10-14,UPI,Failed,7220.28
PAY05373,ORD05373,2025-01-23,Cash on Delivery,Refunded,94773.61
PAY05374,ORD05374,2025-10-19,Cash on Delivery,Successful,1035.94
PAY05375,ORD05375,2025-11-06,Net Banking,Successful,2118.94
PAY05376,ORD05376,2025-06-24,Cash on Delivery,Successful,29499.4
PAY05377,ORD05377,2025-07-16,Credit Card,Failed,63906.02
PAY05378,ORD05378,2025-04-13,Debit Card,Successful,69191.29
PAY05379,ORD05379,2025-11-12,UPI,Successful,24439.62
PAY05380,ORD05380,2025-07-15,Cash on Delivery,Successful,22196.59
PAY05381,ORD05381,2025-09-22,UPI,Refunded,140454.34
PAY05382,ORD05382,2025-01-08,Credit Card,Successful,3898.01
PAY05383,ORD05383,2025-09-06,UPI,Successful,27594.56
PAY05384,ORD05384,2025-12-25,Credit Card,Successful,24820.96
PAY05385,ORD05385,30-01-2025,Cash on Delivery,Successful,3012.38
PAY05386,ORD05386,2025-11-30,Net Banking,Successful,3614.09
PAY05387,ORD05387,2025-07-04,UPI,Successful,66991.2
PAY05388,ORD05388,2025-06-20,Cash on Delivery,Failed,9047.81
PAY05389,ORD05389,2025-04-01,Debit Card,Successful,18944.57
PAY05390,ORD05390,2025-12-18,Cash on Delivery,Successful,137019.44
PAY05391,ORD05391,2025-11-11,Debit Card,Successful,5948.44
PAY05392,ORD05392,2025-03-13,Debit Card,Successful,8352.61
PAY05393,ORD05393,2025-03-28,UPI,Successful,133168.83
PAY05394,ORD05394,2025-10-07,,Successful,123058.74
PAY05395,ORD05395,2025-12-12,Cash on Delivery,Successful,1723.67
PAY05396,ORD05396,2025-09-21,UPI,Pending,11335.36
PAY05397,ORD05397,2025-07-16,UPI,Pending,2703.48
PAY05398,ORD05398,2025-09-26,UPI,Successful,10039.56
PAY05399,ORD05399,2025-01-02,Credit Card,Successful,21417.92
PAY05400,ORD05400,2025-05-25,Cash on Delivery,Successful,14617.7
PAY05401,ORD05401,2025-04-15,UPI,Refunded,25553.52
PAY05402,ORD05402,14-01-2025,Credit Card,Successful,141557.36
PAY05403,ORD05403,2025-09-19,Debit Card,Successful,11244.74
PAY05404,ORD05404,2025-11-29,UPI,Successful,184105.19
PAY05405,ORD05405,2025-12-06,Credit Card,Successful,32412.21
PAY05406,ORD05406,2025-05-14,Debit Card,Pending,5308.71
PAY05407,ORD05407,2025-04-18,Net Banking,Successful,23074.31
PAY05408,ORD05408,2025-02-27,Cash on Delivery,Successful,10104.1
PAY05409,ORD05409,2025-08-09,Debit Card,Refunded,1490.23
PAY05410,ORD05410,2025-09-11,Credit Card,Successful,18556.41
PAY05411,ORD05411,2025-10-14,Cash on Delivery,Successful,20112.59
PAY05412,ORD05412,2025-10-28,UPI,Successful,4309.43
PAY05413,ORD05413,2025-01-29,Cash on Delivery,Successful,5271.56
PAY05414,ORD05414,2025-09-20,Cash on Delivery,Successful,2362.66
PAY05415,ORD05415,2025-01-24,Net Banking,Successful,16243.08
PAY05416,ORD05416,2025-08-29,Net Banking,Successful,23383.87
PAY05417,ORD05417,2025-06-18,UPI,Refunded,53128.81
PAY05418,ORD05418,2025-09-20,Credit Card,Refunded,14400.72
PAY05419,ORD05419,2025-04-01,Net Banking,Successful,4174.33
PAY05420,ORD05420,2025-03-04,Credit Card,Successful,4036.27
PAY05421,ORD05421,2025-02-03,Cash on Delivery,Successful,1223.69
PAY05422,ORD05422,2025-05-23,Cash on Delivery,Successful,52986.89
PAY05423,ORD05423,2025-11-03,Debit Card,Successful,22468.07
PAY05424,ORD05424,2025-02-23,Debit Card,Successful,9827.47
PAY05425,ORD05425,2025-07-17,Credit Card,Successful,18621.56
PAY05426,ORD05426,2025-06-08,Cash on Delivery,Successful,8575.81
PAY05427,ORD05427,2025-04-22,Debit Card,Successful,3243.19
PAY05428,ORD05428,18/12/2025,Debit Card,Successful,25412.93
PAY05429,ORD05429,2025-03-10,Debit Card,Successful,62429.14
PAY05430,ORD05430,2025-09-28,Debit Card,Successful,68289.95
PAY05431,ORD05431,2025-01-09,Net Banking,Successful,2761.67
PAY05432,ORD05432,2025-12-27,Net Banking,Successful,16475.41
PAY05433,ORD05433,2025-09-10,Debit Card,Successful,179604.25
PAY05434,ORD05434,2025-10-06,Debit Card,Successful,133049.05
PAY05435,ORD05435,2025-02-10,Net Banking,Successful,7255.85
PAY05436,ORD05436,2025-11-09,Credit Card,Successful,11111.76
PAY05437,ORD05437,2025-08-01,UPI,Successful,13469.89
PAY05438,ORD05438,2025-05-14,Net Banking,Successful,25141.01
PAY05439,ORD05439,2025-06-26,Net Banking,Successful,10826.03
PAY05440,ORD05440,2025-03-27,Debit Card,Successful,169744.64
PAY05441,ORD05441,2025-10-11,Credit Card,Successful,9309.84
PAY05442,ORD05442,2025-01-05,Cash on Delivery,Successful,6126.42
PAY05443,ORD05443,2025-04-26,Net Banking,Successful,7435.82
PAY05444,ORD05444,2025-01-10,Cash on Delivery,Successful,6227.87
PAY05445,ORD05445,2025-11-05,Cash on Delivery,Failed,31385.56
PAY05446,ORD05446,2025-06-15,Credit Card,Successful,907.71
PAY05447,ORD05447,2025-07-23,Credit Card,Successful,13351.7
PAY05448,ORD05448,2025-03-21,UPI,Successful,3935.76
PAY05449,ORD05449,2025-11-30,UPI,Successful,5908.21
PAY05450,ORD05450,2025-04-21,UPI,Failed,1804.54
PAY05451,ORD05451,2025-01-17,UPI,Successful,3639.24
PAY05452,ORD05452,2025-10-17,Credit Card,Failed,6809.47
PAY05453,ORD05453,2025-02-16,Debit Card,Successful,12283.94
PAY05454,ORD05454,2025-01-03,Debit Card,Successful,37667.63
PAY05455,ORD05455,2025-07-18,Cash on Delivery,Successful,48258.83
PAY05456,ORD05456,2025-02-12,Debit Card,Refunded,23215.66
PAY05457,ORD05457,2025-07-26,Credit Card,Successful,75355.49
PAY05458,ORD05458,2025-09-11,UPI,Successful,26382.97
PAY05459,ORD05459,2025-03-22,Net Banking,Successful,3925.39
PAY05460,ORD05460,2025-07-06,Cash on Delivery,Successful,184660.34
PAY05461,ORD05461,2025-10-10,Credit Card,Successful,13576.15
PAY05462,ORD05462,2025-04-15,Debit Card,Failed,53168.27
PAY05463,ORD05463,2025-04-28,Cash on Delivery,Successful,44843.45
PAY05464,ORD05464,2025-07-05,Debit Card,Successful,1776.39
PAY05465,ORD05465,2025-07-25,Debit Card,Refunded,11383.07
PAY05466,ORD05466,2025-08-04,Net Banking,Successful,21407.97
PAY05467,ORD05467,2025-02-04,Cash on Delivery,Successful,5410.23
PAY05468,ORD05468,2025-10-23,Cash on Delivery,Successful,12478.07
PAY05469,ORD05469,2025-03-03,Debit Card,Successful,5365.13
PAY05470,ORD05470,2025-01-19,Cash on Delivery,Successful,120112.54
PAY05471,ORD05471,2025-06-23,Credit Card,Successful,65745.21
PAY05472,ORD05472,2025-04-24,Credit Card,Failed,66973.85
PAY05473,ORD05473,2025-01-16,UPI,Successful,39868.79
PAY05474,ORD05474,2025-08-15,Cash on Delivery,Successful,1658.3
PAY05475,ORD05475,2025-10-28,Net Banking,Successful,73372.89
PAY05476,ORD05476,2025-01-01,Cash on Delivery,Successful,14421.03
PAY05477,ORD05477,2025-02-17,UPI,Successful,2258.94
PAY05478,ORD05478,2025-06-23,UPI,Successful,15735.13
PAY05479,ORD05479,2025-08-01,Net Banking,Successful,11151.29
PAY05480,ORD05480,2025-05-02,Credit Card,Successful,7756.18
PAY05481,ORD05481,2025-04-24,Debit Card,Successful,9155.61
PAY05482,ORD05482,2025-12-05,Credit Card,Successful,5151.61
PAY05483,ORD05483,2025-09-04,UPI,Successful,2563.61
PAY05484,ORD05484,2025-04-24,Cash on Delivery,Successful,148993.13
PAY05485,ORD05485,2025-10-29,Cash on Delivery,Successful,5675.27
PAY05486,ORD05486,2025-01-10,UPI,Refunded,97897.32
PAY05487,ORD05487,2025-01-15,UPI,Successful,26925.89
PAY05488,ORD05488,2025-02-22,UPI,Successful,2547.58
PAY05489,ORD05489,2025-12-16,Credit Card,Successful,10464.96
PAY05490,ORD05490,2025-07-04,Debit Card,Successful,181399.53
PAY05491,ORD05491,2025-06-08,Credit Card,Successful,3649.88
PAY05492,ORD05492,2025-05-04,Credit Card,Failed,19891.03
PAY05493,ORD05493,2025-05-18,Credit Card,Successful,69518.52
PAY05494,ORD05494,2025-01-03,Debit Card,Successful,19878.72
PAY05495,ORD05495,2025-10-23,Debit Card,Successful,3899.29
PAY05496,ORD05496,2025-07-04,Debit Card,Successful,28452.34
PAY05497,ORD05497,2025-07-18,Debit Card,Pending,9815.9
PAY05498,ORD05498,2025-11-26,Cash on Delivery,Successful,12755.96
PAY05499,ORD05499,2025-02-20,Debit Card,Successful,1654.39
PAY05500,ORD05500,2025-11-27,UPI,Refunded,104641.49
PAY05501,ORD05501,2025-03-13,Debit Card,Successful,22109.03
PAY05502,ORD05502,2025-01-02,Credit Card,Successful,83367.71
PAY05503,ORD05503,2025-06-28,Credit Card,Successful,106408.0
PAY05504,ORD05504,2025-09-25,UPI,Successful,21983.92
PAY05505,ORD05505,2025-01-04,Debit Card,Successful,5144.25
PAY05506,ORD05506,2025-11-01,Debit Card,Successful,75667.56
PAY05507,ORD05507,2025-06-28,Credit Card,Successful,10042.01
PAY05508,ORD05508,2025-06-25,Credit Card,Successful,3042.16
PAY05509,ORD05509,2025-03-24,Credit Card,Successful,74516.71
PAY05510,ORD05510,2025-08-31,Net Banking,Successful,10215.04
PAY05511,ORD05511,2025-01-11,Net Banking,Successful,263820.38
PAY05512,ORD05512,2025-02-18,Credit Card,Successful,7657.11
PAY05513,ORD05513,2025-12-05,Net Banking,Successful,12621.27
PAY05514,ORD05514,2025-11-18,Cash on Delivery,Successful,3726.36
PAY05515,ORD05515,2025-11-06,Cash on Delivery,Failed,2801.76
PAY05516,ORD05516,2025-06-27,Credit Card,Successful,1904.33
PAY05517,ORD05517,2025-11-22,Cash on Delivery,Successful,3767.65
PAY05518,ORD05518,2025-03-26,Credit Card,Successful,62891.82
PAY05519,ORD05519,2025-01-02,UPI,Successful,4584.18
PAY05520,ORD05520,2025-09-06,Debit Card,Successful,78503.05
PAY05521,ORD05521,2025-04-27,UPI,Successful,37036.85
PAY05522,ORD05522,2025-04-27,Net Banking,Successful,33825.11
PAY05523,ORD05523,2025-07-12,Debit Card,Successful,144519.65
PAY05524,ORD05524,2025-02-15,Credit Card,Successful,572.92
PAY05525,ORD05525,2025-03-15,UPI,Refunded,4238.6
PAY05526,ORD05526,2025-02-28,Credit Card,Failed,2612.2
PAY05527,ORD05527,2025-08-13,Debit Card,Successful,17989.66
PAY05528,ORD05528,2025-04-22,UPI,Successful,1003.82
PAY05529,ORD05529,2025-07-06,Credit Card,Successful,120712.19
PAY05530,ORD05530,2025-07-01,UPI,Successful,66403.07
PAY05531,ORD05531,2025-01-27,Credit Card,Successful,75027.1
PAY05532,ORD05532,2025-11-18,cash on delivery,Failed,23646.12
PAY05533,ORD05533,2025-08-07,Credit Card,Refunded,73178.97
PAY05534,ORD05534,2025-06-29,Cash on Delivery,Successful,6552.61
PAY05535,ORD05535,2025-04-11,Credit Card,Successful,59672.48
PAY05536,ORD05536,2025-05-11,UPI,Successful,1345.5
PAY05537,ORD05537,2025-12-19,Credit Card,Successful,1869.83
PAY05538,ORD05538,2025-05-11,UPI,Successful,145505.72
PAY05539,ORD05539,2025-11-19,UPI,Successful,14151.89
PAY05540,ORD05540,2025-11-09,Net Banking,Successful,1024.45
PAY05541,ORD05541,2025-09-24,Credit Card,Successful,17498.49
PAY05542,ORD05542,2025-06-15,Debit Card,Successful,21960.72
PAY05543,ORD05543,2025-03-01,Debit Card,Successful,67357.73
PAY05544,ORD05544,2025-12-07,Debit Card,Successful,66386.03
PAY05545,ORD05545,2025-01-22,UPI,Successful,3261.86
PAY05546,ORD05546,2025-08-03,Credit Card,Successful,45177.68
PAY05547,ORD05547,2025-06-01,UPI,Successful,8059.24
PAY05548,ORD05548,2025-01-31,Cash on Delivery,Successful,12738.47
PAY05549,ORD05549,2025-03-27,Credit Card,Successful,41218.31
PAY05550,ORD05550,2025-03-28,Cash on Delivery,Successful,24532.06
PAY05551,ORD05551,2025-04-14,UPI,Failed,74658.03
PAY05552,ORD05552,2025-04-07,UPI,Successful,2313.39
PAY05553,ORD05553,2025-08-19,Credit Card,Successful,28509.01
PAY05554,ORD05554,2025-04-06,Net Banking,Successful,4550.5
PAY05555,ORD05555,2025-10-22,Cash on Delivery,Successful,24694.16
PAY05556,ORD05556,2025-02-05,Debit Card,Successful,54910.46
PAY05557,ORD05557,2025-05-17,Credit Card,Failed,67595.04
PAY05558,ORD05558,2025-02-19,Cash on Delivery,Successful,60093.71
PAY05559,ORD05559,2025-08-18,UPI,Successful,2825.26
PAY05560,ORD05560,2025-06-29,Credit Card,Successful,4160.31
PAY05561,ORD05561,2025-05-18,Cash on Delivery,Successful,2340.6
PAY05562,ORD05562,2025-10-11,Cash on Delivery,Successful,5768.8
PAY05563,ORD05563,2025-04-07,Credit Card,Successful,2484.78
PAY05564,ORD05564,2025-04-19,Net Banking,Pending,80186.31
PAY05565,ORD05565,2025-11-13,Debit Card,Successful,3437.06
PAY05566,ORD05566,2025-01-14,Cash on Delivery,Successful,3105.47
PAY05567,ORD05567,2025-03-25,Net Banking,Successful,9541.62
PAY05568,ORD05568,2025-11-30,Credit Card,Failed,13038.93
PAY05569,ORD05569,2025-08-11,UPI,Successful,145432.53
PAY05570,ORD05570,2025-02-01,Net Banking,Successful,117177.04
PAY05571,ORD05571,2025-07-17,UPI,Successful,108559.67
PAY05572,ORD05572,2025-09-03,Cash on Delivery,Successful,16065.32
PAY05573,ORD05573,2025-08-26,UPI,Successful,2107.07
PAY05574,ORD05574,2025-07-15,UPI,Successful,7689.64
PAY05575,ORD05575,2025-01-25,Cash on Delivery,Successful,2035.26
PAY05576,ORD05576,2025-06-30,Net Banking,Successful,4602.14
PAY05577,ORD05577,2025-11-29,Credit Card,Successful,19548.05
PAY05578,ORD05578,2025-10-21,Net Banking,Successful,73171.08
PAY05579,ORD05579,2025-03-21,Cash on Delivery,Successful,81135.35
PAY05580,ORD05580,2025-01-08,Debit Card,Successful,841.85
PAY05581,ORD05581,2025-03-29,Net Banking,Successful,96151.82
PAY05582,ORD05582,2025-03-03,Net Banking,Successful,5905.05
PAY05583,ORD05583,2025-09-24,Debit Card,Successful,10938.7
PAY05584,ORD05584,2025-02-24,Net Banking,Successful,15287.33
PAY05585,ORD05585,2025-09-28,UPI,Failed,4855.23
PAY05586,ORD05586,2025-06-15,Debit Card,Failed,2712.97
PAY05587,ORD05587,2025-03-14,UPI,Successful,5201.03
PAY05588,ORD05588,2025-04-06,Credit Card,Failed,3856.09
PAY05589,ORD05589,2025-07-29,Cash on Delivery,Successful,69144.08
PAY05590,ORD05590,2025-03-02,Net Banking,Successful,46470.45
PAY05591,ORD05591,2025-10-16,Credit Card,Successful,7813.69
PAY05592,ORD05592,2025-06-28,UPI,Successful,37811.58
PAY05593,ORD05593,2025-04-16,UPI,Successful,21377.58
PAY05594,ORD05594,2025-06-23,Credit Card,Successful,132059.68
PAY05595,ORD05595,2025-08-10,UPI,Successful,609.42
PAY05596,ORD05596,2025-01-08,Debit Card,Refunded,60115.47
PAY05597,ORD05597,2025-04-26,Net Banking,Successful,1867.77
PAY05598,ORD05598,2025-10-15,Debit Card,Successful,71256.53
PAY05599,ORD05599,2025-01-10,Net Banking,Successful,13411.71
PAY05600,ORD05600,2025-11-23,UPI,Successful,46146.4
PAY05601,ORD05601,2025-07-25,Credit Card,Successful,31166.65
PAY05602,ORD05602,2025-12-23,Cash on Delivery,Failed,11918.74
PAY05603,ORD05603,2025-10-25,Cash on Delivery,Failed,15701.02
PAY05604,ORD05604,2025-01-09,Debit Card,Successful,33846.19
PAY05605,ORD05605,2025-09-08,Net Banking,Successful,20842.61
PAY05606,ORD05606,2025-08-23,Credit Card,Successful,48329.54
PAY05607,ORD05607,2025-07-01,Credit Card,Successful,13318.06
PAY05608,ORD05608,2025-06-06,Debit Card,Successful,47315.87
PAY05609,ORD05609,2025-01-13,Credit Card,Successful,7399.58
PAY05610,ORD05610,2025-03-01,Net Banking,Successful,18151.26
PAY05611,ORD05611,2025-09-19,Credit Card,Successful,4501.21
PAY05612,ORD05612,2025-08-30,UPI,Successful,68106.1
PAY05613,ORD05613,2025-11-26,Net Banking,Successful,2737.87
PAY05614,ORD05614,2025-03-01,Cash on Delivery,Successful,4084.11
PAY05615,ORD05615,2025-07-10,UPI,Successful,51109.26
PAY05616,ORD05616,2025-08-06,UPI,Successful,172099.99
PAY05617,ORD05617,2025-11-03,Credit Card,Successful,147031.36
PAY05618,ORD05618,2025-10-16,UPI,Successful,7679.31
PAY05619,ORD05619,2025-07-29,Cash on Delivery,Successful,20721.73
PAY05620,ORD05620,2025-09-01,Net Banking,Successful,4195.47
PAY05621,ORD05621,2025-05-16,Cash on Delivery,Successful,105124.32
PAY05622,ORD05622,2025-01-22,Credit Card,Successful,10334.13
PAY05623,ORD05623,2025-10-20,Cash on Delivery,Failed,76642.82
PAY05624,ORD05624,2025-06-17,Debit Card,Successful,2432.74
PAY05625,ORD05625,2025-06-14,Cash on Delivery,Failed,3447.38
PAY05626,ORD05626,2025-05-16,Debit Card,Successful,1577.62
PAY05627,ORD05627,2025-06-07,Debit Card,Successful,2589.06
PAY05628,ORD05628,2025-08-18,Debit Card,Successful,4365.55
PAY05629,ORD05629,2025-11-30,Cash on Delivery,Successful,7126.58
PAY05630,ORD05630,2025-10-23,Cash on Delivery,Successful,5250.42
PAY05631,ORD05631,2025-08-16,Debit Card,Successful,21055.29
PAY05632,ORD05632,2025-02-13,Cash on Delivery,Failed,46087.29
PAY05633,ORD05633,2025-01-18,Debit Card,Successful,2882.1
PAY05634,ORD05634,2025-10-26,UPI,Successful,10920.2
PAY05635,ORD05635,2025-01-04,UPI,Successful,48845.69
PAY05636,ORD05636,2025-04-06,Cash on Delivery,Successful,7875.11
PAY05637,ORD05637,2025-05-04,Net Banking,Successful,32703.1
PAY05638,ORD05638,2025-12-05,Credit Card,Successful,2250.03
PAY05639,ORD05639,2025-05-08,Credit Card,Successful,9114.74
PAY05640,ORD05640,2025-02-04,Net Banking,Successful,1142.14
PAY05641,ORD05641,2025-09-27,Cash on Delivery,Successful,19397.18
PAY05642,ORD05642,2025-05-28,Debit Card,Successful,23543.62
PAY05643,ORD05643,2025-06-26,Cash on Delivery,Failed,1217.09
PAY05644,ORD05644,2025-03-03,Net Banking,Successful,3546.5
PAY05645,ORD05645,15/03/2025,Net Banking,Successful,9543.94
PAY05646,ORD05646,2025-02-03,Cash on Delivery,Successful,2576.8
PAY05647,ORD05647,2025-08-25,Debit Card,Successful,90889.51
PAY05648,ORD05648,2025-01-13,Credit Card,Successful,13221.02
PAY05649,ORD05649,2025-05-11,Credit Card,Successful,8935.62
PAY05650,ORD05650,2025-09-04,Net Banking,Pending,2382.66
PAY05651,ORD05651,2025-06-26,Net Banking,Successful,26589.91
PAY05652,ORD05652,2025-05-24,Debit Card,Successful,9875.48
PAY05653,ORD05653,2025-08-02,Credit Card,Successful,612.84
PAY05654,ORD05654,2025-04-10,Net Banking,Successful,67968.49
PAY05655,ORD05655,2025-07-22,Credit Card,Successful,13000.5
PAY05656,ORD05656,2025-06-17,Debit Card,Successful,78561.61
PAY05657,ORD05657,2025-07-27,UPI,Successful,4536.68
PAY05658,ORD05658,2025-08-31,Cash on Delivery,Successful,8731.87
PAY05659,ORD05659,2025-01-08,Cash on Delivery,Successful,7833.01
PAY05660,ORD05660,2025-11-06,Net Banking,Successful,7369.82
PAY05661,ORD05661,2025-10-08,Debit Card,Successful,12782.37
PAY05662,ORD05662,2025-03-05,Cash on Delivery,Successful,4273.02
PAY05663,ORD05663,2025-12-08,Credit Card,Successful,6321.31
PAY05664,ORD05664,2025-09-17,Credit Card,Refunded,2943.04
PAY05665,ORD05665,2025-07-27,UPI,Successful,134600.37
PAY05666,ORD05666,2025-01-06,Cash on Delivery,Successful,65357.19
PAY05667,ORD05667,2025-01-25,Net Banking,Failed,24915.39
PAY05668,ORD05668,2025-02-05,Net Banking,Successful,1404.52
PAY05669,ORD05669,2025-12-10,UPI,Successful,2578.5
PAY05670,ORD05670,2025-05-26,Debit Card,Successful,251049.98
PAY05671,ORD05671,2025-10-12,UPI,Successful,6111.85
PAY05672,ORD05672,2025-08-10,Net Banking,Successful,25839.74
PAY05673,ORD05673,2025-04-16,Cash on Delivery,Successful,11586.09
PAY05674,ORD05674,2025-01-18,Net Banking,Successful,5335.06
PAY05675,ORD05675,2025-04-22,Credit Card,Successful,1682.63
PAY05676,ORD05676,2025-04-14,Net Banking,Successful,2907.71
PAY05677,ORD05677,2025-10-16,Debit Card,Successful,5334.01
PAY05678,ORD05678,2025-09-22,Cash on Delivery,Successful,9942.56
PAY05679,ORD05679,2025-08-20,Credit Card,Successful,11394.57
PAY05680,ORD05680,2025-10-29,Net Banking,Refunded,3578.5
PAY05681,ORD05681,2025-09-24,UPI,Successful,4475.89
PAY05682,ORD05682,2025-06-06,Cash on Delivery,Successful,3511.62
PAY05683,ORD05683,2025-11-29,Cash on Delivery,Successful,3470.31
PAY05684,ORD05684,2025-11-25,Net Banking,Successful,1896.5
PAY05685,ORD05685,2025-05-22,UPI,Successful,4763.76
PAY05686,ORD05686,2025-12-02,Debit Card,Successful,99561.74
PAY05687,ORD05687,2025-05-27,Cash on Delivery,Successful,2523.31
PAY05688,ORD05688,2025-05-11,Debit Card,Successful,329237.1
PAY05689,ORD05689,2025-09-02,Cash on Delivery,Successful,30655.85
PAY05690,ORD05690,2025-12-20,UPI,Successful,2268.17
PAY05691,ORD05691,2025-02-19,Debit Card,Successful,9451.97
PAY05692,ORD05692,2025-09-01,Cash on Delivery,Failed,1981.16
PAY05693,ORD05693,2025-12-24,Debit Card,Successful,7577.82
PAY05694,ORD05694,2025-12-23,Credit Card,Successful,302938.25
PAY05695,ORD05695,2025-02-22,Credit Card,Successful,10341.87
PAY05696,ORD05696,2025-07-06,Debit Card,Successful,115052.32
PAY05697,ORD05697,2025-12-04,Credit Card,Successful,5982.76
PAY05698,ORD05698,2025-07-06,Net Banking,Failed,42224.32
PAY05699,ORD05699,2025-10-01,UPI,Successful,9262.19
PAY05700,ORD05700,2025-03-31,Credit Card,Successful,2536.47
PAY05701,ORD05701,2025-07-23,Cash on Delivery,Successful,878.44
PAY05702,ORD05702,2025-07-28,Debit Card,Successful,8822.25
PAY05703,ORD05703,2025-05-06,Debit Card,Successful,3113.23
PAY05704,ORD05704,2025-02-07,Credit Card,Refunded,2222.43
PAY05705,ORD05705,2025-09-24,Net Banking,Successful,5931.4
PAY05706,ORD05706,2025-01-07,Debit Card,Successful,2248.88
PAY05707,ORD05707,2025-09-10,Debit Card,Successful,12423.49
PAY05708,ORD05708,2025-01-08,Cash on Delivery,Successful,1724.99
PAY05709,ORD05709,2025-07-31,Cash on Delivery,Failed,9018.44
PAY05710,ORD05710,2025-09-29,Credit Card,Successful,121878.95
PAY05711,ORD05711,2025-01-02,UPI,Successful,11129.24
PAY05712,ORD05712,2025-05-08,Credit Card,Successful,2244.82
PAY05713,ORD05713,2025-08-02,UPI,Successful,71483.17
PAY05714,ORD05714,2025-02-08,Cash on Delivery,Successful,9532.03
PAY05715,ORD05715,2025-09-19,Credit Card,Failed,69461.04
PAY05716,ORD05716,2025-08-16,Net Banking,Successful,36531.62
PAY05717,ORD05717,2025-11-05,Cash on Delivery,Failed,8112.4
PAY05718,ORD05718,2025-06-18,Net Banking,Successful,4959.01
PAY05719,ORD05719,2025-04-25,Credit Card,Pending,79350.87
PAY05720,ORD05720,2025-10-12,upi,Successful,112142.08
PAY05721,ORD05721,2025-08-18,Cash on Delivery,Failed,8067.72
PAY05722,ORD05722,2025-02-19,Credit Card,Successful,3746.1
PAY05723,ORD05723,2025-10-20,Credit Card,Successful,5478.38
PAY05724,ORD05724,2025-10-31,Cash on Delivery,Successful,2496.23
PAY05725,ORD05725,2025-08-04,Credit Card,Successful,3437.29
PAY05726,ORD05726,2025-03-18,Debit Card,Successful,66821.83
PAY05727,ORD05727,2025-01-22,Cash on Delivery,Successful,7609.96
PAY05728,ORD05728,2025-11-20,Debit Card,Successful,1121.7
PAY05729,ORD05729,2025-08-01,Cash on Delivery,Successful,6635.52
PAY05730,ORD05730,2025-06-24,Debit Card,Successful,193510.5
PAY05731,ORD05731,2025-04-29,Debit Card,Successful,130955.89
PAY05732,ORD05732,2025-09-13,Net Banking,Successful,20251.45
PAY05733,ORD05733,2025-02-03,Cash on Delivery,Failed,7924.36
PAY05734,ORD05734,2025-05-24,UPI,Successful,15836.06
PAY05735,ORD05735,2025-01-20,Debit Card,Successful,4975.88
PAY05736,ORD05736,2025-12-27,Cash on Delivery,Successful,62079.92
PAY05737,ORD05737,2025-10-15,UPI,Successful,84492.73
PAY05738,ORD05738,2025-05-31,Cash on Delivery,Successful,1956.98
PAY05739,ORD05739,2025-03-23,UPI,Failed,5636.57
PAY05740,ORD05740,2025-04-14,Cash on Delivery,Successful,799.69
PAY05741,ORD05741,2025-03-07,Credit Card,successful,19976.1
PAY05742,ORD05742,2025-08-17,Debit Card,Successful,11183.94
PAY05743,ORD05743,2025-06-18,UPI,Successful,4678.12
PAY05744,ORD05744,2025-04-20,Net Banking,Successful,11960.33
PAY05745,ORD05745,2025-11-28,Debit Card,Successful,41887.98
PAY05746,ORD05746,2025-12-26,Net Banking,Successful,41438.55
PAY05747,ORD05747,2025-04-24,Net Banking,Successful,4901.17
PAY05748,ORD05748,2025-08-24,Net Banking,Successful,189345.67
PAY05749,ORD05749,2025-12-27,Credit Card,Successful,5182.71
PAY05750,ORD05750,2025-11-09,Credit Card,Failed,14047.33
PAY05751,ORD05751,2025-11-24,Debit Card,Successful,18832.86
PAY05752,ORD05752,2025-07-28,Credit Card,Successful,145846.92
PAY05753,ORD05753,2025-10-26,Cash on Delivery,Successful,52911.73
PAY05754,ORD05754,2025-07-04,Debit Card,Pending,57103.93
PAY05755,ORD05755,2025-05-30,UPI,Successful,123389.09
PAY05756,ORD05756,2025-10-31,Debit Card,Successful,3073.16
PAY05757,ORD05757,2025-11-26,UPI,Successful,4155.62
PAY05758,ORD05758,2025-07-27,Cash on Delivery,Refunded,13105.75
PAY05759,ORD05759,2025-12-12,Debit Card,Successful,1575.44
PAY05760,ORD05760,2025-07-10,Debit Card,Successful,138372.05
PAY05761,ORD05761,2025-09-17,Cash on Delivery,Successful,25852.74
PAY05762,ORD05762,2025-04-24,Debit Card,Successful,66067.99
PAY05763,ORD05763,2025-08-20,Credit Card,Successful,104163.17
PAY05764,ORD05764,2025-09-26,Credit Card,Successful,3458.24
PAY05765,ORD05765,2025-03-12,UPI,Failed,163395.95
PAY05766,ORD05766,2025-05-22,Credit Card,Successful,7715.52
PAY05767,ORD05767,2025-04-30,Credit Card,Successful,814.11
PAY05768,ORD05768,2025-10-02,Net Banking,Failed,21490.83
PAY05769,ORD05769,2025-12-24,Net Banking,Successful,5752.65
PAY05770,ORD05770,2025-05-30,Net Banking,Successful,102585.75
PAY05771,ORD05771,2025-10-17,Debit Card,Successful,104270.95
PAY05772,ORD05772,2025-11-14,UPI,Successful,2576.18
PAY05773,ORD05773,2025-05-25,Cash on Delivery,Successful,53472.86
PAY05774,ORD05774,2025-05-17,Cash on Delivery,Successful,6964.8
PAY05775,ORD05775,2025-04-04,Cash on Delivery,Successful,5764.88
PAY05776,ORD05776,2025-09-12,Net Banking,Successful,6974.82
PAY05777,ORD05777,2025-03-21,UPI,Successful,32758.69
PAY05778,ORD05778,2025-09-22,UPI,Successful,32177.01
PAY05779,ORD05779,2025-10-28,Net Banking,Successful,7966.05
PAY05780,ORD05780,2025-02-06,Cash on Delivery,Successful,3061.11
PAY05781,ORD05781,2025-01-02,Upi,Successful,12661.47
PAY05782,ORD05782,30/07/2025,Cash on Delivery,Successful,11312.11
PAY05783,ORD05783,2025-10-29,Credit Card,Successful,174831.21
PAY05784,ORD05784,2025-04-25,Cash on Delivery,Successful,3803.17
PAY05785,ORD05785,2025-06-05,Credit Card,Successful,5513.12
PAY05786,ORD05786,2025-05-11,UPI,Successful,5543.44
PAY05787,ORD05787,2025-08-12,Cash on Delivery,Successful,68422.25
PAY05788,ORD05788,2025-01-05,Credit Card,Successful,164214.4
PAY05789,ORD05789,2025-06-13,Debit Card,Successful,14299.26
PAY05790,ORD05790,2025-01-08,Credit Card,Successful,27575.05
PAY05791,ORD05791,2025-02-22,Cash on Delivery,Successful,1574.51
PAY05792,ORD05792,2025-08-25,Credit Card,Successful,7198.65
PAY05793,ORD05793,2025-09-15,upi,Successful,123526.92
PAY05794,ORD05794,2025-12-14,Debit Card,Successful,133706.4
PAY05795,ORD05795,2025-03-07,UPI,Successful,6333.26
PAY05796,ORD05796,2025-01-17,Cash on Delivery,Successful,5939.53
PAY05797,ORD05797,2025-07-07,Net Banking,Successful,1021.47
PAY05798,ORD05798,2025-04-03,Net Banking,Successful,41085.56
PAY05799,ORD05799,2025-02-03,Net Banking,Successful,12644.24
PAY05800,ORD05800,2025-08-18,Cash on Delivery,Successful,45484.1
PAY05801,ORD05801,2025-06-13,Cash on Delivery,Successful,1996.3
PAY05802,ORD05802,2025-09-24,Cash on Delivery,Successful,4154.88
PAY05803,ORD05803,2025-11-21,Debit Card,Successful,9786.49
PAY05804,ORD05804,2025-02-06,Credit Card,Successful,71572.83
PAY05805,ORD05805,2025-12-09,Debit Card,Pending,53013.48
PAY05806,ORD05806,2025-06-24,Debit Card,Successful,602.72
PAY05807,ORD05807,2025-06-22,UPI,Successful,92435.8
PAY05808,ORD05808,2025-04-18,Cash on Delivery,Successful,102777.32
PAY05809,ORD05809,2025-03-01,Cash on Delivery,Successful,15003.85
PAY05810,ORD05810,2025-07-27,Net Banking,Successful,55964.22
PAY05811,ORD05811,2025-08-09,UPI,Successful,126862.41
PAY05812,ORD05812,2025-07-28,Cash on Delivery,Failed,4117.17
PAY05813,ORD05813,2025-12-04,Cash on Delivery,Successful,52879.44
PAY05814,ORD05814,2025-02-10,UPI,Successful,7198.11
PAY05815,ORD05815,2025-07-27,Cash on Delivery,Successful,51691.92
PAY05816,ORD05816,2025-05-31,Credit Card,Successful,3628.85
PAY05817,ORD05817,2025-07-12,Net Banking,Successful,10113.17
PAY05818,ORD05818,2025-12-26,Cash on Delivery,Successful,5128.72
PAY05819,ORD05819,2025-09-19,Cash on Delivery,Successful,86865.5
PAY05820,ORD05820,2025-04-20,UPI,Successful,58554.3
PAY05821,ORD05821,2025-11-14,upi,Successful,71698.97
PAY05822,ORD05822,2025-08-23,Cash on Delivery,Successful,19239.77
PAY05823,ORD05823,2025-05-15,UPI,Successful,7003.36
PAY05824,ORD05824,2025-07-16,Cash on Delivery,Successful,36685.99
PAY05825,ORD05825,2025-05-18,Cash on Delivery,Successful,2221.69
PAY05826,ORD05826,2025-08-02,Cash on Delivery,Successful,14211.97
PAY05827,ORD05827,2025-04-10,UPI,Successful,5549.95
PAY05828,ORD05828,2025-10-07,Credit Card,Successful,39311.49
PAY05829,ORD05829,2025-11-08,Debit Card,Refunded,5015.45
PAY05830,ORD05830,2025-08-11,Cash on Delivery,Successful,3632.54
PAY05831,ORD05831,2025-07-13,Cash on Delivery,Refunded,22532.25
PAY05832,ORD05832,2025-10-07,Cash on Delivery,Refunded,21554.56
PAY05833,ORD05833,2025-09-21,Debit Card,Successful,107123.86
PAY05834,ORD05834,2025-09-22,Credit Card,Refunded,6655.88
PAY05835,ORD05835,2025-05-28,Cash on Delivery,Successful,7708.65
PAY05836,ORD05836,2025-11-24,UPI,Successful,25916.6
PAY05837,ORD05837,03/08/2025,Net Banking,Successful,33976.94
PAY05838,ORD05838,2025-09-27,Debit Card,Successful,6581.32
PAY05839,ORD05839,2025-06-20,UPI,Successful,10177.25
PAY05840,ORD05840,2025-07-19,Net Banking,failed,62132.01
PAY05841,ORD05841,2025-05-04,Debit Card,Successful,11096.85
PAY05842,ORD05842,2025-03-26,Net Banking,Successful,7701.4
PAY05843,ORD05843,2025-04-17,Debit Card,Successful,2651.63
PAY05844,ORD05844,2025-11-28,Credit Card,Failed,3171.16
PAY05845,ORD05845,2025-05-31,Credit Card,Successful,165514.85
PAY05846,ORD05846,2025-12-18,Net Banking,Successful,104230.44
PAY05847,ORD05847,2025-04-12,Credit Card,Successful,104244.94
PAY05848,ORD05848,2025-06-19,Debit Card,Successful,16172.61
PAY05849,ORD05849,2025-11-09,UPI,Successful,18015.55
PAY05850,ORD05850,2025-01-21,UPI,Successful,93444.86
PAY05851,ORD05851,2025-06-25,UPI,Successful,5626.21
PAY05852,ORD05852,2025-10-13,Debit Card,Successful,122215.18
PAY05853,ORD05853,2025-05-08,Debit Card,Successful,21218.87
PAY05854,ORD05854,2025-11-25,Debit Card,Successful,52388.55
PAY05855,ORD05855,2025-06-28,Cash on Delivery,Successful,3159.81
PAY05856,ORD05856,2025-04-12,Net Banking,Successful,110598.32
PAY05857,ORD05857,2025-11-28,Debit Card,Failed,13751.28
PAY05858,ORD05858,2025-02-25,UPI,Successful,11254.16
PAY05859,ORD05859,2025-02-20,UPI,Successful,51245.75
PAY05860,ORD05860,2025-09-06,Net Banking,Successful,17390.82
PAY05861,ORD05861,2025-07-14,Debit Card,Successful,700.75
PAY05862,ORD05862,2025-07-04,UPI,Successful,4938.57
PAY05863,ORD05863,2025-03-07,Debit Card,Refunded,170410.9
PAY05864,ORD05864,2025-05-19,Debit Card,Successful,116977.47
PAY05865,ORD05865,2025-09-03,Debit Card,Successful,32288.67
PAY05866,ORD05866,2025-02-10,Net Banking,Successful,5149.21
PAY05867,ORD05867,2025-08-30,Credit Card,successful,3126.39
PAY05868,ORD05868,2025-08-20,Debit Card,Successful,2420.52
PAY05869,ORD05869,09-03-2025,Credit Card,Successful,22223.32
PAY05870,ORD05870,2025-06-06,UPI ,Successful,3348.3
PAY05871,ORD05871,2025-12-10,Debit Card,Successful,5236.48
PAY05872,ORD05872,2025-10-03,Credit Card,Refunded,35898.19
PAY05873,ORD05873,2025-06-02,Credit Card,Successful,2930.7
PAY05874,ORD05874,2025-09-28,UPI,Successful,31551.56
PAY05875,ORD05875,2025-10-29,UPI,Successful,67385.63
PAY05876,ORD05876,2025-10-20,Cash on Delivery,Successful,282093.22
PAY05877,ORD05877,2025-05-01,Cash on Delivery,Failed,9420.03
PAY05878,ORD05878,2025-07-18,Credit Card,Successful,27810.15
PAY05879,ORD05879,2025-10-07,Debit Card,Successful,7297.91
PAY05880,ORD05880,2025-09-17,Debit Card,Successful,5408.92
PAY05881,ORD05881,2025-07-20,Cash on Delivery,Successful,3998.13
PAY05882,ORD05882,2025-09-23,Credit Card,Successful,67692.29
PAY05883,ORD05883,2025-09-23,Cash on Delivery,Successful,7338.08
PAY05884,ORD05884,2025-10-17,Debit Card,Successful,4057.38
PAY05885,ORD05885,2025-03-04,Debit Card,Successful,81182.48
PAY05886,ORD05886,2025-06-15,Credit Card,Successful,61920.94
PAY05887,ORD05887,2025-11-16,Net Banking,Successful,6125.37
PAY05888,ORD05888,2025-01-28,Cash on Delivery,Failed,3313.84
PAY05889,ORD05889,2025-05-30,Cash on Delivery,Successful,2969.78
PAY05890,ORD05890,2025-05-23,Credit Card,Successful,5387.03
PAY05891,ORD05891,2025-01-28,Debit Card,Successful,17947.98
PAY05892,ORD05892,2025-07-05,Net Banking,Successful,235278.93
PAY05893,ORD05893,2025-06-25,Cash on Delivery,Refunded,15963.45
PAY05894,ORD05894,2025-09-03,Net Banking,Successful,28316.21
PAY05895,ORD05895,2025-02-02,Cash on Delivery,Successful,4587.44
PAY05896,ORD05896,2025-06-21,Net Banking,Successful,57165.12
PAY05897,ORD05897,2025-11-29,Debit Card,Successful,3762.3
PAY05898,ORD05898,2025-09-01,Credit Card,Successful,68565.3
PAY05899,ORD05899,2025-08-22,UPI,Successful,6167.19
PAY05900,ORD05900,2025-11-11,Net Banking,Successful,9833.62
PAY05901,ORD05901,2025-05-10,Net Banking,Successful,10027.3
PAY05902,ORD05902,2025-05-03,Credit Card,Successful,11904.78
PAY05903,ORD05903,2025-03-28,Debit Card,Successful,15030.1
PAY05904,ORD05904,2025-04-27,Net Banking,Successful,17685.69
PAY05905,ORD05905,2025-09-25,Cash on Delivery,Successful,3905.55
PAY05906,ORD05906,2025-12-19,Debit Card,Successful,2104.11
PAY05907,ORD05907,2025-10-14,UPI ,Failed,71972.2
PAY05908,ORD05908,2025-10-01,Debit Card,Successful,33118.14
PAY05909,ORD05909,2025-08-24,UPI,Successful,7662.73
PAY05910,ORD05910,2025-07-03,Debit Card,Successful,2692.8
PAY05911,ORD05911,2025-04-08,UPI,Successful,72781.61
PAY05912,ORD05912,2025-11-04,UPI,Successful,28576.78
PAY05913,ORD05913,2025-06-15,Debit Card,Failed,31974.18
PAY05914,ORD05914,2025-11-10,Net Banking,Successful,70052.76
PAY05915,ORD05915,2025-12-13,Cash on Delivery,Successful,7286.63
PAY05916,ORD05916,2025-02-17,Net Banking,Pending,65355.6
PAY05917,ORD05917,2025-09-04,Credit Card,Successful,17535.59
PAY05918,ORD05918,2025-07-26,Debit Card,Successful,21864.67
PAY05919,ORD05919,2025-07-28,Cash on Delivery,Refunded,4674.19
PAY05920,ORD05920,2025-09-28,Cash on Delivery,Successful,127527.8
PAY05921,ORD05921,2025-07-26,Net Banking,Successful,4871.99
PAY05922,ORD05922,2025-10-15,Cash on Delivery,Successful,57373.16
PAY05923,ORD05923,2025-10-01,UPI,Successful,13303.87
PAY05924,ORD05924,2025-01-06,Credit Card,Successful,126964.4
PAY05925,ORD05925,2025-07-29,UPI,Successful,137780.23
PAY05926,ORD05926,2025-12-17,Net Banking,Successful,4855.55
PAY05927,ORD05927,2025-08-04,Net Banking,Successful,15919.55
PAY05928,ORD05928,2025-11-09,UPI,Successful,143289.89
PAY05929,ORD05929,2025-07-23,Credit Card,Successful,4218.25
PAY05930,ORD05930,2025-10-18,UPI,Successful,63777.54
PAY05931,ORD05931,2025-01-16,Cash on Delivery,Successful,5021.63
PAY05932,ORD05932,2025-04-26,credit card,Successful,17141.84
PAY05933,ORD05933,2025-05-18,Cash on Delivery,Successful,135488.7
PAY05934,ORD05934,2025-10-16,Cash on Delivery,Failed,201995.2
PAY05935,ORD05935,2025-05-28,Credit Card,Successful,8554.62
PAY05936,ORD05936,2025-02-25,Debit Card,Failed,15593.97
PAY05937,ORD05937,2025-07-14,Cash on Delivery,Successful,8482.83
PAY05938,ORD05938,2025-10-04,Cash on Delivery,Failed,62551.05
PAY05939,ORD05939,2025-02-09,Credit Card,Refunded,7900.23
PAY05940,ORD05940,2025-09-29,UPI,Successful,2290.84
PAY05941,ORD05941,2025-05-11,Credit Card,Successful,39173.04
PAY05942,ORD05942,2025-09-30,Cash on Delivery,Successful,26509.69
PAY05943,ORD05943,2025-12-12,Debit Card,Successful,17903.29
PAY05944,ORD05944,2025-01-10,Cash on Delivery,Successful,45980.11
PAY05945,ORD05945,2025-07-17,Net Banking,Successful,6727.59
PAY05946,ORD05946,2025-05-28,Cash on Delivery,Successful,4019.93
PAY05947,ORD05947,2025-07-24,Debit Card,Successful,241636.82
PAY05948,ORD05948,2025-11-13,Debit Card,Successful,1681.56
PAY05949,ORD05949,2025-01-21,Debit Card,Successful,46187.83
PAY05950,ORD05950,2025-11-04,Net Banking,Successful,3764.48
PAY05951,ORD05951,2025-04-07,,Successful,125020.25
PAY05952,ORD05952,2025-03-10,UPI,Successful,5171.03
PAY05953,ORD05953,2025-05-20,UPI,Successful,109476.1
PAY05954,ORD05954,2025-11-23,Net Banking,Successful,18583.82
PAY05955,ORD05955,2025-09-21,Net Banking,Failed,69623.65
PAY05956,ORD05956,2025-12-22,credit card,Successful,2901.86
PAY05957,ORD05957,2025-08-05,Net Banking,Successful,4511.3
PAY05958,ORD05958,2025-02-17,UPI,Failed,72629.91
PAY05959,ORD05959,2025-09-03,Debit Card,Successful,1210.58
PAY05960,ORD05960,2025-04-12,UPI,Successful,5299.12
PAY05961,ORD05961,2025-05-03,Credit Card,Successful,60985.81
PAY05962,ORD05962,2025-11-12,Debit Card,Successful,971.04
PAY05963,ORD05963,2025-01-11,UPI,Successful,65351.54
PAY05964,ORD05964,2025-05-18,UPI,Successful,28400.09
PAY05965,ORD05965,2025-08-18,Net Banking,Successful,34235.06
PAY05966,ORD05966,2025-02-12,Net Banking,Successful,10006.79
PAY05967,ORD05967,2025-10-22,Debit Card,Refunded,19262.18
PAY05968,ORD05968,2025-01-28,Net Banking,Refunded,3656.83
PAY05969,ORD05969,2025-05-25,Debit Card,Successful,102695.69
PAY05970,ORD05970,2025-04-20,UPI,Successful,5250.23
PAY05971,ORD05971,2025-06-07,Credit Card,Successful,18241.44
PAY05972,ORD05972,2025-05-06,Net Banking,Failed,2965.85
PAY05973,ORD05973,2025-11-23,Debit Card,Successful,4465.76
PAY05974,ORD05974,2025-03-13,Debit Card,Successful,28680.41
PAY05975,ORD05975,2025-11-21,Credit Card,Successful,6882.65
PAY05976,ORD05976,2025-12-25,UPI,Successful,171218.58
PAY05977,ORD05977,2025-08-08,Debit Card,Pending,6381.42
PAY05978,ORD05978,2025-03-07,UPI,Failed,3955.73
PAY05979,ORD05979,2025-04-23,Cash on Delivery,Successful,2543.47
PAY05980,ORD05980,2025-05-24,Net Banking,Refunded,48372.47
PAY05981,ORD05981,2025-08-21,Credit Card,Failed,2776.15
PAY05982,ORD05982,2025-08-12,Debit Card,Successful,15284.95
PAY05983,ORD05983,2025-12-12,Net Banking,Successful,31956.27
PAY05984,ORD05984,2025-11-05,Credit Card,Pending,2240.26
PAY05985,ORD05985,2025-11-13,Debit Card,Successful,61840.51
PAY05986,ORD05986,2025-11-05,Credit Card,Successful,2669.63
PAY05987,ORD05987,2025-12-14,UPI,Successful,67503.65
PAY05988,ORD05988,2025-04-19,Debit Card,Successful,5037.86
PAY05989,ORD05989,2025-04-03,Net Banking,Successful,3718.7
PAY05990,ORD05990,2025-03-06,Net Banking,Successful,410.83
PAY05991,ORD05991,2025-11-28,Net Banking,Successful,4940.36
PAY05992,ORD05992,2025-12-22,UPI,Successful,24044.02
PAY05993,ORD05993,2025-05-08,UPI,Successful,24241.53
PAY05994,ORD05994,2025-12-31,Debit Card,Successful,1223.67
PAY05995,ORD05995,2025-02-07,UPI,Successful,3641.63
PAY05996,ORD05996,2025-01-23,Debit Card,Successful,4778.56
PAY05997,ORD05997,2025-11-13,Credit Card,Successful,146121.08
PAY05998,ORD05998,2025-06-12,Cash on Delivery,Successful,68203.23
PAY05999,ORD05999,2025-12-24,Net Banking,Successful,2585.01
PAY06000,ORD06000,2025-12-09,Cash on Delivery,Successful,7107.26
PAY06001,ORD06001,2025-06-27,Debit Card,Failed,473.69
PAY06002,ORD06002,2025-05-18,UPI,Successful,3008.1
PAY06003,ORD06003,2025-02-09,Debit Card,Successful,38157.96
PAY06004,ORD06004,2025-07-25,Net Banking,Successful,15576.66
PAY06005,ORD06005,2025-12-05,Debit Card,Successful,1426.97
PAY06006,ORD06006,2025-02-25,Credit Card,Successful,75752.12
PAY06007,ORD06007,2025-10-31,Cash on Delivery,Successful,109043.59
PAY06008,ORD06008,2025-11-24,Credit Card,Successful,1938.8
PAY06009,ORD06009,2025-06-18,Credit Card,Successful,3708.38
PAY06010,ORD06010,2025-04-29,Debit Card,Successful,1772.64
PAY06011,ORD06011,2025-10-01,Cash on Delivery,Successful,125668.01
PAY06012,ORD06012,2025-06-08,Net Banking,Successful,4874.98
PAY06013,ORD06013,2025-05-09,Debit Card,Successful,57316.5
PAY06014,ORD06014,2025-10-08,Cash on Delivery,failed,4671.58
PAY06015,ORD06015,2025-05-11,Cash on Delivery,Failed,76127.8
PAY06016,ORD06016,2025-02-01,UPI,Successful,49176.08
PAY06017,ORD06017,2025-04-18,Credit Card,Successful,26676.75
PAY06018,ORD06018,2025-07-01,UPI,Successful,4188.67
PAY06019,ORD06019,2025-10-14,Debit Card,Successful,10057.93
PAY06020,ORD06020,2025-01-08,Cash on Delivery,Successful,13765.25
PAY06021,ORD06021,2025-10-25,Net Banking,Successful,13230.45
PAY06022,ORD06022,2025-05-03,Debit Card,Pending,16121.52
PAY06023,ORD06023,2025-11-21,UPI,Refunded,24634.27
PAY06024,ORD06024,2025-04-06,Net Banking,Successful,2486.56
PAY06025,ORD06025,2025-07-18,Debit Card,Successful,12683.41
PAY06026,ORD06026,2025-06-19,Credit Card,Failed,13137.92
PAY06027,ORD06027,2025-12-30,Net Banking,Successful,8422.34
PAY06028,ORD06028,2025-07-15,Credit Card,Successful,55005.63
PAY06029,ORD06029,2025-06-04,Net Banking,Successful,5154.86
PAY06030,ORD06030,2025-07-10,Net Banking,Successful,3237.24
PAY06031,ORD06031,2025-08-15,Cash on Delivery,Successful,23987.45
PAY06032,ORD06032,2025-04-28,Debit Card,Successful,3597.89
PAY06033,ORD06033,2025-11-05,UPI,Successful,8910.34
PAY06034,ORD06034,2025-04-17,Credit Card,Successful,107088.17
PAY06035,ORD06035,2025-10-24,Net Banking,Failed,15140.19
PAY06036,ORD06036,2025-02-10,Net Banking,Successful,3026.0
PAY06037,ORD06037,2025-09-18,Credit Card ,Successful,6432.89
PAY06038,ORD06038,2025-10-08,Cash on Delivery,Successful,20312.1
PAY06039,ORD06039,2025-04-06,UPI,Successful,6300.64
PAY06040,ORD06040,2025-12-14,Net Banking,Successful,28092.17
PAY06041,ORD06041,2025-09-04,Cash on Delivery,Successful,143633.0
PAY06042,ORD06042,2025-05-05,Cash on Delivery,Successful,3778.73
PAY06043,ORD06043,2025-09-23,Net Banking,Successful,81047.89
PAY06044,ORD06044,2025-12-16,Cash on Delivery,Successful,63305.23
PAY06045,ORD06045,2025-11-05,UPI,Successful,8493.24
PAY06046,ORD06046,2025-07-05,UPI,Successful,4132.16
PAY06047,ORD06047,2025-12-15,Cash on Delivery,Successful,2978.95
PAY06048,ORD06048,2025-07-26,UPI,Failed,1536.62
PAY06049,ORD06049,2025-08-19,Cash on Delivery,Pending,1202.2
PAY06050,ORD06050,2025-06-24,UPI,Successful,5598.29
PAY06051,ORD06051,2025-12-09,Debit Card,Successful,1070.86
PAY06052,ORD06052,2025-11-24,Credit Card,Successful,56050.43
PAY06053,ORD06053,2025-04-18,Net Banking,Successful,6925.19
PAY06054,ORD06054,2025-02-20,Debit Card,Successful,34171.78
PAY06055,ORD06055,2025-08-17,Net Banking,Successful,94359.19
PAY06056,ORD06056,2025-08-20,Debit Card,Successful,121901.98
PAY06057,ORD06057,2025-10-24,Cash on Delivery,Successful,27679.75
PAY06058,ORD06058,2025-12-07,Debit Card,Successful,1374.92
PAY06059,ORD06059,2025-09-06,Debit Card,Successful,103049.15
PAY06060,ORD06060,2025-01-24,Cash on Delivery,Successful,4470.34
PAY06061,ORD06061,2025-10-27,Net Banking,Successful,56134.16
PAY06062,ORD06062,2025-05-28,UPI,Successful,14356.71
PAY06063,ORD06063,2025-01-11,Cash on Delivery,Successful,2973.95
PAY06064,ORD06064,2025-05-13,UPI,Successful,4620.18
PAY06065,ORD06065,2025-09-03,UPI,Successful,8863.81
PAY06066,ORD06066,2025-11-11,Credit Card,Successful,2019.25
PAY06067,ORD06067,2025-03-18,Cash on Delivery,Successful,78181.06
PAY06068,ORD06068,2025-05-18,Credit Card,Successful,2381.61
PAY06069,ORD06069,2025-05-01,Debit Card,Successful,175773.28
PAY06070,ORD06070,2025-10-21,Credit Card,Successful,27939.68
PAY06071,ORD06071,2025-10-05,UPI,Failed,41315.17
PAY06072,ORD06072,2025-03-03,UPI,Successful,16266.68
PAY06073,ORD06073,2025-01-30,Debit Card,Successful,16225.81
PAY06074,ORD06074,2025-07-23,Cash on Delivery,Successful,9365.15
PAY06075,ORD06075,2025-11-09,Net Banking,Failed,30847.96
PAY06076,ORD06076,2025-07-22,Credit Card,Successful,1867.86
PAY06077,ORD06077,2025-03-06,Cash on Delivery,Successful,7212.73
PAY06078,ORD06078,2025-11-23,Cash on Delivery,Successful,16894.32
PAY06079,ORD06079,2025-08-01,Cash on Delivery,Failed,4320.28
PAY06080,ORD06080,2025-05-21,Cash on Delivery,Successful,5945.01
PAY06081,ORD06081,2025-01-15,UPI,Refunded,4255.49
PAY06082,ORD06082,2025-04-23,UPI,Successful,59865.16
PAY06083,ORD06083,2025-08-15,Net Banking,Successful,112081.7
PAY06084,ORD06084,2025-07-07,Net Banking,Successful,10664.33
PAY06085,ORD06085,2025-10-06,Credit Card,Successful,5218.48
PAY06086,ORD06086,2025-12-17,Credit Card,Pending,44697.28
PAY06087,ORD06087,2025-01-06,UPI,Failed,1830.74
PAY06088,ORD06088,2025-02-08,Net Banking,Refunded,37737.79
PAY06089,ORD06089,2025-02-10,UPI,Successful,7763.26
PAY06090,ORD06090,2025-04-24,Cash on Delivery,Successful,136927.16
PAY06091,ORD06091,2025-06-19,Cash on Delivery,Successful,1106.22
PAY06092,ORD06092,2025-01-24,Debit Card,Successful,9668.85
PAY06093,ORD06093,2025-06-01,Debit Card,Successful,1349.93
PAY06094,ORD06094,2025-07-13,UPI,Refunded,99573.76
PAY06095,ORD06095,2025-04-18,Cash on Delivery,Successful,27716.41
PAY06096,ORD06096,2025-07-13,Net Banking,Successful,110861.51
PAY06097,ORD06097,2025-03-17,UPI,Successful,6002.85
PAY06098,ORD06098,2025-02-19,UPI,Successful,73999.51
PAY06099,ORD06099,2025-03-13,Cash on Delivery,Successful,8822.1
PAY06100,ORD06100,2025-06-03,Cash on Delivery,Successful,198602.62
PAY06101,ORD06101,2025-05-24,Debit Card,Successful,18924.42
PAY06102,ORD06102,2025-01-20,Debit Card,Successful,4086.23
PAY06103,ORD06103,2025-07-21,Credit Card,Successful,13212.11
PAY06104,ORD06104,2025-08-21,Net Banking,Failed,16303.48
PAY06105,ORD06105,2025-09-09,Net Banking,Successful,60483.63
PAY06106,ORD06106,2025-09-30,UPI,Successful,3308.77
PAY06107,ORD06107,07/02/2025,upi,Successful,3997.08
PAY06108,ORD06108,2025-10-06,Debit Card,Successful,4778.49
PAY06109,ORD06109,2025-01-31,UPI,Successful,127229.92
PAY06110,ORD06110,2025-11-08,Cash on Delivery,Successful,1592.04
PAY06111,ORD06111,2025-12-05,Cash on Delivery,Successful,58934.49
PAY06112,ORD06112,2025-11-14,Debit Card,Successful,3263.26
PAY06113,ORD06113,2025-02-23,Debit Card,Failed,24292.0
PAY06114,ORD06114,2025-08-22,Net Banking,Successful,120950.3
PAY06115,ORD06115,2025-07-20,Net Banking,Successful,69959.49
PAY06116,ORD06116,2025-11-23,Debit Card,refunded,58890.69
PAY06117,ORD06117,2025-06-19,Credit Card,Successful,9249.5
PAY06118,ORD06118,2025-08-21,Credit Card,Successful,3205.7
PAY06119,ORD06119,2025-08-19,Debit Card,Successful,12805.45
PAY06120,ORD06120,2025-04-26,Cash on Delivery,Refunded,11487.11
PAY06121,ORD06121,2025-07-24,UPI,Successful,13158.57
PAY06122,ORD06122,2025-06-13,Debit Card,Successful,5735.73
PAY06123,ORD06123,2025-05-24,Net Banking,Successful,9799.08
PAY06124,ORD06124,2025-11-05,Cash on Delivery,Successful,24563.4
PAY06125,ORD06125,2025-10-26,Cash on Delivery,Successful,2447.62
PAY06126,ORD06126,2025-11-17,Credit Card,Successful,19229.4
PAY06127,ORD06127,2025-09-28,Credit Card ,Successful,21754.11
PAY06128,ORD06128,2025-07-25,Net Banking,Successful,2297.76
PAY06129,ORD06129,2025-04-22,Debit Card,Successful,12528.83
PAY06130,ORD06130,2025-10-03,Credit Card,Successful,16351.33
PAY06131,ORD06131,2025-06-11,Net Banking,Successful,122144.85
PAY06132,ORD06132,2025-05-16,Credit Card,Successful,15733.84
PAY06133,ORD06133,2025-05-16,UPI,Successful,19647.02
PAY06134,ORD06134,2025-03-31,UPI,Successful,725.49
PAY06135,ORD06135,2025-01-17,UPI,Successful,124525.88
PAY06136,ORD06136,2025-03-20,Net Banking,Successful,13235.3
PAY06137,ORD06137,2025-06-28,UPI,Successful,101438.93
PAY06138,ORD06138,2025-08-17,UPI,Successful,49196.01
PAY06139,ORD06139,2025-12-29,UPI,Pending,5869.24
PAY06140,ORD06140,2025-05-29,Cash on Delivery,Refunded,149154.38
PAY06141,ORD06141,2025-08-06,UPI,Successful,14290.7
PAY06142,ORD06142,2025-03-13,Net Banking,Successful,9551.95
PAY06143,ORD06143,2025-02-23,UPI,Successful,106311.4
PAY06144,ORD06144,2025-11-21,Net Banking,Successful,24876.08
PAY06145,ORD06145,2025-04-09,Debit Card,Successful,2730.38
PAY06146,ORD06146,2025-03-25,UPI,Successful,24521.38
PAY06147,ORD06147,2025-03-31,Credit Card,Successful,153917.39
PAY06148,ORD06148,2025-12-17,Net Banking,Successful,121455.84
PAY06149,ORD06149,2025-10-06,Credit Card,Successful,144623.42
PAY06150,ORD06150,2025-05-13,UPI,Successful,4924.54
PAY06151,ORD06151,2025-10-02,Net Banking,Failed,5897.8
PAY06152,ORD06152,2025-08-08,UPI,Failed,2408.97
PAY06153,ORD06153,2025-02-24,Credit Card,Successful,13590.22
PAY06154,ORD06154,2025-09-15,Net Banking,Successful,2800.79
PAY06155,ORD06155,2025-06-05,Credit Card,Refunded,2285.55
PAY06156,ORD06156,2025-01-31,Credit Card,Successful,72088.94
PAY06157,ORD06157,2025-12-15,Debit Card,Pending,5253.64
PAY06158,ORD06158,2025-09-05,Debit Card,Successful,6825.03
PAY06159,ORD06159,2025-02-21,Credit Card,Successful,2370.03
PAY06160,ORD06160,2025-02-24,Credit Card,Refunded,78385.36
PAY06161,ORD06161,2025-09-22,Debit Card,Successful,74608.7
PAY06162,ORD06162,2025-10-17,Credit Card,Successful,8937.13
PAY06163,ORD06163,2025-12-04,Net Banking,Successful,146338.84
PAY06164,ORD06164,2025-08-08,Credit Card,Successful,1383.86
PAY06165,ORD06165,2025-03-07,Net Banking,Successful,13174.5
PAY06166,ORD06166,2025-03-19,Debit Card,Successful,124692.29
PAY06167,ORD06167,2025-04-14,UPI,Failed,7085.59
PAY06168,ORD06168,2025-02-28,Debit Card,Successful,8260.83
PAY06169,ORD06169,2025-08-20,Net Banking,Pending,34598.33
PAY06170,ORD06170,2025-07-22,Net Banking,Successful,79013.16
PAY06171,ORD06171,2025-09-27,Credit Card,Failed,6852.83
PAY06172,ORD06172,2025-05-21,Credit Card,Successful,3738.54
PAY06173,ORD06173,2025-02-21,UPI,Successful,887.01
PAY06174,ORD06174,2025-05-01,Debit Card,Successful,219545.47
PAY06175,ORD06175,2025-06-09,Cash on Delivery,Successful,3971.04
PAY06176,ORD06176,2025-10-19,Debit Card,Successful,229472.02
PAY06177,ORD06177,2025-11-22,Credit Card,Successful,5296.81
PAY06178,ORD06178,2025-04-06,UPI,Successful,2734.84
PAY06179,ORD06179,2025-06-12,Cash on Delivery,Successful,58386.56
PAY06180,ORD06180,2025-07-14,Cash on Delivery,Successful,5202.4
PAY06181,ORD06181,2025-10-19,Debit Card,Successful,4547.59
PAY06182,ORD06182,2025-09-04,Net Banking,Successful,1600.67
PAY06183,ORD06183,2025-12-15,Debit Card,Successful,18156.4
PAY06184,ORD06184,2025-02-15,Cash on Delivery,Successful,9137.88
PAY06185,ORD06185,2025-01-18,Cash on Delivery,Successful,9385.07
PAY06186,ORD06186,2025-12-09,Debit Card,Failed,61119.65
PAY06187,ORD06187,2025-12-03,Debit Card,Successful,24847.77
PAY06188,ORD06188,2025-02-21,Net Banking,Successful,62838.02
PAY06189,ORD06189,2025-11-11,Net Banking,Successful,119105.6
PAY06190,ORD06190,2025-12-14,Debit Card,Successful,2484.76
PAY06191,ORD06191,2025-06-29,Credit Card,Failed,3703.44
PAY06192,ORD06192,2025-11-14,Net Banking,Successful,12669.7
PAY06193,ORD06193,2025-12-08,Debit Card,Successful,27533.74
PAY06194,ORD06194,2025-03-14,Net Banking,Successful,2386.94
PAY06195,ORD06195,2025-11-30,UPI,Successful,5076.72
PAY06196,ORD06196,2025-09-09,Credit Card,Successful,3610.38
PAY06197,ORD06197,2025-10-30,Debit Card,Successful,4421.79
PAY06198,ORD06198,2025-12-26,UPI ,Successful,17542.92
PAY06199,ORD06199,23/11/2025,UPI,Failed,1045.51
PAY06200,ORD06200,2025-12-28,Cash on Delivery,Successful,23993.06
PAY06201,ORD06201,2025-04-28,Credit Card,Successful,41524.61
PAY06202,ORD06202,2025-05-30,Net Banking,Successful,77242.03
PAY06203,ORD06203,2025-03-06,UPI,Pending,12632.65
PAY06204,ORD06204,2025-12-16,Net Banking,Pending,10029.4
PAY06205,ORD06205,2025-08-11,Net Banking,Successful,3933.64
PAY06206,ORD06206,2025-09-18,Net Banking,Successful,14540.52
PAY06207,ORD06207,2025-12-23,Net Banking,Refunded,23008.68
PAY06208,ORD06208,2025-07-23,Net Banking,Successful,236592.45
PAY06209,ORD06209,2025-01-14,Debit Card,Successful,17570.82
PAY06210,ORD06210,2025-01-30,Credit Card,Successful,42953.19
PAY06211,ORD06211,2025-11-24,Cash on Delivery,Successful,29525.99
PAY06212,ORD06212,2025-05-15,Debit Card,Successful,12066.68
PAY06213,ORD06213,2025-10-18,cash on delivery,Successful,1677.46
PAY06214,ORD06214,2025-05-08,Credit Card,Successful,62453.5
PAY06215,ORD06215,2025-09-28,Debit Card,Successful,23660.02
PAY06216,ORD06216,2025-09-13,Debit Card,Successful,221705.3
PAY06217,ORD06217,2025-05-26,Cash on Delivery,Successful,4813.64
PAY06218,ORD06218,2025-05-31,Credit Card,Refunded,8746.28
PAY06219,ORD06219,2025-02-18,Net Banking,Refunded,57467.38
PAY06220,ORD06220,2025-08-26,Cash on Delivery,Successful,2715.92
PAY06221,ORD06221,2025-02-18,Credit Card,Successful,78804.61
PAY06222,ORD06222,2025-05-29,Debit Card,Successful,22463.69
PAY06223,ORD06223,2025-11-13,Cash on Delivery,SUCCESSFUL,2380.61
PAY06224,ORD06224,2025-09-13,Cash on Delivery,Successful,9797.2
PAY06225,ORD06225,2025-11-05,Cash on Delivery,Successful,2216.28
PAY06226,ORD06226,2025-03-13,UPI,Successful,21486.39
PAY06227,ORD06227,2025-05-01,Credit Card,Refunded,6993.97
PAY06228,ORD06228,2025-09-25,Cash on Delivery,Successful,12081.47
PAY06229,ORD06229,2025-11-06,Net Banking,Refunded,8952.75
PAY06230,ORD06230,2025-10-26,Net Banking,Successful,30793.59
PAY06231,ORD06231,2025-08-04,Credit Card,Failed,3706.8
PAY06232,ORD06232,2025-10-14,Cash on Delivery,Refunded,183024.5
PAY06233,ORD06233,2025-01-21,UPI,Successful,132654.06
PAY06234,ORD06234,2025-06-28,Net Banking,Successful,75255.57
PAY06235,ORD06235,2025-03-21,Cash on Delivery,Successful,66890.91
PAY06236,ORD06236,2025-08-13,UPI,Successful,11556.66
PAY06237,ORD06237,2025-04-25,Debit Card,Successful,19603.78
PAY06238,ORD06238,2025-06-22,Cash on Delivery,Successful,21066.84
PAY06239,ORD06239,2025-03-08,Credit Card,Failed,26969.02
PAY06240,ORD06240,2025-08-27,Debit Card,Successful,58682.97
PAY06241,ORD06241,2025-04-25,Net Banking,Successful,31022.56
PAY06242,ORD06242,2025-05-12,Net Banking,Successful,104527.54
PAY06243,ORD06243,2025-05-10,,Successful,195425.35
PAY06244,ORD06244,2025-08-06,UPI,Successful,30856.44
PAY06245,ORD06245,2025-03-08,Net Banking,Successful,5654.35
PAY06246,ORD06246,2025-11-09,Cash on Delivery,Successful,92909.11
PAY06247,ORD06247,2025-06-19,Credit Card,Pending,3123.22
PAY06248,ORD06248,2025-07-31,Cash on Delivery,Successful,4145.84
PAY06249,ORD06249,2025-02-04,Cash on Delivery,Successful,34098.14
PAY06250,ORD06250,2025-02-06,Debit Card,Refunded,5215.89
PAY06251,ORD06251,2025-05-07,Debit Card,Successful,224744.26
PAY06252,ORD06252,2025-11-19,Credit Card,Successful,59045.91
PAY06253,ORD06253,2025-06-17,UPI,Successful,2884.11
PAY06254,ORD06254,2025-01-15,Cash on Delivery,Refunded,5711.89
PAY06255,ORD06255,2025-01-04,Debit Card,Successful,19081.84
PAY06256,ORD06256,2025-07-01,Credit Card,Successful,5158.85
PAY06257,ORD06257,2025-12-16,UPI,Successful,6458.48
PAY06258,ORD06258,2025-01-23,Cash on Delivery,Successful,15690.65
PAY06259,ORD06259,2025-08-03,Cash on Delivery,Successful,54557.51
PAY06260,ORD06260,2025-08-24,Cash on Delivery,Successful,63921.22
PAY06261,ORD06261,2025-02-28,Cash on Delivery,Successful,25503.81
PAY06262,ORD06262,2025-12-08,Credit Card,Successful,36836.44
PAY06263,ORD06263,2025-04-02,UPI,Successful,16336.77
PAY06264,ORD06264,2025-01-24,Credit Card,Successful,37322.76
PAY06265,ORD06265,2025-05-01,Credit Card,Successful,2720.59
PAY06266,ORD06266,2025-11-07,Credit Card ,Successful,50032.87
PAY06267,ORD06267,2025-04-01,Cash on Delivery,Successful,31288.68
PAY06268,ORD06268,2025-05-12,UPI,Successful,887.95
PAY06269,ORD06269,2025-05-27,Credit Card,Successful,1723.89
PAY06270,ORD06270,2025-10-02,Debit Card,Successful,124869.09
PAY06271,ORD06271,2025-01-08,UPI,Failed,89343.44
PAY06272,ORD06272,2025-07-06,Cash on Delivery,Successful,7531.3
PAY06273,ORD06273,2025-02-25,Debit Card,Successful,123900.08
PAY06274,ORD06274,2025-12-25,Credit Card,Successful,3620.59
PAY06275,ORD06275,2025-07-28,Cash on Delivery,Successful,1365.92
PAY06276,ORD06276,2025-02-20,Credit Card,Successful,24881.65
PAY06277,ORD06277,2025-12-02,Net Banking,Successful,5753.77
PAY06278,ORD06278,2025-12-01,Credit Card,Successful,333592.51
PAY06279,ORD06279,2025-12-11,Cash on Delivery,Successful,14771.49
PAY06280,ORD06280,2025-04-24,Cash on Delivery,Successful,1281.1
PAY06281,ORD06281,2025-11-19,Debit Card,Successful,301552.11
PAY06282,ORD06282,2025-09-17,Credit Card,Failed,12248.95
PAY06283,ORD06283,2025-06-10,credit card,Successful,4885.54
PAY06284,ORD06284,2025-05-25,Cash on Delivery,Successful,1404.75
PAY06285,ORD06285,2025-12-12,Net Banking,Successful,285211.24
PAY06286,ORD06286,2025-08-23,Credit Card,Successful,2425.42
PAY06287,ORD06287,2025-03-11,UPI,Successful,3902.13
PAY06288,ORD06288,2025-12-24,Cash on Delivery,Successful,152926.25
PAY06289,ORD06289,2025-07-17,Net Banking,Failed,5945.8
PAY06290,ORD06290,2025-06-23,Net Banking,Successful,77571.57
PAY06291,ORD06291,2025-01-03,Debit Card,Successful,6731.72
PAY06292,ORD06292,2025-12-15,Cash on Delivery,Successful,5712.59
PAY06293,ORD06293,2025-05-19,Cash on Delivery,Successful,22502.76
PAY06294,ORD06294,2025-05-10,UPI,Successful,2689.52
PAY06295,ORD06295,2025-01-02,Debit Card,Failed,5016.39
PAY06296,ORD06296,2025-01-15,Debit Card,Successful,5429.13
PAY06297,ORD06297,2025-11-01,Cash on Delivery,Refunded,29339.21
PAY06298,ORD06298,2025-03-27,Credit Card,Successful,67708.13
PAY06299,ORD06299,2025-07-26,Credit Card,Successful,1163.96
PAY06300,ORD06300,2025-11-06,Credit Card,Successful,27842.96
PAY06301,ORD06301,2025-06-16,Credit Card,Successful,917.89
PAY06302,ORD06302,2025-01-17,UPI,Successful,100562.48
PAY06303,ORD06303,2025-05-06,Credit Card,Successful,11579.14
PAY06304,ORD06304,2025-05-09,UPI,Successful,3292.79
PAY06305,ORD06305,2025-08-01,Credit Card,Successful,27269.27
PAY06306,ORD06306,2025-10-12,Net Banking,Successful,19655.27
PAY06307,ORD06307,2025-09-26,Debit Card,Successful,127674.5
PAY06308,ORD06308,2025-05-02,Net Banking,Successful,89644.65
PAY06309,ORD06309,2025-06-13,Debit Card,Successful,24613.93
PAY06310,ORD06310,2025-07-31,UPI,Successful,117467.3
PAY06311,ORD06311,2025-10-11,Credit Card,Successful,5525.34
PAY06312,ORD06312,2025-10-24,UPI,Successful,8818.15
PAY06313,ORD06313,2025-12-09,Debit Card,Successful,2576.99
PAY06314,ORD06314,2025-10-10,Net Banking,Successful,2899.09
PAY06315,ORD06315,2025-01-04,Debit Card,Refunded,47209.65
PAY06316,ORD06316,2025-01-01,Credit Card,Successful,5806.99
PAY06317,ORD06317,2025-04-10,Cash on Delivery,Successful,205835.38
PAY06318,ORD06318,2025-03-20,Net Banking,Successful,2878.05
PAY06319,ORD06319,2025-09-26,UPI,Refunded,12644.49
PAY06320,ORD06320,2025-11-19,Cash on Delivery,Successful,106886.69
PAY06321,ORD06321,2025-01-27,UPI,Successful,17362.42
PAY06322,ORD06322,2025-01-06,Credit Card,Successful,4578.45
PAY06323,ORD06323,2025-02-01,Net Banking,Successful,73457.66
PAY06324,ORD06324,2025-08-06,Credit Card,Successful,17002.73
PAY06325,ORD06325,2025-03-27,Cash on Delivery,Successful,2145.21
PAY06326,ORD06326,2025-08-28,UPI,Successful,3942.52
PAY06327,ORD06327,2025-03-27,Cash on Delivery,Successful,2658.53
PAY06328,ORD06328,2025-05-18,Credit Card,Successful,22997.23
PAY06329,ORD06329,2025-12-23,Net Banking,Successful,3111.56
PAY06330,ORD06330,2025-10-15,UPI,Successful,8277.7
PAY06331,ORD06331,2025-01-02,Debit Card,Pending,27501.29
PAY06332,ORD06332,2025-08-21,UPI,Refunded,4129.98
PAY06333,ORD06333,2025-11-14,UPI,Failed,38074.37
PAY06334,ORD06334,2025-12-22,Cash on Delivery,Successful,7039.39
PAY06335,ORD06335,2025-03-21,Credit Card,Failed,2682.69
PAY06336,ORD06336,2025-07-29,Debit Card,Successful,55243.27
PAY06337,ORD06337,2025-10-03,Debit Card,Pending,6455.68
PAY06338,ORD06338,2025-06-06,UPI,Successful,150752.13
PAY06339,ORD06339,2025-12-27,Cash on Delivery,Successful,5257.91
PAY06340,ORD06340,2025-10-14,UPI,Successful,2753.97
PAY06341,ORD06341,2025-09-07,UPI,Failed,5745.39
PAY06342,ORD06342,2025-11-12,Net Banking,successful,1857.55
PAY06343,ORD06343,2025-11-08,Net Banking,Successful,3288.01
PAY06344,ORD06344,2025-11-09,UPI,Successful,131731.13
PAY06345,ORD06345,2025-05-03,Cash on Delivery,Successful,108116.97
PAY06346,ORD06346,2025-09-26,Net Banking,Successful,57000.34
PAY06347,ORD06347,2025-08-22,Cash on Delivery,Successful,5782.67
PAY06348,ORD06348,2025-11-29,Credit Card,Successful,10121.74
PAY06349,ORD06349,2025-07-24,Net Banking,Failed,2757.35
PAY06350,ORD06350,2025-11-28,Net Banking,Successful,2003.63
PAY06351,ORD06351,2025-02-19,Debit Card,Successful,4614.83
PAY06352,ORD06352,2025-12-06,Cash on Delivery,Successful,35299.62
PAY06353,ORD06353,2025-06-29,Credit Card,Successful,65505.75
PAY06354,ORD06354,2025-09-07,Credit Card,Successful,20700.15
PAY06355,ORD06355,2025-01-10,Debit Card,Refunded,83915.27
PAY06356,ORD06356,2025-10-28,Cash on Delivery,Successful,29386.28
PAY06357,ORD06357,2025-05-20,Net Banking,Refunded,9986.87
PAY06358,ORD06358,2025-11-04,UPI,Failed,68067.05
PAY06359,ORD06359,2025-12-13,UPI,Successful,184586.1
PAY06360,ORD06360,2025-02-03,Net Banking,Successful,4686.26
PAY06361,ORD06361,2025-10-17,Credit Card,Successful,994.48
PAY06362,ORD06362,2025-11-30,Debit Card,Successful,10764.02
PAY06363,ORD06363,2025-08-26,Debit Card,Successful,4322.24
PAY06364,ORD06364,2025-11-11,Net Banking,Failed,11389.23
PAY06365,ORD06365,2025-05-21,UPI,Successful,70516.19
PAY06366,ORD06366,2025-10-05,UPI,Successful,19013.09
PAY06367,ORD06367,2025-10-15,Net Banking,Successful,755.18
PAY06368,ORD06368,2025-08-31,Debit Card,Successful,5442.9
PAY06369,ORD06369,2025-09-20,Net Banking,Successful,3164.58
PAY06370,ORD06370,2025-09-22,UPI,Successful,15857.11
PAY06371,ORD06371,2025-09-05,Credit Card,Successful,2904.93
PAY06372,ORD06372,2025-05-12,Net Banking,Successful,9163.66
PAY06373,ORD06373,2025-10-23,Cash on Delivery,Successful,4548.86
PAY06374,ORD06374,2025-04-05,Net Banking,Successful,10534.78
PAY06375,ORD06375,2025-07-23,Debit Card,Successful,7226.6
PAY06376,ORD06376,2025-01-12,UPI,Successful,115870.35
PAY06377,ORD06377,2025-01-11,Cash on Delivery,Successful,18723.61
PAY06378,ORD06378,2025-11-23,Debit Card,Failed,3663.35
PAY06379,ORD06379,2025-07-02,Credit Card ,Successful,4508.51
PAY06380,ORD06380,2025-02-11,Debit Card,Successful,11843.95
PAY06381,ORD06381,2025-05-27,Credit Card,Successful,12655.89
PAY06382,ORD06382,2025-08-17,UPI,Successful,2852.53
PAY06383,ORD06383,2025-12-03,Credit Card,Successful,18037.73
PAY06384,ORD06384,2025-06-19,UPI,Successful,1934.13
PAY06385,ORD06385,2025-11-22,Net Banking,Successful,19664.97
PAY06386,ORD06386,2025-01-13,Net Banking,Refunded,8822.89
PAY06387,ORD06387,2025-05-18,Cash on Delivery,Successful,2250.18
PAY06388,ORD06388,2025-01-07,Cash on Delivery,Successful,48804.78
PAY06389,ORD06389,2025-06-23,Net Banking,Failed,1006.44
PAY06390,ORD06390,2025-02-26,Credit Card,Successful,134130.44
PAY06391,ORD06391,2025-07-14,Debit Card,Successful,572.92
PAY06392,ORD06392,2025-12-27,Net Banking,Successful,122548.27
PAY06393,ORD06393,2025-11-14,Cash on Delivery,Failed,6229.82
PAY06394,ORD06394,2025-09-05,Cash on Delivery,Failed,2581.03
PAY06395,ORD06395,2025-01-03,UPI,Successful,54378.7
PAY06396,ORD06396,2025-03-01,Credit Card,Successful,4189.18
PAY06397,ORD06397,2025-07-21,UPI,Failed,1396.22
PAY06398,ORD06398,2025-03-13,Debit Card,Successful,4668.98
PAY06399,ORD06399,2025-08-06,Net Banking,Successful,86356.42
PAY06400,ORD06400,2025-08-31,UPI,Failed,53339.67
PAY06401,ORD06401,2025-03-23,Cash on Delivery,Successful,155743.46
PAY06402,ORD06402,2025-09-03,UPI,Successful,142218.86
PAY06403,ORD06403,2025-08-23,Credit Card,Successful,49797.87
PAY06404,ORD06404,2025-01-28,upi,Failed,145333.02
PAY06405,ORD06405,2025-04-19,Debit Card,Successful,24202.36
PAY06406,ORD06406,2025-03-09,Cash on Delivery,Failed,60280.8
PAY06407,ORD06407,2025-11-05,Credit Card,Successful,2908.08
PAY06408,ORD06408,2025-12-12,Net Banking,Successful,3998.34
PAY06409,ORD06409,2025-12-20,Debit Card,Successful,123731.29
PAY06410,ORD06410,2025-05-17,Credit Card,Failed,13840.22
PAY06411,ORD06411,2025-06-07,Debit Card,Successful,10374.52
PAY06412,ORD06412,2025-09-16,Credit Card,Successful,6373.19
PAY06413,ORD06413,2025-03-10,Net Banking,Successful,31449.07
PAY06414,ORD06414,2025-03-22,Cash on Delivery,Successful,2894.77
PAY06415,ORD06415,2025-06-11,Debit Card,Pending,3529.59
PAY06416,ORD06416,2025-09-02,Debit Card,Successful,49161.27
PAY06417,ORD06417,2025-05-08,UPI ,Successful,2078.25
PAY06418,ORD06418,2025-10-12,Net Banking,Pending,6510.82
PAY06419,ORD06419,2025-09-14,Debit Card,Successful,9526.03
PAY06420,ORD06420,2025-06-26,Cash on Delivery,Successful,13755.5
PAY06421,ORD06421,2025-07-02,Net Banking,Successful,69761.79
PAY06422,ORD06422,2025-06-19,Credit Card,Successful,22783.77
PAY06423,ORD06423,2025-10-13,Credit Card,Successful,20158.78
PAY06424,ORD06424,2025-10-04,Credit Card,Successful,1068.11
PAY06425,ORD06425,2025-08-07,Debit Card,Successful,10036.07
PAY06426,ORD06426,2025-05-17,UPI,Successful,65749.29
PAY06427,ORD06427,2025-09-26,Debit Card,Successful,1542.4
PAY06428,ORD06428,2025-06-08,Cash on Delivery,Successful,18537.76
PAY06429,ORD06429,2025-02-27,Credit Card,Successful,13439.52
PAY06430,ORD06430,2025-01-27,UPI,Successful,1850.48
PAY06431,ORD06431,2025-06-25,UPI,Successful,131754.24
PAY06432,ORD06432,2025-07-27,Credit Card,Failed,12247.28
PAY06433,ORD06433,2025-06-24,Net Banking,Successful,18799.88
PAY06434,ORD06434,2025-05-27,Debit Card,Successful,3729.87
PAY06435,ORD06435,2025-06-28,Net Banking,Successful,77136.17
PAY06436,ORD06436,2025-05-16,Cash on Delivery,Successful,5419.27
PAY06437,ORD06437,2025-05-27,Debit Card,Successful,13036.3
PAY06438,ORD06438,2025-01-04,UPI,Successful,39059.6
PAY06439,ORD06439,2025-12-19,Net Banking,Refunded,8829.22
PAY06440,ORD06440,2025-07-10,UPI,Successful,10188.09
PAY06441,ORD06441,2025-12-08,Credit Card,Successful,6223.77
PAY06442,ORD06442,2025-04-19,Net Banking,Successful,4696.42
PAY06443,ORD06443,2025-09-04,Debit Card,Successful,36424.96
PAY06444,ORD06444,2025-11-05,UPI,Successful,12062.83
PAY06445,ORD06445,2025-02-03,Net Banking,Successful,2329.03
PAY06446,ORD06446,2025-10-30,UPI,Successful,6192.89
PAY06447,ORD06447,2025-04-12,Credit Card,Successful,83240.97
PAY06448,ORD06448,2025-07-06,Cash on Delivery,Failed,16677.77
PAY06449,ORD06449,2025-06-16,Debit Card,Successful,3031.08
PAY06450,ORD06450,2025-03-25,Credit Card,Successful,14820.07
PAY06451,ORD06451,2025-09-26,Debit Card,Successful,9223.05
PAY06452,ORD06452,2025-05-07,Cash on Delivery,Failed,15483.13
PAY06453,ORD06453,2025-05-28,Debit Card,Successful,2708.65
PAY06454,ORD06454,2025-08-25,UPI,Refunded,14039.66
PAY06455,ORD06455,2025-02-11,Cash on Delivery,Successful,10604.49
PAY06456,ORD06456,2025-02-25,Cash on Delivery,Refunded,240077.39
PAY06457,ORD06457,2025-08-15,Cash on Delivery,Refunded,14217.12
PAY06458,ORD06458,2025-05-31,UPI,Successful,11748.38
PAY06459,ORD06459,2025-01-27,UPI,Successful,13730.59
PAY06460,ORD06460,2025-11-16,UPI,Successful,123921.84
PAY06461,ORD06461,2025-09-24,Cash on Delivery,Successful,19816.83
PAY06462,ORD06462,2025-03-21,Debit Card,Successful,8221.28
PAY06463,ORD06463,2025-05-13,UPI,Successful,76544.07
PAY06464,ORD06464,2025-10-21,Debit Card,Successful,9267.43
PAY06465,ORD06465,2025-08-29,UPI,Successful,3549.07
PAY06466,ORD06466,2025-04-16,Debit Card,Successful,4959.98
PAY06467,ORD06467,2025-09-03,UPI,Successful,3772.74
PAY06468,ORD06468,2025-10-01,UPI,Successful,3672.14
PAY06469,ORD06469,2025-09-16,Credit Card,Successful,10572.73
PAY06470,ORD06470,2025-07-20,Cash on Delivery,Successful,10199.64
PAY06471,ORD06471,2025-12-25,UPI,Successful,3191.32
PAY06472,ORD06472,2025-08-24,Credit Card,Successful,3783.97
PAY06473,ORD06473,2025-06-11,Credit Card,Successful,6002.04
PAY06474,ORD06474,2025-10-04,Credit Card,Successful,4665.96
PAY06475,ORD06475,2025-02-11,Debit Card,Successful,49038.06
PAY06476,ORD06476,2025-11-21,Net Banking,Successful,1891.51
PAY06477,ORD06477,2025-02-04,Credit Card,Failed,46840.27
PAY06478,ORD06478,2025-10-16,Net Banking,Refunded,9519.99
PAY06479,ORD06479,2025-11-24,UPI,Successful,8961.53
PAY06480,ORD06480,2025-04-10,Debit Card,Failed,4531.18
PAY06481,ORD06481,2025-03-10,Debit Card,Successful,8839.8
PAY06482,ORD06482,2025-07-09,Net Banking,Successful,44375.37
PAY06483,ORD06483,2025-06-03,Debit Card,Successful,5179.63
PAY06484,ORD06484,2025-11-18,Cash on Delivery,Successful,120031.12
PAY06485,ORD06485,2025-06-22,Credit Card,Successful,66014.94
PAY06486,ORD06486,2025-10-03,Debit Card,Pending,72938.67
PAY06487,ORD06487,2025-08-05,Cash on Delivery,Successful,3273.26
PAY06488,ORD06488,2025-07-11,Net Banking,Successful,4247.65
PAY06489,ORD06489,2025-11-24,Net Banking,Successful,144515.0
PAY06490,ORD06490,2025-09-22,Cash on Delivery,Successful,11305.83
PAY06491,ORD06491,2025-01-18,Debit Card,Successful,56063.21
PAY06492,ORD06492,2025-05-04,Net Banking,Successful,1539.01
PAY06493,ORD06493,2025-02-25,Net Banking,Successful,195279.97
PAY06494,ORD06494,2025-06-28,UPI,Successful,121075.16
PAY06495,ORD06495,2025-02-25,Cash on Delivery,Successful,12090.36
PAY06496,ORD06496,2025-05-14,Credit Card,Successful,25073.03
PAY06497,ORD06497,2025-03-30,Net Banking,Successful,121148.26
PAY06498,ORD06498,2025-07-09,Credit Card,Failed,2433.31
PAY06499,ORD06499,2025-01-29,Cash on Delivery,Pending,2131.97
PAY06500,ORD06500,2025-05-28,Net Banking,Successful,9589.39
PAY06501,ORD06501,2025-09-13,UPI,Successful,5022.26
PAY06502,ORD06502,2025-07-16,Cash on Delivery,Successful,11102.22
PAY06503,ORD06503,2025-05-19,Debit Card,Pending,19968.78
PAY06504,ORD06504,2025-06-20,Credit Card,Successful,2738.61
PAY06505,ORD06505,2025-11-02,UPI,Successful,8731.13
PAY06506,ORD06506,2025-07-30,Debit Card,Successful,152951.98
PAY06507,ORD06507,2025-09-11,Credit Card,Refunded,113278.14
PAY06508,ORD06508,2025-03-20,Credit Card,Successful,40882.91
PAY06509,ORD06509,2025-08-26,UPI,Successful,27248.52
PAY06510,ORD06510,2025-03-08,Credit Card,Successful,20594.82
PAY06511,ORD06511,2025-01-23,Credit Card,Successful,2060.4
PAY06512,ORD06512,2025-11-20,Net Banking,Successful,167750.64
PAY06513,ORD06513,2025-04-29,UPI,Successful,4823.47
PAY06514,ORD06514,2025-04-17,Credit Card,Successful,4185.65
PAY06515,ORD06515,2025-12-15,UPI,Successful,34220.26
PAY06516,ORD06516,2025-04-03,Net Banking,Failed,94746.23
PAY06517,ORD06517,2025-04-17,Credit Card,Successful,59990.3
PAY06518,ORD06518,2025-07-23,UPI,Successful,5750.39
PAY06519,ORD06519,2025-12-30,Net Banking,Successful,21945.84
PAY06520,ORD06520,2025-10-31,UPI,Successful,25644.55
PAY06521,ORD06521,2025-01-20,Net Banking,Successful,6593.78
PAY06522,ORD06522,2025-03-19,UPI,Successful,131688.25
PAY06523,ORD06523,2025-02-15,Debit Card,Successful,16170.37
PAY06524,ORD06524,2025-06-29,Debit Card,Successful,12921.17
PAY06525,ORD06525,2025-03-08,UPI,Failed,7184.73
PAY06526,ORD06526,2025-12-09,Credit Card,Successful,84042.96
PAY06527,ORD06527,2025-07-07,Credit Card,Successful,1575.86
PAY06528,ORD06528,2025-12-04,Cash on Delivery,Successful,214360.05
PAY06529,ORD06529,2025-07-06,Net Banking,Successful,5876.65
PAY06530,ORD06530,2025-01-27,Debit Card,Successful,5024.06
PAY06531,ORD06531,2025-05-06,UPI,Successful,222717.21
PAY06532,ORD06532,2025-12-02,UPI,Successful,21481.62
PAY06533,ORD06533,2025-03-28,Debit Card,Successful,100308.07
PAY06534,ORD06534,2025-06-13,UPI,Refunded,897.06
PAY06535,ORD06535,2025-05-02,Cash on Delivery,Successful,217281.93
PAY06536,ORD06536,2025-02-09,Net Banking,Successful,22316.74
PAY06537,ORD06537,10/11/2025,Net Banking,Successful,28231.54
PAY06538,ORD06538,2025-05-17,UPI,Successful,16062.41
PAY06539,ORD06539,2025-11-06,Cash on Delivery,Successful,1992.41
PAY06540,ORD06540,2025-07-06,Credit Card,Successful,4036.64
PAY06541,ORD06541,2025-04-11,Net Banking,Successful,4913.68
PAY06542,ORD06542,2025-09-17,Net Banking,Successful,7360.67
PAY06543,ORD06543,2025-07-11,Net Banking,Successful,9597.73
PAY06544,ORD06544,2025-12-07,Credit Card,Successful,43639.78
PAY06545,ORD06545,2025-06-21,Net Banking,Successful,27818.16
PAY06546,ORD06546,2025-07-25,Debit Card,Successful,10231.03
PAY06547,ORD06547,2025-07-09,Net Banking,Successful,35005.07
PAY06548,ORD06548,2025-02-02,UPI,Successful,16247.18
PAY06549,ORD06549,2025-10-12,Cash on Delivery,Successful,13574.97
PAY06550,ORD06550,2025-11-10,UPI,Successful,2286.44
PAY06551,ORD06551,2025-06-02,UPI,Successful,5696.79
PAY06552,ORD06552,2025-10-24,Cash on Delivery,Successful,307225.72
PAY06553,ORD06553,2025-01-23,Debit Card,Successful,188109.11
PAY06554,ORD06554,2025-09-08,UPI,Refunded,114448.62
PAY06555,ORD06555,2025-04-14,Debit Card,Successful,32753.65
PAY06556,ORD06556,2025-08-24,UPI,Successful,3837.03
PAY06557,ORD06557,2025-07-27,UPI,Successful,195643.18
PAY06558,ORD06558,2025-01-01,Debit Card,Successful,32309.74
PAY06559,ORD06559,2025-01-06,Debit Card,Successful,31181.93
PAY06560,ORD06560,2025-08-22,Cash on Delivery,Successful,347335.4
PAY06561,ORD06561,2025-02-22,UPI,Successful,1746.13
PAY06562,ORD06562,2025-01-08,Debit Card,Successful,2212.33
PAY06563,ORD06563,2025-12-14,UPI,Successful,66998.34
PAY06564,ORD06564,2025-06-15,Net Banking,Successful,7037.35
PAY06565,ORD06565,2025-11-10,Debit Card,Successful,10071.35
PAY06566,ORD06566,2025-11-27,Net Banking,Successful,11050.73
PAY06567,ORD06567,2025-10-01,UPI,Successful,5360.64
PAY06568,ORD06568,2025-09-12,Debit Card,Successful,1606.58
PAY06569,ORD06569,2025-03-25,Cash on Delivery,Successful,162021.03
PAY06570,ORD06570,2025-05-29,Credit Card,Successful,2400.65
PAY06571,ORD06571,2025-05-10,Credit Card,Successful,68160.04
PAY06572,ORD06572,2025-02-01,Credit Card,Successful,3665.08
PAY06573,ORD06573,2025-12-20,Credit Card,Successful,13619.26
PAY06574,ORD06574,2025-02-23,UPI,Successful,11331.23
PAY06575,ORD06575,2025-10-16,Credit Card,Successful,53918.26
PAY06576,ORD06576,2025-05-07,Cash on Delivery,Successful,232575.9
PAY06577,ORD06577,2025-06-24,Credit Card,Successful,52174.29
PAY06578,ORD06578,2025-12-10,Credit Card,Successful,13352.29
PAY06579,ORD06579,2025-03-17,Debit Card,Successful,29880.78
PAY06580,ORD06580,2025-10-08,Net Banking,Successful,9407.98
PAY06581,ORD06581,2025-03-10,Credit Card,Successful,11563.36
PAY06582,ORD06582,2025-03-22,Debit Card,Successful,4160.98
PAY06583,ORD06583,2025-12-14,Net Banking,Pending,34272.35
PAY06584,ORD06584,2025-05-19,UPI,Successful,4782.36
PAY06585,ORD06585,2025-11-22,Net Banking,Successful,29719.76
PAY06586,ORD06586,2025-06-02,Credit Card,Successful,2954.39
PAY06587,ORD06587,2025-05-14,Debit Card,Refunded,58053.48
PAY06588,ORD06588,2025-03-21,Net Banking,Successful,15974.49
PAY06589,ORD06589,2025-05-03,Credit Card,Successful,3418.32
PAY06590,ORD06590,2025-04-29,Net Banking,Failed,11453.88
PAY06591,ORD06591,2025-12-26,Debit Card,Successful,39223.7
PAY06592,ORD06592,2025-01-14,Cash on Delivery,Successful,24828.67
PAY06593,ORD06593,2025-03-08,Credit Card,Successful,7498.65
PAY06594,ORD06594,2025-11-06,Cash on Delivery,Successful,21932.45
PAY06595,ORD06595,2025-12-04,Net Banking,Failed,70120.66
PAY06596,ORD06596,2025-05-16,Net Banking,Failed,11872.7
PAY06597,ORD06597,2025-06-20,Debit Card,Successful,30118.89
PAY06598,ORD06598,2025-09-08,Cash on Delivery,Successful,7075.13
PAY06599,ORD06599,2025-04-30,Cash on Delivery,Successful,141010.24
PAY06600,ORD06600,2025-03-24,Cash on Delivery,Successful,4095.35
PAY06601,ORD06601,2025-07-14,Credit Card,Successful,2757.59
PAY06602,ORD06602,2025-07-30,Net Banking,Successful,39270.07
PAY06603,ORD06603,2025-05-24,Cash on Delivery,Refunded,41925.32
PAY06604,ORD06604,2025-05-21,Debit Card,Successful,189698.12
PAY06605,ORD06605,2025-07-12,Debit Card,Successful,152590.96
PAY06606,ORD06606,2025-10-03,Credit Card,Successful,1662.75
PAY06607,ORD06607,2025-08-21,UPI,Successful,9226.62
PAY06608,ORD06608,2025-07-05,UPI,Successful,3620.46
PAY06609,ORD06609,2025-02-05,UPI,Successful,2424.05
PAY06610,ORD06610,2025-10-10,UPI,Successful,2404.79
PAY06611,ORD06611,2025-11-25,Debit Card,Successful,29787.56
PAY06612,ORD06612,2025-11-02,Credit Card,Successful,28633.75
PAY06613,ORD06613,2025-05-06,Cash on Delivery,Successful,42293.17
PAY06614,ORD06614,2025-01-29,Credit Card,Successful,6112.01
PAY06615,ORD06615,2025-04-07,Credit Card,Successful,152743.22
PAY06616,ORD06616,2025-08-05,Debit Card,Successful,57545.24
PAY06617,ORD06617,2025-08-04,Cash on Delivery,Successful,25893.15
PAY06618,ORD06618,2025-04-12,Net Banking,Successful,16128.43
PAY06619,ORD06619,2025-10-28,Net Banking,Successful,69408.43
PAY06620,ORD06620,2025-06-14,UPI,Successful,39996.31
PAY06621,ORD06621,2025-10-20,Cash on Delivery,Successful,56116.56
PAY06622,ORD06622,2025-08-21,Cash on Delivery,Successful,2076.43
PAY06623,ORD06623,2025-04-04,UPI,Failed,10268.99
PAY06624,ORD06624,2025-04-10,Credit Card,Successful,269321.66
PAY06625,ORD06625,2025-02-02,Cash on Delivery,Successful,4294.3
PAY06626,ORD06626,2025-03-27,UPI,Successful,5312.36
PAY06627,ORD06627,2025-03-26,UPI,Successful,5058.21
PAY06628,ORD06628,2025-09-29,UPI,Successful,209443.71
PAY06629,ORD06629,2025-09-25,UPI,Refunded,143981.5
PAY06630,ORD06630,2025-04-11,Net Banking,failed,8635.9
PAY06631,ORD06631,2025-04-01,Debit Card,Refunded,131716.83
PAY06632,ORD06632,2025-04-22,UPI,Successful,14173.54
PAY06633,ORD06633,2025-01-15,Cash on Delivery,Successful,2457.77
PAY06634,ORD06634,2025-09-06,Credit Card,Failed,15047.76
PAY06635,ORD06635,2025-10-25,Debit Card,Refunded,2096.04
PAY06636,ORD06636,2025-01-22,Credit Card,Refunded,117284.58
PAY06637,ORD06637,2025-05-23,,Successful,15177.16
PAY06638,ORD06638,2025-03-29,Net Banking,Successful,6054.75
PAY06639,ORD06639,2025-03-24,Credit Card,Successful,10626.71
PAY06640,ORD06640,2025-03-21,Cash on Delivery,Successful,3466.05
PAY06641,ORD06641,2025-07-18,Credit Card,Successful,3032.97
PAY06642,ORD06642,2025-09-25,Net Banking,Failed,29942.9
PAY06643,ORD06643,2025-04-23,Net Banking,Successful,1050.88
PAY06644,ORD06644,2025-12-24,Cash on Delivery,Failed,67311.21
PAY06645,ORD06645,2025-01-18,Net Banking,Successful,16360.45
PAY06646,ORD06646,2025-03-22,Net Banking,Failed,4401.68
PAY06647,ORD06647,2025-04-11,Net Banking,Failed,15875.21
PAY06648,ORD06648,2025-05-23,Net Banking,Successful,19512.36
PAY06649,ORD06649,2025-04-11,Cash on Delivery,Successful,6077.35
PAY06650,ORD06650,2025-04-30,Credit Card,Successful,11603.04
PAY06651,ORD06651,2025-08-17,Credit Card,Successful,50014.73
PAY06652,ORD06652,2025-07-06,Cash on Delivery,Successful,36125.73
PAY06653,ORD06653,2025-11-09,Debit Card,Successful,2671.9
PAY06654,ORD06654,2025-05-05,Credit Card,Pending,2050.02
PAY06655,ORD06655,2025-10-24,Credit Card,Successful,57389.06
PAY06656,ORD06656,2025-06-24,Credit Card,Successful,7383.44
PAY06657,ORD06657,2025-07-05,credit card,Successful,672.37
PAY06658,ORD06658,2025-01-31,Credit Card,Successful,3107.45
PAY06659,ORD06659,2025-06-26,Debit Card,Successful,1931.99
PAY06660,ORD06660,2025-04-26,Debit Card,Successful,5470.03
PAY06661,ORD06661,2025-01-08,Credit Card,Successful,1149.76
PAY06662,ORD06662,2025-01-03,Net Banking,Successful,56287.74
PAY06663,ORD06663,2025-02-05,Credit Card,Successful,4512.15
PAY06664,ORD06664,2025-11-05,UPI,Successful,6650.13
PAY06665,ORD06665,2025-06-02,Debit Card,Successful,12373.75
PAY06666,ORD06666,2025-05-26,Cash on Delivery,Successful,4143.26
PAY06667,ORD06667,2025-03-28,UPI,Pending,59050.57
PAY06668,ORD06668,2025-05-18,Cash on Delivery,Successful,6564.25
PAY06669,ORD06669,2025-07-07,Debit Card,Failed,59104.43
PAY06670,ORD06670,2025-07-05,Cash on Delivery,Successful,94449.49
PAY06671,ORD06671,2025-11-23,Cash on Delivery,Pending,58477.36
PAY06672,ORD06672,2025-10-20,Debit Card,Successful,15166.41
PAY06673,ORD06673,2025-08-23,Debit Card,Failed,55410.75
PAY06674,ORD06674,2025-03-30,UPI,Successful,2242.18
PAY06675,ORD06675,2025-12-13,Net Banking,Failed,2771.1
PAY06676,ORD06676,2025-11-22,Credit Card,Failed,16731.71
PAY06677,ORD06677,2025-11-17,Cash on Delivery,Successful,142812.74
PAY06678,ORD06678,2025-12-08,Net Banking,Successful,58244.49
PAY06679,ORD06679,2025-07-01,Net Banking,Refunded,5355.68
PAY06680,ORD06680,2025-04-02,UPI,Failed,55258.62
PAY06681,ORD06681,2025-02-06,Credit Card,Successful,55511.36
PAY06682,ORD06682,2025-12-04,Debit Card,Successful,38043.19
PAY06683,ORD06683,2025-08-04,Credit Card,Failed,23239.91
PAY06684,ORD06684,2025-01-14,Net Banking,Failed,3887.19
PAY06685,ORD06685,2025-05-16,UPI,Successful,51807.78
PAY06686,ORD06686,2025-10-19,Net Banking,Successful,3960.07
PAY06687,ORD06687,2025-09-05,Credit Card,Successful,169828.63
PAY06688,ORD06688,2025-04-13,Cash on Delivery,Successful,6350.83
PAY06689,ORD06689,2025-03-29,Net Banking,Successful,1939.83
PAY06690,ORD06690,2025-04-12,Debit Card,Refunded,16959.83
PAY06691,ORD06691,2025-01-13,Credit Card,Successful,113201.99
PAY06692,ORD06692,2025-05-19,Debit Card,Refunded,1810.72
PAY06693,ORD06693,2025-03-13,UPI,Successful,5091.88
PAY06694,ORD06694,2025-06-01,UPI,Successful,16243.9
PAY06695,ORD06695,2025-01-31,Cash on Delivery,Refunded,17959.05
PAY06696,ORD06696,2025-09-02,UPI,Successful,4351.75
PAY06697,ORD06697,2025-03-18,Net Banking,Refunded,247853.42
PAY06698,ORD06698,2025-04-08,UPI,Successful,3056.42
PAY06699,ORD06699,2025-11-08,Net Banking,Successful,43865.11
PAY06700,ORD06700,2025-12-13,Credit Card,Successful,8934.59
PAY06701,ORD06701,2025-05-07,Debit Card,Failed,10683.27
PAY06702,ORD06702,2025-11-13,Net Banking,Refunded,10666.79
PAY06703,ORD06703,2025-05-04,UPI,Refunded,70229.35
PAY06704,ORD06704,2025-04-06,Cash on Delivery,Successful,3814.74
PAY06705,ORD06705,2025-03-25,Net Banking,Refunded,8587.17
PAY06706,ORD06706,2025-05-22,UPI,Successful,20632.43
PAY06707,ORD06707,2025-05-25,Net Banking,Successful,7497.11
PAY06708,ORD06708,2025-08-26,Cash on Delivery,Successful,206819.51
PAY06709,ORD06709,2025-08-13,UPI,Failed,29871.53
PAY06710,ORD06710,2025-05-29,Debit Card,Successful,31724.41
PAY06711,ORD06711,2025-09-17,Credit Card,Successful,2445.04
PAY06712,ORD06712,2025-01-19,Credit Card,Successful,10406.41
PAY06713,ORD06713,2025-08-24,Credit Card,Successful,25122.23
PAY06714,ORD06714,2025-01-21,UPI,Refunded,3650.46
PAY06715,ORD06715,2025-01-19,Debit Card,Successful,69509.08
PAY06716,ORD06716,2025-05-31,Credit Card,Successful,14097.79
PAY06717,ORD06717,2025-01-05,Debit Card,Successful,1632.98
PAY06718,ORD06718,2025-11-07,Credit Card,Successful,7461.94
PAY06719,ORD06719,2025-03-07,Net Banking,Successful,24763.24
PAY06720,ORD06720,2025-09-18,Credit Card,Successful,60164.65
PAY06721,ORD06721,2025-10-28,Debit Card,Failed,198327.27
PAY06722,ORD06722,2025-01-14,Credit Card,Successful,12757.34
PAY06723,ORD06723,27/10/2025,Debit Card,Successful,6121.3
PAY06724,ORD06724,2025-12-03,Net Banking,Successful,4200.25
PAY06725,ORD06725,2025-08-13,Credit Card,Successful,18711.97
PAY06726,ORD06726,2025-12-19,Debit Card,Successful,2172.27
PAY06727,ORD06727,2025-10-19,Debit Card,Successful,2393.15
PAY06728,ORD06728,2025-05-26,Cash on Delivery,Successful,3605.86
PAY06729,ORD06729,2025-04-17,Debit Card,Successful,4194.96
PAY06730,ORD06730,2025-05-29,Cash on Delivery,Successful,29159.23
PAY06731,ORD06731,2025-02-13,Credit Card,Successful,62445.95
PAY06732,ORD06732,2025-01-31,Cash on Delivery,Successful,66561.62
PAY06733,ORD06733,2025-12-10,UPI,Successful,13052.3
PAY06734,ORD06734,2025-02-08,Cash on Delivery,Successful,63896.82
PAY06735,ORD06735,2025-07-09,Credit Card,Successful,26518.81
PAY06736,ORD06736,2025-02-15,Credit Card,Successful,185709.42
PAY06737,ORD06737,2025-09-20,Cash on Delivery,Successful,15161.78
PAY06738,ORD06738,2025-06-12,Net Banking,Successful,83460.74
PAY06739,ORD06739,2025-08-01,Debit Card,Successful,4107.76
PAY06740,ORD06740,2025-08-16,Credit Card,Successful,19531.89
PAY06741,ORD06741,2025-05-17,Debit Card,Successful,4047.6
PAY06742,ORD06742,2025-09-25,Net Banking,Successful,4207.97
PAY06743,ORD06743,2025-02-06,UPI,Successful,34235.85
PAY06744,ORD06744,2025-01-11,UPI,successful,102442.45
PAY06745,ORD06745,2025-03-03,Credit Card,Successful,4632.99
PAY06746,ORD06746,2025-08-23,Cash on Delivery,Successful,12265.98
PAY06747,ORD06747,2025-12-17,Net Banking,Successful,14399.03
PAY06748,ORD06748,2025-06-25,UPI,Successful,1873.83
PAY06749,ORD06749,2025-10-04,UPI,Successful,5016.52
PAY06750,ORD06750,2025-02-23,Credit Card,Successful,534.13
PAY06751,ORD06751,2025-03-02,Cash on Delivery,Successful,11210.09
PAY06752,ORD06752,2025-03-31,UPI,Refunded,1335.66
PAY06753,ORD06753,2025-02-19,UPI,Successful,5952.36
PAY06754,ORD06754,2025-07-09,Debit Card,Successful,3742.18
PAY06755,ORD06755,2025-05-15,UPI,Successful,46746.69
PAY06756,ORD06756,2025-07-21,Credit Card,Successful,71634.18
PAY06757,ORD06757,2025-06-16,UPI,Successful,13122.35
PAY06758,ORD06758,2025-12-24,Credit Card,Successful,2509.13
PAY06759,ORD06759,2025-06-12,Debit Card,Successful,5026.85
PAY06760,ORD06760,2025-03-04,UPI,Refunded,1967.19
PAY06761,ORD06761,2025-09-12,UPI,Successful,2564.8
PAY06762,ORD06762,2025-02-08,Credit Card,Successful,135951.04
PAY06763,ORD06763,2025-01-04,Net Banking,Successful,13977.5
PAY06764,ORD06764,2025-06-14,Credit Card,Refunded,52686.08
PAY06765,ORD06765,2025-10-07,Net Banking,Failed,3496.04
PAY06766,ORD06766,2025-06-14,Cash on Delivery,Refunded,24630.26
PAY06767,ORD06767,2025-06-03,UPI,Successful,56682.97
PAY06768,ORD06768,2025-09-22,UPI,Successful,5977.69
PAY06769,ORD06769,2025-11-09,Credit Card,Successful,14650.44
PAY06770,ORD06770,2025-03-07,Debit Card,Successful,61951.74
PAY06771,ORD06771,2025-05-01,UPI,Successful,1247.44
PAY06772,ORD06772,2025-02-20,Debit Card,Failed,7857.0
PAY06773,ORD06773,2025-10-26,Net Banking,Refunded,2968.71
PAY06774,ORD06774,2025-05-02,Credit Card,Successful,6982.75
PAY06775,ORD06775,2025-02-20,Credit Card,Pending,2210.96
PAY06776,ORD06776,2025-01-31,Cash on Delivery,Successful,3021.83
PAY06777,ORD06777,2025-11-09,Credit Card,Failed,8338.18
PAY06778,ORD06778,2025-02-28,Cash on Delivery,Successful,26702.66
PAY06779,ORD06779,2025-12-29,Net Banking,Successful,226917.44
PAY06780,ORD06780,2025-03-11,Net Banking,Failed,83435.04
PAY06781,ORD06781,2025-09-22,UPI,Successful,107584.14
PAY06782,ORD06782,2025-06-06,UPI,Refunded,11261.5
PAY06783,ORD06783,2025-06-21,Debit Card,Refunded,3782.15
PAY06784,ORD06784,2025-05-12,Debit Card,Successful,2793.17
PAY06785,ORD06785,2025-07-02,Net Banking,Successful,2096.62
PAY06786,ORD06786,2025-06-02,UPI,Refunded,6405.92
PAY06787,ORD06787,2025-01-23,Cash on Delivery,Successful,5783.85
PAY06788,ORD06788,2025-08-07,UPI,Successful,6742.83
PAY06789,ORD06789,2025-09-03,Credit Card,Successful,3820.97
PAY06790,ORD06790,2025-12-30,UPI,Successful,14021.68
PAY06791,ORD06791,2025-07-21,Debit Card,Successful,70058.15
PAY06792,ORD06792,2025-10-08,Credit Card,Successful,6826.08
PAY06793,ORD06793,2025-01-20,Credit Card,Successful,21110.76
PAY06794,ORD06794,2025-03-29,Debit Card,Successful,8978.87
PAY06795,ORD06795,2025-12-24,Debit Card,Successful,76658.13
PAY06796,ORD06796,2025-05-19,Cash on Delivery,Successful,9390.84
PAY06797,ORD06797,2025-08-07,Cash on Delivery,Successful,69391.91
PAY06798,ORD06798,2025-09-12,UPI,Successful,62850.58
PAY06799,ORD06799,2025-04-30,Debit Card,Failed,102256.72
PAY06800,ORD06800,2025-08-22,UPI,Successful,11018.86
PAY06801,ORD06801,2025-02-04,UPI,Successful,34426.87
PAY06802,ORD06802,2025-01-02,Debit Card,Successful,52870.42
PAY06803,ORD06803,2025-05-09,Credit Card,Successful,891.78
PAY06804,ORD06804,2025-11-09,Net Banking,Successful,3556.65
PAY06805,ORD06805,2025-02-12,Debit Card,Refunded,15655.47
PAY06806,ORD06806,2025-04-08,Debit Card,Pending,74349.61
PAY06807,ORD06807,2025-07-01,Cash on Delivery,Successful,45938.79
PAY06808,ORD06808,2025-04-02,UPI,Successful,2428.8
PAY06809,ORD06809,2025-04-03,Debit Card,Failed,29793.42
PAY06810,ORD06810,2025-08-10,UPI,Successful,2323.7
PAY06811,ORD06811,2025-12-30,Debit Card,Successful,15123.06
PAY06812,ORD06812,2025-01-09,Credit Card,Successful,2588.28
PAY06813,ORD06813,2025-03-19,Cash on Delivery,Successful,75351.49
PAY06814,ORD06814,2025-03-01,Debit Card,Failed,23174.37
PAY06815,ORD06815,2025-07-15,Credit Card,Failed,52253.73
PAY06816,ORD06816,2025-01-30,Debit Card,Failed,2258.68
PAY06817,ORD06817,2025-08-03,UPI ,Successful,34317.89
PAY06818,ORD06818,2025-02-26,Cash on Delivery,Successful,15534.84
PAY06819,ORD06819,2025-10-11,Credit Card,Successful,17538.95
PAY06820,ORD06820,2025-12-11,Cash on Delivery,Successful,14085.32
PAY06821,ORD06821,2025-10-18,Debit Card,Successful,3451.88
PAY06822,ORD06822,2025-07-20,Net Banking,Successful,5481.74
PAY06823,ORD06823,2025-07-30,Debit Card,Successful,20829.89
PAY06824,ORD06824,2025-08-02,Credit Card,Successful,79603.76
PAY06825,ORD06825,2025-04-22,Net Banking,Successful,12681.92
PAY06826,ORD06826,2025-11-28,UPI,Successful,5954.78
PAY06827,ORD06827,2025-07-20,Debit Card,Successful,6500.58
PAY06828,ORD06828,2025-11-26,Credit Card,Successful,77201.43
PAY06829,ORD06829,2025-01-05,,Refunded,156471.23
PAY06830,ORD06830,2025-07-01,Net Banking,Successful,17507.13
PAY06831,ORD06831,2025-11-27,Cash on Delivery,Successful,52006.17
PAY06832,ORD06832,2025-06-23,Credit Card,Successful,62583.96
PAY06833,ORD06833,2025-01-28,Debit Card,Refunded,29335.21
PAY06834,ORD06834,2025-01-23,Debit Card,Successful,5508.97
PAY06835,ORD06835,2025-07-04,Credit Card,Successful,11765.01
PAY06836,ORD06836,2025-09-16,UPI,Successful,13164.9
PAY06837,ORD06837,2025-07-09,Debit Card,Successful,7778.32
PAY06838,ORD06838,2025-06-09,Credit Card,Successful,15762.54
PAY06839,ORD06839,2025-10-21,Net Banking,Pending,3332.56
PAY06840,ORD06840,2025-02-04,Credit Card,Successful,2548.93
PAY06841,ORD06841,2025-04-19,Debit Card,Successful,62056.35
PAY06842,ORD06842,2025-07-20,Credit Card,Successful,8165.34
PAY06843,ORD06843,2025-01-07,Net Banking,Refunded,2603.01
PAY06844,ORD06844,2025-11-02,UPI,Successful,5791.86
PAY06845,ORD06845,2025-11-09,Net Banking,Successful,162951.4
PAY06846,ORD06846,2025-07-24,Credit Card,Successful,6843.91
PAY06847,ORD06847,2025-03-02,UPI,Pending,160799.83
PAY06848,ORD06848,2025-02-26,UPI,Refunded,120127.68
PAY06849,ORD06849,2025-11-09,Cash on Delivery,Successful,7041.46
PAY06850,ORD06850,2025-07-31,UPI,Successful,3443.45
PAY06851,ORD06851,2025-05-15,Net Banking,Successful,6316.63
PAY06852,ORD06852,2025-05-02,UPI,Successful,8961.55
PAY06853,ORD06853,2025-08-19,Credit Card,Successful,2003.7
PAY06854,ORD06854,2025-10-16,Credit Card,Refunded,48749.2
PAY06855,ORD06855,2025-03-02,Credit Card,Successful,2310.5
PAY06856,ORD06856,2025-08-11,Debit Card, Successful ,13798.1
PAY06857,ORD06857,2025-07-10,Credit Card,Successful,770.51
PAY06858,ORD06858,2025-05-23,Net Banking,Successful,7038.7
PAY06859,ORD06859,2025-06-23,UPI,Failed,52082.03
PAY06860,ORD06860,2025-02-23,UPI,Successful,135290.05
PAY06861,ORD06861,2025-07-01,Debit Card,Failed,2943.2
PAY06862,ORD06862,2025-04-01,Credit Card,Successful,123651.41
PAY06863,ORD06863,2025-01-27,Credit Card,Refunded,5234.53
PAY06864,ORD06864,2025-05-07,UPI,Successful,170205.9
PAY06865,ORD06865,2025-01-19,Credit Card,Successful,37159.99
PAY06866,ORD06866,2025-01-31,UPI,Successful,33017.55
PAY06867,ORD06867,2025-09-11,UPI,Successful,40394.9
PAY06868,ORD06868,2025-08-08,Credit Card,Successful,4996.53
PAY06869,ORD06869,2025-07-22,Net Banking,Successful,9255.24
PAY06870,ORD06870,2025-04-15,Cash on Delivery,Pending,2610.64
PAY06871,ORD06871,2025-02-08,Credit Card,Successful,27095.14
PAY06872,ORD06872,2025-05-13,Credit Card,Failed,3067.63
PAY06873,ORD06873,2025-05-26,Debit Card,Successful,62673.2
PAY06874,ORD06874,2025-03-11,Net Banking,Successful,9920.14
PAY06875,ORD06875,2025-09-23,Credit Card,Successful,2731.09
PAY06876,ORD06876,2025-01-30,Debit Card,Successful,12005.78
PAY06877,ORD06877,2025-01-23,Debit Card,Successful,1818.07
PAY06878,ORD06878,2025-04-17,Cash on Delivery,Successful,1842.81
PAY06879,ORD06879,2025-02-15,UPI,Successful,5345.47
PAY06880,ORD06880,2025-01-02,Debit Card,Successful,10582.52
PAY06881,ORD06881,2025-01-03,Cash on Delivery,Successful,16077.09
PAY06882,ORD06882,2025-05-03,UPI,Successful,8557.87
PAY06883,ORD06883,2025-07-27,Credit Card,SUCCESSFUL,2603.54
PAY06884,ORD06884,2025-12-17,Credit Card,Successful,1683.16
PAY06885,ORD06885,2025-10-23,Cash on Delivery,Successful,7066.85
PAY06886,ORD06886,2025-09-08,Cash on Delivery,Refunded,63223.92
PAY06887,ORD06887,2025-10-01,Cash on Delivery,Successful,4213.59
PAY06888,ORD06888,2025-07-25,Net Banking,Successful,95946.53
PAY06889,ORD06889,2025-10-16,Debit Card,Successful,13323.97
PAY06890,ORD06890,2025-07-22,Cash on Delivery,Successful,5130.98
PAY06891,ORD06891,2025-05-17,UPI,Successful,793.06
PAY06892,ORD06892,2025-05-24,Credit Card,Successful,14475.59
PAY06893,ORD06893,2025-05-28,Cash on Delivery,Pending,14321.17
PAY06894,ORD06894,2025-02-08,Cash on Delivery,Successful,114294.06
PAY06895,ORD06895,2025-03-06,Debit Card,Failed,13475.56
PAY06896,ORD06896,2025-08-27,Cash on Delivery,Failed,9892.55
PAY06897,ORD06897,2025-03-09,Debit Card,Successful,18914.39
PAY06898,ORD06898,2025-01-10,Net Banking,Successful,1977.27
PAY06899,ORD06899,2025-11-28,Cash on Delivery,Successful,3336.09
PAY06900,ORD06900,2025-07-15,Cash on Delivery,Successful,14292.3
PAY06901,ORD06901,2025-09-25,UPI ,Failed,8274.39
PAY06902,ORD06902,2025-07-31,Debit Card,Successful,3457.64
PAY06903,ORD06903,2025-10-27,Net Banking,Successful,3538.23
PAY06904,ORD06904,2025-12-29,Cash on Delivery,refunded,5637.53
PAY06905,ORD06905,2025-06-12,Credit Card,Successful,9396.5
PAY06906,ORD06906,2025-09-17,Credit Card,Successful,2042.74
PAY06907,ORD06907,2025-11-16,UPI,Successful,228410.45
PAY06908,ORD06908,2025-04-09,Debit Card,Failed,21063.31
PAY06909,ORD06909,2025-08-19,UPI,Successful,8557.58
PAY06910,ORD06910,2025-04-08,UPI,Successful,6115.78
PAY06911,ORD06911,2025-09-30,Debit Card,Successful,64501.47
PAY06912,ORD06912,2025-04-30,Debit Card,Successful,38137.89
PAY06913,ORD06913,2025-10-12,UPI,Successful,2960.98
PAY06914,ORD06914,2025-02-13,Net Banking,Successful,8746.84
PAY06915,ORD06915,2025-06-05,UPI,Successful,55734.96
PAY06916,ORD06916,2025-04-25,UPI,Failed,3287.06
PAY06917,ORD06917,2025-04-29,Cash on Delivery,Successful,6637.91
PAY06918,ORD06918,2025-11-14,Net Banking,Successful,205197.81
PAY06919,ORD06919,2025-06-18,Debit Card,Successful,10481.81
PAY06920,ORD06920,2025-04-25,Debit Card,Successful,212543.12
PAY06921,ORD06921,2025-11-05,Cash on Delivery,Successful,5548.7
PAY06922,ORD06922,2025-07-20,Cash on Delivery,Successful,5144.68
PAY06923,ORD06923,2025-02-23,Net Banking,Successful,5756.88
PAY06924,ORD06924,2025-12-01,UPI,Successful,41042.47
PAY06925,ORD06925,2025-12-30,UPI,Successful,68311.06
PAY06926,ORD06926,2025-01-07,Debit Card,Successful,3926.73
PAY06927,ORD06927,2025-10-31,UPI,Successful,63647.38
PAY06928,ORD06928,2025-10-03,Credit Card,Successful,71633.28
PAY06929,ORD06929,2025-04-14,Net Banking,Successful,24198.92
PAY06930,ORD06930,2025-12-04,Net Banking,Successful,956.34
PAY06931,ORD06931,2025-02-05,Credit Card,Successful,1152.56
PAY06932,ORD06932,2025-08-07,Debit Card,Successful,22821.74
PAY06933,ORD06933,2025-01-03,Cash on Delivery,Successful,69514.37
PAY06934,ORD06934,2025-07-29,UPI,Successful,8526.43
PAY06935,ORD06935,2025-01-11,Net Banking,Successful,52624.12
PAY06936,ORD06936,2025-06-12,UPI ,Successful,69999.13
PAY06937,ORD06937,2025-09-15,UPI,Failed,3011.4
PAY06938,ORD06938,2025-12-28,Debit Card,Successful,2877.07
PAY06939,ORD06939,2025-07-09,Net Banking,Successful,6143.23
PAY06940,ORD06940,2025-10-10,Net Banking,Successful,16190.53
PAY06941,ORD06941,2025-04-22,Credit Card,Successful,54080.75
PAY06942,ORD06942,2025-05-09,UPI,Refunded,4508.68
PAY06943,ORD06943,2025-11-18,UPI,Failed,29468.42
PAY06944,ORD06944,2025-05-31,Debit Card,Successful,1988.64
PAY06945,ORD06945,2025-01-10,Net Banking,Failed,92615.68
PAY06946,ORD06946,2025-10-22,Net Banking,Successful,12504.99
PAY06947,ORD06947,2025-04-10,UPI,Successful,2052.97
PAY06948,ORD06948,2025-05-10,Credit Card,Successful,1256.51
PAY06949,ORD06949,2025-11-05,UPI,Successful,16834.87
PAY06950,ORD06950,2025-09-25,Cash on Delivery,Successful,2118.32
PAY06951,ORD06951,2025-05-31,Credit Card,Successful,18958.85
PAY06952,ORD06952,2025-07-20,Credit Card,Successful,17265.31
PAY06953,ORD06953,2025-11-06,Cash on Delivery,Refunded,28558.58
PAY06954,ORD06954,2025-06-19,Debit Card,failed,14513.99
PAY06955,ORD06955,2025-12-18,Debit Card,Successful,281373.19
PAY06956,ORD06956,2025-02-09,Net Banking,Successful,606.28
PAY06957,ORD06957,2025-01-12,Debit Card,Successful,23276.89
PAY06958,ORD06958,2025-08-27,Net Banking,Successful,59022.61
PAY06959,ORD06959,2025-11-13,UPI,Successful,51714.55
PAY06960,ORD06960,2025-12-28,Debit Card,Successful,234952.54
PAY06961,ORD06961,2025-09-22,Debit Card,Successful,244926.34
PAY06962,ORD06962,2025-02-08,Debit Card,Successful,1518.83
PAY06963,ORD06963,2025-09-21,Credit Card,Refunded,10988.22
PAY06964,ORD06964,2025-05-03,Net Banking,Successful,42539.39
PAY06965,ORD06965,2025-02-06,UPI,Successful,48143.04
PAY06966,ORD06966,2025-09-28,Cash on Delivery,Successful,4956.93
PAY06967,ORD06967,2025-11-27,UPI,Pending,49900.13
PAY06968,ORD06968,2025-06-27,Credit Card,Successful,6401.75
PAY06969,ORD06969,2025-09-18,Cash on Delivery,Successful,6781.0
PAY06970,ORD06970,2025-09-12,UPI,Successful,22924.57
PAY06971,ORD06971,2025-02-25,Cash on Delivery,Successful,1175.36
PAY06972,ORD06972,2025-12-29,Net Banking,Successful,11677.91
PAY06973,ORD06973,2025-06-29,Credit Card,Successful,8705.88
PAY06974,ORD06974,2025-06-07,Credit Card,Successful,1871.58
PAY06975,ORD06975,2025-03-10,Cash on Delivery,Successful,2490.2
PAY06976,ORD06976,2025-11-01,Net Banking,Successful,1817.4
PAY06977,ORD06977,2025-11-29,Debit Card,Refunded,2737.15
PAY06978,ORD06978,2025-08-15,UPI,Successful,28841.11
PAY06979,ORD06979,2025-08-17,Credit Card,Successful,13982.69
PAY06980,ORD06980,2025-06-21,Debit Card,Successful,4614.79
PAY06981,ORD06981,2025-06-14,Cash on Delivery,Successful,3721.56
PAY06982,ORD06982,2025-09-05,Debit Card,Successful,4050.54
PAY06983,ORD06983,2025-01-31,UPI,Failed,36537.41
PAY06984,ORD06984,2025-07-20,Cash on Delivery,Successful,62261.05
PAY06985,ORD06985,2025-04-22,UPI,Successful,123993.69
PAY06986,ORD06986,2025-05-18,Debit Card,Successful,20723.33
PAY06987,ORD06987,2025-08-30,Cash on Delivery,Successful,13029.75
PAY06988,ORD06988,02/07/2025,UPI,Pending,11057.56
PAY06989,ORD06989,2025-08-11,UPI,Refunded,16943.26
PAY06990,ORD06990,2025-03-18,Credit Card,Successful,1424.12
PAY06991,ORD06991,2025-08-12,Credit Card,Successful,89662.82
PAY06992,ORD06992,2025-11-25,Cash on Delivery,Successful,3825.28
PAY06993,ORD06993,2025-12-20,cash on delivery,Successful,16740.87
PAY06994,ORD06994,2025-12-01,Cash on Delivery,Successful,2253.38
PAY06995,ORD06995,2025-06-04,Credit Card,Successful,2510.85
PAY06996,ORD06996,2025-02-08,Credit Card,Successful,3509.46
PAY06997,ORD06997,2025-03-24,Cash on Delivery,Refunded,14784.81
PAY06998,ORD06998,2025-12-15,Net Banking,Successful,138511.59
PAY06999,ORD06999,2025-08-31,Credit Card,Successful,61410.5
PAY07000,ORD07000,2025-07-18,Cash on Delivery,Successful,26250.09
PAY07001,ORD07001,2025-07-20,Debit Card,Successful,8172.05
PAY07002,ORD07002,2025-09-10,Cash on Delivery,Failed,148918.82
PAY07003,ORD07003,2025-02-14,Debit Card,Successful,13830.54
PAY07004,ORD07004,2025-06-06,Net Banking,Successful,12858.56
PAY07005,ORD07005,01-02-2025,Credit Card,Refunded,10936.04
PAY07006,ORD07006,2025-03-21,Credit Card,Successful,13015.36
PAY07007,ORD07007,13/12/2025,UPI,Successful,25489.8
PAY07008,ORD07008,2025-12-13,Net Banking,Successful,4204.53
PAY07009,ORD07009,2025-12-02,Debit Card,Successful,4083.62
PAY07010,ORD07010,2025-08-17,Credit Card,Successful,2899.86
PAY07011,ORD07011,2025-11-17,Net Banking,Successful,203864.31
PAY07012,ORD07012,2025-09-02,UPI,Successful,185824.0
PAY07013,ORD07013,2025-06-18,UPI,Successful,32063.61
PAY07014,ORD07014,2025-03-10,Net Banking,Successful,1744.01
PAY07015,ORD07015,2025-08-30,UPI,Pending,15020.76
PAY07016,ORD07016,2025-05-25,Credit Card,Successful,78882.96
PAY07017,ORD07017,2025-04-09,Net Banking,Successful,21535.89
PAY07018,ORD07018,2025-12-04,Net Banking,Successful,24341.16
PAY07019,ORD07019,2025-09-30,Net Banking,Failed,4458.07
PAY07020,ORD07020,2025-08-03,Cash on Delivery,Successful,7385.7
PAY07021,ORD07021,2025-06-25,UPI,Successful,4910.44
PAY07022,ORD07022,2025-04-25,Cash on Delivery,Failed,4127.11
PAY07023,ORD07023,2025-09-03,UPI,Successful,132951.53
PAY07024,ORD07024,2025-04-02,UPI,Successful,5882.47
PAY07025,ORD07025,2025-05-09,Credit Card,Successful,5901.75
PAY07026,ORD07026,2025-01-08,Credit Card,Successful,51675.42
PAY07027,ORD07027,2025-10-27,Debit Card,Successful,74836.67
PAY07028,ORD07028,2025-10-21,Credit Card,Successful,7320.25
PAY07029,ORD07029,2025-08-18,UPI,Successful,14449.94
PAY07030,ORD07030,2025-06-18,UPI,Successful,10818.18
PAY07031,ORD07031,2025-12-03,Net Banking,Successful,2195.96
PAY07032,ORD07032,2025-04-03,Debit Card,Failed,6186.68
PAY07033,ORD07033,2025-10-24,Net Banking,Successful,983.74
PAY07034,ORD07034,2025-01-18,Net Banking,Successful,47854.58
PAY07035,ORD07035,2025-05-14,Cash on Delivery,Successful,5252.15
PAY07036,ORD07036,2025-07-03,Debit Card,Successful,2863.25
PAY07037,ORD07037,2025-11-09,Cash on Delivery,Failed,25671.25
PAY07038,ORD07038,2025-02-04,UPI,Successful,4541.37
PAY07039,ORD07039,2025-07-17,Debit Card,Pending,3433.06
PAY07040,ORD07040,2025-03-26,Net Banking,Successful,7522.52
PAY07041,ORD07041,2025-05-20,Credit Card,Successful,2711.79
PAY07042,ORD07042,2025-10-04,Debit Card,Successful,54832.65
PAY07043,ORD07043,2025-09-23,Net Banking,Successful,1032.09
PAY07044,ORD07044,2025-06-30,UPI ,Pending,95257.21
PAY07045,ORD07045,2025-04-30,Debit Card,Successful,13080.99
PAY07046,ORD07046,2025-04-26,Net Banking,Successful,4504.8
PAY07047,ORD07047,2025-10-26,Cash on Delivery,Successful,69259.87
PAY07048,ORD07048,2025-05-03,Cash on Delivery,Successful,2800.64
PAY07049,ORD07049,2025-06-09,Net Banking,Successful,7460.76
PAY07050,ORD07050,2025-05-24,Cash on Delivery,Successful,13328.68
PAY07051,ORD07051,2025-11-12,Credit Card,Pending,16504.34
PAY07052,ORD07052,2025-10-02,Net Banking,Pending,69160.41
PAY07053,ORD07053,2025-06-04,Debit Card,Refunded,15569.98
PAY07054,ORD07054,2025-09-21,Debit Card,Successful,16375.07
PAY07055,ORD07055,2025-12-26,Credit Card,Refunded,11191.54
PAY07056,ORD07056,2025-11-22,UPI,Successful,6562.51
PAY07057,ORD07057,2025-10-04,Net Banking,Refunded,26859.73
PAY07058,ORD07058,2025-07-25,UPI,Successful,5864.02
PAY07059,ORD07059,2025-12-03,Net Banking,Successful,9557.85
PAY07060,ORD07060,2025-03-26,UPI,Successful,3894.77
PAY07061,ORD07061,2025-08-27,Net Banking,Successful,3088.41
PAY07062,ORD07062,2025-06-29,Cash on Delivery,Successful,22079.88
PAY07063,ORD07063,2025-08-22,UPI,Successful,60151.4
PAY07064,ORD07064,2025-10-02,Debit Card,Successful,57859.12
PAY07065,ORD07065,2025-07-28,UPI,Successful,49465.94
PAY07066,ORD07066,2025-03-22,Net Banking,Successful,24038.09
PAY07067,ORD07067,2025-04-19,UPI,Successful,10393.14
PAY07068,ORD07068,2025-02-13,UPI,Successful,65348.22
PAY07069,ORD07069,2025-09-11,Cash on Delivery,Successful,4295.97
PAY07070,ORD07070,2025-05-30,Debit Card,Successful,974.01
PAY07071,ORD07071,2025-02-08,UPI,Successful,10058.67
PAY07072,ORD07072,2025-07-23,UPI,Successful,9698.21
PAY07073,ORD07073,2025-03-03,Debit Card,Successful,9476.1
PAY07074,ORD07074,2025-06-09,UPI,Successful,2001.0
PAY07075,ORD07075,2025-11-13,Debit Card,Refunded,54739.14
PAY07076,ORD07076,2025-09-25,UPI,Refunded,8581.89
PAY07077,ORD07077,2025-11-26,Net Banking,Refunded,13429.3
PAY07078,ORD07078,2025-09-03,Debit Card,Successful,4593.44
PAY07079,ORD07079,2025-02-08,Debit Card,Successful,15732.81
PAY07080,ORD07080,2025-04-03,Cash on Delivery,Successful,73665.94
PAY07081,ORD07081,2025-10-19,Cash on Delivery,Successful,3721.87
PAY07082,ORD07082,2025-03-06,Cash on Delivery,Successful,3731.76
PAY07083,ORD07083,2025-07-27,UPI,Failed,2541.93
PAY07084,ORD07084,2025-08-05,Net Banking,Successful,5979.42
PAY07085,ORD07085,2025-12-18,Debit Card,Successful,15935.63
PAY07086,ORD07086,2025-07-20,UPI,Successful,1632.48
PAY07087,ORD07087,2025-11-23,Cash on Delivery,Successful,2866.9
PAY07088,ORD07088,2025-12-07,UPI,Successful,8889.6
PAY07089,ORD07089,2025-08-24,Net Banking,Successful,130939.96
PAY07090,ORD07090,2025-06-20,Net Banking,Successful,1810.36
PAY07091,ORD07091,2025-07-09,Debit Card,Failed,3013.73
PAY07092,ORD07092,2025-04-09,Debit Card,Successful,16188.91
PAY07093,ORD07093,2025-11-02,Credit Card,Successful,8188.9
PAY07094,ORD07094,2025-01-14,Net Banking,Successful,7692.53
PAY07095,ORD07095,2025-05-30,Net Banking,Successful,8007.92
PAY07096,ORD07096,2025-04-25,Net Banking,Successful,11746.17
PAY07097,ORD07097,2025-05-03,UPI,Successful,46354.58
PAY07098,ORD07098,2025-05-18,Cash on Delivery,Successful,3833.28
PAY07099,ORD07099,2025-09-02,Cash on Delivery,Pending,25468.96
PAY07100,ORD07100,2025-02-03,Credit Card,Successful,7308.58
PAY07101,ORD07101,2025-09-23,Net Banking,Failed,189984.58
PAY07102,ORD07102,2025-02-03,Credit Card,Successful,2734.9
PAY07103,ORD07103,2025-10-17,Net Banking,Successful,2487.14
PAY07104,ORD07104,2025-08-16,Net Banking,Successful,2226.88
PAY07105,ORD07105,2025-01-01,Credit Card,Successful,772.65
PAY07106,ORD07106,2025-08-11,Debit Card,Successful,2856.13
PAY07107,ORD07107,2025-12-01,Credit Card,Successful,5981.99
PAY07108,ORD07108,2025-04-12,Net Banking,Successful,4127.0
PAY07109,ORD07109,2025-02-19,Cash on Delivery,Successful,2000.01
PAY07110,ORD07110,2025-06-10,Cash on Delivery,Successful,225833.17
PAY07111,ORD07111,2025-04-11,Net Banking,Successful,5328.9
PAY07112,ORD07112,2025-06-01,Credit Card,Successful,14755.86
PAY07113,ORD07113,2025-06-15,Cash on Delivery,Successful,2769.71
PAY07114,ORD07114,2025-07-04,UPI,Successful,64597.45
PAY07115,ORD07115,2025-12-22,Cash on Delivery,Refunded,899.02
PAY07116,ORD07116,2025-02-15,Cash on Delivery,Successful,34989.78
PAY07117,ORD07117,2025-03-24,UPI,Successful,55160.47
PAY07118,ORD07118,2025-12-24,UPI,Successful,3162.62
PAY07119,ORD07119,2025-06-17,UPI,Successful,27219.85
PAY07120,ORD07120,2025-02-05,Net Banking,Successful,16988.26
PAY07121,ORD07121,2025-10-29,Cash on Delivery,Failed,6572.03
PAY07122,ORD07122,2025-07-03,Cash on Delivery,Successful,152561.58
PAY07123,ORD07123,2025-08-30,Net Banking,Successful,3520.89
PAY07124,ORD07124,2025-02-18,Debit Card,Refunded,24523.03
PAY07125,ORD07125,2025-01-01,Credit Card,Successful,2321.0
PAY07126,ORD07126,2025-09-30,Cash on Delivery,Failed,37602.58
PAY07127,ORD07127,2025-07-09,Credit Card,Successful,127711.08
PAY07128,ORD07128,2025-04-06,Credit Card,Successful,5203.28
PAY07129,ORD07129,2025-05-17,Credit Card,Successful,12335.37
PAY07130,ORD07130,2025-06-06,Credit Card,Successful,110137.65
PAY07131,ORD07131,2025-04-09,Debit Card,Successful,2922.75
PAY07132,ORD07132,2025-11-12,Net Banking,Successful,2780.56
PAY07133,ORD07133,2025-12-18,Debit Card,Successful,6393.81
PAY07134,ORD07134,2025-09-14,UPI,Successful,11560.25
PAY07135,ORD07135,2025-08-03,Cash on Delivery,Successful,52913.67
PAY07136,ORD07136,2025-12-09,Debit Card,Successful,5143.22
PAY07137,ORD07137,2025-10-24,Cash on Delivery,Successful,53752.99
PAY07138,ORD07138,2025-01-16,Credit Card,Failed,68139.2
PAY07139,ORD07139,2025-04-10,UPI,Successful,2312.37
PAY07140,ORD07140,2025-07-31,Credit Card,Successful,3228.76
PAY07141,ORD07141,2025-10-17,Debit Card,Successful,14489.47
PAY07142,ORD07142,2025-07-13,UPI,Refunded,12435.18
PAY07143,ORD07143,2025-05-21,Cash on Delivery,Successful,1858.67
PAY07144,ORD07144,2025-05-31,Debit Card,Successful,136745.62
PAY07145,ORD07145,2025-03-13,UPI,Pending,87361.57
PAY07146,ORD07146,2025-02-15,Cash on Delivery,Successful,11235.03
PAY07147,ORD07147,2025-05-17,Net Banking,Successful,14324.6
PAY07148,ORD07148,2025-04-19,Credit Card,Failed,1356.23
PAY07149,ORD07149,2025-01-26,Debit Card,Successful,566.79
PAY07150,ORD07150,2025-12-06,Debit Card,Successful,19691.43
PAY07151,ORD07151,2025-03-28,UPI,Successful,64781.25
PAY07152,ORD07152,2025-10-24,UPI,Refunded,2388.8
PAY07153,ORD07153,2025-09-15,Credit Card,Successful,60994.91
PAY07154,ORD07154,2025-03-02,UPI,Successful,67297.71
PAY07155,ORD07155,2025-01-10,Net Banking,Successful,4975.02
PAY07156,ORD07156,2025-03-19,UPI,Refunded,172134.26
PAY07157,ORD07157,2025-11-11,Debit Card,Successful,8827.17
PAY07158,ORD07158,2025-10-28,Credit Card,Successful,115302.67
PAY07159,ORD07159,2025-01-21,Debit Card,Successful,5189.05
PAY07160,ORD07160,2025-01-02,UPI,Pending,6315.9
PAY07161,ORD07161,2025-11-15,Debit Card,Successful,1146.4
PAY07162,ORD07162,2025-09-08,UPI,Successful,15532.35
PAY07163,ORD07163,2025-08-11,Net Banking,Successful,6687.73
PAY07164,ORD07164,2025-11-18,Debit Card,Successful,10416.7
PAY07165,ORD07165,2025-01-18,Debit Card,Successful,22442.53
PAY07166,ORD07166,2025-06-08,UPI,Refunded,12543.16
PAY07167,ORD07167,2025-01-04,Credit Card,Successful,12921.67
PAY07168,ORD07168,2025-08-04,UPI,Successful,4904.08
PAY07169,ORD07169,2025-02-10,Debit Card,Refunded,6594.94
PAY07170,ORD07170,2025-03-02,Cash on Delivery,Successful,1886.3
PAY07171,ORD07171,2025-05-04,Cash on Delivery,Successful,83508.29
PAY07172,ORD07172,2025-07-03,Cash on Delivery,Successful,16883.54
PAY07173,ORD07173,2025-04-11,Debit Card,successful,15309.33
PAY07174,ORD07174,2025-02-25,UPI,Successful,2592.27
PAY07175,ORD07175,2025-05-17,Cash on Delivery,Successful,32649.65
PAY07176,ORD07176,2025-11-14,Cash on Delivery,Successful,2710.57
PAY07177,ORD07177,2025-10-23,UPI ,Successful,6401.76
PAY07178,ORD07178,2025-11-01,Cash on Delivery,Refunded,37857.12
PAY07179,ORD07179,2025-11-02,Debit Card,Successful,182526.44
PAY07180,ORD07180,2025-11-05,Cash on Delivery,Successful,101183.27
PAY07181,ORD07181,2025-07-14,Credit Card,Successful,731.7
PAY07182,ORD07182,2025-09-08,UPI,Failed,4083.11
PAY07183,ORD07183,2025-06-12,Net Banking,Refunded,48740.39
PAY07184,ORD07184,2025-03-07,Debit Card,Successful,15686.4
PAY07185,ORD07185,2025-10-21,Net Banking,Successful,4377.4
PAY07186,ORD07186,2025-11-21,Net Banking,Successful,5535.46
PAY07187,ORD07187,2025-01-13,Debit Card,Successful,71572.79
PAY07188,ORD07188,2025-02-08,,Successful,2900.87
PAY07189,ORD07189,2025-01-07,UPI,Successful,8889.85
PAY07190,ORD07190,2025-06-24,Net Banking,Successful,1473.1
PAY07191,ORD07191,2025-08-02,Cash on Delivery,Successful,17451.3
PAY07192,ORD07192,2025-05-30,Credit Card,Successful,8517.74
PAY07193,ORD07193,2025-06-03,UPI,Successful,19944.8
PAY07194,ORD07194,2025-12-02,Credit Card,Successful,6682.92
PAY07195,ORD07195,2025-09-10,Net Banking,Successful,5989.3
PAY07196,ORD07196,2025-01-31,Credit Card,Successful,14352.79
PAY07197,ORD07197,2025-07-31,Credit Card,Successful,1118.08
PAY07198,ORD07198,2025-07-10,Credit Card,Successful,19756.02
PAY07199,ORD07199,2025-04-14,Credit Card,Successful,7037.66
PAY07200,ORD07200,2025-07-03,Credit Card,Successful,8182.08
PAY07201,ORD07201,2025-06-26,Credit Card,Successful,44536.51
PAY07202,ORD07202,2025-06-07,Credit Card,Failed,68813.15
PAY07203,ORD07203,2025-10-07,Debit Card,Refunded,113563.19
PAY07204,ORD07204,2025-11-28,Cash on Delivery,Failed,29952.76
PAY07205,ORD07205,2025-01-09,UPI,Successful,12315.45
PAY07206,ORD07206,2025-09-11,UPI,Successful,1859.13
PAY07207,ORD07207,2025-07-30,Debit Card,Successful,169669.84
PAY07208,ORD07208,2025-12-25,Credit Card,Successful,46954.9
PAY07209,ORD07209,2025-07-02,UPI,Successful,48407.43
PAY07210,ORD07210,2025-10-19,UPI,Refunded,7812.41
PAY07211,ORD07211,2025-03-25,UPI,Refunded,120716.77
PAY07212,ORD07212,2025-01-17,UPI,Successful,4623.06
PAY07213,ORD07213,2025-12-11,Cash on Delivery,Successful,1974.47
PAY07214,ORD07214,2025-02-11,Cash on Delivery,Successful,5829.58
PAY07215,ORD07215,2025-04-15,UPI,Successful,7912.17
PAY07216,ORD07216,18/10/2025,Cash on Delivery,Successful,122250.22
PAY07217,ORD07217,2025-05-01,Credit Card,Successful,13374.85
PAY07218,ORD07218,2025-02-07,Debit Card,Failed,4928.27
PAY07219,ORD07219,2025-07-24,Debit Card,Successful,10116.09
PAY07220,ORD07220,2025-12-18,UPI,Successful,49203.67
PAY07221,ORD07221,2025-03-21,cash on delivery,Successful,5560.95
PAY07222,ORD07222,2025-06-20,UPI,Failed,3832.59
PAY07223,ORD07223,2025-07-13,Net Banking,Successful,3259.71
PAY07224,ORD07224,2025-05-14,Cash on Delivery,Failed,62398.3
PAY07225,ORD07225,2025-11-07,Credit Card,Successful,6561.63
PAY07226,ORD07226,2025-10-30,Debit Card,Successful,69595.86
PAY07227,ORD07227,2025-09-21,UPI,Failed,75880.02
PAY07228,ORD07228,2025-10-28,Debit Card,Successful,3077.77
PAY07229,ORD07229,2025-10-04,Credit Card,Successful,25258.76
PAY07230,ORD07230,2025-09-05,Debit Card,Successful,95368.34
PAY07231,ORD07231,2025-11-08,Credit Card,Refunded,2623.08
PAY07232,ORD07232,2025-01-24,Cash on Delivery,Successful,177594.24
PAY07233,ORD07233,2025-01-13,Debit Card,Successful,3158.91
PAY07234,ORD07234,2025-08-30,Debit Card,Successful,148146.28
PAY07235,ORD07235,2025-03-20,Net Banking,Successful,2962.58
PAY07236,ORD07236,2025-10-10,UPI,Successful,32729.93
PAY07237,ORD07237,2025-10-18,Credit Card,Failed,1978.91
PAY07238,ORD07238,2025-09-23,Debit Card,Successful,4243.22
PAY07239,ORD07239,2025-12-21,Cash on Delivery,Successful,206719.32
PAY07240,ORD07240,2025-05-10,Net Banking,Successful,6563.29
PAY07241,ORD07241,2025-10-10,Debit Card,Successful,4247.32
PAY07242,ORD07242,2025-05-12,Debit Card,Successful,32046.54
PAY07243,ORD07243,2025-06-28,Net Banking,Failed,13390.02
PAY07244,ORD07244,2025-05-21,Credit Card,refunded,20249.48
PAY07245,ORD07245,2025-01-30,UPI,Successful,3044.92
PAY07246,ORD07246,2025-10-11,Credit Card,Successful,25623.06
PAY07247,ORD07247,2025-12-30,Cash on Delivery,Refunded,55419.74
PAY07248,ORD07248,2025-02-08,Credit Card,Successful,13875.54
PAY07249,ORD07249,2025-01-02,Debit Card,Successful,28927.0
PAY07250,ORD07250,2025-09-21,Net Banking,Successful,106157.7
PAY07251,ORD07251,2025-12-03,Cash on Delivery,Successful,5747.28
PAY07252,ORD07252,2025-12-16,Cash on Delivery,Successful,132468.29
PAY07253,ORD07253,2025-09-17,Cash on Delivery,Successful,13168.98
PAY07254,ORD07254,2025-10-26,Credit Card,Successful,6922.29
PAY07255,ORD07255,2025-03-26,Credit Card,Successful,4565.03
PAY07256,ORD07256,2025-05-08,Credit Card,Refunded,3373.56
PAY07257,ORD07257,2025-07-17,Debit Card,Successful,4582.2
PAY07258,ORD07258,2025-07-04,Cash on Delivery,Successful,3471.25
PAY07259,ORD07259,2025-05-20,Debit Card,Successful,8391.43
PAY07260,ORD07260,2025-03-21,Credit Card,Failed,7505.42
PAY07261,ORD07261,2025-10-05,Debit Card,Successful,10399.36
PAY07262,ORD07262,2025-02-02,UPI,Successful,205002.35
PAY07263,ORD07263,2025-12-05,Debit Card,Successful,14789.94
PAY07264,ORD07264,2025-06-20,Credit Card,Successful,24203.8
PAY07265,ORD07265,2025-05-11,Cash on Delivery,Successful,13805.51
PAY07266,ORD07266,2025-08-09,Credit Card,Successful,64523.79
PAY07267,ORD07267,2025-02-19,Debit Card,Successful,2696.18
PAY07268,ORD07268,2025-04-30,Debit Card,Successful,3104.73
PAY07269,ORD07269,2025-12-27,Credit Card,Successful,5884.32
PAY07270,ORD07270,2025-07-27,Cash on Delivery,Pending,17102.99
PAY07271,ORD07271,2025-03-11,Cash on Delivery,Failed,95183.99
PAY07272,ORD07272,2025-02-09,Upi,Successful,35598.92
PAY07273,ORD07273,2025-07-18,Net Banking,Successful,9920.17
PAY07274,ORD07274,2025-06-02,Debit Card,Successful,30447.24
PAY07275,ORD07275,2025-12-26,Cash on Delivery,Successful,1946.09
PAY07276,ORD07276,2025-01-01,Debit Card,Successful,16422.22
PAY07277,ORD07277,2025-03-26,Debit Card,Refunded,4387.91
PAY07278,ORD07278,2025-04-23,UPI,Refunded,234647.15
PAY07279,ORD07279,2025-03-04,UPI,Successful,82863.37
PAY07280,ORD07280,2025-10-24,Credit Card,Successful,4555.28
PAY07281,ORD07281,2025-07-08,Net Banking,Successful,148766.63
PAY07282,ORD07282,2025-11-30,UPI,Successful,22925.93
PAY07283,ORD07283,2025-04-06,Net Banking,Successful,9378.15
PAY07284,ORD07284,2025-11-28,UPI,Successful,6756.77
PAY07285,ORD07285,2025-09-16,UPI,Successful,63682.94
PAY07286,ORD07286,2025-05-31,Credit Card,Successful,4253.0
PAY07287,ORD07287,2025-05-25,Cash on Delivery,Successful,156075.78
PAY07288,ORD07288,2025-03-31,Net Banking,Successful,26445.31
PAY07289,ORD07289,2025-09-07,Net Banking,Successful,123960.96
PAY07290,ORD07290,2025-11-26,Debit Card,Successful,4583.75
PAY07291,ORD07291,2025-04-13,Cash on Delivery,Successful,141189.35
PAY07292,ORD07292,2025-11-25,UPI,Successful,25882.8
PAY07293,ORD07293,2025-11-11,Upi,Successful,31478.24
PAY07294,ORD07294,2025-11-11,Cash on Delivery,Successful,114931.23
PAY07295,ORD07295,2025-03-24,Cash on Delivery,Successful,24562.47
PAY07296,ORD07296,2025-08-12,Net Banking,Successful,26852.18
PAY07297,ORD07297,2025-07-23,Credit Card,Successful,64934.36
PAY07298,ORD07298,2025-08-17,Net Banking,Successful,3693.58
PAY07299,ORD07299,2025-02-13,UPI,Successful,66086.38
PAY07300,ORD07300,2025-09-09,UPI,Successful,143264.58
PAY07301,ORD07301,2025-05-27,Cash on Delivery,Successful,12347.12
PAY07302,ORD07302,2025-07-10,Debit Card,Successful,1269.19
PAY07303,ORD07303,2025-06-29,Credit Card,Refunded,146582.71
PAY07304,ORD07304,2025-10-21,Credit Card,Successful,1978.68
PAY07305,ORD07305,2025-07-11,Credit Card,Successful,7217.79
PAY07306,ORD07306,2025-02-16,Credit Card,Successful,12378.17
PAY07307,ORD07307,2025-10-31,Net Banking,Successful,8926.73
PAY07308,ORD07308,2025-03-27,UPI,Successful,13795.56
PAY07309,ORD07309,2025-05-12,Net Banking,Successful,6052.97
PAY07310,ORD07310,2025-03-13,Net Banking,Successful,3005.86
PAY07311,ORD07311,2025-09-05,Credit Card,Successful,63270.01
PAY07312,ORD07312,2025-10-10,Net Banking,Successful,8054.62
PAY07313,ORD07313,2025-05-16,Net Banking,Pending,30455.61
PAY07314,ORD07314,2025-09-03,Net Banking,Failed,7243.53
PAY07315,ORD07315,2025-10-18,UPI,Successful,1526.05
PAY07316,ORD07316,2025-12-06,Debit Card,Successful,79300.06
PAY07317,ORD07317,2025-03-21,Cash on Delivery,Successful,1340.1
PAY07318,ORD07318,2025-11-26,Credit Card,Successful,140359.82
PAY07319,ORD07319,2025-07-16,UPI,Successful,27463.34
PAY07320,ORD07320,2025-12-01,Credit Card,Failed,7453.53
PAY07321,ORD07321,2025-05-15,Net Banking,Successful,23298.52
PAY07322,ORD07322,2025-06-09,Cash on Delivery,Successful,60078.89
PAY07323,ORD07323,2025-09-09,Net Banking,Successful,5702.54
PAY07324,ORD07324,2025-05-06,Net Banking,Successful,193546.08
PAY07325,ORD07325,2025-07-05,,Successful,64077.4
PAY07326,ORD07326,2025-03-12,Credit Card,Refunded,1085.77
PAY07327,ORD07327,2025-04-27,Net Banking,Successful,26590.0
PAY07328,ORD07328,2025-01-31,Debit Card,Successful,2968.62
PAY07329,ORD07329,2025-02-03,Debit Card,Successful,4207.42
PAY07330,ORD07330,2025-01-08,Credit Card,Successful,4995.18
PAY07331,ORD07331,2025-04-18,Cash on Delivery,Successful,5207.14
PAY07332,ORD07332,2025-08-06,Debit Card,Successful,164104.65
PAY07333,ORD07333,2025-04-05,Credit Card,Successful,27289.23
PAY07334,ORD07334,2025-05-08,Cash on Delivery,Successful,12689.0
PAY07335,ORD07335,2025-09-15,Cash on Delivery,Failed,166469.42
PAY07336,ORD07336,2025-07-10,Cash on Delivery,Successful,214718.16
PAY07337,ORD07337,10/03/2025,Credit Card,Successful,2750.5
PAY07338,ORD07338,2025-01-13,Debit Card,Failed,51688.88
PAY07339,ORD07339,2025-08-07,UPI,Successful,3009.5
PAY07340,ORD07340,2025-10-16,UPI,Successful,14381.18
PAY07341,ORD07341,2025-11-15,Debit Card,Failed,1402.18
PAY07342,ORD07342,10/11/2025,Debit Card,Successful,3612.95
PAY07343,ORD07343,2025-08-19,Debit Card,Refunded,123972.35
PAY07344,ORD07344,2025-06-29,Credit Card,Successful,499.34
PAY07345,ORD07345,2025-08-12,Credit Card,Failed,13946.05
PAY07346,ORD07346,2025-02-09,Debit Card,Successful,1434.96
PAY07347,ORD07347,2025-06-28,Credit Card,Successful,23660.28
PAY07348,ORD07348,2025-12-20,Debit Card,Successful,1196.46
PAY07349,ORD07349,2025-11-13,cash on delivery,Successful,76758.97
PAY07350,ORD07350,2025-08-20,UPI,Successful,10765.13
PAY07351,ORD07351,2025-12-28,Debit Card,Successful,8800.89
PAY07352,ORD07352,2025-04-22,Cash on Delivery,Successful,92235.13
PAY07353,ORD07353,2025-09-17,Credit Card,Successful,8378.05
PAY07354,ORD07354,2025-08-15,Debit Card,Successful,1929.4
PAY07355,ORD07355,2025-11-12,Debit Card,Successful,10016.98
PAY07356,ORD07356,2025-06-10,Credit Card,Successful,21989.16
PAY07357,ORD07357,2025-11-22,Net Banking,Successful,17874.8
PAY07358,ORD07358,2025-01-24,Net Banking,Successful,3108.96
PAY07359,ORD07359,2025-03-15,UPI,Successful,5107.94
PAY07360,ORD07360,2025-05-25,Credit Card,Successful,11612.46
PAY07361,ORD07361,2025-12-25,Credit Card,Successful,56158.14
PAY07362,ORD07362,2025-04-25,UPI,Successful,12984.77
PAY07363,ORD07363,2025-04-18,UPI,Successful,3363.2
PAY07364,ORD07364,2025-02-13,Cash on Delivery,Successful,51084.15
PAY07365,ORD07365,2025-04-19,Credit Card,Successful,31164.28
PAY07366,ORD07366,2025-02-08,Cash on Delivery,Successful,4948.73
PAY07367,ORD07367,2025-11-15,Net Banking,Failed,27090.78
PAY07368,ORD07368,2025-06-07,Net Banking,Failed,11621.03
PAY07369,ORD07369,2025-07-31,UPI,Successful,13318.27
PAY07370,ORD07370,21/01/2025,UPI,Successful,2934.57
PAY07371,ORD07371,2025-02-27,Net Banking,Successful,1246.62
PAY07372,ORD07372,2025-10-24,Credit Card,Successful,2203.98
PAY07373,ORD07373,2025-02-26,Debit Card,Successful,7908.24
PAY07374,ORD07374,2025-09-10,Credit Card,Successful,17821.84
PAY07375,ORD07375,2025-03-07,UPI,Successful,1318.52
PAY07376,ORD07376,2025-01-31,Net Banking,Successful,1869.25
PAY07377,ORD07377,2025-03-02,Debit Card,Failed,124715.65
PAY07378,ORD07378,2025-09-22,UPI,Successful,10560.54
PAY07379,ORD07379,2025-04-04,Debit Card,Successful,150470.02
PAY07380,ORD07380,2025-03-08,Net Banking,Successful,1464.66
PAY07381,ORD07381,2025-04-02,Debit Card,Refunded,3925.05
PAY07382,ORD07382,2025-06-23,Credit Card,Successful,1988.42
PAY07383,ORD07383,2025-05-27,Debit Card,Refunded,23425.68
PAY07384,ORD07384,2025-10-25,Net Banking,Successful,10036.74
PAY07385,ORD07385,2025-02-05,Cash on Delivery,Successful,3861.04
PAY07386,ORD07386,2025-11-28,Credit Card,Successful,1305.19
PAY07387,ORD07387,2025-06-27,Cash on Delivery,Successful,683.92
PAY07388,ORD07388,2025-12-10,UPI,Successful,8935.82
PAY07389,ORD07389,2025-11-27,Net Banking,Failed,55013.38
PAY07390,ORD07390,2025-11-18,Net Banking,Successful,24014.99
PAY07391,ORD07391,2025-09-12,Credit Card,Successful,1130.87
PAY07392,ORD07392,2025-11-20,Cash on Delivery,Successful,4054.74
PAY07393,ORD07393,2025-01-26,Cash on Delivery,Successful,3104.49
PAY07394,ORD07394,2025-09-07,Credit Card,Successful,57071.62
PAY07395,ORD07395,2025-11-05,Credit Card,Failed,8791.46
PAY07396,ORD07396,2025-05-22,UPI,Successful,140453.69
PAY07397,ORD07397,2025-08-15,Debit Card,Successful,58472.64
PAY07398,ORD07398,2025-07-27,Cash on Delivery,Successful,73606.91
PAY07399,ORD07399,2025-01-27,Debit Card,Successful,16789.32
PAY07400,ORD07400,2025-10-03,Net Banking,Successful,174865.47
PAY07401,ORD07401,2025-08-23,Cash on Delivery,Successful,48470.4
PAY07402,ORD07402,03/10/2025,Debit Card,Successful,7556.38
PAY07403,ORD07403,2025-07-28,Credit Card ,Successful,5558.55
PAY07404,ORD07404,2025-03-28,Debit Card,Refunded,5317.38
PAY07405,ORD07405,2025-08-14,Debit Card,Failed,52845.72
PAY07406,ORD07406,2025-06-01,UPI,Successful,57318.59
PAY07407,ORD07407,2025-05-28,Debit Card,Successful,2384.1
PAY07408,ORD07408,2025-08-13,Credit Card,Successful,1820.9
PAY07409,ORD07409,2025-07-11,Debit Card,Refunded,987.6
PAY07410,ORD07410,2025-08-25,Credit Card,Successful,67451.63
PAY07411,ORD07411,2025-11-25,Credit Card,Successful,3529.59
PAY07412,ORD07412,2025-11-24,UPI,Successful,4069.43
PAY07413,ORD07413,2025-02-23,Net Banking,Successful,60438.59
PAY07414,ORD07414,2025-09-11,Cash on Delivery,Successful,16241.62
PAY07415,ORD07415,2025-03-03,UPI,Successful,65831.58
PAY07416,ORD07416,2025-05-22,UPI,Successful,4773.28
PAY07417,ORD07417,2025-06-25,Net Banking,Failed,69198.36
PAY07418,ORD07418,2025-11-02,Cash on Delivery,Successful,4306.96
PAY07419,ORD07419,2025-08-24,Credit Card,Successful,4987.74
PAY07420,ORD07420,2025-09-01,UPI,Successful,5462.81
PAY07421,ORD07421,2025-06-08,Cash on Delivery,Successful,12113.79
PAY07422,ORD07422,2025-06-22,Net Banking,Successful,3479.2
PAY07423,ORD07423,2025-01-11,Credit Card,Successful,3291.07
PAY07424,ORD07424,2025-04-11,UPI,Successful,2031.35
PAY07425,ORD07425,2025-02-23,Credit Card,Successful,240089.98
PAY07426,ORD07426,2025-03-30,Credit Card,Successful,2302.38
PAY07427,ORD07427,2025-03-31,Debit Card,Successful,3737.93
PAY07428,ORD07428,2025-10-22,Cash on Delivery,Successful,1245.0
PAY07429,ORD07429,2025-07-02,Cash on Delivery,Successful,12860.98
PAY07430,ORD07430,2025-12-20,Debit Card,Successful,61737.62
PAY07431,ORD07431,2025-01-27,Credit Card,Successful,66451.14
PAY07432,ORD07432,2025-06-25,Cash on Delivery,Failed,112838.94
PAY07433,ORD07433,2025-06-17,Net Banking,Successful,96164.36
PAY07434,ORD07434,2025-08-29,Net Banking,Successful,3117.79
PAY07435,ORD07435,2025-07-01,Credit Card,Successful,27136.15
PAY07436,ORD07436,2025-03-21,Debit Card,Failed,49453.72
PAY07437,ORD07437,2025-06-07,Debit Card,Successful,12759.38
PAY07438,ORD07438,2025-04-21,UPI,Successful,162695.67
PAY07439,ORD07439,2025-03-21,Cash on Delivery,Successful,8394.2
PAY07440,ORD07440,2025-03-20,Net Banking,Successful,66551.11
PAY07441,ORD07441,2025-03-07,Debit Card,Successful,25511.52
PAY07442,ORD07442,2025-02-07,Cash on Delivery,Successful,28000.66
PAY07443,ORD07443,2025-05-30,Cash on Delivery,Successful,161189.0
PAY07444,ORD07444,2025-01-22,Net Banking,Successful,2867.81
PAY07445,ORD07445,2025-07-12,Cash on Delivery,Successful,9849.99
PAY07446,ORD07446,2025-02-01,Net Banking,Failed,16187.51
PAY07447,ORD07447,2025-05-23,Debit Card,Successful,3115.2
PAY07448,ORD07448,2025-08-03,Debit Card,Successful,8652.31
PAY07449,ORD07449,2025-08-20,Cash on Delivery,Successful,11793.74
PAY07450,ORD07450,2025-03-29,Cash on Delivery,Successful,53281.49
PAY07451,ORD07451,2025-01-29,UPI,Successful,2572.23
PAY07452,ORD07452,2025-03-24,Credit Card,Successful,1548.65
PAY07453,ORD07453,2025-06-25,Cash on Delivery,Successful,13272.69
PAY07454,ORD07454,2025-04-02,Debit Card,Successful,172305.3
PAY07455,ORD07455,2025-01-01,UPI,Successful,139806.4
PAY07456,ORD07456,2025-01-22,Net Banking,Successful,37212.7
PAY07457,ORD07457,2025-07-18,Debit Card,Successful,2990.25
PAY07458,ORD07458,2025-12-11,Cash on Delivery,Refunded,3703.81
PAY07459,ORD07459,2025-10-04,Debit Card,Successful,3181.34
PAY07460,ORD07460,2025-05-20,Credit Card,Failed,126169.55
PAY07461,ORD07461,2025-03-06,Debit Card,Successful,13236.21
PAY07462,ORD07462,2025-05-09,Cash on Delivery,Successful,2512.75
PAY07463,ORD07463,2025-02-06,Credit Card,Successful,75538.07
PAY07464,ORD07464,2025-01-18,Debit Card,Failed,199565.11
PAY07465,ORD07465,2025-01-17,Credit Card,Failed,6917.08
PAY07466,ORD07466,2025-07-12,Debit Card,Successful,10666.44
PAY07467,ORD07467,2025-01-18,Credit Card,Successful,4001.33
PAY07468,ORD07468,2025-07-30,Net Banking,Successful,14599.96
PAY07469,ORD07469,2025-04-06,Credit Card,Successful,3474.81
PAY07470,ORD07470,2025-03-03,Debit Card,Refunded,61453.67
PAY07471,ORD07471,2025-06-11,Debit Card,Successful,10322.46
PAY07472,ORD07472,2025-07-12,Debit Card,Successful,3560.77
PAY07473,ORD07473,2025-04-02,Debit Card,Successful,3494.6
PAY07474,ORD07474,2025-01-15,UPI,Successful,1004.95
PAY07475,ORD07475,2025-08-09,Debit Card,Successful,5353.19
PAY07476,ORD07476,2025-02-11,Cash on Delivery,Successful,5909.55
PAY07477,ORD07477,2025-05-19,UPI,Successful,12042.45
PAY07478,ORD07478,2025-01-17,Credit Card,Successful,1935.96
PAY07479,ORD07479,2025-05-27,Credit Card,Successful,13333.06
PAY07480,ORD07480,2025-12-17,Debit Card,Successful,10463.53
PAY07481,ORD07481,2025-08-23,Credit Card,Successful,5635.91
PAY07482,ORD07482,2025-03-15,Debit Card,Successful,49146.73
PAY07483,ORD07483,2025-05-10,UPI,Successful,72534.8
PAY07484,ORD07484,2025-06-20,Debit Card,Successful,2352.31
PAY07485,ORD07485,2025-04-09,UPI,Refunded,2327.36
PAY07486,ORD07486,2025-09-07,Debit Card,Successful,54615.09
PAY07487,ORD07487,2025-10-04,Net Banking,Refunded,9087.06
PAY07488,ORD07488,2025-01-17,,Successful,3975.73
PAY07489,ORD07489,2025-07-20,Credit Card,Failed,6360.2
PAY07490,ORD07490,2025-12-08,Debit Card,Successful,8281.41
PAY07491,ORD07491,2025-04-20,UPI,Successful,137570.6
PAY07492,ORD07492,2025-01-30,Cash on Delivery,Successful,2112.43
PAY07493,ORD07493,2025-02-02,Upi,Successful,3500.47
PAY07494,ORD07494,2025-12-01,Cash on Delivery,Successful,3121.46
PAY07495,ORD07495,2025-12-18,Net Banking,Successful,39268.48
PAY07496,ORD07496,2025-04-17,Credit Card,Successful,12702.72
PAY07497,ORD07497,2025-07-06,Debit Card,Successful,12631.32
PAY07498,ORD07498,2025-04-18,Net Banking,Successful,27563.05
PAY07499,ORD07499,2025-06-21,UPI,Successful,8583.25
PAY07500,ORD07500,2025-05-27,Debit Card,Successful,22845.61
PAY07501,ORD07501,2025-07-23,Net Banking,Failed,4050.28
PAY07502,ORD07502,2025-11-19,UPI,Successful,4223.93
PAY07503,ORD07503,2025-05-23,UPI,Successful,2393.04
PAY07504,ORD07504,2025-07-24,Net Banking,Successful,4118.61
PAY07505,ORD07505,2025-07-29,Cash on Delivery,Successful,3080.83
PAY07506,ORD07506,2025-02-26,Credit Card,Refunded,2985.94
PAY07507,ORD07507,2025-08-03,Cash on Delivery,Successful,11014.58
PAY07508,ORD07508,2025-07-07,Credit Card,Successful,7280.9
PAY07509,ORD07509,2025-03-08,UPI,Successful,64832.68
PAY07510,ORD07510,2025-05-07,UPI,Successful,4020.69
PAY07511,ORD07511,2025-10-20,Net Banking,Successful,12221.49
PAY07512,ORD07512,2025-03-09,Cash on Delivery,Successful,317064.3
PAY07513,ORD07513,2025-12-10,Debit Card,Successful,4456.61
PAY07514,ORD07514,2025-07-17,UPI,Successful,4980.73
PAY07515,ORD07515,2025-06-09,Cash on Delivery,Successful,6492.77
PAY07516,ORD07516,2025-02-07,Debit Card,Successful,9496.78
PAY07517,ORD07517,2025-11-09,UPI,Successful,4777.01
PAY07518,ORD07518,2025-05-15,UPI,Successful,2589.71
PAY07519,ORD07519,2025-10-28,Cash on Delivery,Successful,12968.55
PAY07520,ORD07520,2025-05-16,UPI,Successful,7598.68
PAY07521,ORD07521,2025-08-27,Cash on Delivery,Successful,4863.37
PAY07522,ORD07522,2025-11-13,Debit Card,Failed,57640.84
PAY07523,ORD07523,2025-08-23,Net Banking,Successful,48624.97
PAY07524,ORD07524,2025-01-06,Credit Card,Successful,34462.31
PAY07525,ORD07525,2025-07-31,Cash on Delivery,Successful,590.05
PAY07526,ORD07526,2025-05-02,UPI,Successful,8433.49
PAY07527,ORD07527,2025-05-21,Credit Card,Successful,148742.76
PAY07528,ORD07528,2025-06-16,Debit Card,Successful,6515.64
PAY07529,ORD07529,2025-05-31,Credit Card,failed,9986.39
PAY07530,ORD07530,2025-02-14,Debit Card,Successful,1735.39
PAY07531,ORD07531,2025-10-31,Credit Card,Successful,8297.92
PAY07532,ORD07532,2025-06-13,Debit Card,Pending,893.46
PAY07533,ORD07533,2025-05-01,Cash on Delivery,Successful,2638.5
PAY07534,ORD07534,2025-12-11,Debit Card,Successful,66985.07
PAY07535,ORD07535,2025-11-06,Net Banking,Successful,34099.53
PAY07536,ORD07536,2025-02-09,Net Banking,Successful,8591.46
PAY07537,ORD07537,2025-06-22,Debit Card,Successful,14783.07
PAY07538,ORD07538,2025-06-27,Debit Card,Successful,16290.18
PAY07539,ORD07539,2025-12-15,Credit Card,Successful,13627.16
PAY07540,ORD07540,2025-10-25,Net Banking,Successful,62075.63
PAY07541,ORD07541,2025-11-02,Debit Card,Successful,21004.03
PAY07542,ORD07542,2025-03-16,UPI,Successful,102301.91
PAY07543,ORD07543,2025-03-14,UPI,Successful,2400.0
PAY07544,ORD07544,2025-10-07,Debit Card,Successful,30368.93
PAY07545,ORD07545,2025-10-10,Credit Card,Successful,63684.62
PAY07546,ORD07546,2025-09-02,UPI,Successful,3940.62
PAY07547,ORD07547,2025-09-08,UPI,Successful,1221.63
PAY07548,ORD07548,2025-12-14,Credit Card,Successful,5192.29
PAY07549,ORD07549,2025-03-23,Credit Card,Failed,5244.74
PAY07550,ORD07550,2025-07-06,Cash on Delivery,Successful,7692.89
PAY07551,ORD07551,2025-05-01,Credit Card,Successful,72438.81
PAY07552,ORD07552,2025-01-08,Cash on Delivery,Successful,13896.92
PAY07553,ORD07553,2025-10-14,UPI,Successful,57811.19
PAY07554,ORD07554,2025-12-06,Debit Card,Successful,55719.67
PAY07555,ORD07555,2025-09-21,Net Banking,Successful,105590.16
PAY07556,ORD07556,2025-08-30,UPI,Successful,8293.49
PAY07557,ORD07557,2025-07-20,Cash on Delivery,Successful,21395.68
PAY07558,ORD07558,2025-06-30,UPI,Successful,3713.46
PAY07559,ORD07559,2025-04-04,Credit Card,Successful,11192.02
PAY07560,ORD07560,2025-09-25,Cash on Delivery,Successful,12590.69
PAY07561,ORD07561,2025-11-26,UPI,Successful,59720.34
PAY07562,ORD07562,2025-10-05,Credit Card,Successful,12639.99
PAY07563,ORD07563,2025-10-29,Net Banking,Successful,6233.06
PAY07564,ORD07564,2025-06-21,Net Banking,Successful,3692.79
PAY07565,ORD07565,2025-01-13,UPI,Successful,181851.47
PAY07566,ORD07566,2025-03-15,Debit Card,Successful,138212.18
PAY07567,ORD07567,2025-01-07,Credit Card,Successful,19604.17
PAY07568,ORD07568,2025-12-21,UPI,Successful,2172.2
PAY07569,ORD07569,2025-05-24,Cash on Delivery,Successful,14242.77
PAY07570,ORD07570,2025-11-13,credit card,Successful,6360.22
PAY07571,ORD07571,2025-01-19,Net Banking,Successful,73545.9
PAY07572,ORD07572,2025-08-20,UPI,Successful,25465.08
PAY07573,ORD07573,2025-03-14,UPI,Failed,4455.88
PAY07574,ORD07574,2025-04-21,UPI,Successful,21651.65
PAY07575,ORD07575,2025-08-19,UPI,Successful,143475.42
PAY07576,ORD07576,2025-10-19,Credit Card,Successful,7816.47
PAY07577,ORD07577,2025-03-31,UPI,Successful,104053.8
PAY07578,ORD07578,2025-12-17,Credit Card,Successful,75692.36
PAY07579,ORD07579,15/11/2025,Net Banking,Successful,82672.48
PAY07580,ORD07580,2025-06-17,UPI,Successful,2642.03
PAY07581,ORD07581,2025-09-13,Net Banking,Successful,4575.08
PAY07582,ORD07582,2025-11-09,Debit Card,Successful,39274.93
PAY07583,ORD07583,2025-07-22,UPI,Refunded,21024.83
PAY07584,ORD07584,2025-09-19,Cash on Delivery,Successful,3381.96
PAY07585,ORD07585,2025-06-08,UPI,Successful,12502.55
PAY07586,ORD07586,2025-03-31,Debit Card,Successful,4686.14
PAY07587,ORD07587,2025-11-12,Net Banking,Successful,28692.99
PAY07588,ORD07588,2025-02-23,Net Banking,Successful,1475.13
PAY07589,ORD07589,2025-02-08,UPI,Failed,8040.15
PAY07590,ORD07590,2025-01-14,Credit Card,Successful,4466.0
PAY07591,ORD07591,2025-01-16,Cash on Delivery,Successful,6370.42
PAY07592,ORD07592,2025-10-15,Credit Card,Refunded,142228.52
PAY07593,ORD07593,2025-05-15,Net Banking,Successful,174610.19
PAY07594,ORD07594,2025-04-29,Cash on Delivery,Successful,128541.91
PAY07595,ORD07595,2025-08-13,Net Banking,Successful,156332.68
PAY07596,ORD07596,2025-06-04,Debit Card,Successful,18345.11
PAY07597,ORD07597,2025-04-06,Debit Card,Successful,5888.87
PAY07598,ORD07598,2025-11-05,Credit Card,Successful,10732.81
PAY07599,ORD07599,2025-07-19,Debit Card,Successful,255338.98
PAY07600,ORD07600,2025-03-10,Cash on Delivery,Failed,4785.77
PAY07601,ORD07601,2025-04-02,Net Banking,Successful,872.77
PAY07602,ORD07602,2025-02-22,UPI,Successful,1998.38
PAY07603,ORD07603,2025-05-02,UPI,Successful,87322.91
PAY07604,ORD07604,2025-01-26,UPI,Pending,15611.86
PAY07605,ORD07605,2025-07-20,UPI,Successful,63461.88
PAY07606,ORD07606,2025-04-07,Credit Card,Successful,4505.9
PAY07607,ORD07607,2025-10-18,Debit Card,Successful,146247.74
PAY07608,ORD07608,2025-07-05,Debit Card,Successful,23739.71
PAY07609,ORD07609,2025-12-27,UPI,Failed,3748.02
PAY07610,ORD07610,2025-06-23,Net Banking,Refunded,1561.78
PAY07611,ORD07611,2025-08-05,UPI,Successful,22367.55
PAY07612,ORD07612,2025-07-24,UPI,Successful,3397.56
PAY07613,ORD07613,2025-10-31,UPI,Successful,190031.5
PAY07614,ORD07614,2025-04-26,Net Banking,Successful,168945.25
PAY07615,ORD07615,2025-08-06,Debit Card,Successful,7573.69
PAY07616,ORD07616,2025-06-24,Debit Card,Successful,2722.89
PAY07617,ORD07617,2025-03-18,Debit Card,Failed,5533.42
PAY07618,ORD07618,2025-07-27,UPI,Successful,5879.97
PAY07619,ORD07619,2025-09-03,Net Banking,Successful,207747.27
PAY07620,ORD07620,2025-09-20,Cash on Delivery,Successful,9271.75
PAY07621,ORD07621,2025-03-10,Debit Card,Failed,8653.25
PAY07622,ORD07622,2025-08-21,Debit Card,Successful,1417.46
PAY07623,ORD07623,2025-10-21,Debit Card,Successful,4428.9
PAY07624,ORD07624,2025-12-30,Debit Card,Successful,22620.43
PAY07625,ORD07625,2025-05-15,Net Banking,Successful,2157.14
PAY07626,ORD07626,2025-07-06,Debit Card,Successful,849.09
PAY07627,ORD07627,2025-04-22,Credit Card,Successful,6889.61
PAY07628,ORD07628,2025-12-22,Cash on Delivery,Failed,4477.87
PAY07629,ORD07629,2025-06-24,Debit Card,Successful,14859.73
PAY07630,ORD07630,2025-08-23,Cash on Delivery,Refunded,11068.02
PAY07631,ORD07631,2025-11-29,Cash on Delivery,Successful,8521.55
PAY07632,ORD07632,2025-11-14,Debit Card,Successful,3068.65
PAY07633,ORD07633,2025-02-08,Cash on Delivery,Successful,3762.78
PAY07634,ORD07634,2025-07-31,Net Banking,Successful,14149.2
PAY07635,ORD07635,2025-07-27,Net Banking,Successful,12687.82
PAY07636,ORD07636,2025-03-12,Cash on Delivery,Successful,27258.02
PAY07637,ORD07637,2025-05-21,Credit Card,Successful,27749.47
PAY07638,ORD07638,2025-12-30,Net Banking,Successful,169133.83
PAY07639,ORD07639,2025-12-18,Cash on Delivery,Successful,1150.76
PAY07640,ORD07640,2025-05-01,Credit Card,Successful,9649.52
PAY07641,ORD07641,2025-05-18,Debit Card,Successful,6288.41
PAY07642,ORD07642,2025-03-21,UPI,Successful,65930.72
PAY07643,ORD07643,2025-02-23,Net Banking,Successful,11527.77
PAY07644,ORD07644,2025-08-09,Credit Card,Successful,5680.16
PAY07645,ORD07645,2025-09-12,UPI,Successful,30947.91
PAY07646,ORD07646,2025-05-20,Debit Card,Refunded,66509.05
PAY07647,ORD07647,2025-03-17,Cash on Delivery,Successful,3623.13
PAY07648,ORD07648,2025-02-20,Credit Card,refunded,1929.95
PAY07649,ORD07649,2025-03-09,Credit Card,Failed,5712.23
PAY07650,ORD07650,2025-10-30,UPI,Successful,9448.95
PAY07651,ORD07651,2025-09-20,Debit Card,Successful,47629.46
PAY07652,ORD07652,2025-01-15,Debit Card,Successful,3121.05
PAY07653,ORD07653,2025-08-16,Cash on Delivery,Successful,20063.99
PAY07654,ORD07654,2025-08-21,Net Banking,Successful,1454.92
PAY07655,ORD07655,2025-01-17,Net Banking,Failed,13548.84
PAY07656,ORD07656,2025-10-30,Debit Card,Successful,69439.49
PAY07657,ORD07657,2025-05-02,Credit Card,Refunded,32461.76
PAY07658,ORD07658,2025-06-17,Debit Card,Successful,55203.95
PAY07659,ORD07659,2025-04-16,Cash on Delivery,Successful,5867.21
PAY07660,ORD07660,2025-08-31,Debit Card,Refunded,1419.85
PAY07661,ORD07661,2025-06-02,Debit Card,Successful,2431.08
PAY07662,ORD07662,2025-06-15,Net Banking,Successful,6020.32
PAY07663,ORD07663,2025-06-12,Debit Card,Failed,7281.63
PAY07664,ORD07664,2025-04-14,Credit Card,Failed,3663.71
PAY07665,ORD07665,2025-04-26,UPI,Successful,4311.39
PAY07666,ORD07666,2025-02-09,Cash on Delivery,Successful,117254.96
PAY07667,ORD07667,2025-07-14,Cash on Delivery,Successful,143200.44
PAY07668,ORD07668,2025-06-28,Credit Card,Successful,14271.56
PAY07669,ORD07669,2025-11-18,Net Banking,Successful,33437.56
PAY07670,ORD07670,2025-05-14,Net Banking,Successful,2254.21
PAY07671,ORD07671,2025-11-24,Net Banking,Successful,8816.27
PAY07672,ORD07672,2025-03-27,Net Banking,Successful,277642.99
PAY07673,ORD07673,2025-02-25,Debit Card,Successful,17548.67
PAY07674,ORD07674,2025-10-06,Credit Card,Successful,20031.79
PAY07675,ORD07675,2025-12-19,Credit Card,Failed,6000.64
PAY07676,ORD07676,2025-01-17,Net Banking,Successful,5023.05
PAY07677,ORD07677,2025-03-10,UPI,Successful,1315.67
PAY07678,ORD07678,2025-05-11,UPI,Successful,119837.33
PAY07679,ORD07679,2025-12-19,Debit Card,Successful,11018.84
PAY07680,ORD07680,2025-09-20,Cash on Delivery,Successful,2345.38
PAY07681,ORD07681,2025-08-24,UPI,Successful,67738.23
PAY07682,ORD07682,2025-08-02,UPI,Successful,49912.0
PAY07683,ORD07683,2025-10-16,Cash on Delivery,Failed,5545.64
PAY07684,ORD07684,2025-02-13,Credit Card,Successful,1826.21
PAY07685,ORD07685,2025-07-09,UPI,Successful,67900.94
PAY07686,ORD07686,2025-11-06,Cash on Delivery,Successful,27177.83
PAY07687,ORD07687,2025-06-04,Net Banking,Successful,15820.81
PAY07688,ORD07688,2025-08-03,Cash on Delivery,Successful,15564.34
PAY07689,ORD07689,2025-04-13,Cash on Delivery,Successful,849.2
PAY07690,ORD07690,2025-08-11,Net Banking,Successful,6141.56
PAY07691,ORD07691,2025-08-01,Cash on Delivery,Successful,70138.89
PAY07692,ORD07692,2025-07-17,Credit Card,Successful,20524.06
PAY07693,ORD07693,2025-02-21,UPI,Successful,51933.25
PAY07694,ORD07694,2025-06-13,Credit Card,Successful,266914.48
PAY07695,ORD07695,2025-04-26,UPI,Successful,4496.05
PAY07696,ORD07696,2025-09-05,Credit Card,Pending,28386.05
PAY07697,ORD07697,2025-07-15,Cash on Delivery,Successful,28366.68
PAY07698,ORD07698,2025-03-07,Cash on Delivery,Successful,4593.52
PAY07699,ORD07699,2025-09-05,UPI,Successful,5962.86
PAY07700,ORD07700,2025-11-07,UPI,Successful,21860.75
PAY07701,ORD07701,2025-05-03,Debit Card,Successful,132413.26
PAY07702,ORD07702,25/02/2025,Debit Card,Successful,7844.04
PAY07703,ORD07703,2025-11-01,Credit Card,Successful,64049.13
PAY07704,ORD07704,2025-12-06,Net Banking,Failed,20242.92
PAY07705,ORD07705,2025-11-15,Cash on Delivery,Pending,963.47
PAY07706,ORD07706,2025-03-13,Credit Card,Successful,8970.69
PAY07707,ORD07707,2025-08-17,UPI,Successful,172804.97
PAY07708,ORD07708,2025-05-20,Cash on Delivery,Successful,12101.86
PAY07709,ORD07709,2025-08-09,UPI,Successful,15269.67
PAY07710,ORD07710,2025-02-03,UPI,Successful,5057.72
PAY07711,ORD07711,2025-11-27,Cash on Delivery,Successful,126667.26
PAY07712,ORD07712,2025-10-10,Debit Card,Successful,29287.02
PAY07713,ORD07713,2025-06-10,Cash on Delivery,Successful,1932.27
PAY07714,ORD07714,2025-07-17,Net Banking,Failed,23741.17
PAY07715,ORD07715,2025-09-09,Net Banking,Successful,21340.81
PAY07716,ORD07716,2025-03-01,Net Banking,Successful,13889.29
PAY07717,ORD07717,2025-11-23,Debit Card,Successful,1322.65
PAY07718,ORD07718,2025-05-07,Net Banking,Successful,21784.31
PAY07719,ORD07719,2025-06-21,Debit Card,Successful,10619.81
PAY07720,ORD07720,2025-05-14,UPI,Successful,53849.28
PAY07721,ORD07721,2025-08-11,Net Banking,Successful,10814.45
PAY07722,ORD07722,2025-12-28,Cash on Delivery,Successful,10748.98
PAY07723,ORD07723,2025-05-20,Credit Card,Successful,1734.11
PAY07724,ORD07724,2025-11-05,Credit Card,Successful,1415.2
PAY07725,ORD07725,13/07/2025,Net Banking,Successful,7493.38
PAY07726,ORD07726,2025-05-25,Credit Card,Successful,48891.34
PAY07727,ORD07727,2025-08-03,UPI,Successful,65212.98
PAY07728,ORD07728,2025-10-25,Cash on Delivery,Successful,6496.02
PAY07729,ORD07729,2025-05-13,UPI,Successful,117342.15
PAY07730,ORD07730,2025-12-04,UPI,Pending,6190.12
PAY07731,ORD07731,2025-11-12,Net Banking,Successful,14023.02
PAY07732,ORD07732,2025-04-11,Cash on Delivery,Successful,1878.69
PAY07733,ORD07733,2025-04-22,Net Banking,Successful,1712.6
PAY07734,ORD07734,2025-11-27,Debit Card,Successful,10740.92
PAY07735,ORD07735,2025-09-17,UPI,Pending,631.54
PAY07736,ORD07736,2025-04-06,Net Banking,Successful,6273.97
PAY07737,ORD07737,2025-04-18,Cash on Delivery,Successful,15171.8
PAY07738,ORD07738,2025-09-06,Net Banking,Successful,3586.1
PAY07739,ORD07739,2025-06-08,Debit Card,Successful,7450.31
PAY07740,ORD07740,2025-10-02,Debit Card,Refunded,61771.98
PAY07741,ORD07741,2025-11-13,Net Banking,Successful,2045.54
PAY07742,ORD07742,2025-11-07,Credit Card,Successful,2591.04
PAY07743,ORD07743,2025-07-29,UPI,Successful,32507.68
PAY07744,ORD07744,2025-07-05,Upi,Successful,2805.73
PAY07745,ORD07745,2025-12-27,Credit Card,Failed,4071.98
PAY07746,ORD07746,2025-03-17,Net Banking,Successful,1934.64
PAY07747,ORD07747,2025-12-31,Net Banking,Failed,74705.87
PAY07748,ORD07748,2025-04-27,UPI,Successful,182061.27
PAY07749,ORD07749,2025-04-11,Credit Card,Successful,116741.06
PAY07750,ORD07750,2025-04-01,UPI,Failed,9582.55
PAY07751,ORD07751,2025-02-19,Net Banking,Successful,122663.48
PAY07752,ORD07752,2025-03-01,UPI,Successful,21394.03
PAY07753,ORD07753,2025-04-19,UPI,Successful,60017.11
PAY07754,ORD07754,2025-11-02,UPI,Pending,4018.29
PAY07755,ORD07755,2025-06-27,UPI,Successful,11182.19
PAY07756,ORD07756,2025-05-18,Credit Card,Successful,4477.33
PAY07757,ORD07757,06-08-2025,Cash on Delivery,Failed,263861.66
PAY07758,ORD07758,2025-09-24,Debit Card,Successful,191200.76
PAY07759,ORD07759,2025-09-15,Cash on Delivery,Pending,10766.79
PAY07760,ORD07760,2025-11-07,Cash on Delivery,Successful,10016.19
PAY07761,ORD07761,2025-07-31,UPI,Successful,1511.01
PAY07762,ORD07762,2025-11-07,Net Banking,Successful,54601.99
PAY07763,ORD07763,2025-12-27,Cash on Delivery,Successful,6127.97
PAY07764,ORD07764,2025-06-20,Debit Card,Successful,180276.17
PAY07765,ORD07765,2025-03-04,UPI,Successful,49522.61
PAY07766,ORD07766,2025-04-15,Debit Card,Refunded,40471.21
PAY07767,ORD07767,2025-04-23,Net Banking,Successful,2686.48
PAY07768,ORD07768,2025-10-17,Cash on Delivery,Refunded,2066.87
PAY07769,ORD07769,2025-05-15,Cash on Delivery,Successful,13912.91
PAY07770,ORD07770,2025-07-02,UPI,Successful,2261.19
PAY07771,ORD07771,2025-01-17,UPI,Successful,45360.01
PAY07772,ORD07772,2025-08-25,Credit Card,Successful,14353.68
PAY07773,ORD07773,2025-06-09,UPI,Successful,16685.91
PAY07774,ORD07774,2025-07-04,UPI,Successful,12926.4
PAY07775,ORD07775,2025-01-17,Credit Card,Successful,28792.83
PAY07776,ORD07776,2025-07-09,Debit Card,Successful,24480.35
PAY07777,ORD07777,2025-11-22,Cash on Delivery,Failed,6706.48
PAY07778,ORD07778,2025-01-11,Credit Card,Successful,69941.07
PAY07779,ORD07779,2025-05-09,UPI,Successful,1119.2
PAY07780,ORD07780,2025-07-14,Credit Card,Successful,18387.05
PAY07781,ORD07781,2025-08-20,Credit Card,Failed,47921.4
PAY07782,ORD07782,2025-10-20,UPI,Successful,4153.5
PAY07783,ORD07783,2025-06-14,Cash on Delivery,Successful,77860.01
PAY07784,ORD07784,2025-10-26,Cash on Delivery,Successful,26002.21
PAY07785,ORD07785,2025-12-27,Net Banking,Successful,2695.14
PAY07786,ORD07786,2025-02-20,Cash on Delivery,Successful,67981.23
PAY07787,ORD07787,2025-01-12,Cash on Delivery,Successful,4795.58
PAY07788,ORD07788,2025-04-27,Cash on Delivery,Successful,3197.34
PAY07789,ORD07789,2025-02-22,Net Banking,Successful,12255.02
PAY07790,ORD07790,2025-05-20,Cash on Delivery,Successful,28094.17
PAY07791,ORD07791,2025-09-13,Credit Card,Successful,29534.9
PAY07792,ORD07792,2025-03-20,Debit Card,Successful,51714.27
PAY07793,ORD07793,2025-03-13,UPI,Successful,55833.22
PAY07794,ORD07794,2025-03-15,Net Banking,Successful,25873.72
PAY07795,ORD07795,2025-12-25,Cash on Delivery,Successful,2673.88
PAY07796,ORD07796,2025-01-03,Debit Card,Successful,1077.6
PAY07797,ORD07797,2025-12-19,Cash on Delivery,Successful,63307.19
PAY07798,ORD07798,2025-02-02,UPI,Refunded,65562.35
PAY07799,ORD07799,2025-06-05,Net Banking,Successful,4863.61
PAY07800,ORD07800,2025-12-12,Credit Card,Successful,1073.13
PAY07801,ORD07801,2025-11-12,Debit Card,Successful,4762.75
PAY07802,ORD07802,2025-12-29,Credit Card,Successful,9298.92
PAY07803,ORD07803,2025-06-14,Credit Card,Successful,30572.62
PAY07804,ORD07804,2025-09-04,Cash on Delivery,Successful,19051.34
PAY07805,ORD07805,2025-12-22,Credit Card,Successful,6641.5
PAY07806,ORD07806,2025-05-10,Cash on Delivery,Successful,640.24
PAY07807,ORD07807,2025-06-26,Debit Card,Successful,12716.15
PAY07808,ORD07808,2025-06-10,Cash on Delivery,Successful,131515.1
PAY07809,ORD07809,2025-05-25,Credit Card,Successful,5213.03
PAY07810,ORD07810,2025-07-15,Cash on Delivery,Successful,6052.2
PAY07811,ORD07811,2025-04-18,Debit Card,Successful,1065.02
PAY07812,ORD07812,2025-10-06,Cash on Delivery,Successful,4229.89
PAY07813,ORD07813,2025-06-25,Debit Card,Successful,24401.14
PAY07814,ORD07814,2025-01-22,UPI,Successful,7124.31
PAY07815,ORD07815,2025-10-15,Net Banking,Successful,143107.06
PAY07816,ORD07816,2025-10-14,UPI,Successful,98507.79
PAY07817,ORD07817,2025-02-15,UPI,Successful,64336.36
PAY07818,ORD07818,2025-03-02,Net Banking,Successful,29027.37
PAY07819,ORD07819,2025-07-27,Net Banking,Failed,12469.08
PAY07820,ORD07820,2025-12-05,Cash on Delivery,Refunded,3347.89
PAY07821,ORD07821,2025-10-25,Upi,Successful,62472.64
PAY07822,ORD07822,2025-07-07,Debit Card,Successful,138293.24
PAY07823,ORD07823,2025-05-05,UPI,Successful,55992.73
PAY07824,ORD07824,2025-09-06,Credit Card,Failed,15971.97
PAY07825,ORD07825,2025-11-17,UPI,Successful,61420.45
PAY07826,ORD07826,2025-05-26,Credit Card,Refunded,72444.71
PAY07827,ORD07827,2025-12-29,Debit Card,Successful,197606.59
PAY07828,ORD07828,2025-12-27,Debit Card,Successful,85506.43
PAY07829,ORD07829,2025-10-08,Debit Card,Refunded,12672.47
PAY07830,ORD07830,2025-02-21,UPI,Successful,2599.29
PAY07831,ORD07831,2025-03-23,UPI,Successful,8089.43
PAY07832,ORD07832,2025-12-10,Cash on Delivery,Successful,7398.98
PAY07833,ORD07833,2025-12-07,Credit Card,Successful,6916.46
PAY07834,ORD07834,2025-03-26,UPI,Successful,16905.78
PAY07835,ORD07835,2025-09-28,UPI,Successful,3449.98
PAY07836,ORD07836,2025-11-22,Debit Card,Failed,60744.13
PAY07837,ORD07837,2025-02-28,Cash on Delivery,Failed,31797.8
PAY07838,ORD07838,2025-12-05,Debit Card,Successful,21750.03
PAY07839,ORD07839,2025-02-01,Credit Card,Successful,87259.43
PAY07840,ORD07840,2025-10-05,Cash on Delivery,Successful,26295.97
PAY07841,ORD07841,2025-07-24,Net Banking,Successful,1454.06
PAY07842,ORD07842,2025-01-04,Debit Card,Successful,18751.38
PAY07843,ORD07843,2025-12-10,UPI,Successful,4178.24
PAY07844,ORD07844,2025-11-08,Debit Card,Successful,8583.12
PAY07845,ORD07845,2025-07-03,Debit Card,Successful,6111.36
PAY07846,ORD07846,2025-05-19,UPI,Failed,15549.19
PAY07847,ORD07847,2025-02-05,Net Banking,Successful,1155.07
PAY07848,ORD07848,2025-06-28,UPI,Successful,104316.5
PAY07849,ORD07849,2025-12-22,Cash on Delivery,Successful,241308.66
PAY07850,ORD07850,2025-07-20,Credit Card,Successful,26172.37
PAY07851,ORD07851,2025-10-17,Cash on Delivery,Refunded,3460.35
PAY07852,ORD07852,2025-03-25,Cash on Delivery,Successful,5116.28
PAY07853,ORD07853,2025-12-06,UPI,Successful,115487.08
PAY07854,ORD07854,2025-09-15,Credit Card,Refunded,7716.27
PAY07855,ORD07855,2025-11-15,Credit Card,Successful,13509.11
PAY07856,ORD07856,2025-04-26,Credit Card,Successful,15827.32
PAY07857,ORD07857,2025-11-21,Net Banking,Successful,54651.7
PAY07858,ORD07858,2025-05-14,Debit Card,Successful,9886.18
PAY07859,ORD07859,2025-11-07,UPI,Successful,1993.22
PAY07860,ORD07860,2025-11-26,Net Banking,Successful,2935.99
PAY07861,ORD07861,2025-11-15,Cash on Delivery,Failed,9746.72
PAY07862,ORD07862,2025-09-03,Net Banking,Successful,2242.88
PAY07863,ORD07863,2025-07-12,Debit Card,Successful,1703.08
PAY07864,ORD07864,2025-11-11,Debit Card,Successful,3171.33
PAY07865,ORD07865,2025-10-23,UPI,Successful,3510.95
PAY07866,ORD07866,2025-01-13,UPI,Successful,50783.36
PAY07867,ORD07867,2025-04-26,Credit Card,Successful,18570.52
PAY07868,ORD07868,2025-09-24,Cash on Delivery,Successful,2078.25
PAY07869,ORD07869,2025-07-16,Credit Card,Successful,11370.08
PAY07870,ORD07870,2025-06-01,Cash on Delivery,Successful,63087.97
PAY07871,ORD07871,2025-04-02,Net Banking,Failed,12032.43
PAY07872,ORD07872,2025-10-23,Debit Card,Successful,3277.34
PAY07873,ORD07873,2025-09-24,Credit Card,Successful,9401.25
PAY07874,ORD07874,2025-12-27,Net Banking,Successful,10169.8
PAY07875,ORD07875,2025-10-13,Debit Card,Successful,7032.17
PAY07876,ORD07876,2025-06-26,Credit Card,Refunded,202986.84
PAY07877,ORD07877,2025-04-04,Net Banking,Successful,13968.68
PAY07878,ORD07878,2025-01-01,Debit Card,Failed,24701.81
PAY07879,ORD07879,2025-11-21,Cash on Delivery,Refunded,71963.88
PAY07880,ORD07880,2025-12-14,Debit Card,Successful,6538.45
PAY07881,ORD07881,2025-06-07,Net Banking,Successful,8710.18
PAY07882,ORD07882,2025-09-09,Credit Card,Successful,48772.35
PAY07883,ORD07883,2025-01-03,Credit Card,Successful,17681.71
PAY07884,ORD07884,2025-01-30,Credit Card,Successful,119579.56
PAY07885,ORD07885,2025-12-20,Debit Card,Successful,44585.71
PAY07886,ORD07886,2025-01-08,Debit Card,Successful,7148.31
PAY07887,ORD07887,2025-03-29,Cash on Delivery,Successful,273428.08
PAY07888,ORD07888,2025-08-22,UPI,Successful,13345.15
PAY07889,ORD07889,2025-03-10,Cash on Delivery,Successful,20741.44
PAY07890,ORD07890,2025-11-18,UPI,Successful,2195.94
PAY07891,ORD07891,2025-05-04,Debit Card,Successful,2014.97
PAY07892,ORD07892,2025-01-14,Cash on Delivery,Successful,5992.49
PAY07893,ORD07893,2025-01-04,Credit Card,Failed,2161.19
PAY07894,ORD07894,2025-02-24,Credit Card,Refunded,10363.38
PAY07895,ORD07895,2025-04-28,Net Banking,Successful,12534.5
PAY07896,ORD07896,2025-03-09,UPI,Successful,10737.06
PAY07897,ORD07897,2025-01-29,Cash on Delivery,Successful,11750.35
PAY07898,ORD07898,2025-08-21,Debit Card,Successful,19859.13
PAY07899,ORD07899,2025-06-24,Net Banking,Successful,17200.26
PAY07900,ORD07900,2025-07-02,Net Banking,Successful,2983.91
PAY07901,ORD07901,2025-08-09,Debit Card,Successful,133384.77
PAY07902,ORD07902,2025-01-29,Cash on Delivery,Failed,9782.53
PAY07903,ORD07903,2025-09-10,Credit Card,Pending,4862.33
PAY07904,ORD07904,2025-08-07,Debit Card,Pending,58432.96
PAY07905,ORD07905,2025-04-17,Debit Card,Refunded,2362.74
PAY07906,ORD07906,2025-04-03,Cash on Delivery,Successful,2857.45
PAY07907,ORD07907,2025-02-22,Credit Card,Successful,4328.4
PAY07908,ORD07908,2025-08-08,Debit Card,Successful,57860.3
PAY07909,ORD07909,2025-11-15,UPI,Successful,70221.61
PAY07910,ORD07910,2025-03-02,UPI,Successful,3947.82
PAY07911,ORD07911,2025-05-27,Credit Card,Successful,33337.66
PAY07912,ORD07912,2025-02-20,Cash on Delivery,Successful,12076.8
PAY07913,ORD07913,2025-06-05,Debit Card,Successful,1638.56
PAY07914,ORD07914,2025-06-27,Credit Card,Successful,20876.08
PAY07915,ORD07915,2025-11-24,Debit Card,Successful,2509.15
PAY07916,ORD07916,2025-07-23,Credit Card,Successful,909.46
PAY07917,ORD07917,2025-03-23,Debit Card,Successful,27646.17
PAY07918,ORD07918,2025-03-29,Debit Card,SUCCESSFUL,5223.8
PAY07919,ORD07919,2025-11-03,Credit Card,Successful,3212.77
PAY07920,ORD07920,2025-10-18,Debit Card,Successful,10852.35
PAY07921,ORD07921,2025-02-08,Debit Card,Pending,3405.41
PAY07922,ORD07922,2025-09-13,Debit Card,Successful,293.21
PAY07923,ORD07923,2025-08-13,Net Banking,Successful,13803.39
PAY07924,ORD07924,2025-08-20,Debit Card,Successful,3712.31
PAY07925,ORD07925,2025-12-30,Debit Card,Successful,6751.97
PAY07926,ORD07926,2025-08-02,Cash on Delivery,Successful,20407.16
PAY07927,ORD07927,2025-07-01,Net Banking,Successful,79243.65
PAY07928,ORD07928,2025-06-09,Debit Card,Successful,72266.84
PAY07929,ORD07929,2025-08-02,UPI,Successful,67207.54
PAY07930,ORD07930,2025-12-06,UPI,Successful,3092.71
PAY07931,ORD07931,2025-09-06,Net Banking,Failed,3266.79
PAY07932,ORD07932,2025-06-14,Credit Card,Successful,37528.77
PAY07933,ORD07933,2025-07-28,Debit Card,Successful,10809.51
PAY07934,ORD07934,2025-07-22,Net Banking,Successful,8935.41
PAY07935,ORD07935,2025-10-25,Debit Card,Successful,9404.87
PAY07936,ORD07936,2025-06-22,Cash on Delivery,Successful,6367.16
PAY07937,ORD07937,2025-07-11,Debit Card,Successful,1527.79
PAY07938,ORD07938,2025-06-10,Credit Card,Successful,107603.14
PAY07939,ORD07939,2025-06-19,Debit Card,Successful,14425.64
PAY07940,ORD07940,2025-08-22,Debit Card,Successful,22138.91
PAY07941,ORD07941,2025-03-26,Cash on Delivery,Successful,225113.68
PAY07942,ORD07942,2025-07-13,UPI,Successful,58550.13
PAY07943,ORD07943,2025-11-13,Cash on Delivery,Successful,6223.7
PAY07944,ORD07944,2025-10-07,Net Banking,Successful,99654.71
PAY07945,ORD07945,2025-12-19,UPI,Successful,20603.31
PAY07946,ORD07946,2025-01-04,UPI,Failed,67993.75
PAY07947,ORD07947,2025-04-23,UPI,Successful,178766.72
PAY07948,ORD07948,2025-09-16,UPI,Successful,2097.55
PAY07949,ORD07949,2025-06-01,Credit Card,Successful,36052.06
PAY07950,ORD07950,2025-03-14,UPI,Successful,69875.39
PAY07951,ORD07951,2025-06-19,Debit Card,Successful,4449.18
PAY07952,ORD07952,2025-01-15,Credit Card,Successful,46904.15
PAY07953,ORD07953,2025-04-03,UPI,Successful,4818.73
PAY07954,ORD07954,2025-02-26,Credit Card,Successful,45769.34
PAY07955,ORD07955,2025-10-15,Credit Card,Successful,2879.55
PAY07956,ORD07956,2025-10-25,Credit Card,Failed,126339.93
PAY07957,ORD07957,2025-05-16,UPI,Refunded,25983.48
PAY07958,ORD07958,2025-03-10,Debit Card,Successful,11353.9
PAY07959,ORD07959,2025-05-05,Credit Card,Successful,48509.68
PAY07960,ORD07960,2025-05-31,UPI,Successful,76035.3
PAY07961,ORD07961,2025-05-15,Net Banking,Successful,7515.22
PAY07962,ORD07962,2025-11-19,Credit Card,Successful,104838.39
PAY07963,ORD07963,2025-12-10,Net Banking,Successful,5129.63
PAY07964,ORD07964,2025-12-11,Debit Card,Successful,7302.89
PAY07965,ORD07965,2025-05-22,Cash on Delivery,Successful,45381.4
PAY07966,ORD07966,2025-11-03,Cash on Delivery,Successful,28355.14
PAY07967,ORD07967,2025-06-10,Cash on Delivery,Successful,52386.82
PAY07968,ORD07968,2025-06-19,Net Banking,Successful,2332.86
PAY07969,ORD07969,2025-10-20,Net Banking,Successful,3761.01
PAY07970,ORD07970,2025-12-16,Debit Card,Successful,63947.38
PAY07971,ORD07971,2025-08-10,Net Banking,Successful,70212.02
PAY07972,ORD07972,2025-04-25,Cash on Delivery,Successful,92522.82
PAY07973,ORD07973,2025-12-31,Credit Card,Successful,3663.33
PAY07974,ORD07974,2025-03-10,Debit Card,Successful,38921.71
PAY07975,ORD07975,2025-11-30,UPI,Failed,33004.46
PAY07976,ORD07976,2025-02-10,Net Banking,Successful,3166.09
PAY07977,ORD07977,2025-10-20,Net Banking,refunded,3677.5
PAY07978,ORD07978,2025-02-03,Credit Card,Successful,132986.72
PAY07979,ORD07979,2025-09-12,Cash on Delivery,Failed,28968.51
PAY07980,ORD07980,2025-10-22,UPI,Successful,6914.05
PAY07981,ORD07981,2025-02-02,Debit Card,Successful,612.04
PAY07982,ORD07982,2025-05-28,UPI,Successful,5755.97
PAY07983,ORD07983,2025-05-03,Cash on Delivery,Successful,20249.98
PAY07984,ORD07984,2025-01-14,Net Banking,Successful,18463.75
PAY07985,ORD07985,2025-11-09,Credit Card,Refunded,12825.76
PAY07986,ORD07986,2025-01-28,Credit Card,Successful,52436.82
PAY07987,ORD07987,2025-05-25,Cash on Delivery,Failed,51573.21
PAY07988,ORD07988,2025-11-06,Credit Card,Successful,14035.88
PAY07989,ORD07989,2025-11-22,Credit Card,Successful,2956.26
PAY07990,ORD07990,2025-11-29,Cash on Delivery,Successful,5615.35
PAY07991,ORD07991,2025-01-15,UPI,Refunded,67454.5
PAY07992,ORD07992,2025-11-12,Credit Card,Successful,3808.16
PAY07993,ORD07993,2025-09-24,Debit Card,Successful,860.78
PAY07994,ORD07994,2025-12-11,Credit Card,Successful,1769.19
PAY07995,ORD07995,2025-11-04,Debit Card,Refunded,22835.32
PAY07996,ORD07996,2025-03-28,UPI,Successful,7920.18
PAY07997,ORD07997,2025-06-03,Cash on Delivery,Successful,20461.97
PAY07998,ORD07998,2025-12-13,Credit Card,Successful,14476.23
PAY07999,ORD07999,2025-02-15,Credit Card,Successful,5197.82
PAY08000,ORD08000,2025-10-07,Cash on Delivery,Successful,1471.68
PAY08001,ORD08001,2025-06-14,Cash on Delivery,Successful,7136.01
PAY08002,ORD08002,2025-01-19,Net Banking,Successful,28245.21
PAY08003,ORD08003,2025-08-15,Debit Card,Successful,5319.68
PAY08004,ORD08004,18/06/2025,UPI,Successful,3691.68
PAY08005,ORD08005,2025-06-09,Net Banking,Successful,25594.13
PAY08006,ORD08006,2025-03-03,Cash on Delivery,Successful,63708.7
PAY08007,ORD08007,2025-10-21,Net Banking,Successful,11459.15
PAY08008,ORD08008,2025-07-09,Cash on Delivery,Successful,1063.73
PAY08009,ORD08009,2025-01-02,Credit Card,Successful,2552.12
PAY08010,ORD08010,2025-07-14,Debit Card,Failed,53401.2
PAY08011,ORD08011,2025-12-16,Credit Card,Successful,29566.02
PAY08012,ORD08012,2025-12-10,Cash on Delivery,Successful,4713.99
PAY08013,ORD08013,2025-05-22,Cash on Delivery,Successful,4605.41
PAY08014,ORD08014,2025-07-06,Credit Card,Successful,4569.25
PAY08015,ORD08015,2025-10-05,Credit Card,Successful,7999.56
PAY08016,ORD08016,2025-04-15,Net Banking,Successful,10218.63
PAY08017,ORD08017,2025-06-10,Debit Card,Pending,4965.53
PAY08018,ORD08018,2025-10-29,Credit Card,Successful,59652.88
PAY08019,ORD08019,2025-03-23,Debit Card,Successful,5269.12
PAY08020,ORD08020,2025-02-01,UPI,Failed,84148.94
PAY08021,ORD08021,2025-10-26,Net Banking,Successful,2345.26
PAY08022,ORD08022,2025-03-11,UPI,Successful,126050.04
PAY08023,ORD08023,2025-12-03,Debit Card,Successful,7987.61
PAY08024,ORD08024,2025-07-18,UPI,Successful,5842.08
PAY08025,ORD08025,2025-11-03,Net Banking,Successful,2677.3
PAY08026,ORD08026,2025-01-11,Net Banking,Successful,3663.85
PAY08027,ORD08027,2025-09-12,Debit Card,Successful,49037.54
PAY08028,ORD08028,2025-01-10,Debit Card,Successful,1635.7
PAY08029,ORD08029,2025-12-31,Debit Card,Successful,59753.81
PAY08030,ORD08030,2025-02-09,Cash on Delivery,Failed,1227.15
PAY08031,ORD08031,2025-01-14,Cash on Delivery,Successful,1982.55
PAY08032,ORD08032,2025-07-07,Debit Card,Successful,2386.79
PAY08033,ORD08033,2025-10-26,Debit Card,Successful,66113.65
PAY08034,ORD08034,2025-08-29,Net Banking,Successful,3138.0
PAY08035,ORD08035,2025-11-04,Debit Card,Successful,4408.78
PAY08036,ORD08036,2025-10-15,UPI,Successful,2052.73
PAY08037,ORD08037,2025-04-13,Debit Card,Successful,7525.1
PAY08038,ORD08038,2025-07-03,Credit Card,Successful,71553.57
PAY08039,ORD08039,2025-12-22,UPI,Refunded,8254.13
PAY08040,ORD08040,2025-10-31,Credit Card,Failed,187799.55
PAY08041,ORD08041,2025-05-05,Cash on Delivery,Refunded,2177.19
PAY08042,ORD08042,2025-08-31,Credit Card,Refunded,2776.31
PAY08043,ORD08043,2025-09-12,Net Banking,Successful,12404.26
PAY08044,ORD08044,2025-10-15,Net Banking,Successful,59198.23
PAY08045,ORD08045,2025-11-19,Cash on Delivery,Failed,100966.84
PAY08046,ORD08046,2025-03-03,Cash on Delivery,Refunded,11734.71
PAY08047,ORD08047,2025-04-30,Debit Card,Successful,3241.69
PAY08048,ORD08048,2025-06-16,Cash on Delivery,Failed,4032.18
PAY08049,ORD08049,2025-04-17,UPI,Successful,11680.11
PAY08050,ORD08050,2025-05-17,Debit Card,Successful,51513.35
PAY08051,ORD08051,2025-05-22,Net Banking,Successful,167192.33
PAY08052,ORD08052,2025-01-07,Cash on Delivery,Failed,10317.25
PAY08053,ORD08053,2025-02-20,UPI,Successful,55550.63
PAY08054,ORD08054,2025-09-15,Debit Card,Successful,59061.28
PAY08055,ORD08055,2025-08-02,UPI,Successful,626.11
PAY08056,ORD08056,2025-09-19,Cash on Delivery,Successful,13103.72
PAY08057,ORD08057,2025-09-20,Debit Card,Refunded,9770.88
PAY08058,ORD08058,2025-04-09,Credit Card,Failed,2862.88
PAY08059,ORD08059,2025-03-30,Debit Card,Refunded,39670.14
PAY08060,ORD08060,2025-09-17,Credit Card,Successful,10386.59
PAY08061,ORD08061,2025-01-28,UPI,Successful,4895.51
PAY08062,ORD08062,2025-09-23,Net Banking,Successful,819.56
PAY08063,ORD08063,2025-06-12,Debit Card,Successful,12724.33
PAY08064,ORD08064,2025-09-09,UPI,Successful,78980.81
PAY08065,ORD08065,2025-02-20,Credit Card,Successful,6110.07
PAY08066,ORD08066,2025-10-28,UPI,Successful,23360.6
PAY08067,ORD08067,2025-02-27,Net Banking,Successful,13298.88
PAY08068,ORD08068,2025-05-29,Net Banking,Successful,3267.68
PAY08069,ORD08069,2025-11-15,UPI,Successful,1315.38
PAY08070,ORD08070,2025-01-08,Credit Card,Refunded,8348.95
PAY08071,ORD08071,2025-09-19,UPI,Successful,3566.62
PAY08072,ORD08072,2025-03-10,Debit Card,Successful,9580.69
PAY08073,ORD08073,2025-09-13,Debit Card,Successful,25530.8
PAY08074,ORD08074,2025-10-04,Credit Card,Pending,1019.07
PAY08075,ORD08075,2025-11-17,Credit Card,Successful,25246.75
PAY08076,ORD08076,2025-09-11,Net Banking,Successful,2604.84
PAY08077,ORD08077,2025-04-18,Debit Card,Successful,107565.62
PAY08078,ORD08078,2025-04-25,Credit Card,Successful,92062.58
PAY08079,ORD08079,2025-12-08,Net Banking,Successful,3439.25
PAY08080,ORD08080,2025-03-29,Cash on Delivery,Successful,5700.0
PAY08081,ORD08081,2025-09-12,Credit Card,Successful,9446.4
PAY08082,ORD08082,2025-05-06,Cash on Delivery,Successful,2185.61
PAY08083,ORD08083,2025-02-28,Debit Card,Successful,70316.59
PAY08084,ORD08084,2025-09-14,Debit Card,Successful,3361.76
PAY08085,ORD08085,2025-01-25,Cash on Delivery,Successful,3639.76
PAY08086,ORD08086,2025-03-21,Net Banking,Successful,21786.51
PAY08087,ORD08087,2025-11-12,UPI,Successful,76686.48
PAY08088,ORD08088,2025-07-08,Debit Card,Successful,58138.24
PAY08089,ORD08089,2025-03-31,Net Banking,Successful,9938.68
PAY08090,ORD08090,2025-07-17,UPI,Successful,11324.71
PAY08091,ORD08091,2025-11-21,Credit Card,Successful,68243.01
PAY08092,ORD08092,2025-03-26,Cash on Delivery,Successful,15141.53
PAY08093,ORD08093,2025-03-12,Credit Card,Successful,11907.13
PAY08094,ORD08094,2025-05-18,Net Banking,Successful,5681.24
PAY08095,ORD08095,2025-12-03,UPI,Successful,74609.81
PAY08096,ORD08096,2025-05-26,Net Banking,Refunded,81726.42
PAY08097,ORD08097,2025-12-08,Debit Card,Successful,71660.92
PAY08098,ORD08098,2025-03-20,UPI,Successful,29529.45
PAY08099,ORD08099,2025-03-01,UPI,Successful,134185.65
PAY08100,ORD08100,2025-06-20,Debit Card,Successful,10693.12
PAY08101,ORD08101,2025-02-23,Credit Card,Successful,3234.67
PAY08102,ORD08102,2025-05-12,Credit Card,Successful,47916.45
PAY08103,ORD08103,2025-10-05,Debit Card,Failed,17851.7
PAY08104,ORD08104,2025-06-17,Net Banking,Successful,59264.92
PAY08105,ORD08105,2025-03-09,Net Banking,Successful,703.53
PAY08106,ORD08106,2025-09-27,Credit Card,Successful,217788.39
PAY08107,ORD08107,2025-10-27,UPI,Successful,3749.47
PAY08108,ORD08108,2025-07-02,Debit Card,Successful,5797.88
PAY08109,ORD08109,2025-05-23,Debit Card,Refunded,13295.88
PAY08110,ORD08110,2025-08-13,UPI,Successful,2960.31
PAY08111,ORD08111,2025-05-31,Debit Card,Successful,5781.21
PAY08112,ORD08112,2025-12-04,Credit Card,Successful,2675.18
PAY08113,ORD08113,2025-05-28,Cash on Delivery,Successful,54633.04
PAY08114,ORD08114,2025-06-06,Cash on Delivery,Successful,13991.54
PAY08115,ORD08115,2025-08-18,UPI,Successful,56831.04
PAY08116,ORD08116,2025-04-29,Net Banking,Successful,70116.71
PAY08117,ORD08117,2025-10-28,Cash on Delivery,Successful,53499.59
PAY08118,ORD08118,2025-07-16,Cash on Delivery,Successful,10268.92
PAY08119,ORD08119,2025-05-26,Cash on Delivery,Successful,1428.34
PAY08120,ORD08120,2025-06-06,Net Banking,Successful,216667.79
PAY08121,ORD08121,2025-09-06,UPI,Successful,4554.2
PAY08122,ORD08122,2025-02-04,Net Banking,Successful,61908.48
PAY08123,ORD08123,2025-03-23,UPI,Successful,198033.83
PAY08124,ORD08124,27/12/2025,Net Banking,Successful,5393.39
PAY08125,ORD08125,2025-10-01,Credit Card,Failed,3291.47
PAY08126,ORD08126,2025-06-02,Net Banking,Successful,64171.16
PAY08127,ORD08127,2025-01-09,UPI,Successful,1087.06
PAY08128,ORD08128,2025-01-13,Credit Card,Successful,71513.63
PAY08129,ORD08129,2025-02-12,Net Banking,Successful,47256.94
PAY08130,ORD08130,2025-05-31,Cash on Delivery,Successful,3157.98
PAY08131,ORD08131,2025-05-02,UPI,Successful,30923.72
PAY08132,ORD08132,2025-04-25,Net Banking,Pending,4995.86
PAY08133,ORD08133,2025-12-26,Cash on Delivery,Successful,58977.17
PAY08134,ORD08134,2025-06-24,Credit Card,Successful,106307.6
PAY08135,ORD08135,2025-04-23,Cash on Delivery,Successful,4717.37
PAY08136,ORD08136,2025-09-07,UPI,Successful,2542.06
PAY08137,ORD08137,2025-03-09,Debit Card,Successful,64590.63
PAY08138,ORD08138,2025-03-04,Cash on Delivery,Successful,1099.84
PAY08139,ORD08139,2025-03-19,Credit Card,Successful,4423.31
PAY08140,ORD08140,2025-03-01,Credit Card,Successful,1527.15
PAY08141,ORD08141,2025-01-01,Credit Card,Refunded,32893.42
PAY08142,ORD08142,2025-09-27,UPI,Failed,717.18
PAY08143,ORD08143,2025-05-21,Credit Card,Successful,9140.37
PAY08144,ORD08144,2025-04-06,Credit Card,Successful,109238.99
PAY08145,ORD08145,2025-03-12,UPI,Successful,42374.3
PAY08146,ORD08146,2025-08-22,Net Banking,Successful,14031.68
PAY08147,ORD08147,2025-08-16,Debit Card,Successful,3589.21
PAY08148,ORD08148,2025-11-03,Credit Card,Successful,100400.99
PAY08149,ORD08149,2025-04-21,Credit Card,Successful,10750.46
PAY08150,ORD08150,2025-12-12,Credit Card,Successful,13471.87
PAY08151,ORD08151,2025-05-01,Credit Card,Successful,155435.4
PAY08152,ORD08152,2025-11-02,Debit Card,Successful,11538.67
PAY08153,ORD08153,2025-12-06,Cash on Delivery,Successful,27275.28
PAY08154,ORD08154,2025-09-08,UPI,Successful,139284.76
PAY08155,ORD08155,2025-04-26,Debit Card,Successful,41651.97
PAY08156,ORD08156,2025-02-19,Cash on Delivery,Successful,3789.66
PAY08157,ORD08157,2025-06-24,Cash on Delivery,Successful,4999.15
PAY08158,ORD08158,2025-11-24,Credit Card,Successful,16268.94
PAY08159,ORD08159,2025-07-02,Net Banking,Failed,9208.06
PAY08160,ORD08160,2025-04-02,UPI,Successful,1306.06
PAY08161,ORD08161,2025-03-23,Debit Card,Successful,135263.7
PAY08162,ORD08162,2025-11-06,Debit Card,Successful,202468.73
PAY08163,ORD08163,2025-02-21,Net Banking,Refunded,18123.82
PAY08164,ORD08164,2025-10-13,Net Banking,Successful,7052.24
PAY08165,ORD08165,2025-09-17,,Successful,46710.17
PAY08166,ORD08166,22/09/2025,UPI,Refunded,5165.2
PAY08167,ORD08167,2025-09-28,Net Banking,Successful,64248.25
PAY08168,ORD08168,2025-11-05,UPI,Successful,49154.73
PAY08169,ORD08169,2025-04-03,Credit Card,Successful,3105.82
PAY08170,ORD08170,2025-09-12,Cash on Delivery,Refunded,23046.2
PAY08171,ORD08171,2025-05-01,UPI,Successful,51865.43
PAY08172,ORD08172,2025-11-25,Net Banking,Successful,13575.72
PAY08173,ORD08173,2025-05-11,Debit Card,Successful,11874.44
PAY08174,ORD08174,2025-12-03,Net Banking,Successful,33870.57
PAY08175,ORD08175,2025-06-23,Credit Card,Successful,3254.75
PAY08176,ORD08176,2025-04-11,Net Banking,Successful,4196.73
PAY08177,ORD08177,2025-10-16,UPI,Failed,1592.94
PAY08178,ORD08178,2025-12-31,Net Banking,Successful,20104.0
PAY08179,ORD08179,2025-08-16,Debit Card,Successful,3558.58
PAY08180,ORD08180,2025-05-19,Net Banking,Successful,723.28
PAY08181,ORD08181,2025-12-12,UPI,Successful,5069.57
PAY08182,ORD08182,2025-05-30,Net Banking,Successful,1743.93
PAY08183,ORD08183,2025-04-11,Debit Card,Successful,2468.92
PAY08184,ORD08184,2025-01-13,Debit Card,Successful,7919.35
PAY08185,ORD08185,2025-12-15,credit card,Refunded,9679.09
PAY08186,ORD08186,2025-04-26,Credit Card,Successful,4999.69
PAY08187,ORD08187,2025-04-09,Net Banking,Successful,2124.68
PAY08188,ORD08188,2025-05-31,,Failed,37381.46
PAY08189,ORD08189,2025-01-02,Debit Card,Failed,46243.34
PAY08190,ORD08190,2025-12-02,Cash on Delivery,Failed,6572.08
PAY08191,ORD08191,2025-03-29,Debit Card,Successful,7430.12
PAY08192,ORD08192,2025-09-03,Debit Card,Successful,198461.5
PAY08193,ORD08193,2025-10-21,Credit Card,Refunded,8924.78
PAY08194,ORD08194,2025-09-06,Cash on Delivery,Successful,241789.83
PAY08195,ORD08195,2025-02-12,Cash on Delivery,Successful,8996.47
PAY08196,ORD08196,2025-09-11,UPI,Successful,1540.22
PAY08197,ORD08197,2025-10-29,UPI,Successful,8137.73
PAY08198,ORD08198,2025-02-09,Cash on Delivery,Successful,2933.08
PAY08199,ORD08199,2025-06-05,Net Banking,Successful,43887.9
PAY08200,ORD08200,2025-09-15,Credit Card,Failed,8028.97
PAY08201,ORD08201,2025-08-30,Cash on Delivery,Pending,55123.08
PAY08202,ORD08202,2025-05-24,Credit Card,Successful,93296.03
PAY08203,ORD08203,2025-04-01,UPI,Successful,4303.88
PAY08204,ORD08204,2025-07-16,Net Banking,Successful,6815.16
PAY08205,ORD08205,2025-11-18,Credit Card,Successful,18068.87
PAY08206,ORD08206,2025-03-15,UPI,Successful,23826.9
PAY08207,ORD08207,2025-02-13,Net Banking,Successful,2647.34
PAY08208,ORD08208,2025-08-26,Cash on Delivery,Successful,4170.72
PAY08209,ORD08209,2025-10-23,UPI,Successful,12369.02
PAY08210,ORD08210,2025-08-07,Net Banking,Successful,21677.08
PAY08211,ORD08211,2025-01-29,Cash on Delivery,Successful,186367.35
PAY08212,ORD08212,2025-01-25,Net Banking,Successful,10051.24
PAY08213,ORD08213,2025-05-22,UPI,Successful,15593.77
PAY08214,ORD08214,2025-03-15,UPI,Successful,21420.84
PAY08215,ORD08215,2025-07-19,Cash on Delivery,Successful,14159.55
PAY08216,ORD08216,2025-12-07,Credit Card,Successful,3669.12
PAY08217,ORD08217,2025-02-19,UPI ,Successful,3473.78
PAY08218,ORD08218,2025-06-23,Cash on Delivery,Successful,10443.98
PAY08219,ORD08219,2025-02-17,Cash on Delivery,Successful,9883.65
PAY08220,ORD08220,2025-01-10,Debit Card,Refunded,19256.67
PAY08221,ORD08221,2025-07-30,Credit Card,Pending,27644.06
PAY08222,ORD08222,2025-06-28,Credit Card,Successful,315.83
PAY08223,ORD08223,2025-05-03,Credit Card,Successful,64076.03
PAY08224,ORD08224,2025-11-26,Debit Card,Successful,1647.99
PAY08225,ORD08225,2025-05-19,Cash on Delivery,Successful,75129.99
PAY08226,ORD08226,2025-12-21,Credit Card,Successful,12408.88
PAY08227,ORD08227,2025-07-07,UPI,Successful,21324.68
PAY08228,ORD08228,2025-07-18,Net Banking,Successful,11595.14
PAY08229,ORD08229,2025-04-01,Debit Card,Successful,120132.17
PAY08230,ORD08230,2025-10-31,UPI,Successful,50486.59
PAY08231,ORD08231,2025-03-23,Net Banking,Successful,78503.64
PAY08232,ORD08232,2025-04-10,Debit Card,Successful,9244.16
PAY08233,ORD08233,2025-06-19,UPI,Successful,50311.37
PAY08234,ORD08234,2025-03-13,Net Banking,Successful,116356.98
PAY08235,ORD08235,2025-01-17,Cash on Delivery,Pending,884.51
PAY08236,ORD08236,14/02/2025,Credit Card,Successful,7820.34
PAY08237,ORD08237,2025-07-14,Debit Card,Successful,6820.2
PAY08238,ORD08238,2025-08-14,Net Banking,Successful,13280.93
PAY08239,ORD08239,2025-01-19,Debit Card,Successful,18396.92
PAY08240,ORD08240,2025-12-11,Debit Card,Successful,2266.52
PAY08241,ORD08241,2025-03-31,Debit Card,Failed,25603.83
PAY08242,ORD08242,2025-03-23,Net Banking,Successful,15072.55
PAY08243,ORD08243,2025-03-23,Net Banking,Successful,3246.37
PAY08244,ORD08244,2025-07-21,Cash on Delivery,Successful,15867.73
PAY08245,ORD08245,2025-09-11,Credit Card,Successful,4207.74
PAY08246,ORD08246,2025-02-09,Debit Card,Successful,131371.77
PAY08247,ORD08247,2025-02-17,Credit Card,Successful,73084.42
PAY08248,ORD08248,2025-07-01,Debit Card,Successful,4464.14
PAY08249,ORD08249,2025-04-16,Debit Card,Successful,21992.25
PAY08250,ORD08250,2025-04-26,Debit Card,Successful,6150.09
PAY08251,ORD08251,2025-03-23,Credit Card,Successful,3479.53
PAY08252,ORD08252,2025-03-23,Debit Card,Successful,96024.48
PAY08253,ORD08253,2025-08-06,Cash on Delivery,Successful,42312.42
PAY08254,ORD08254,2025-03-06,Cash on Delivery,Successful,184790.57
PAY08255,ORD08255,2025-12-24,Credit Card,Successful,645.9
PAY08256,ORD08256,2025-02-07,Net Banking,Successful,16854.07
PAY08257,ORD08257,2025-11-26,Net Banking,Successful,12907.68
PAY08258,ORD08258,2025-01-07,Net Banking,Successful,20693.72
PAY08259,ORD08259,2025-06-21,Cash on Delivery,Successful,14692.27
PAY08260,ORD08260,2025-05-31,Net Banking,Refunded,1737.34
PAY08261,ORD08261,2025-12-21,Net Banking,Successful,6224.76
PAY08262,ORD08262,2025-11-02,Cash on Delivery,Successful,6556.95
PAY08263,ORD08263,2025-03-17,Credit Card,Successful,14361.78
PAY08264,ORD08264,2025-11-06,Cash on Delivery,Successful,38003.51
PAY08265,ORD08265,2025-01-27,Credit Card,Successful,64390.22
PAY08266,ORD08266,2025-04-28,Credit Card,Successful,54312.95
PAY08267,ORD08267,2025-11-13,Debit Card,Failed,9873.04
PAY08268,ORD08268,2025-01-21,UPI,Failed,4839.19
PAY08269,ORD08269,2025-05-29,Cash on Delivery,Successful,65663.19
PAY08270,ORD08270,2025-11-15,UPI,Successful,272426.13
PAY08271,ORD08271,2025-02-05,UPI,Successful,14637.47
PAY08272,ORD08272,2025-01-24,Debit Card,Successful,10862.95
PAY08273,ORD08273,2025-07-14,Net Banking,Successful,2252.36
PAY08274,ORD08274,2025-10-17,UPI,Successful,30181.6
PAY08275,ORD08275,2025-04-05,Cash on Delivery,Successful,132132.26
PAY08276,ORD08276,2025-11-24,Net Banking,Refunded,5458.43
PAY08277,ORD08277,2025-05-24,Net Banking,Successful,27595.28
PAY08278,ORD08278,2025-01-03,Debit Card,Successful,4057.47
PAY08279,ORD08279,2025-01-12,Credit Card,Failed,197387.33
PAY08280,ORD08280,2025-04-20,Net Banking,Successful,48300.27
PAY08281,ORD08281,2025-11-09,Cash on Delivery,Successful,139090.5
PAY08282,ORD08282,2025-08-01,Net Banking,Successful,6271.47
PAY08283,ORD08283,2025-09-29,Net Banking,Successful,3843.43
PAY08284,ORD08284,2025-06-23,UPI,Successful,48444.76
PAY08285,ORD08285,2025-06-30,Credit Card,Successful,935.28
PAY08286,ORD08286,2025-08-07,Cash on Delivery,Successful,5877.89
PAY08287,ORD08287,2025-05-15,Net Banking,Successful,17454.94
PAY08288,ORD08288,2025-08-18,Credit Card,Successful,5323.35
PAY08289,ORD08289,2025-10-22,Credit Card,Successful,44898.38
PAY08290,ORD08290,2025-05-14,UPI,Successful,5325.17
PAY08291,ORD08291,2025-05-30,Net Banking,Refunded,40020.88
PAY08292,ORD08292,2025-11-28,Debit Card,Successful,159628.1
PAY08293,ORD08293,2025-04-20,Cash on Delivery,Successful,6707.65
PAY08294,ORD08294,2025-03-27,Net Banking,Successful,4841.37
PAY08295,ORD08295,2025-07-26,Debit Card,Successful,8571.46
PAY08296,ORD08296,2025-10-27,Debit Card,Successful,9923.66
PAY08297,ORD08297,2025-06-17,Debit Card,Successful,5926.37
PAY08298,ORD08298,2025-09-25,Cash on Delivery,Failed,1702.07
PAY08299,ORD08299,2025-09-04,Cash on Delivery,Successful,9761.13
PAY08300,ORD08300,2025-04-30,Debit Card,Successful,50879.17
PAY08301,ORD08301,2025-02-24,Cash on Delivery,Successful,39061.67
PAY08302,ORD08302,2025-01-03,Credit Card,Successful,12671.49
PAY08303,ORD08303,2025-08-13,UPI,Successful,16851.21
PAY08304,ORD08304,2025-05-14,Net Banking,Successful,695.93
PAY08305,ORD08305,2025-02-25,UPI,Successful,2880.69
PAY08306,ORD08306,2025-12-14,Net Banking,Successful,64711.77
PAY08307,ORD08307,2025-07-31,UPI,Successful,11294.16
PAY08308,ORD08308,2025-11-27,Debit Card,Refunded,7826.25
PAY08309,ORD08309,2025-11-12,Net Banking,Successful,12611.25
PAY08310,ORD08310,2025-08-26,UPI,Successful,138357.23
PAY08311,ORD08311,2025-04-21,Net Banking,Successful,3198.41
PAY08312,ORD08312,2025-01-11,UPI,Successful,4731.48
PAY08313,ORD08313,2025-11-15,Credit Card,Successful,6145.49
PAY08314,ORD08314,2025-04-08,Cash on Delivery,Successful,124395.68
PAY08315,ORD08315,2025-10-14,Credit Card,Successful,116435.91
PAY08316,ORD08316,2025-08-20,UPI,Successful,7365.25
PAY08317,ORD08317,2025-04-15,Credit Card,Successful,46612.51
PAY08318,ORD08318,2025-10-16,Cash on Delivery,Refunded,10187.76
PAY08319,ORD08319,2025-07-12,UPI,Successful,68914.91
PAY08320,ORD08320,2025-12-17,UPI,Successful,147784.06
PAY08321,ORD08321,2025-02-03,UPI,Successful,113501.41
PAY08322,ORD08322,2025-07-28,Debit Card,Successful,53497.68
PAY08323,ORD08323,2025-11-15,Credit Card,Successful,64643.42
PAY08324,ORD08324,2025-12-30,Debit Card,Successful,135582.66
PAY08325,ORD08325,2025-02-06,Credit Card,Failed,2563.58
PAY08326,ORD08326,2025-04-19,UPI,Successful,5162.39
PAY08327,ORD08327,2025-06-17,Cash on Delivery,Successful,5163.53
PAY08328,ORD08328,2025-07-18,Debit Card,Successful,20924.97
PAY08329,ORD08329,2025-03-20,UPI,Refunded,89760.36
PAY08330,ORD08330,2025-10-30,Debit Card,Successful,5872.06
PAY08331,ORD08331,2025-02-06,Debit Card,Successful,137510.58
PAY08332,ORD08332,2025-02-09,Debit Card,Successful,80183.32
PAY08333,ORD08333,2025-05-08,Debit Card,Refunded,4347.38
PAY08334,ORD08334,2025-01-15,UPI,Successful,3639.17
PAY08335,ORD08335,2025-02-21,Net Banking,Successful,156898.06
PAY08336,ORD08336,2025-07-30,Net Banking,Successful,8342.72
PAY08337,ORD08337,2025-01-30,Credit Card,Successful,92761.54
PAY08338,ORD08338,2025-09-01,Credit Card,Refunded,13751.55
PAY08339,ORD08339,2025-09-01,Credit Card,Successful,6301.7
PAY08340,ORD08340,2025-08-02,upi,Successful,68557.04
PAY08341,ORD08341,2025-08-18,UPI,Successful,5188.28
PAY08342,ORD08342,2025-03-28,Net Banking,Successful,139047.83
PAY08343,ORD08343,2025-07-31,Credit Card,Successful,5281.67
PAY08344,ORD08344,2025-01-23,UPI,Successful,10090.92
PAY08345,ORD08345,2025-11-23,Net Banking,Successful,81888.97
PAY08346,ORD08346,2025-08-29,UPI,Successful,33516.45
PAY08347,ORD08347,2025-01-01,Credit Card,Successful,3295.38
PAY08348,ORD08348,2025-01-29,Credit Card,Successful,45744.92
PAY08349,ORD08349,2025-04-21,Net Banking,Successful,3257.66
PAY08350,ORD08350,2025-11-19,Debit Card,Failed,24710.24
PAY08351,ORD08351,2025-07-15,Net Banking,Pending,9233.3
PAY08352,ORD08352,2025-10-06,UPI,Successful,94295.67
PAY08353,ORD08353,2025-02-18,Debit Card,Successful,5328.84
PAY08354,ORD08354,23/06/2025,Debit Card,Successful,11973.36
PAY08355,ORD08355,2025-01-21,UPI,Successful,71359.86
PAY08356,ORD08356,2025-02-01,Credit Card,Successful,22774.58
PAY08357,ORD08357,2025-01-04,Net Banking,Successful,8651.35
PAY08358,ORD08358,2025-03-09,Cash on Delivery,Refunded,3519.05
PAY08359,ORD08359,2025-03-28,Credit Card,Refunded,158194.1
PAY08360,ORD08360,2025-10-14,Cash on Delivery,Successful,9606.86
PAY08361,ORD08361,2025-06-13,Credit Card,Successful,71346.0
PAY08362,ORD08362,2025-03-04,Cash on Delivery,Successful,116804.96
PAY08363,ORD08363,2025-02-04,Debit Card,SUCCESSFUL,4307.41
PAY08364,ORD08364,2025-10-17,UPI,Successful,22250.49
PAY08365,ORD08365,2025-10-29,Credit Card,Successful,16682.35
PAY08366,ORD08366,2025-07-15,Debit Card,Successful,14329.73
PAY08367,ORD08367,2025-11-12,Net Banking,Successful,3711.37
PAY08368,ORD08368,2025-02-03,UPI,Successful,2021.71
PAY08369,ORD08369,2025-05-25,Cash on Delivery,Successful,2529.95
PAY08370,ORD08370,2025-02-10,Debit Card,Successful,1335.5
PAY08371,ORD08371,2025-04-28,Cash on Delivery,Successful,2037.03
PAY08372,ORD08372,2025-03-18,Upi,Pending,9805.54
PAY08373,ORD08373,2025-07-05,Debit Card,Successful,11014.45
PAY08374,ORD08374,2025-07-15,Cash on Delivery,Successful,4146.55
PAY08375,ORD08375,2025-10-30,Debit Card,Successful,38296.55
PAY08376,ORD08376,2025-11-20,Debit Card,Successful,3290.64
PAY08377,ORD08377,2025-08-10,Credit Card,Successful,10730.54
PAY08378,ORD08378,2025-02-25,Credit Card,Successful,12774.3
PAY08379,ORD08379,2025-01-11,Net Banking,Successful,5264.27
PAY08380,ORD08380,2025-05-10,Net Banking,Successful,5931.88
PAY08381,ORD08381,2025-07-19,Cash on Delivery,Successful,109172.97
PAY08382,ORD08382,2025-01-19,Debit Card,Successful,1361.16
PAY08383,ORD08383,2025-03-22,Debit Card,Refunded,15393.97
PAY08384,ORD08384,2025-09-23,UPI,Failed,4967.88
PAY08385,ORD08385,2025-06-16,Cash on Delivery,Successful,3593.57
PAY08386,ORD08386,2025-01-26,Net Banking,Successful,45856.91
PAY08387,ORD08387,2025-06-26,UPI,Successful,12554.7
PAY08388,ORD08388,2025-01-02,UPI,Successful,133797.51
PAY08389,ORD08389,2025-03-14,Credit Card ,Successful,65604.05
PAY08390,ORD08390,2025-08-03,UPI,Successful,12856.96
PAY08391,ORD08391,2025-07-11,Debit Card,Successful,2589.38
PAY08392,ORD08392,2025-03-01,UPI,Failed,10104.75
PAY08393,ORD08393,2025-11-19,Debit Card,Successful,15061.89
PAY08394,ORD08394,2025-09-15,Net Banking,Successful,48541.94
PAY08395,ORD08395,2025-03-05,UPI,Failed,5658.18
PAY08396,ORD08396,2025-03-20,Debit Card,Successful,88742.4
PAY08397,ORD08397,2025-01-09,Cash on Delivery,Successful,10740.59
PAY08398,ORD08398,2025-12-20,Credit Card,Successful,6002.02
PAY08399,ORD08399,2025-01-08,UPI,Successful,6788.87
PAY08400,ORD08400,2025-09-26,Credit Card,Successful,3426.29
PAY08401,ORD08401,2025-08-06,UPI,Refunded,76339.7
PAY08402,ORD08402,2025-05-24,Credit Card,Successful,49132.59
PAY08403,ORD08403,2025-03-27,Debit Card,Successful,110816.31
PAY08404,ORD08404,2025-09-08,Net Banking,Successful,4351.15
PAY08405,ORD08405,2025-09-13,UPI,Successful,218944.22
PAY08406,ORD08406,2025-01-23,Net Banking,Successful,69660.27
PAY08407,ORD08407,2025-04-28,Credit Card,Successful,158384.0
PAY08408,ORD08408,2025-07-17,UPI,Successful,12171.77
PAY08409,ORD08409,2025-08-18,Debit Card,Pending,127373.44
PAY08410,ORD08410,2025-03-31,UPI,Successful,10432.74
PAY08411,ORD08411,2025-01-17,Net Banking,Successful,1803.65
PAY08412,ORD08412,2025-12-30,Debit Card,Successful,32439.16
PAY08413,ORD08413,2025-11-30,Debit Card,Successful,19297.54
PAY08414,ORD08414,2025-11-03,UPI,Successful,14866.23
PAY08415,ORD08415,2025-05-12,UPI,Refunded,40691.2
PAY08416,ORD08416,2025-03-04,Debit Card,Successful,31326.79
PAY08417,ORD08417,2025-11-01,UPI,Successful,12031.54
PAY08418,ORD08418,2025-06-14,Cash on Delivery,Successful,2171.67
PAY08419,ORD08419,2025-05-16,Cash on Delivery,Refunded,19745.48
PAY08420,ORD08420,2025-07-28,UPI,Successful,119503.28
PAY08421,ORD08421,2025-08-25,Cash on Delivery,Refunded,3916.73
PAY08422,ORD08422,2025-05-06,Cash on Delivery,Failed,86523.94
PAY08423,ORD08423,2025-02-26,Upi,Successful,7835.83
PAY08424,ORD08424,2025-05-11,Net Banking,Successful,28726.02
PAY08425,ORD08425,2025-09-15,Debit Card,Pending,4217.73
PAY08426,ORD08426,2025-04-19,Cash on Delivery,Successful,7705.09
PAY08427,ORD08427,2025-09-24,UPI,Successful,127706.24
PAY08428,ORD08428,2025-03-16,Cash on Delivery,Successful,3338.37
PAY08429,ORD08429,2025-08-28,Cash on Delivery,Successful,16528.72
PAY08430,ORD08430,2025-08-07,Cash on Delivery,Successful,2623.24
PAY08431,ORD08431,2025-10-01,Cash on Delivery,Successful,2082.64
PAY08432,ORD08432,2025-03-07,Net Banking,Successful,3979.72
PAY08433,ORD08433,2025-11-01,Credit Card,Successful,507.18
PAY08434,ORD08434,2025-08-08,Credit Card,Failed,8423.74
PAY08435,ORD08435,2025-06-25,UPI,Successful,11670.11
PAY08436,ORD08436,2025-11-28,Net Banking,Successful,4576.4
PAY08437,ORD08437,2025-01-16,Credit Card,Refunded,4241.57
PAY08438,ORD08438,2025-03-21,UPI,Failed,12385.02
PAY08439,ORD08439,2025-06-03,Credit Card,Successful,2642.09
PAY08440,ORD08440,2025-08-01,Cash on Delivery,Successful,9458.34
PAY08441,ORD08441,2025-05-31,UPI,Successful,113297.41
PAY08442,ORD08442,2025-10-11,UPI,Successful,4046.0
PAY08443,ORD08443,2025-04-21,UPI,Successful,34032.85
PAY08444,ORD08444,2025-06-06,UPI,Successful,9633.61
PAY08445,ORD08445,2025-04-22,Debit Card,Successful,35563.71
PAY08446,ORD08446,02/08/2025,Debit Card,Successful,3773.1
PAY08447,ORD08447,2025-03-09,Net Banking,Pending,178497.46
PAY08448,ORD08448,2025-11-03,Debit Card,Refunded,19824.77
PAY08449,ORD08449,2025-07-06,Credit Card,Successful,61180.34
PAY08450,ORD08450,2025-12-10,Cash on Delivery,Successful,70121.33
PAY08451,ORD08451,2025-11-06,Credit Card,Successful,31688.81
PAY08452,ORD08452,2025-12-07,Credit Card,Successful,2045.41
PAY08453,ORD08453,2025-12-25,Debit Card,Successful,13502.94
PAY08454,ORD08454,2025-01-01,Cash on Delivery,Successful,63262.38
PAY08455,ORD08455,2025-04-30,Net Banking,Successful,4572.95
PAY08456,ORD08456,2025-11-24,UPI,Successful,7297.98
PAY08457,ORD08457,2025-11-10,Credit Card,Successful,6581.88
PAY08458,ORD08458,2025-12-11,Cash on Delivery,Successful,59225.98
PAY08459,ORD08459,2025-01-05,Credit Card,Successful,8435.96
PAY08460,ORD08460,2025-02-15,Cash on Delivery,Successful,6176.59
PAY08461,ORD08461,2025-07-02,UPI,Pending,123388.59
PAY08462,ORD08462,2025-02-25,UPI,Successful,21815.98
PAY08463,ORD08463,2025-03-20,Net Banking,Successful,6287.87
PAY08464,ORD08464,2025-07-01,Net Banking,Successful,68416.35
PAY08465,ORD08465,2025-05-20,Debit Card,Successful,3476.18
PAY08466,ORD08466,2025-02-07,Net Banking,Successful,8228.81
PAY08467,ORD08467,2025-10-07,Credit Card,Successful,128582.32
PAY08468,ORD08468,2025-06-22,Credit Card,Successful,4703.47
PAY08469,ORD08469,2025-02-02,Debit Card,Successful,66407.99
PAY08470,ORD08470,2025-11-04,Debit Card,Successful,2063.3
PAY08471,ORD08471,2025-01-12,Cash on Delivery,Successful,7560.84
PAY08472,ORD08472,2025-11-07,Net Banking,Pending,812.39
PAY08473,ORD08473,2025-03-03,Cash on Delivery,Successful,12026.43
PAY08474,ORD08474,2025-01-20,Cash on Delivery,Failed,5649.99
PAY08475,ORD08475,2025-10-13,Net Banking,Successful,17540.46
PAY08476,ORD08476,2025-01-16,Debit Card,Failed,84844.15
PAY08477,ORD08477,2025-05-16,Debit Card,Successful,1680.17
PAY08478,ORD08478,2025-01-08,Debit Card,Successful,8949.31
PAY08479,ORD08479,2025-08-24,Cash on Delivery,Successful,9952.67
PAY08480,ORD08480,2025-03-12,Cash on Delivery,Pending,10292.63
PAY08481,ORD08481,2025-12-13,Cash on Delivery,Successful,195006.16
PAY08482,ORD08482,2025-07-23,UPI,Successful,9381.25
PAY08483,ORD08483,2025-03-16,Debit Card,Successful,19158.53
PAY08484,ORD08484,2025-11-18,Net Banking,Successful,58289.91
PAY08485,ORD08485,2025-01-05,UPI,Successful,14783.83
PAY08486,ORD08486,2025-03-30,Cash on Delivery,Successful,7702.79
PAY08487,ORD08487,2025-03-26,Cash on Delivery,Successful,11736.19
PAY08488,ORD08488,2025-08-02,UPI,Refunded,80511.53
PAY08489,ORD08489,2025-12-22,UPI,Failed,4538.13
PAY08490,ORD08490,2025-02-14,Net Banking,Successful,59559.86
PAY08491,ORD08491,2025-02-10,Credit Card,Pending,5303.28
PAY08492,ORD08492,2025-08-23,Cash on Delivery,Successful,4819.06
PAY08493,ORD08493,2025-11-02,Cash on Delivery,Successful,4548.57
PAY08494,ORD08494,2025-02-10,UPI,Successful,219771.75
PAY08495,ORD08495,2025-05-17,Cash on Delivery,Successful,4026.59
PAY08496,ORD08496,2025-05-30,Cash on Delivery,Successful,5543.43
PAY08497,ORD08497,2025-04-24,Net Banking,Successful,18235.25
PAY08498,ORD08498,2025-12-10,UPI,Successful,6455.75
PAY08499,ORD08499,2025-02-27,UPI,Successful,13309.56
PAY08500,ORD08500,2025-09-17,Credit Card,Refunded,8298.06
PAY08501,ORD08501,2025-09-17,Cash on Delivery,Pending,4393.82
PAY08502,ORD08502,2025-07-31,UPI,Successful,70199.7
PAY08503,ORD08503,2025-12-29,Net Banking,Refunded,9268.74
PAY08504,ORD08504,2025-12-20,Credit Card,Successful,63238.96
PAY08505,ORD08505,2025-06-10,Credit Card,Successful,14371.4
PAY08506,ORD08506,2025-07-02,Cash on Delivery,Successful,7010.86
PAY08507,ORD08507,2025-12-03,UPI,Successful,58735.54
PAY08508,ORD08508,2025-05-07,Cash on Delivery,Successful,76127.79
PAY08509,ORD08509,2025-05-30,Debit Card,Successful,62069.38
PAY08510,ORD08510,2025-03-10,Debit Card,Successful,9037.86
PAY08511,ORD08511,2025-09-05,Debit Card,Successful,6243.06
PAY08512,ORD08512,2025-06-20,Cash on Delivery,Successful,2526.22
PAY08513,ORD08513,2025-10-16,Debit Card,Successful,2446.12
PAY08514,ORD08514,2025-10-06,Debit Card,Successful,251072.73
PAY08515,ORD08515,2025-05-28,UPI,Successful,15432.33
PAY08516,ORD08516,2025-12-21,Net Banking,Successful,70765.23
PAY08517,ORD08517,2025-11-30,Credit Card,Successful,31222.12
PAY08518,ORD08518,2025-03-04,UPI,Successful,3050.22
PAY08519,ORD08519,2025-02-27,Credit Card,Successful,110339.44
PAY08520,ORD08520,2025-11-09,UPI,Successful,59893.89
PAY08521,ORD08521,2025-02-26,UPI,Pending,6023.91
PAY08522,ORD08522,2025-08-17,Credit Card,Successful,89557.52
PAY08523,ORD08523,2025-05-24,Cash on Delivery,Successful,5772.66
PAY08524,ORD08524,2025-10-17,Credit Card,Refunded,34549.5
PAY08525,ORD08525,2025-06-27,,Successful,177432.1
PAY08526,ORD08526,2025-07-14,Credit Card,Successful,507.68
PAY08527,ORD08527,2025-08-09,Credit Card,Successful,12709.19
PAY08528,ORD08528,2025-04-21,Cash on Delivery,Successful,7359.26
PAY08529,ORD08529,2025-06-23,Net Banking,Successful,8676.56
PAY08530,ORD08530,2025-01-17,UPI,Pending,2110.67
PAY08531,ORD08531,2025-12-02,Debit Card,Successful,4924.9
PAY08532,ORD08532,2025-04-11,Cash on Delivery,Successful,3959.33
PAY08533,ORD08533,2025-12-04,Cash on Delivery,Successful,13058.48
PAY08534,ORD08534,2025-07-24,Net Banking,Failed,19713.43
PAY08535,ORD08535,2025-08-21,Debit Card,Successful,2904.47
PAY08536,ORD08536,2025-02-24,Net Banking,Successful,1433.21
PAY08537,ORD08537,2025-03-22,Net Banking,Successful,2912.2
PAY08538,ORD08538,2025-09-29,UPI,Refunded,63275.71
PAY08539,ORD08539,2025-01-17,Net Banking,Successful,8275.38
PAY08540,ORD08540,2025-02-18,Credit Card,Refunded,194702.93
PAY08541,ORD08541,2025-02-02,Credit Card,Successful,23457.77
PAY08542,ORD08542,2025-03-04,Net Banking,Successful,57035.35
PAY08543,ORD08543,2025-12-08,Credit Card,Successful,3334.03
PAY08544,ORD08544,2025-10-13,UPI,Successful,53857.97
PAY08545,ORD08545,2025-03-14,Credit Card,Successful,204155.61
PAY08546,ORD08546,2025-11-20,Credit Card,Successful,119647.42
PAY08547,ORD08547,2025-06-22,Cash on Delivery,Successful,3282.37
PAY08548,ORD08548,2025-08-08,UPI,Successful,4789.49
PAY08549,ORD08549,2025-06-09,UPI,Successful,9768.96
PAY08550,ORD08550,2025-09-11,UPI,Successful,1569.31
PAY08551,ORD08551,2025-02-05,UPI,Successful,11742.76
PAY08552,ORD08552,2025-04-29,Debit Card,Successful,10483.5
PAY08553,ORD08553,2025-04-21,Credit Card,Successful,8640.62
PAY08554,ORD08554,2025-12-15,Cash on Delivery,Successful,2245.67
PAY08555,ORD08555,2025-01-29,Debit Card,successful,104731.89
PAY08556,ORD08556,2025-10-03,Credit Card,Successful,1381.8
PAY08557,ORD08557,2025-06-19,Net Banking,Successful,17894.73
PAY08558,ORD08558,2025-09-05,UPI,Successful,6508.21
PAY08559,ORD08559,2025-05-24,Net Banking,Successful,116749.18
PAY08560,ORD08560,2025-03-05,UPI,Successful,7097.9
PAY08561,ORD08561,2025-03-20,Credit Card,Successful,891.72
PAY08562,ORD08562,2025-11-12,Debit Card,Successful,109953.48
PAY08563,ORD08563,2025-08-04,Cash on Delivery,Failed,5421.5
PAY08564,ORD08564,2025-12-05,Credit Card,Refunded,8711.28
PAY08565,ORD08565,2025-10-13,Debit Card,Successful,52765.19
PAY08566,ORD08566,2025-12-08,UPI,Failed,10029.5
PAY08567,ORD08567,2025-09-04,Debit Card,Successful,240529.61
PAY08568,ORD08568,2025-06-11,Net Banking,Successful,22775.52
PAY08569,ORD08569,2025-12-03,Net Banking,Successful,13379.34
PAY08570,ORD08570,2025-01-25,UPI,Failed,11420.36
PAY08571,ORD08571,2025-08-14,Cash on Delivery,Pending,25390.21
PAY08572,ORD08572,2025-01-19,UPI,Successful,186245.93
PAY08573,ORD08573,2025-11-12,Net Banking,Successful,3526.01
PAY08574,ORD08574,2025-12-17,Net Banking,Failed,4049.44
PAY08575,ORD08575,2025-10-07,Net Banking,Successful,81185.98
PAY08576,ORD08576,2025-09-23,UPI,Successful,4356.38
PAY08577,ORD08577,2025-05-21,Net Banking,Successful,27394.94
PAY08578,ORD08578,2025-08-04,Credit Card,Successful,10964.54
PAY08579,ORD08579,2025-05-02,UPI,Successful,5571.04
PAY08580,ORD08580,2025-02-12,Cash on Delivery,Successful,2548.59
PAY08581,ORD08581,2025-07-15,Debit Card,Pending,81227.52
PAY08582,ORD08582,2025-06-12,Cash on Delivery,Successful,115697.95
PAY08583,ORD08583,2025-03-29,UPI,Successful,29288.36
PAY08584,ORD08584,2025-02-20,UPI,Successful,3271.94
PAY08585,ORD08585,2025-07-21,UPI,Refunded,9336.4
PAY08586,ORD08586,2025-05-06,Net Banking,Successful,863.9
PAY08587,ORD08587,2025-05-08,Credit Card,Successful,25959.0
PAY08588,ORD08588,2025-12-17,Debit Card,Successful,9728.5
PAY08589,ORD08589,2025-10-09,Credit Card,Successful,54353.5
PAY08590,ORD08590,2025-03-16,Debit Card,Successful,4094.13
PAY08591,ORD08591,2025-08-07,UPI,Successful,6743.65
PAY08592,ORD08592,2025-02-17,Debit Card,Successful,85692.04
PAY08593,ORD08593,2025-08-14,Credit Card,Refunded,56600.54
PAY08594,ORD08594,2025-11-14,Cash on Delivery,Successful,37918.07
PAY08595,ORD08595,2025-02-10,Credit Card,Failed,300836.9
PAY08596,ORD08596,2025-09-19,Debit Card,Successful,9392.14
PAY08597,ORD08597,2025-05-19,Debit Card,Successful,154664.28
PAY08598,ORD08598,2025-01-16,Credit Card,Successful,120884.04
PAY08599,ORD08599,2025-11-27,Net Banking,Successful,12973.43
PAY08600,ORD08600,2025-12-12,Cash on Delivery,Successful,3731.65
PAY08601,ORD08601,2025-09-08,Cash on Delivery,Successful,18702.44
PAY08602,ORD08602,2025-03-04,Net Banking,Failed,4779.04
PAY08603,ORD08603,2025-08-04,Credit Card,Pending,5483.67
PAY08604,ORD08604,2025-02-21,Debit Card,Successful,3627.7
PAY08605,ORD08605,2025-02-19,Cash on Delivery,Successful,184941.32
PAY08606,ORD08606,2025-04-13,Cash on Delivery,Successful,31939.44
PAY08607,ORD08607,2025-07-07,Credit Card,Successful,67976.78
PAY08608,ORD08608,2025-12-28,Net Banking,Successful,58773.57
PAY08609,ORD08609,2025-01-21,Debit Card,Successful,53172.54
PAY08610,ORD08610,30/06/2025,Cash on Delivery,Successful,9075.84
PAY08611,ORD08611,2025-07-14,Credit Card,Successful,4137.63
PAY08612,ORD08612,2025-08-21,Cash on Delivery,Successful,103649.76
PAY08613,ORD08613,2025-06-22,UPI,Successful,3727.69
PAY08614,ORD08614,2025-07-15,Cash on Delivery,Successful,5709.02
PAY08615,ORD08615,2025-01-23,Cash on Delivery,Successful,2471.61
PAY08616,ORD08616,2025-11-25,Credit Card,Failed,75493.34
PAY08617,ORD08617,2025-01-10,Debit Card,Successful,14951.65
PAY08618,ORD08618,2025-12-31,Net Banking,Successful,9223.46
PAY08619,ORD08619,2025-02-11,Net Banking,Successful,9169.9
PAY08620,ORD08620,2025-09-20,UPI,Successful,96839.37
PAY08621,ORD08621,2025-07-10,Net Banking,Successful,46840.31
PAY08622,ORD08622,2025-03-11,Debit Card,Successful,7723.19
PAY08623,ORD08623,2025-09-12,UPI,Successful,2027.22
PAY08624,ORD08624,2025-11-29,,Refunded,63980.94
PAY08625,ORD08625,2025-02-02,Debit Card,Successful,16944.49
PAY08626,ORD08626,2025-01-08,UPI,Failed,150337.43
PAY08627,ORD08627,2025-04-11,UPI,Successful,177351.14
PAY08628,ORD08628,2025-09-24,Credit Card,Successful,108197.17
PAY08629,ORD08629,2025-04-18,UPI,Successful,3423.84
PAY08630,ORD08630,2025-07-18,Net Banking,Successful,21897.86
PAY08631,ORD08631,2025-01-03,Debit Card,Successful,1976.59
PAY08632,ORD08632,2025-12-04,Net Banking,Failed,1766.64
PAY08633,ORD08633,04-01-2025,Debit Card,Successful,14862.38
PAY08634,ORD08634,2025-02-24,Debit Card,Successful,5772.04
PAY08635,ORD08635,2025-09-29,UPI,Successful,60132.84
PAY08636,ORD08636,2025-10-31,Debit Card,Successful,3155.82
PAY08637,ORD08637,2025-11-20,Credit Card,Failed,5320.16
PAY08638,ORD08638,2025-09-02,UPI,Successful,72040.94
PAY08639,ORD08639,2025-02-18,UPI,Successful,20470.16
PAY08640,ORD08640,2025-10-22,Credit Card,Successful,14597.47
PAY08641,ORD08641,2025-02-24,Net Banking,Successful,52541.56
PAY08642,ORD08642,2025-09-02,Cash on Delivery,Successful,49501.85
PAY08643,ORD08643,2025-02-19,Debit Card,Successful,5704.32
PAY08644,ORD08644,2025-01-02,Net Banking,Successful,70063.46
PAY08645,ORD08645,2025-02-07,Cash on Delivery,Successful,267566.43
PAY08646,ORD08646,2025-08-22,Credit Card,Successful,9371.53
PAY08647,ORD08647,2025-02-22,Credit Card,Successful,29397.92
PAY08648,ORD08648,2025-09-24,Debit Card,Successful,2800.28
PAY08649,ORD08649,2025-12-17,Credit Card,Successful,34658.39
PAY08650,ORD08650,2025-03-06,Credit Card,Successful,6949.86
PAY08651,ORD08651,2025-06-06,Credit Card,Successful,4095.19
PAY08652,ORD08652,2025-06-20,Cash on Delivery,Successful,14842.46
PAY08653,ORD08653,2025-11-11,Cash on Delivery,Successful,31090.8
PAY08654,ORD08654,2025-09-19,Cash on Delivery,Successful,12196.9
PAY08655,ORD08655,12/08/2025,Credit Card,Successful,2486.3
PAY08656,ORD08656,2025-09-07,Credit Card,Successful,3674.24
PAY08657,ORD08657,2025-02-09,Debit Card,Successful,7978.96
PAY08658,ORD08658,2025-11-11,Credit Card,Successful,61436.46
PAY08659,ORD08659,2025-05-29,UPI,Successful,24672.14
PAY08660,ORD08660,2025-03-01,Debit Card,Successful,52746.94
PAY08661,ORD08661,2025-03-12,Net Banking,Refunded,6725.84
PAY08662,ORD08662,2025-12-13,Net Banking,Successful,9159.76
PAY08663,ORD08663,2025-06-26,UPI,Successful,3994.04
PAY08664,ORD08664,2025-09-09,Credit Card,Successful,11910.56
PAY08665,ORD08665,2025-02-02,Credit Card,Successful,6310.59
PAY08666,ORD08666,2025-03-07,Cash on Delivery,Successful,1838.44
PAY08667,ORD08667,2025-08-06,Debit Card,Successful,2664.7
PAY08668,ORD08668,2025-02-26,Credit Card,Successful,78642.04
PAY08669,ORD08669,2025-11-02,Credit Card,Successful,74690.21
PAY08670,ORD08670,2025-03-28,Cash on Delivery, Successful ,3932.96
PAY08671,ORD08671,2025-06-18,Cash on Delivery,Successful,5678.65
PAY08672,ORD08672,2025-12-21,Net Banking,Successful,30401.22
PAY08673,ORD08673,2025-03-30,UPI,Successful,23705.84
PAY08674,ORD08674,2025-04-10,Net Banking,Successful,11361.46
PAY08675,ORD08675,2025-04-30,UPI,Successful,8446.3
PAY08676,ORD08676,2025-04-07,Credit Card,Successful,4390.59
PAY08677,ORD08677,2025-07-25,Cash on Delivery,Successful,23582.24
PAY08678,ORD08678,2025-06-09,Credit Card,Successful,19809.94
PAY08679,ORD08679,2025-11-21,UPI,Successful,34545.97
PAY08680,ORD08680,2025-06-16,Net Banking,Successful,2640.03
PAY08681,ORD08681,2025-11-27,UPI,Successful,4994.41
PAY08682,ORD08682,2025-08-08,Credit Card,Refunded,8534.86
PAY08683,ORD08683,2025-06-05,Cash on Delivery,Refunded,3257.57
PAY08684,ORD08684,2025-10-03,Net Banking,Successful,2221.49
PAY08685,ORD08685,2025-09-21,Net Banking,Successful,2106.04
PAY08686,ORD08686,2025-11-11,Cash on Delivery,Successful,72127.25
PAY08687,ORD08687,2025-02-24,UPI,Successful,191114.17
PAY08688,ORD08688,2025-06-18,UPI,Successful,44214.19
PAY08689,ORD08689,2025-10-06,Net Banking,Successful,1477.76
PAY08690,ORD08690,2025-05-24,Cash on Delivery,Successful,6252.73
PAY08691,ORD08691,2025-01-30,Cash on Delivery,Successful,11736.54
PAY08692,ORD08692,2025-06-24,Debit Card,Successful,56861.92
PAY08693,ORD08693,2025-06-08,UPI,Pending,1365.17
PAY08694,ORD08694,2025-07-11,Debit Card,Successful,4432.93
PAY08695,ORD08695,2025-12-27,UPI,Failed,16934.61
PAY08696,ORD08696,2025-06-15,Credit Card,Failed,30983.61
PAY08697,ORD08697,2025-11-14,UPI,Successful,110049.47
PAY08698,ORD08698,2025-12-20,Net Banking,Successful,10626.14
PAY08699,ORD08699,2025-10-07,Debit Card,Successful,32389.06
PAY08700,ORD08700,2025-05-31,Debit Card,Successful,1000.33
PAY08701,ORD08701,2025-02-10,UPI,Successful,119287.2
PAY08702,ORD08702,2025-02-14,Credit Card,Successful,7725.86
PAY08703,ORD08703,2025-05-03,Credit Card,Failed,8323.02
PAY08704,ORD08704,2025-12-23,Cash on Delivery,Pending,5737.59
PAY08705,ORD08705,2025-05-15,Net Banking,Successful,4470.11
PAY08706,ORD08706,2025-08-06,Cash on Delivery,Successful,4056.42
PAY08707,ORD08707,2025-03-11,Credit Card,Successful,1785.36
PAY08708,ORD08708,2025-08-04,Net Banking,Successful,1119.78
PAY08709,ORD08709,2025-08-04,UPI,Successful,3944.92
PAY08710,ORD08710,2025-01-22,Debit Card,Successful,5845.95
PAY08711,ORD08711,2025-11-20,Credit Card,Successful,4334.51
PAY08712,ORD08712,2025-11-07,upi,Successful,8986.07
PAY08713,ORD08713,2025-07-12,Cash on Delivery,Successful,71827.91
PAY08714,ORD08714,2025-08-21,UPI,Successful,13554.06
PAY08715,ORD08715,2025-02-18,Credit Card,Successful,7530.35
PAY08716,ORD08716,2025-05-09,Debit Card,Successful,6369.86
PAY08717,ORD08717,2025-08-29,Net Banking,Successful,52136.63
PAY08718,ORD08718,2025-09-24,Cash on Delivery,Successful,9209.18
PAY08719,ORD08719,2025-01-07,Credit Card,Successful,16771.17
PAY08720,ORD08720,2025-01-19,Debit Card,Successful,126312.24
PAY08721,ORD08721,2025-06-21,Credit Card,Refunded,6230.14
PAY08722,ORD08722,2025-04-04,Net Banking,Successful,29406.27
PAY08723,ORD08723,2025-09-06,Credit Card,Successful,28305.3
PAY08724,ORD08724,2025-01-28,Net Banking,Successful,53132.81
PAY08725,ORD08725,2025-12-07,UPI,Successful,71927.91
PAY08726,ORD08726,2025-07-23,Debit Card,Successful,6901.46
PAY08727,ORD08727,2025-08-12,Credit Card,Refunded,4957.66
PAY08728,ORD08728,2025-02-19,Credit Card,Successful,9011.39
PAY08729,ORD08729,2025-09-01,Credit Card,Successful,5829.23
PAY08730,ORD08730,2025-09-13,Net Banking,Refunded,53952.23
PAY08731,ORD08731,2025-09-27,UPI,Successful,18555.15
PAY08732,ORD08732,2025-06-05,Credit Card,Successful,5433.43
PAY08733,ORD08733,2025-11-17,Net Banking,Refunded,8850.61
PAY08734,ORD08734,2025-11-14,Debit Card,Refunded,12912.1
PAY08735,ORD08735,2025-08-27,Net Banking,Refunded,1664.01
PAY08736,ORD08736,2025-09-02,Cash on Delivery,Successful,3131.64
PAY08737,ORD08737,2025-05-30,UPI,Successful,12678.36
PAY08738,ORD08738,2025-08-23,Cash on Delivery,Successful,2257.99
PAY08739,ORD08739,2025-08-02,Credit Card,Successful,31482.19
PAY08740,ORD08740,2025-07-12,Credit Card,Successful,3166.76
PAY08741,ORD08741,2025-04-26,Cash on Delivery,Successful,10880.45
PAY08742,ORD08742,2025-07-01,Cash on Delivery,Successful,8996.21
PAY08743,ORD08743,2025-10-03,UPI,Failed,2601.65
PAY08744,ORD08744,2025-03-10,Debit Card,Successful,39225.9
PAY08745,ORD08745,2025-12-10,Cash on Delivery,Successful,200301.54
PAY08746,ORD08746,2025-07-20,UPI,Successful,4681.22
PAY08747,ORD08747,2025-10-05,Credit Card,Failed,114508.83
PAY08748,ORD08748,2025-10-20,Credit Card,Successful,12111.67
PAY08749,ORD08749,2025-03-16,Debit Card,Successful,8531.7
PAY08750,ORD08750,2025-04-28,Debit Card,Successful,904.76
PAY08751,ORD08751,2025-06-19,Net Banking,Successful,9061.2
PAY08752,ORD08752,2025-01-26,Credit Card,Successful,21324.05
PAY08753,ORD08753,2025-05-14,Debit Card,Successful,14520.55
PAY08754,ORD08754,2025-05-20,Cash on Delivery,Pending,854.21
PAY08755,ORD08755,2025-01-21,Credit Card,Refunded,97632.02
PAY08756,ORD08756,2025-07-28,Debit Card,Successful,71245.17
PAY08757,ORD08757,2025-04-25,UPI,Successful,4181.1
PAY08758,ORD08758,2025-04-02,Net Banking,Successful,1867.85
PAY08759,ORD08759,2025-11-04,Cash on Delivery,Successful,4783.79
PAY08760,ORD08760,2025-08-12,Net Banking,Successful,3376.47
PAY08761,ORD08761,2025-12-31,UPI,Successful,5230.54
PAY08762,ORD08762,2025-08-02,Net Banking,Failed,15829.23
PAY08763,ORD08763,2025-01-16,Debit Card,Successful,12239.75
PAY08764,ORD08764,2025-11-20,Cash on Delivery,Failed,11859.98
PAY08765,ORD08765,2025-03-26,Net Banking,Pending,128772.76
PAY08766,ORD08766,2025-09-02,UPI,Successful,21420.27
PAY08767,ORD08767,2025-06-12,Credit Card,Successful,8023.17
PAY08768,ORD08768,2025-08-06,Debit Card,Successful,10790.45
PAY08769,ORD08769,2025-07-23,Net Banking,Successful,141505.18
PAY08770,ORD08770,2025-12-22,UPI,Successful,1647.09
PAY08771,ORD08771,2025-08-18,Debit Card,Successful,8326.96
PAY08772,ORD08772,2025-07-12,Net Banking,Successful,98017.99
PAY08773,ORD08773,2025-11-22,Net Banking,Successful,54432.3
PAY08774,ORD08774,2025-06-03,Cash on Delivery,Successful,1251.92
PAY08775,ORD08775,2025-07-26,Credit Card,Successful,7324.13
PAY08776,ORD08776,2025-05-24,Net Banking,Successful,1646.85
PAY08777,ORD08777,2025-03-03,Net Banking,Successful,55581.92
PAY08778,ORD08778,2025-12-07,Cash on Delivery,Successful,10964.15
PAY08779,ORD08779,2025-12-17,Cash on Delivery,Successful,13167.45
PAY08780,ORD08780,2025-11-25,UPI,Successful,9167.26
PAY08781,ORD08781,2025-07-05,Cash on Delivery,Successful,9401.92
PAY08782,ORD08782,2025-04-02,UPI,Successful,54834.24
PAY08783,ORD08783,2025-09-24,Cash on Delivery,Successful,3672.85
PAY08784,ORD08784,2025-10-23,Net Banking,Successful,204500.86
PAY08785,ORD08785,2025-01-25,UPI,Pending,19889.2
PAY08786,ORD08786,2025-03-31,,Successful,2215.9
PAY08787,ORD08787,2025-12-13,UPI,Successful,20726.8
PAY08788,ORD08788,2025-04-21,UPI,Successful,30067.72
PAY08789,ORD08789,2025-04-04,Credit Card,Successful,4618.33
PAY08790,ORD08790,2025-05-08,Cash on Delivery,Successful,3864.87
PAY08791,ORD08791,2025-04-15,Credit Card,Successful,170023.43
PAY08792,ORD08792,2025-06-09,UPI,Successful,2532.71
PAY08793,ORD08793,2025-11-17,Credit Card,Successful,6758.21
PAY08794,ORD08794,2025-09-20,Credit Card,Successful,57919.98
PAY08795,ORD08795,2025-07-21,Credit Card,Successful,4629.09
PAY08796,ORD08796,2025-09-03,UPI,Successful,6729.16
PAY08797,ORD08797,2025-12-04,Net Banking,Refunded,117612.5
PAY08798,ORD08798,2025-03-14,Net Banking,Failed,1138.72
PAY08799,ORD08799,2025-04-01,Cash on Delivery,Successful,1455.95
PAY08800,ORD08800,2025-02-23,UPI,Successful,5102.01
PAY08801,ORD08801,2025-09-11,Credit Card,Successful,9128.79
PAY08802,ORD08802,2025-03-10,Cash on Delivery,Successful,65549.52
PAY08803,ORD08803,2025-02-14,Credit Card,Successful,211523.36
PAY08804,ORD08804,2025-01-11,Net Banking,Refunded,31655.71
PAY08805,ORD08805,2025-12-17,Credit Card,Successful,10619.52
PAY08806,ORD08806,2025-05-01,Debit Card,Successful,30011.61
PAY08807,ORD08807,2025-03-15,Debit Card,Successful,26518.24
PAY08808,ORD08808,2025-12-06,Net Banking,Refunded,12284.75
PAY08809,ORD08809,2025-10-28,Credit Card,Successful,5372.69
PAY08810,ORD08810,2025-11-15,UPI,Successful,4622.0
PAY08811,ORD08811,2025-02-17,Cash on Delivery,Successful,3390.99
PAY08812,ORD08812,2025-07-20,Debit Card,Successful,78208.55
PAY08813,ORD08813,2025-02-17,Cash on Delivery,Successful,50978.58
PAY08814,ORD08814,2025-09-05,Debit Card,Successful,66702.57
PAY08815,ORD08815,2025-06-12,UPI,Failed,32702.25
PAY08816,ORD08816,2025-12-19,UPI,Successful,5823.24
PAY08817,ORD08817,2025-08-12,Credit Card,Successful,43788.9
PAY08818,ORD08818,2025-08-15,Cash on Delivery,Successful,216819.41
PAY08819,ORD08819,2025-12-23,Net Banking,Pending,6697.16
PAY08820,ORD08820,2025-08-25,Net Banking,Successful,10042.9
PAY08821,ORD08821,2025-03-04,Cash on Delivery,Successful,1292.53
PAY08822,ORD08822,2025-10-22,UPI,Successful,66448.14
PAY08823,ORD08823,2025-04-10,UPI,Failed,5834.52
PAY08824,ORD08824,2025-02-14,Cash on Delivery,Successful,25013.66
PAY08825,ORD08825,2025-09-02,UPI,Successful,6695.73
PAY08826,ORD08826,2025-11-23,Cash on Delivery,Successful,130395.79
PAY08827,ORD08827,2025-03-07,Net Banking,Successful,73238.84
PAY08828,ORD08828,2025-10-23,Credit Card,Successful,7031.96
PAY08829,ORD08829,2025-05-22,Credit Card,Successful,2549.69
PAY08830,ORD08830,2025-04-04,UPI,Successful,3310.82
PAY08831,ORD08831,2025-05-29,Cash on Delivery,Successful,8484.38
PAY08832,ORD08832,2025-12-25,Debit Card,Successful,6466.37
PAY08833,ORD08833,2025-11-07,Net Banking,Successful,6665.21
PAY08834,ORD08834,2025-09-14,Credit Card,Successful,67589.57
PAY08835,ORD08835,2025-08-04,UPI,Successful,20662.56
PAY08836,ORD08836,2025-06-24,Credit Card,Successful,4787.83
PAY08837,ORD08837,2025-11-02,Net Banking,Successful,496.83
PAY08838,ORD08838,2025-08-01,Cash on Delivery,Successful,1988.02
PAY08839,ORD08839,2025-11-04,UPI,Failed,2332.13
PAY08840,ORD08840,2025-09-07,Cash on Delivery,Refunded,30518.35
PAY08841,ORD08841,2025-11-05,Net Banking,Refunded,76121.99
PAY08842,ORD08842,2025-12-24,UPI,Successful,27695.31
PAY08843,ORD08843,2025-04-18,Debit Card,Refunded,3840.07
PAY08844,ORD08844,2025-03-14,UPI,Successful,6175.12
PAY08845,ORD08845,2025-10-11,Cash on Delivery,Successful,3676.82
PAY08846,ORD08846,2025-08-30,Net Banking,Successful,1870.4
PAY08847,ORD08847,2025-08-29,Credit Card,Successful,16907.24
PAY08848,ORD08848,2025-09-09,Debit Card,Successful,279870.91
PAY08849,ORD08849,2025-05-27,UPI,Successful,17702.79
PAY08850,ORD08850,2025-12-28,Debit Card,Failed,285352.28
PAY08851,ORD08851,2025-06-16,Cash on Delivery,Successful,233478.26
PAY08852,ORD08852,2025-10-24,Cash on Delivery,Successful,7633.38
PAY08853,ORD08853,2025-08-03,UPI,Successful,1760.47
PAY08854,ORD08854,2025-01-10,UPI,Successful,8281.5
PAY08855,ORD08855,2025-04-24,Cash on Delivery,Successful,3617.28
PAY08856,ORD08856,2025-03-30,Credit Card,Successful,72352.6
PAY08857,ORD08857,2025-07-09,UPI,Successful,4615.07
PAY08858,ORD08858,2025-02-08,Cash on Delivery,Successful,598.59
PAY08859,ORD08859,2025-08-04,Debit Card,Successful,3046.1
PAY08860,ORD08860,2025-05-03,Net Banking,Failed,21956.83
PAY08861,ORD08861,2025-01-02,UPI,Successful,1838.4
PAY08862,ORD08862,2025-06-11,Net Banking,Successful,16124.98
PAY08863,ORD08863,2025-04-29,UPI,Successful,78848.63
PAY08864,ORD08864,2025-10-19,Credit Card,Successful,30645.02
PAY08865,ORD08865,2025-08-05,Net Banking,Successful,174051.76
PAY08866,ORD08866,2025-12-03,Net Banking,Successful,84047.44
PAY08867,ORD08867,2025-08-13,Net Banking,Successful,205483.92
PAY08868,ORD08868,2025-04-14,Credit Card,Successful,5273.11
PAY08869,ORD08869,2025-12-15,Credit Card,Successful,21051.76
PAY08870,ORD08870,2025-09-04,Cash on Delivery,Successful,68001.75
PAY08871,ORD08871,2025-01-26,Net Banking,Successful,25866.59
PAY08872,ORD08872,2025-06-11,UPI,Successful,10390.44
PAY08873,ORD08873,2025-12-13,Net Banking,Pending,282575.76
PAY08874,ORD08874,2025-05-20,Credit Card,Successful,13793.79
PAY08875,ORD08875,2025-12-02,Net Banking,Successful,40405.48
PAY08876,ORD08876,2025-11-03,Debit Card,Successful,2188.5
PAY08877,ORD08877,2025-11-10,Credit Card,Successful,62887.41
PAY08878,ORD08878,2025-05-06,Net Banking,Failed,29006.84
PAY08879,ORD08879,2025-11-10,UPI,Successful,1590.81
PAY08880,ORD08880,2025-05-06,Credit Card,Successful,66658.34
PAY08881,ORD08881,2025-04-11,Debit Card,Successful,3901.76
PAY08882,ORD08882,2025-08-08,Cash on Delivery,Successful,2996.23
PAY08883,ORD08883,2025-04-18,Debit Card,Successful,4969.44
PAY08884,ORD08884,2025-09-25,Credit Card,Successful,56098.89
PAY08885,ORD08885,2025-03-18,Debit Card,Successful,138198.8
PAY08886,ORD08886,2025-03-04,Net Banking,Successful,4781.11
PAY08887,ORD08887,2025-10-13,Credit Card,Refunded,233606.71
PAY08888,ORD08888,2025-10-03,Net Banking,Successful,3338.08
PAY08889,ORD08889,2025-06-28,Cash on Delivery,Successful,11433.44
PAY08890,ORD08890,2025-05-08,Debit Card,Successful,11955.22
PAY08891,ORD08891,2025-09-09,UPI,Successful,1711.31
PAY08892,ORD08892,2025-12-30,UPI,Successful,60173.02
PAY08893,ORD08893,2025-09-03,UPI,Successful,83426.88
PAY08894,ORD08894,2025-04-30,Cash on Delivery,Refunded,125639.6
PAY08895,ORD08895,2025-03-10,Credit Card,Successful,3714.18
PAY08896,ORD08896,2025-11-06,Credit Card,Successful,132655.04
PAY08897,ORD08897,2025-07-12,Credit Card,Successful,12681.45
PAY08898,ORD08898,2025-11-02,Credit Card,Successful,8932.79
PAY08899,ORD08899,2025-12-08,Cash on Delivery,Successful,2404.8
PAY08900,ORD08900,2025-05-29,UPI,Successful,21903.52
PAY08901,ORD08901,2025-11-12,Debit Card,Refunded,15746.48
PAY08902,ORD08902,2025-01-30,Cash on Delivery,Successful,15159.88
PAY08903,ORD08903,2025-08-26,Debit Card,Successful,37469.08
PAY08904,ORD08904,2025-07-29,Net Banking,Failed,3339.14
PAY08905,ORD08905,2025-04-05,Cash on Delivery,Successful,8348.06
PAY08906,ORD08906,2025-01-29,Debit Card,Successful,27257.78
PAY08907,ORD08907,2025-08-14,Cash on Delivery,Successful,3901.15
PAY08908,ORD08908,2025-10-03,Net Banking,Successful,151256.99
PAY08909,ORD08909,2025-12-10,Net Banking,Refunded,9319.18
PAY08910,ORD08910,2025-12-26,Debit Card,Successful,29394.51
PAY08911,ORD08911,2025-02-08,Cash on Delivery,Successful,18447.29
PAY08912,ORD08912,2025-11-08,Debit Card,Successful,1625.57
PAY08913,ORD08913,2025-11-30,Cash on Delivery,Successful,3902.4
PAY08914,ORD08914,2025-05-16,Debit Card,Successful,2295.24
PAY08915,ORD08915,2025-10-21,Credit Card,Successful,126745.76
PAY08916,ORD08916,2025-04-22,Debit Card,Successful,60734.86
PAY08917,ORD08917,2025-04-21,Credit Card,Failed,67817.77
PAY08918,ORD08918,2025-05-24,Cash on Delivery,Successful,3296.45
PAY08919,ORD08919,2025-03-22,Credit Card,Successful,56540.98
PAY08920,ORD08920,2025-07-18,Net Banking,Successful,55407.98
PAY08921,ORD08921,2025-12-30,UPI,Successful,13930.61
PAY08922,ORD08922,2025-03-19,Cash on Delivery,Successful,6246.92
PAY08923,ORD08923,2025-12-21,Debit Card,Successful,55610.25
PAY08924,ORD08924,2025-04-07,Net Banking,Successful,842.82
PAY08925,ORD08925,2025-02-25,UPI,Successful,8880.67
PAY08926,ORD08926,2025-05-21,Cash on Delivery,Successful,57430.57
PAY08927,ORD08927,2025-02-26,Credit Card,Successful,8133.55
PAY08928,ORD08928,2025-07-29,Cash on Delivery,Successful,2320.48
PAY08929,ORD08929,2025-02-11,Debit Card,Successful,8459.61
PAY08930,ORD08930,2025-10-25,Debit Card,Successful,128241.32
PAY08931,ORD08931,2025-07-24,Debit Card,Successful,2953.21
PAY08932,ORD08932,2025-08-30,Credit Card,Successful,9731.4
PAY08933,ORD08933,2025-08-28,UPI,Successful,53035.81
PAY08934,ORD08934,2025-11-03,Credit Card,Successful,6136.8
PAY08935,ORD08935,2025-09-01,UPI,Successful,195166.24
PAY08936,ORD08936,2025-07-23,Credit Card,Failed,3061.76
PAY08937,ORD08937,2025-06-15,Net Banking,Successful,19644.89
PAY08938,ORD08938,2025-08-27,Debit Card,Successful,8255.35
PAY08939,ORD08939,2025-12-13,Credit Card,Refunded,116737.04
PAY08940,ORD08940,2025-04-27,UPI,Successful,59326.7
PAY08941,ORD08941,2025-09-26,Cash on Delivery,Pending,45941.47
PAY08942,ORD08942,2025-01-14,Cash on Delivery,Successful,10305.74
PAY08943,ORD08943,2025-09-19,Net Banking,Successful,6771.42
PAY08944,ORD08944,2025-12-18,Net Banking,Refunded,63237.45
PAY08945,ORD08945,2025-03-24,Credit Card,Refunded,7129.97
PAY08946,ORD08946,2025-11-27,Net Banking,Successful,19076.28
PAY08947,ORD08947,2025-06-17,UPI,Successful,5191.56
PAY08948,ORD08948,2025-11-12,Debit Card,Successful,97292.58
PAY08949,ORD08949,2025-09-15,Debit Card,Successful,50925.84
PAY08950,ORD08950,2025-04-25,UPI,Successful,3894.0
PAY08951,ORD08951,2025-09-07,Credit Card,Successful,11393.4
PAY08952,ORD08952,2025-04-26,Net Banking,Successful,10960.57
PAY08953,ORD08953,2025-05-01,Debit Card,Successful,9210.35
PAY08954,ORD08954,2025-11-13,Net Banking,Successful,2341.28
PAY08955,ORD08955,2025-02-21,Net Banking,Refunded,11424.39
PAY08956,ORD08956,2025-09-07,Debit Card,Successful,4249.74
PAY08957,ORD08957,2025-11-06,Cash on Delivery,Successful,60898.04
PAY08958,ORD08958,2025-08-22,Credit Card,Successful,95456.12
PAY08959,ORD08959,2025-03-24,UPI,Successful,13192.48
PAY08960,ORD08960,2025-06-07,UPI,Successful,73902.62
PAY08961,ORD08961,2025-06-15,Debit Card,Successful,23023.78
PAY08962,ORD08962,2025-01-18,UPI,Successful,256990.67
PAY08963,ORD08963,2025-09-12,Net Banking,Successful,7576.17
PAY08964,ORD08964,2025-08-24,UPI,Pending,12778.01
PAY08965,ORD08965,2025-01-31,Debit Card,Successful,23487.72
PAY08966,ORD08966,2025-11-10,Credit Card,Successful,11920.9
PAY08967,ORD08967,2025-12-22,Cash on Delivery,Successful,3314.43
PAY08968,ORD08968,2025-10-03,Cash on Delivery,Failed,1915.47
PAY08969,ORD08969,2025-06-13,Debit Card,Successful,2661.61
PAY08970,ORD08970,2025-07-03,Net Banking,Successful,39229.21
PAY08971,ORD08971,2025-07-13,Debit Card,Failed,7308.82
PAY08972,ORD08972,2025-12-13,Net Banking,Successful,327674.46
PAY08973,ORD08973,2025-08-11,Debit Card,Successful,9434.4
PAY08974,ORD08974,2025-03-21,Net Banking,Successful,3658.73
PAY08975,ORD08975,2025-09-12,Debit Card,Successful,17579.05
PAY08976,ORD08976,2025-01-28,Credit Card,Successful,13889.48
PAY08977,ORD08977,2025-11-10,Debit Card,Successful,11667.8
PAY08978,ORD08978,2025-06-28,UPI,Successful,4412.17
PAY08979,ORD08979,2025-06-27,UPI,Successful,3728.79
PAY08980,ORD08980,2025-10-27,Debit Card,Failed,1443.98
PAY08981,ORD08981,2025-03-15,Credit Card,Successful,10076.85
PAY08982,ORD08982,2025-06-13,Credit Card,Successful,1324.82
PAY08983,ORD08983,2025-06-23,Credit Card,Successful,104913.11
PAY08984,ORD08984,2025-04-03,UPI,Successful,9382.42
PAY08985,ORD08985,2025-06-05,Debit Card,Pending,65294.46
PAY08986,ORD08986,2025-11-11,Credit Card,Successful,32011.34
PAY08987,ORD08987,2025-02-12,UPI,Successful,170366.65
PAY08988,ORD08988,2025-10-22,UPI,Successful,98476.9
PAY08989,ORD08989,2025-08-17,Net Banking,Successful,65683.14
PAY08990,ORD08990,2025-11-04,Debit Card,Successful,143219.18
PAY08991,ORD08991,2025-01-27,Cash on Delivery,Successful,1232.04
PAY08992,ORD08992,2025-02-10,Net Banking,Successful,4939.38
PAY08993,ORD08993,2025-10-26,Net Banking,Successful,1073.6
PAY08994,ORD08994,2025-01-22,UPI,Successful,1513.17
PAY08995,ORD08995,2025-06-28,Credit Card,Refunded,17266.79
PAY08996,ORD08996,2025-11-03,Debit Card,Successful,107364.39
PAY08997,ORD08997,2025-01-07,UPI,Successful,19206.81
PAY08998,ORD08998,2025-07-30,Net Banking,Successful,93802.34
PAY08999,ORD08999,2025-03-13,Debit Card,Successful,8351.75
PAY09000,ORD09000,2025-05-30,Debit Card,Successful,20567.55
PAY09001,ORD09001,2025-11-28,Credit Card,Successful,59439.65
PAY09002,ORD09002,2025-08-21,UPI,Successful,278449.45
PAY09003,ORD09003,2025-12-18,Cash on Delivery,Successful,22922.32
PAY09004,ORD09004,2025-11-04,Net Banking,Successful,38557.97
PAY09005,ORD09005,2025-03-16,Credit Card,Successful,5629.92
PAY09006,ORD09006,2025-06-10,UPI,Successful,2599.7
PAY09007,ORD09007,2025-08-14,Debit Card,Successful,2694.51
PAY09008,ORD09008,2025-11-05,Net Banking,Successful,55121.16
PAY09009,ORD09009,2025-10-17,Net Banking,Successful,15079.91
PAY09010,ORD09010,2025-09-16,UPI,Successful,76646.33
PAY09011,ORD09011,2025-01-04,Net Banking,Pending,2449.81
PAY09012,ORD09012,2025-10-10,Cash on Delivery,Successful,3389.35
PAY09013,ORD09013,2025-07-04,Debit Card,Successful,3375.27
PAY09014,ORD09014,2025-09-15,UPI,Successful,29971.15
PAY09015,ORD09015,2025-06-14,UPI, Successful ,13421.31
PAY09016,ORD09016,2025-10-14,Cash on Delivery,Successful,11437.29
PAY09017,ORD09017,2025-10-20,Debit Card,Successful,10170.5
PAY09018,ORD09018,2025-12-01,Credit Card,Successful,5969.67
PAY09019,ORD09019,2025-05-15,Credit Card,Refunded,14529.98
PAY09020,ORD09020,2025-07-01,Cash on Delivery,Successful,5414.34
PAY09021,ORD09021,2025-10-18,Cash on Delivery,Successful,59875.23
PAY09022,ORD09022,2025-05-15,Cash on Delivery,Successful,2124.46
PAY09023,ORD09023,2025-02-04,Cash on Delivery,Successful,14662.67
PAY09024,ORD09024,2025-05-20,UPI,Successful,61289.82
PAY09025,ORD09025,2025-05-04,Credit Card,Successful,5545.96
PAY09026,ORD09026,2025-06-30,Credit Card,Successful,78359.45
PAY09027,ORD09027,2025-02-05,Upi,Successful,22725.23
PAY09028,ORD09028,2025-09-13,Credit Card,Failed,5405.09
PAY09029,ORD09029,2025-12-18,UPI,Successful,72750.64
PAY09030,ORD09030,2025-09-19,Cash on Delivery,Successful,5509.7
PAY09031,ORD09031,2025-09-29,UPI,Successful,78900.93
PAY09032,ORD09032,2025-06-22,Debit Card,Successful,9647.24
PAY09033,ORD09033,2025-03-20,Net Banking,Successful,5063.33
PAY09034,ORD09034,2025-01-25,Debit Card,Successful,34698.38
PAY09035,ORD09035,2025-01-04,Net Banking,Successful,5245.93
PAY09036,ORD09036,2025-05-20,Net Banking,Successful,7047.62
PAY09037,ORD09037,2025-02-25,UPI,Successful,2849.9
PAY09038,ORD09038,2025-02-19,Debit Card,Successful,18059.38
PAY09039,ORD09039,2025-06-21,Net Banking,Successful,3125.85
PAY09040,ORD09040,2025-07-22,Cash on Delivery,Successful,12883.84
PAY09041,ORD09041,2025-07-12,Debit Card,Successful,13617.47
PAY09042,ORD09042,2025-07-04,UPI,Successful,4444.36
PAY09043,ORD09043,2025-11-13,Cash on Delivery,Successful,18666.88
PAY09044,ORD09044,2025-07-04,UPI,Failed,2160.9
PAY09045,ORD09045,2025-12-23,UPI,Successful,58410.76
PAY09046,ORD09046,2025-06-18,Net Banking,Successful,4974.62
PAY09047,ORD09047,2025-10-22,Cash on Delivery,Successful,57013.55
PAY09048,ORD09048,2025-10-21,Cash on Delivery,Refunded,27608.32
PAY09049,ORD09049,2025-10-26,UPI,Successful,114991.1
PAY09050,ORD09050,2025-06-07,UPI,Successful,116261.07
PAY09051,ORD09051,2025-04-26,Credit Card,Successful,97696.83
PAY09052,ORD09052,2025-10-18,Cash on Delivery,Successful,25349.62
PAY09053,ORD09053,2025-12-27,Credit Card,Successful,12203.16
PAY09054,ORD09054,2025-03-20,Net Banking,Successful,23344.52
PAY09055,ORD09055,2025-07-18,Credit Card,Refunded,6056.9
PAY09056,ORD09056,2025-03-05,Credit Card,Successful,30173.87
PAY09057,ORD09057,2025-08-22,UPI,Successful,179482.88
PAY09058,ORD09058,2025-09-12,Debit Card,Successful,57427.08
PAY09059,ORD09059,2025-04-06,Cash on Delivery,Successful,33693.47
PAY09060,ORD09060,2025-03-28,Credit Card,Successful,19163.76
PAY09061,ORD09061,2025-02-08,Credit Card,Successful,170338.36
PAY09062,ORD09062,2025-01-26,UPI,Successful,11396.18
PAY09063,ORD09063,2025-11-28,Credit Card,Successful,4364.97
PAY09064,ORD09064,2025-05-01,Cash on Delivery,Successful,1656.02
PAY09065,ORD09065,2025-04-09,Credit Card,Successful,29586.13
PAY09066,ORD09066,2025-02-25,Net Banking,Successful,4720.9
PAY09067,ORD09067,2025-01-04,Cash on Delivery,Successful,10316.55
PAY09068,ORD09068,2025-05-05,Debit Card,Successful,203036.13
PAY09069,ORD09069,2025-07-09,Net Banking,Successful,49980.73
PAY09070,ORD09070,2025-09-09,Cash on Delivery,Successful,5534.56
PAY09071,ORD09071,2025-04-17,Cash on Delivery,Successful,12998.61
PAY09072,ORD09072,2025-04-22,Cash on Delivery,Successful,1301.11
PAY09073,ORD09073,2025-09-21,Debit Card,Successful,4999.65
PAY09074,ORD09074,2025-11-21,Cash on Delivery,Successful,5839.7
PAY09075,ORD09075,2025-08-02,Net Banking,Successful,29001.83
PAY09076,ORD09076,2025-10-10,Credit Card,Successful,86866.55
PAY09077,ORD09077,30/09/2025,Debit Card,Successful,13299.32
PAY09078,ORD09078,2025-10-11,UPI,Successful,35286.64
PAY09079,ORD09079,2025-01-26,Credit Card,Refunded,2523.89
PAY09080,ORD09080,2025-10-12,Cash on Delivery,Successful,121337.73
PAY09081,ORD09081,2025-12-25,Credit Card,Pending,6818.71
PAY09082,ORD09082,2025-10-06,Cash on Delivery,Successful,2995.82
PAY09083,ORD09083,2025-08-29,Credit Card,Successful,36318.59
PAY09084,ORD09084,2025-02-17,Debit Card,Successful,8480.74
PAY09085,ORD09085,2025-04-24,Credit Card,Failed,9304.94
PAY09086,ORD09086,2025-12-19,Net Banking,Pending,33102.01
PAY09087,ORD09087,2025-08-21,Debit Card,Successful,875.51
PAY09088,ORD09088,2025-10-14,Net Banking,Successful,199381.07
PAY09089,ORD09089,2025-09-04,Credit Card,Successful,7089.25
PAY09090,ORD09090,2025-11-14,Cash on Delivery,Refunded,3937.41
PAY09091,ORD09091,2025-05-25,Debit Card,Successful,103732.72
PAY09092,ORD09092,2025-02-28,Debit Card,Successful,151105.23
PAY09093,ORD09093,2025-06-01,Net Banking,Successful,2632.8
PAY09094,ORD09094,2025-07-28,UPI,Successful,3241.79
PAY09095,ORD09095,2025-12-03,Cash on Delivery,Successful,1853.98
PAY09096,ORD09096,2025-05-10,Net Banking,Successful,32042.52
PAY09097,ORD09097,2025-02-17,Credit Card,Successful,66631.15
PAY09098,ORD09098,2025-07-28,Net Banking,Successful,298479.62
PAY09099,ORD09099,2025-03-14,Credit Card,Successful,7324.79
PAY09100,ORD09100,2025-08-08,Debit Card,Successful,9604.43
PAY09101,ORD09101,2025-07-05,UPI,Successful,5149.56
PAY09102,ORD09102,2025-12-08,Credit Card,Failed,141964.24
PAY09103,ORD09103,2025-11-21,UPI,Failed,21355.02
PAY09104,ORD09104,2025-04-23,Debit Card,Successful,93384.48
PAY09105,ORD09105,2025-08-06,UPI,Successful,3815.78
PAY09106,ORD09106,2025-11-06,Cash on Delivery,Successful,5693.85
PAY09107,ORD09107,2025-11-13,UPI,Successful,1875.02
PAY09108,ORD09108,2025-03-28,UPI,Failed,45028.23
PAY09109,ORD09109,2025-05-22,Net Banking,Successful,6606.86
PAY09110,ORD09110,2025-04-30,Debit Card,Successful,13090.49
PAY09111,ORD09111,2025-08-08,UPI,Successful,113898.11
PAY09112,ORD09112,2025-07-15,Debit Card,Successful,22536.68
PAY09113,ORD09113,2025-09-19,Cash on Delivery,Successful,30044.34
PAY09114,ORD09114,2025-09-27,Credit Card,Failed,146297.37
PAY09115,ORD09115,2025-02-19,Credit Card,Successful,23797.4
PAY09116,ORD09116,2025-03-24,Cash on Delivery,Successful,183470.47
PAY09117,ORD09117,2025-04-30,Net Banking,Successful,55665.94
PAY09118,ORD09118,2025-12-31,Credit Card,Successful,4347.26
PAY09119,ORD09119,2025-01-31,Credit Card,Failed,29426.9
PAY09120,ORD09120,2025-04-16,Debit Card,Successful,183479.22
PAY09121,ORD09121,2025-12-04,Credit Card,Successful,4801.19
PAY09122,ORD09122,2025-11-19,Debit Card,Successful,7025.12
PAY09123,ORD09123,2025-12-13,Credit Card,Successful,10281.14
PAY09124,ORD09124,2025-08-09,Credit Card,Successful,73213.71
PAY09125,ORD09125,2025-08-16,Net Banking,Successful,68018.07
PAY09126,ORD09126,2025-09-06,Credit Card,Successful,216093.91
PAY09127,ORD09127,2025-09-01,Debit Card,Successful,3338.98
PAY09128,ORD09128,2025-06-07,UPI,Successful,29238.85
PAY09129,ORD09129,2025-04-09,Debit Card,Successful,107208.22
PAY09130,ORD09130,2025-03-31,UPI,Successful,4600.57
PAY09131,ORD09131,2025-09-05,Credit Card,Pending,118849.47
PAY09132,ORD09132,2025-02-08,Credit Card,Successful,26841.19
PAY09133,ORD09133,2025-10-13,Cash on Delivery,Successful,713.66
PAY09134,ORD09134,2025-06-27,Debit Card,Successful,99436.28
PAY09135,ORD09135,2025-06-24,Debit Card,Failed,176616.73
PAY09136,ORD09136,2025-05-20,Cash on Delivery,Failed,3146.75
PAY09137,ORD09137,2025-03-03,UPI,Successful,1608.25
PAY09138,ORD09138,2025-12-23,Debit Card,Failed,10412.02
PAY09139,ORD09139,2025-06-05,Net Banking,Successful,8081.0
PAY09140,ORD09140,2025-08-18,UPI,Successful,2750.66
PAY09141,ORD09141,2025-05-21,Credit Card,Successful,13802.1
PAY09142,ORD09142,2025-04-10,Credit Card,Successful,15907.63
PAY09143,ORD09143,2025-03-19,Cash on Delivery,Successful,20012.83
PAY09144,ORD09144,2025-02-23,Debit Card,Pending,50057.4
PAY09145,ORD09145,2025-06-27,UPI,Successful,1513.82
PAY09146,ORD09146,2025-08-13,Debit Card,Successful,6971.07
PAY09147,ORD09147,2025-10-20,UPI,Successful,3853.42
PAY09148,ORD09148,2025-03-05,Cash on Delivery,Successful,6904.8
PAY09149,ORD09149,2025-05-29,Credit Card,Successful,8312.58
PAY09150,ORD09150,2025-06-18,Net Banking,Successful,12482.95
PAY09151,ORD09151,2025-09-17,Debit Card,Successful,108129.11
PAY09152,ORD09152,2025-06-11,Cash on Delivery,Successful,8803.22
PAY09153,ORD09153,2025-06-10,Cash on Delivery,Successful,182232.18
PAY09154,ORD09154,2025-12-06,Credit Card,Successful,115751.11
PAY09155,ORD09155,2025-02-23,Cash on Delivery,Successful,55363.07
PAY09156,ORD09156,2025-09-21,Debit Card,Successful,5351.06
PAY09157,ORD09157,2025-06-09,Net Banking,Successful,8566.22
PAY09158,ORD09158,2025-01-04,Credit Card,Successful,60735.04
PAY09159,ORD09159,2025-02-14,Debit Card,Failed,2200.24
PAY09160,ORD09160,2025-01-25,Debit Card,Failed,6296.06
PAY09161,ORD09161,2025-05-09,Cash on Delivery,Successful,50647.77
PAY09162,ORD09162,2025-06-05,Net Banking,Successful,3620.0
PAY09163,ORD09163,2025-04-19,UPI,Successful,145856.09
PAY09164,ORD09164,2025-12-19,Cash on Delivery,Successful,150852.99
PAY09165,ORD09165,2025-01-11,UPI,Successful,2539.25
PAY09166,ORD09166,2025-07-15,Debit Card,Successful,2246.67
PAY09167,ORD09167,2025-05-22,UPI,Successful,11482.98
PAY09168,ORD09168,2025-07-14,Cash on Delivery,Failed,9506.82
PAY09169,ORD09169,2025-02-09,UPI ,Successful,52503.9
PAY09170,ORD09170,2025-04-27,Net Banking,Successful,4146.87
PAY09171,ORD09171,2025-08-06,Cash on Delivery,Successful,11800.96
PAY09172,ORD09172,2025-01-04,Debit Card,Refunded,39456.76
PAY09173,ORD09173,2025-04-14,UPI,Successful,8214.55
PAY09174,ORD09174,2025-11-19,Credit Card,Successful,1508.74
PAY09175,ORD09175,2025-02-05,UPI,Successful,10884.68
PAY09176,ORD09176,2025-09-07,Credit Card,Successful,55942.35
PAY09177,ORD09177,2025-07-11,Credit Card,Successful,860.61
PAY09178,ORD09178,2025-12-03,Debit Card,Successful,8079.28
PAY09179,ORD09179,2025-02-22,UPI,Successful,75278.84
PAY09180,ORD09180,2025-07-03,Cash on Delivery,Successful,9247.61
PAY09181,ORD09181,2025-10-26,Credit Card,Failed,4886.0
PAY09182,ORD09182,2025-06-17,credit card,Successful,8476.93
PAY09183,ORD09183,2025-10-05,Cash on Delivery,Successful,822.23
PAY09184,ORD09184,2025-07-16,Net Banking,Successful,22164.31
PAY09185,ORD09185,2025-08-28,UPI,Successful,1204.66
PAY09186,ORD09186,2025-07-21,Net Banking,Successful,27636.14
PAY09187,ORD09187,2025-09-22,Net Banking,Successful,777.8
PAY09188,ORD09188,2025-05-12,UPI ,Successful,7516.53
PAY09189,ORD09189,2025-09-23,Cash on Delivery,Successful,5998.1
PAY09190,ORD09190,2025-10-04,Net Banking,Successful,89413.15
PAY09191,ORD09191,2025-03-13,UPI,Successful,51653.19
PAY09192,ORD09192,2025-04-11,Upi,Failed,25837.82
PAY09193,ORD09193,2025-11-01,Net Banking,Successful,147608.93
PAY09194,ORD09194,2025-08-22,Debit Card,Successful,5698.19
PAY09195,ORD09195,2025-07-17,UPI,Successful,3997.41
PAY09196,ORD09196,2025-06-24,UPI,Successful,1393.38
PAY09197,ORD09197,2025-01-12,Debit Card,Failed,64380.84
PAY09198,ORD09198,2025-07-13,UPI,Failed,7129.44
PAY09199,ORD09199,2025-05-14,Credit Card,Successful,63181.71
PAY09200,ORD09200,2025-12-12,Cash on Delivery,Successful,1460.98
PAY09201,ORD09201,2025-09-19,UPI,Successful,14683.92
PAY09202,ORD09202,2025-09-03,Net Banking,Successful,17779.83
PAY09203,ORD09203,2025-01-28,Net Banking,Successful,11348.12
PAY09204,ORD09204,2025-09-10,Credit Card,Successful,2824.27
PAY09205,ORD09205,2025-05-03,Credit Card,Refunded,17336.8
PAY09206,ORD09206,2025-08-22,Net Banking,Successful,58208.73
PAY09207,ORD09207,2025-04-16,Debit Card,Successful,2380.68
PAY09208,ORD09208,2025-08-07,Net Banking,Successful,7409.73
PAY09209,ORD09209,2025-01-31,Net Banking,Successful,102358.2
PAY09210,ORD09210,2025-03-16,Net Banking,Failed,3877.2
PAY09211,ORD09211,2025-01-23,Debit Card,Successful,1669.54
PAY09212,ORD09212,2025-01-25,Credit Card,Successful,202374.05
PAY09213,ORD09213,2025-04-30,Cash on Delivery,Successful,1719.74
PAY09214,ORD09214,2025-06-17,UPI,Successful,4782.18
PAY09215,ORD09215,2025-08-03,Net Banking,Pending,588.84
PAY09216,ORD09216,2025-05-14,UPI,Successful,69759.43
PAY09217,ORD09217,2025-01-27,Net Banking,Pending,32524.3
PAY09218,ORD09218,2025-04-18,Credit Card,Successful,22928.39
PAY09219,ORD09219,2025-04-08,Credit Card,Successful,397888.18
PAY09220,ORD09220,2025-07-09,UPI,Successful,3368.21
PAY09221,ORD09221,2025-12-13,Credit Card,Failed,2771.28
PAY09222,ORD09222,2025-11-11,Net Banking,Successful,72852.56
PAY09223,ORD09223,2025-06-01,Cash on Delivery,Successful,121088.45
PAY09224,ORD09224,2025-01-31,Credit Card,Successful,58431.29
PAY09225,ORD09225,2025-02-01,Net Banking,Refunded,2891.91
PAY09226,ORD09226,2025-11-09,Cash on Delivery,Successful,54569.59
PAY09227,ORD09227,2025-03-22,Net Banking,Successful,49778.93
PAY09228,ORD09228,2025-01-06,Debit Card,Refunded,10280.17
PAY09229,ORD09229,2025-02-15,Cash on Delivery,Successful,174013.95
PAY09230,ORD09230,2025-02-28,Debit Card,Successful,5186.39
PAY09231,ORD09231,2025-02-16,UPI,Successful,4157.86
PAY09232,ORD09232,2025-11-11,Cash on Delivery,Successful,11132.48
PAY09233,ORD09233,2025-08-11,Net Banking,Successful,7227.99
PAY09234,ORD09234,2025-06-08,Cash on Delivery,Refunded,8522.79
PAY09235,ORD09235,2025-11-25,Cash on Delivery,Pending,10985.76
PAY09236,ORD09236,2025-12-24,Net Banking,Successful,5740.11
PAY09237,ORD09237,2025-03-30,UPI,Successful,2615.05
PAY09238,ORD09238,2025-01-22,UPI,Successful,63288.0
PAY09239,ORD09239,2025-10-04,UPI, Successful ,23570.66
PAY09240,ORD09240,2025-12-04,Debit Card,Successful,64974.95
PAY09241,ORD09241,2025-04-07,Debit Card,Successful,4688.76
PAY09242,ORD09242,2025-04-15,UPI,Successful,2752.74
PAY09243,ORD09243,2025-11-08,Credit Card,Successful,30050.07
PAY09244,ORD09244,2025-10-03,Debit Card,Failed,10019.39
PAY09245,ORD09245,2025-06-13,Credit Card,Successful,49955.59
PAY09246,ORD09246,2025-07-08,Cash on Delivery,Successful,30209.41
PAY09247,ORD09247,2025-03-27,UPI,Successful,28169.06
PAY09248,ORD09248,2025-02-02,Debit Card,Failed,60714.58
PAY09249,ORD09249,2025-05-23,Net Banking,Successful,19047.56
PAY09250,ORD09250,2025-04-01,Cash on Delivery,Successful,1772.05
PAY09251,ORD09251,2025-11-15,Debit Card,Successful,3380.82
PAY09252,ORD09252,2025-07-01,Credit Card,Successful,24559.07
PAY09253,ORD09253,2025-06-11,Cash on Delivery,Successful,6734.99
PAY09254,ORD09254,2025-09-21,UPI,Successful,7882.43
PAY09255,ORD09255,2025-12-11,Credit Card,Successful,29604.51
PAY09256,ORD09256,2025-08-12,Cash on Delivery,Successful,11162.61
PAY09257,ORD09257,2025-04-07,UPI,Successful,3035.66
PAY09258,ORD09258,2025-07-28,UPI,Successful,2463.67
PAY09259,ORD09259,2025-08-21,Cash on Delivery,Successful,5240.51
PAY09260,ORD09260,2025-02-11,Net Banking,Refunded,746.99
PAY09261,ORD09261,2025-02-10,Credit Card,Successful,5131.01
PAY09262,ORD09262,2025-11-18,upi,Successful,2475.28
PAY09263,ORD09263,2025-04-25,Net Banking,Failed,6626.55
PAY09264,ORD09264,2025-09-10,Net Banking,Successful,189473.59
PAY09265,ORD09265,2025-11-25,Debit Card,Successful,56361.33
PAY09266,ORD09266,2025-04-02,Credit Card,Successful,3259.47
PAY09267,ORD09267,2025-05-28,UPI,Refunded,1502.38
PAY09268,ORD09268,2025-04-20,Net Banking,Successful,25366.76
PAY09269,ORD09269,2025-12-13,UPI,Successful,129321.5
PAY09270,ORD09270,2025-08-21,Cash on Delivery,Successful,1147.94
PAY09271,ORD09271,2025-09-17,Credit Card,Successful,25618.46
PAY09272,ORD09272,2025-11-13,Debit Card,Successful,11384.56
PAY09273,ORD09273,2025-04-13,UPI,Successful,59178.21
PAY09274,ORD09274,2025-07-05,Credit Card,Successful,6815.93
PAY09275,ORD09275,2025-05-27,Cash on Delivery,Successful,183351.6
PAY09276,ORD09276,2025-11-16,Debit Card,Refunded,2875.42
PAY09277,ORD09277,2025-12-19,Net Banking,Successful,2906.33
PAY09278,ORD09278,2025-03-30,Credit Card,Successful,6693.78
PAY09279,ORD09279,2025-02-02,Credit Card,Successful,142285.4
PAY09280,ORD09280,2025-12-15,Cash on Delivery,Successful,61095.94
PAY09281,ORD09281,2025-08-04,Cash on Delivery,Successful,9360.02
PAY09282,ORD09282,2025-09-30,Net Banking,Refunded,68014.66
PAY09283,ORD09283,2025-11-24,UPI,Successful,19532.98
PAY09284,ORD09284,2025-05-11,Credit Card,Successful,1660.49
PAY09285,ORD09285,2025-07-03,Credit Card,Successful,7945.93
PAY09286,ORD09286,2025-08-01,Debit Card,Successful,7728.41
PAY09287,ORD09287,2025-10-07,UPI,Successful,59079.5
PAY09288,ORD09288,2025-01-20,Credit Card,Successful,65498.99
PAY09289,ORD09289,2025-03-25,Cash on Delivery,Successful,14014.22
PAY09290,ORD09290,2025-03-13,Credit Card,Successful,157557.38
PAY09291,ORD09291,2025-06-23,UPI,Successful,55687.82
PAY09292,ORD09292,2025-04-02,Net Banking,Successful,3717.13
PAY09293,ORD09293,2025-11-02,Credit Card,Successful,188191.52
PAY09294,ORD09294,2025-03-11,Debit Card,Successful,52244.07
PAY09295,ORD09295,2025-10-12,Debit Card,Successful,6391.26
PAY09296,ORD09296,2025-02-20,Net Banking,Successful,28168.15
PAY09297,ORD09297,2025-03-26,Credit Card,Successful,3607.95
PAY09298,ORD09298,2025-11-18,Debit Card,Successful,5971.31
PAY09299,ORD09299,2025-03-07,Debit Card,Successful,8490.92
PAY09300,ORD09300,2025-05-16,Credit Card,Successful,1596.13
PAY09301,ORD09301,2025-09-01,UPI,Successful,3905.94
PAY09302,ORD09302,2025-11-27,Credit Card,Successful,28948.9
PAY09303,ORD09303,2025-06-14,Debit Card,Successful,11778.14
PAY09304,ORD09304,2025-09-08,Net Banking,Successful,780.33
PAY09305,ORD09305,2025-09-10,Credit Card,Successful,17555.26
PAY09306,ORD09306,2025-01-17,Cash on Delivery,Pending,119614.65
PAY09307,ORD09307,2025-12-14,Debit Card,Successful,68982.97
PAY09308,ORD09308,2025-11-07,Debit Card,Successful,10730.83
PAY09309,ORD09309,2025-04-02,Cash on Delivery,Successful,9849.37
PAY09310,ORD09310,02-06-2025,UPI,Successful,67918.07
PAY09311,ORD09311,2025-03-31,Debit Card,Refunded,221299.27
PAY09312,ORD09312,2025-04-08,Debit Card,Successful,170983.57
PAY09313,ORD09313,2025-05-18,Debit Card,Successful,3676.81
PAY09314,ORD09314,2025-04-17,Credit Card,Successful,48289.34
PAY09315,ORD09315,2025-10-16,Net Banking,Refunded,5307.24
PAY09316,ORD09316,2025-02-14,Cash on Delivery,Successful,2093.04
PAY09317,ORD09317,2025-08-16,Net Banking,Successful,9361.45
PAY09318,ORD09318,2025-08-21,Debit Card,Successful,2978.17
PAY09319,ORD09319,2025-04-13,Debit Card,Refunded,74185.26
PAY09320,ORD09320,2025-02-21,Debit Card,Successful,1910.42
PAY09321,ORD09321,2025-06-24,Net Banking,Successful,14384.83
PAY09322,ORD09322,2025-08-21,Net Banking,Successful,3141.8
PAY09323,ORD09323,2025-08-12,UPI,Successful,80143.2
PAY09324,ORD09324,2025-11-19,Debit Card,Successful,13384.78
PAY09325,ORD09325,2025-04-04,Credit Card,Successful,14153.03
PAY09326,ORD09326,2025-08-08,Cash on Delivery,Successful,5050.58
PAY09327,ORD09327,2025-12-13,UPI,Successful,27905.61
PAY09328,ORD09328,2025-01-08,UPI,Successful,38731.61
PAY09329,ORD09329,2025-08-10,Cash on Delivery,Successful,128620.89
PAY09330,ORD09330,2025-02-10,Cash on Delivery,Successful,9532.25
PAY09331,ORD09331,2025-01-07,Net Banking,Successful,11507.19
PAY09332,ORD09332,2025-08-12,Debit Card,Successful,6657.95
PAY09333,ORD09333,2025-07-20,Cash on Delivery,Successful,10692.72
PAY09334,ORD09334,2025-11-07,Cash on Delivery,Successful,146379.9
PAY09335,ORD09335,2025-12-08,UPI,Successful,12478.39
PAY09336,ORD09336,2025-10-19,Cash on Delivery,Failed,69197.28
PAY09337,ORD09337,2025-11-18,Cash on Delivery,Successful,57909.27
PAY09338,ORD09338,2025-10-15,Credit Card,Failed,142735.71
PAY09339,ORD09339,2025-05-20,Credit Card,Successful,174263.3
PAY09340,ORD09340,2025-03-30,Credit Card,Successful,9935.17
PAY09341,ORD09341,03/11/2025,UPI,Refunded,14755.53
PAY09342,ORD09342,2025-01-19,Credit Card,Successful,13343.99
PAY09343,ORD09343,2025-02-16,Debit Card,Successful,5473.31
PAY09344,ORD09344,2025-02-27,Debit Card,Successful,10067.65
PAY09345,ORD09345,2025-09-24,Debit Card,Successful,13398.82
PAY09346,ORD09346,2025-04-22,Debit Card,Successful,35584.15
PAY09347,ORD09347,2025-06-20,Debit Card,Successful,11598.09
PAY09348,ORD09348,2025-03-26,Debit Card,Successful,43173.27
PAY09349,ORD09349,2025-03-08,Cash on Delivery,Successful,33230.65
PAY09350,ORD09350,2025-11-06,Cash on Delivery,Successful,6118.84
PAY09351,ORD09351,2025-08-11,Cash on Delivery,Successful,18218.24
PAY09352,ORD09352,2025-09-30,UPI,Successful,3580.11
PAY09353,ORD09353,2025-05-18,Cash on Delivery,Successful,8712.33
PAY09354,ORD09354,2025-02-15,UPI,Successful,5864.45
PAY09355,ORD09355,2025-02-04,Credit Card,Successful,9655.68
PAY09356,ORD09356,2025-07-01,Debit Card,Successful,61475.92
PAY09357,ORD09357,2025-06-06,Debit Card,Refunded,49630.57
PAY09358,ORD09358,2025-08-25,Credit Card,Successful,72005.14
PAY09359,ORD09359,2025-07-06,Net Banking,Failed,155483.46
PAY09360,ORD09360,2025-04-13,Cash on Delivery,Successful,8194.9
PAY09361,ORD09361,2025-06-24,UPI,Successful,6098.31
PAY09362,ORD09362,2025-09-11,UPI,Successful,3776.77
PAY09363,ORD09363,2025-04-15,Debit Card,Failed,14806.57
PAY09364,ORD09364,2025-12-05,Net Banking,Successful,5956.33
PAY09365,ORD09365,2025-08-25,Credit Card,Successful,2734.74
PAY09366,ORD09366,2025-08-01,Credit Card,Successful,4775.78
PAY09367,ORD09367,2025-11-19,UPI,Successful,74726.13
PAY09368,ORD09368,2025-06-19,Debit Card,Successful,197742.92
PAY09369,ORD09369,2025-11-09,UPI,Successful,2271.35
PAY09370,ORD09370,2025-04-07,Debit Card,Successful,11084.17
PAY09371,ORD09371,2025-06-03,Net Banking,Successful,200852.19
PAY09372,ORD09372,2025-03-24,Net Banking,Successful,48312.76
PAY09373,ORD09373,2025-05-15,Cash on Delivery,Successful,4085.93
PAY09374,ORD09374,2025-06-20,UPI,Successful,244107.11
PAY09375,ORD09375,2025-03-28,Debit Card,Successful,5169.34
PAY09376,ORD09376,2025-08-10,Cash on Delivery,Successful,12557.71
PAY09377,ORD09377,2025-03-13,Debit Card,Failed,62761.66
PAY09378,ORD09378,2025-11-16,Cash on Delivery,Successful,53135.52
PAY09379,ORD09379,2025-10-10,Net Banking,Successful,81058.77
PAY09380,ORD09380,2025-01-25,Net Banking,Failed,13321.15
PAY09381,ORD09381,2025-11-13,Net Banking,Successful,1541.29
PAY09382,ORD09382,2025-06-12,Cash on Delivery,Successful,14375.24
PAY09383,ORD09383,2025-02-23,cash on delivery,Successful,65855.98
PAY09384,ORD09384,2025-07-03,Cash on Delivery,Successful,3155.69
PAY09385,ORD09385,2025-06-28,Debit Card,Successful,69058.6
PAY09386,ORD09386,2025-12-27,Net Banking,Successful,53655.2
PAY09387,ORD09387,2025-09-03,Debit Card,Successful,157184.16
PAY09388,ORD09388,2025-03-24,Cash on Delivery,Successful,1437.2
PAY09389,ORD09389,2025-04-23,Cash on Delivery,Successful,3623.98
PAY09390,ORD09390,2025-02-06,Cash on Delivery,Successful,53425.74
PAY09391,ORD09391,2025-07-30,Credit Card,Successful,3098.15
PAY09392,ORD09392,2025-03-11,Debit Card,Successful,54013.8
PAY09393,ORD09393,2025-12-19,UPI,Successful,21008.22
PAY09394,ORD09394,2025-04-02,Net Banking,Successful,4250.0
PAY09395,ORD09395,2025-04-19,Cash on Delivery,Successful,4474.61
PAY09396,ORD09396,2025-01-07,UPI,Successful,13242.86
PAY09397,ORD09397,2025-05-10,Cash on Delivery,Successful,7531.66
PAY09398,ORD09398,2025-02-12,Cash on Delivery,Successful,46445.26
PAY09399,ORD09399,2025-12-29,Net Banking,Successful,6095.42
PAY09400,ORD09400,2025-03-12,Debit Card,Successful,2725.56
PAY09401,ORD09401,2025-10-20,Credit Card,Refunded,2167.44
PAY09402,ORD09402,2025-09-28,Debit Card,Failed,32980.44
PAY09403,ORD09403,2025-11-17,UPI,Successful,94182.25
PAY09404,ORD09404,2025-08-10,Net Banking,Successful,5985.54
PAY09405,ORD09405,2025-01-10,UPI,Successful,4194.99
PAY09406,ORD09406,2025-10-08,Cash on Delivery,Failed,30325.14
PAY09407,ORD09407,2025-02-22,Cash on Delivery,Successful,3246.64
PAY09408,ORD09408,2025-06-07,UPI,Pending,65587.99
PAY09409,ORD09409,2025-07-19,Debit Card,Successful,75418.7
PAY09410,ORD09410,2025-03-23,Net Banking,Successful,10498.54
PAY09411,ORD09411,2025-01-21,Cash on Delivery,Successful,9508.62
PAY09412,ORD09412,2025-01-01,Net Banking,Successful,14388.02
PAY09413,ORD09413,2025-11-08,UPI,Successful,31426.52
PAY09414,ORD09414,2025-10-28,UPI,Refunded,119388.96
PAY09415,ORD09415,2025-11-07,UPI,Successful,149727.44
PAY09416,ORD09416,2025-07-03,Cash on Delivery,Successful,48657.64
PAY09417,ORD09417,2025-11-15,UPI,Successful,32164.26
PAY09418,ORD09418,2025-08-29,Debit Card,Successful,14753.89
PAY09419,ORD09419,2025-05-01,UPI,Successful,79590.39
PAY09420,ORD09420,2025-01-29,UPI,Successful,3577.43
PAY09421,ORD09421,2025-04-15,UPI,Successful,144690.18
PAY09422,ORD09422,2025-11-03,UPI,Successful,3957.83
PAY09423,ORD09423,2025-09-30,Cash on Delivery,Successful,4258.07
PAY09424,ORD09424,2025-06-07,Credit Card,Failed,12340.86
PAY09425,ORD09425,2025-08-28,Net Banking,Pending,2257.75
PAY09426,ORD09426,2025-06-26,Net Banking,successful,57404.41
PAY09427,ORD09427,2025-04-03,Credit Card,Successful,6141.57
PAY09428,ORD09428,2025-04-12,UPI,Successful,212332.16
PAY09429,ORD09429,2025-09-10,Cash on Delivery,Successful,29049.05
PAY09430,ORD09430,2025-12-17,Cash on Delivery,Successful,8791.82
PAY09431,ORD09431,2025-04-28,Cash on Delivery,Successful,5051.14
PAY09432,ORD09432,2025-01-13,Debit Card,Successful,567.28
PAY09433,ORD09433,2025-04-06,Debit Card,Successful,6068.28
PAY09434,ORD09434,2025-10-22,Net Banking,Successful,13347.32
PAY09435,ORD09435,2025-08-16,UPI,Successful,8642.55
PAY09436,ORD09436,2025-02-04,Cash on Delivery,Successful,68336.25
PAY09437,ORD09437,2025-02-05,Credit Card,Successful,110528.43
PAY09438,ORD09438,2025-02-16,UPI,Successful,801.51
PAY09439,ORD09439,2025-09-15,Cash on Delivery,Successful,75201.27
PAY09440,ORD09440,2025-05-29,Cash on Delivery,Successful,1282.99
PAY09441,ORD09441,2025-03-22,Net Banking,Successful,43677.42
PAY09442,ORD09442,2025-12-02,Cash on Delivery,Successful,65709.84
PAY09443,ORD09443,2025-02-14,Debit Card,Successful,1042.09
PAY09444,ORD09444,2025-04-19,Credit Card,Successful,1547.64
PAY09445,ORD09445,2025-11-11,Net Banking,Successful,10484.6
PAY09446,ORD09446,2025-11-25,Debit Card,Failed,188406.95
PAY09447,ORD09447,2025-12-21,Cash on Delivery,Successful,14839.57
PAY09448,ORD09448,2025-05-07,Debit Card,Successful,3836.88
PAY09449,ORD09449,2025-07-15,Credit Card,Successful,1622.09
PAY09450,ORD09450,2025-04-11,Credit Card,Refunded,73865.76
PAY09451,ORD09451,2025-08-10,Net Banking,Successful,148189.47
PAY09452,ORD09452,2025-04-17,UPI,Successful,6096.74
PAY09453,ORD09453,2025-08-03,Net Banking,Refunded,1170.53
PAY09454,ORD09454,2025-06-18,Debit Card,Successful,17451.28
PAY09455,ORD09455,2025-06-16,UPI,Successful,19882.56
PAY09456,ORD09456,2025-09-21,Credit Card,Successful,3350.99
PAY09457,ORD09457,2025-04-19,Cash on Delivery,Successful,21159.29
PAY09458,ORD09458,2025-12-18,Cash on Delivery,Successful,3445.55
PAY09459,ORD09459,2025-09-19,UPI,Failed,51315.11
PAY09460,ORD09460,2025-04-06,UPI,Refunded,3539.69
PAY09461,ORD09461,2025-08-17,Cash on Delivery,Pending,3688.87
PAY09462,ORD09462,2025-04-19,Net Banking,Refunded,16423.77
PAY09463,ORD09463,2025-11-02,Cash on Delivery,Successful,109190.75
PAY09464,ORD09464,2025-08-13,Debit Card,Successful,2170.13
PAY09465,ORD09465,2025-10-09,Cash on Delivery,Successful,28624.82
PAY09466,ORD09466,2025-06-27,UPI,Successful,34292.25
PAY09467,ORD09467,2025-12-09,Credit Card,Successful,75955.54
PAY09468,ORD09468,2025-01-01,UPI,Failed,7990.39
PAY09469,ORD09469,2025-05-31,Cash on Delivery,Successful,1688.82
PAY09470,ORD09470,2025-05-28,Credit Card,Successful,57181.78
PAY09471,ORD09471,2025-04-11,Net Banking,Failed,2213.46
PAY09472,ORD09472,2025-06-15,Credit Card,Successful,6870.33
PAY09473,ORD09473,2025-03-21,Cash on Delivery,Successful,36674.35
PAY09474,ORD09474,2025-08-24,Net Banking,Successful,5061.0
PAY09475,ORD09475,2025-01-05,Debit Card,Successful,37848.74
PAY09476,ORD09476,2025-01-08,Credit Card,Successful,32097.98
PAY09477,ORD09477,2025-04-11,Credit Card,Successful,3335.57
PAY09478,ORD09478,2025-11-21,UPI,Successful,59133.19
PAY09479,ORD09479,2025-11-30,Credit Card,Successful,2427.9
PAY09480,ORD09480,2025-02-28,Net Banking,Successful,32207.69
PAY09481,ORD09481,2025-01-09,Credit Card,Failed,67475.04
PAY09482,ORD09482,2025-03-06,UPI,Successful,82310.35
PAY09483,ORD09483,2025-11-18,UPI,Successful,82109.54
PAY09484,ORD09484,2025-07-31,UPI,Successful,1502.36
PAY09485,ORD09485,2025-08-26,UPI,Successful,9014.11
PAY09486,ORD09486,2025-04-06,UPI,Successful,3495.75
PAY09487,ORD09487,2025-12-17,UPI,Successful,38369.41
PAY09488,ORD09488,2025-04-14,Cash on Delivery,Successful,1296.46
PAY09489,ORD09489,2025-08-03,Cash on Delivery,Successful,69929.95
PAY09490,ORD09490,2025-11-09,Debit Card,Successful,67703.22
PAY09491,ORD09491,2025-12-04,Debit Card,Successful,5948.33
PAY09492,ORD09492,2025-09-03,UPI,Successful,8189.98
PAY09493,ORD09493,2025-07-17,Net Banking,Successful,121075.88
PAY09494,ORD09494,2025-07-29,Debit Card,Refunded,108080.34
PAY09495,ORD09495,2025-01-03,Debit Card,Successful,51463.54
PAY09496,ORD09496,2025-04-16,Debit Card,Successful,6139.99
PAY09497,ORD09497,2025-09-07,Cash on Delivery,Successful,4445.83
PAY09498,ORD09498,2025-10-09,Net Banking,Successful,5784.89
PAY09499,ORD09499,2025-08-20,UPI,Successful,8828.56
PAY09500,ORD09500,2025-11-25,Cash on Delivery,Successful,6357.97
PAY09501,ORD09501,2025-03-03,Net Banking,Successful,65620.61
PAY09502,ORD09502,2025-07-17,Net Banking,Successful,9481.84
PAY09503,ORD09503,2025-11-05,Net Banking,Successful,5047.61
PAY09504,ORD09504,2025-10-04,Cash on Delivery,Successful,10739.52
PAY09505,ORD09505,2025-06-07,UPI,Refunded,11581.98
PAY09506,ORD09506,2025-07-01,Debit Card,Successful,17811.1
PAY09507,ORD09507,2025-08-01,Debit Card,Refunded,1634.5
PAY09508,ORD09508,2025-04-17,Credit Card,Successful,49302.14
PAY09509,ORD09509,2025-10-26,Debit Card,Successful,6311.96
PAY09510,ORD09510,2025-07-23,Net Banking,Successful,64912.92
PAY09511,ORD09511,2025-09-21,UPI,Successful,18057.27
PAY09512,ORD09512,2025-09-14,Debit Card,Successful,20174.79
PAY09513,ORD09513,2025-06-10,Net Banking,Refunded,1303.58
PAY09514,ORD09514,2025-02-06,Cash on Delivery,Successful,11683.33
PAY09515,ORD09515,2025-01-06,Debit Card,Successful,74344.62
PAY09516,ORD09516,2025-07-15,Upi,Successful,120898.01
PAY09517,ORD09517,2025-11-11,Cash on Delivery,Successful,8439.64
PAY09518,ORD09518,2025-03-22,Credit Card,Refunded,55220.18
PAY09519,ORD09519,2025-08-20,UPI,Successful,14559.96
PAY09520,ORD09520,2025-01-24,Cash on Delivery,Successful,1525.75
PAY09521,ORD09521,2025-06-21,Net Banking,Successful,523.34
PAY09522,ORD09522,2025-10-19,Net Banking,Successful,2309.14
PAY09523,ORD09523,2025-01-29,Cash on Delivery,Refunded,143368.66
PAY09524,ORD09524,2025-05-27,Cash on Delivery,Refunded,2936.43
PAY09525,ORD09525,2025-02-06,UPI,Successful,2544.16
PAY09526,ORD09526,2025-01-26,Debit Card,Successful,13555.39
PAY09527,ORD09527,2025-04-19,UPI,Successful,6993.31
PAY09528,ORD09528,2025-04-30,UPI,Successful,65244.85
PAY09529,ORD09529,2025-11-23,Debit Card,Successful,5957.42
PAY09530,ORD09530,2025-12-26,Debit Card,Successful,25638.28
PAY09531,ORD09531,2025-10-31,Debit Card,Successful,6087.02
PAY09532,ORD09532,2025-01-19,Credit Card,Successful,47539.28
PAY09533,ORD09533,2025-03-17,UPI,Successful,1688.24
PAY09534,ORD09534,2025-04-15,Credit Card,Successful,5578.39
PAY09535,ORD09535,2025-10-11,Cash on Delivery,Successful,25521.25
PAY09536,ORD09536,2025-04-25,Debit Card,Successful,9976.45
PAY09537,ORD09537,2025-11-13,Cash on Delivery,Failed,41507.12
PAY09538,ORD09538,2025-02-04,Credit Card,Successful,118895.6
PAY09539,ORD09539,2025-05-04,Debit Card,Successful,25523.92
PAY09540,ORD09540,2025-09-12,UPI,Successful,11946.21
PAY09541,ORD09541,2025-05-05,Cash on Delivery,Successful,51032.22
PAY09542,ORD09542,2025-11-05,UPI,Successful,27204.78
PAY09543,ORD09543,2025-10-10,Credit Card,Successful,4515.4
PAY09544,ORD09544,2025-08-13,UPI,Successful,10164.44
PAY09545,ORD09545,2025-05-06,Credit Card,Successful,55835.83
PAY09546,ORD09546,2025-11-22,Credit Card,Successful,1253.88
PAY09547,ORD09547,2025-04-04,Cash on Delivery,Successful,6464.77
PAY09548,ORD09548,2025-07-16,Net Banking,Pending,56957.83
PAY09549,ORD09549,2025-06-18,Credit Card,Successful,15881.69
PAY09550,ORD09550,2025-05-11,Debit Card,Failed,15767.92
PAY09551,ORD09551,2025-09-18,Net Banking,Successful,3636.53
PAY09552,ORD09552,2025-08-24,UPI,Successful,254078.07
PAY09553,ORD09553,2025-01-13,Cash on Delivery,Successful,212758.27
PAY09554,ORD09554,2025-01-12,UPI,Successful,114435.52
PAY09555,ORD09555,2025-02-03,Net Banking,Successful,7112.49
PAY09556,ORD09556,2025-11-22,Net Banking,Successful,1692.86
PAY09557,ORD09557,2025-11-11,UPI,Successful,5646.6
PAY09558,ORD09558,2025-10-28,Credit Card,Successful,137620.67
PAY09559,ORD09559,2025-03-14,Cash on Delivery,Successful,10386.43
PAY09560,ORD09560,2025-10-30,Credit Card,Successful,69423.1
PAY09561,ORD09561,2025-02-02,Cash on Delivery,Successful,15315.07
PAY09562,ORD09562,2025-01-03,Credit Card,Successful,1276.78
PAY09563,ORD09563,2025-05-02,Debit Card,Failed,4735.12
PAY09564,ORD09564,2025-10-27,Debit Card,Successful,5886.37
PAY09565,ORD09565,2025-02-13,Credit Card,Successful,4069.59
PAY09566,ORD09566,2025-03-01,Cash on Delivery,Successful,4578.22
PAY09567,ORD09567,2025-12-25,Cash on Delivery,Successful,7851.1
PAY09568,ORD09568,2025-10-30,Debit Card,Successful,158324.02
PAY09569,ORD09569,2025-04-10,Cash on Delivery,Successful,17459.35
PAY09570,ORD09570,2025-01-01,Credit Card,Successful,12455.49
PAY09571,ORD09571,2025-10-20,Cash on Delivery,Successful,227405.79
PAY09572,ORD09572,2025-05-25,UPI,Successful,108353.85
PAY09573,ORD09573,2025-03-29,UPI,Successful,14734.53
PAY09574,ORD09574,2025-10-30,Debit Card,Successful,72633.55
PAY09575,ORD09575,2025-10-13,Debit Card,Failed,105241.09
PAY09576,ORD09576,2025-03-14,Net Banking,Refunded,3046.99
PAY09577,ORD09577,2025-05-24,Upi,Failed,15719.53
PAY09578,ORD09578,2025-02-27,Credit Card,Successful,13279.51
PAY09579,ORD09579,2025-12-12,UPI,Successful,1889.09
PAY09580,ORD09580,2025-04-20,Debit Card,Failed,18018.04
PAY09581,ORD09581,2025-04-02,Cash on Delivery,Successful,8955.4
PAY09582,ORD09582,2025-09-24,Debit Card,Refunded,4300.85
PAY09583,ORD09583,2025-06-19,Credit Card,Successful,1913.18
PAY09584,ORD09584,2025-04-30,UPI,Successful,1464.82
PAY09585,ORD09585,2025-09-17,Cash on Delivery,Successful,5376.57
PAY09586,ORD09586,2025-09-08,Debit Card,Successful,436.84
PAY09587,ORD09587,2025-09-05,Upi,Refunded,3788.02
PAY09588,ORD09588,2025-02-09,Debit Card,Successful,2040.17
PAY09589,ORD09589,2025-09-01,Cash on Delivery,Successful,274306.83
PAY09590,ORD09590,2025-03-31,Net Banking,Successful,28199.51
PAY09591,ORD09591,2025-11-04,Cash on Delivery,Successful,10511.19
PAY09592,ORD09592,2025-06-17,Net Banking,Successful,1847.73
PAY09593,ORD09593,2025-10-01,Net Banking,Successful,3161.71
PAY09594,ORD09594,2025-06-29,UPI,Successful,11312.18
PAY09595,ORD09595,2025-04-30,Credit Card,Successful,15159.55
PAY09596,ORD09596,2025-09-22,Credit Card,Successful,153170.8
PAY09597,ORD09597,2025-07-30,Cash on Delivery,Successful,6715.31
PAY09598,ORD09598,2025-08-11,Cash on Delivery,Successful,1877.52
PAY09599,ORD09599,2025-05-21,Credit Card,Successful,50569.49
PAY09600,ORD09600,2025-04-08,Credit Card,Successful,53938.9
PAY09601,ORD09601,2025-02-21,Net Banking,Successful,12438.33
PAY09602,ORD09602,2025-04-02,Cash on Delivery,Successful,5792.47
PAY09603,ORD09603,2025-06-23,Cash on Delivery,Successful,2338.77
PAY09604,ORD09604,2025-12-17,Cash on Delivery,Successful,13163.91
PAY09605,ORD09605,2025-10-10,Net Banking,Successful,9011.73
PAY09606,ORD09606,2025-02-11,UPI,Successful,2651.73
PAY09607,ORD09607,2025-02-18,Credit Card,Successful,11397.71
PAY09608,ORD09608,2025-01-24,Net Banking,Successful,4844.37
PAY09609,ORD09609,2025-07-09,Debit Card,Successful,17894.95
PAY09610,ORD09610,2025-11-21,Net Banking,Successful,4332.93
PAY09611,ORD09611,2025-09-18,Debit Card,Successful,73965.84
PAY09612,ORD09612,2025-10-31,Debit Card,Successful,1625.26
PAY09613,ORD09613,2025-05-19,Credit Card,Successful,6224.52
PAY09614,ORD09614,2025-02-28,Credit Card,Successful,4799.67
PAY09615,ORD09615,2025-06-22,Net Banking,Successful,104091.94
PAY09616,ORD09616,2025-02-11,Cash on Delivery,Successful,8850.67
PAY09617,ORD09617,2025-07-15,Credit Card,Successful,36213.01
PAY09618,ORD09618,2025-03-15,Debit Card,Successful,13521.1
PAY09619,ORD09619,2025-07-23,Cash on Delivery,Successful,7980.99
PAY09620,ORD09620,2025-04-03,Net Banking,Successful,3035.85
PAY09621,ORD09621,2025-11-21,Credit Card,Successful,165333.8
PAY09622,ORD09622,2025-05-21,Cash on Delivery,Successful,2208.91
PAY09623,ORD09623,2025-12-18,Debit Card,Successful,71925.14
PAY09624,ORD09624,2025-10-07,Debit Card,Successful,3353.74
PAY09625,ORD09625,2025-09-30,Net Banking,Successful,5487.24
PAY09626,ORD09626,2025-09-13,Credit Card,Failed,8332.37
PAY09627,ORD09627,2025-01-24,Debit Card,Successful,47353.52
PAY09628,ORD09628,2025-01-07,Cash on Delivery,Failed,32782.53
PAY09629,ORD09629,2025-08-31,Net Banking,Successful,65481.21
PAY09630,ORD09630,2025-11-18,Credit Card ,Successful,27670.85
PAY09631,ORD09631,2025-04-05,Credit Card,Successful,4817.28
PAY09632,ORD09632,2025-02-18,credit card,Successful,4138.58
PAY09633,ORD09633,2025-12-27,Debit Card,Successful,4536.07
PAY09634,ORD09634,2025-09-19,Net Banking,Successful,16320.77
PAY09635,ORD09635,2025-11-19,Credit Card,Successful,17353.17
PAY09636,ORD09636,2025-04-30,Credit Card,Successful,4622.89
PAY09637,ORD09637,2025-06-01,Net Banking,Successful,13422.24
PAY09638,ORD09638,2025-10-18,Credit Card,Successful,2126.59
PAY09639,ORD09639,2025-11-17,Debit Card,Successful,22870.6
PAY09640,ORD09640,2025-03-17,Net Banking,Successful,17315.14
PAY09641,ORD09641,2025-07-31,Credit Card,Successful,6559.98
PAY09642,ORD09642,2025-10-24,Net Banking,Pending,27772.88
PAY09643,ORD09643,2025-01-11,Credit Card,Successful,2710.2
PAY09644,ORD09644,2025-08-20,UPI,Successful,67117.83
PAY09645,ORD09645,2025-11-08,UPI,Successful,11096.18
PAY09646,ORD09646,2025-05-22,Net Banking,Successful,4713.27
PAY09647,ORD09647,2025-02-01,Cash on Delivery,Successful,6091.94
PAY09648,ORD09648,2025-11-13,Cash on Delivery,Successful,10018.26
PAY09649,ORD09649,2025-12-08,cash on delivery,Successful,4007.8
PAY09650,ORD09650,2025-11-19,Credit Card,Successful,69985.43
PAY09651,ORD09651,2025-01-14,Debit Card,Refunded,51433.25
PAY09652,ORD09652,2025-07-19,Net Banking,Successful,1284.17
PAY09653,ORD09653,2025-01-03,Credit Card,Successful,3346.1
PAY09654,ORD09654,2025-07-18,Cash on Delivery,Failed,81150.36
PAY09655,ORD09655,2025-10-12,Net Banking,Refunded,2407.02
PAY09656,ORD09656,2025-07-31,Credit Card,Successful,2806.27
PAY09657,ORD09657,2025-12-12,Net Banking,Successful,93061.62
PAY09658,ORD09658,2025-11-03,UPI,Successful,5554.7
PAY09659,ORD09659,2025-03-06,Net Banking,Successful,4781.61
PAY09660,ORD09660,2025-09-25,Debit Card,Successful,25943.99
PAY09661,ORD09661,2025-02-24,UPI,Successful,57156.33
PAY09662,ORD09662,2025-10-21,Cash on Delivery,Successful,9900.03
PAY09663,ORD09663,2025-03-13,Cash on Delivery,Successful,94237.79
PAY09664,ORD09664,2025-05-11,Credit Card,Successful,63570.0
PAY09665,ORD09665,2025-06-17,Debit Card,Successful,2952.77
PAY09666,ORD09666,2025-03-14,Credit Card,Successful,3023.43
PAY09667,ORD09667,2025-08-25,Net Banking,Successful,2174.43
PAY09668,ORD09668,2025-04-24,UPI,Pending,1637.25
PAY09669,ORD09669,2025-07-29,Debit Card,Successful,110165.12
PAY09670,ORD09670,2025-03-20,Cash on Delivery,Successful,71720.68
PAY09671,ORD09671,2025-02-08,Net Banking,Successful,19487.7
PAY09672,ORD09672,2025-12-05,UPI,Successful,289205.21
PAY09673,ORD09673,2025-12-13,Credit Card,Successful,30821.82
PAY09674,ORD09674,2025-09-02,Credit Card,Refunded,1804.96
PAY09675,ORD09675,2025-04-10,UPI,Successful,6993.18
PAY09676,ORD09676,2025-02-02,Net Banking,Successful,3412.4
PAY09677,ORD09677,2025-12-24,Cash on Delivery,Successful,65801.49
PAY09678,ORD09678,2025-09-27,Cash on Delivery,Successful,4296.13
PAY09679,ORD09679,2025-08-13,UPI,Successful,36255.12
PAY09680,ORD09680,2025-12-24,Cash on Delivery,Successful,3961.1
PAY09681,ORD09681,2025-10-12,Credit Card,Successful,22622.73
PAY09682,ORD09682,27/06/2025,UPI,Successful,5103.64
PAY09683,ORD09683,2025-12-02,Debit Card,Successful,41162.3
PAY09684,ORD09684,2025-09-04,Debit Card,Successful,2778.9
PAY09685,ORD09685,2025-12-22,UPI,Successful,4229.2
PAY09686,ORD09686,2025-03-23,Debit Card,Successful,71530.28
PAY09687,ORD09687,2025-07-18,,Successful,645.09
PAY09688,ORD09688,2025-12-21,Credit Card,Successful,3257.83
PAY09689,ORD09689,2025-12-15,Debit Card,Successful,36043.05
PAY09690,ORD09690,2025-07-22,Net Banking,Successful,1121.17
PAY09691,ORD09691,2025-08-23,Net Banking,Successful,87285.82
PAY09692,ORD09692,2025-08-23,Net Banking,Pending,8606.52
PAY09693,ORD09693,2025-02-12,Cash on Delivery,Successful,5438.51
PAY09694,ORD09694,20/01/2025,Debit Card,Successful,4770.29
PAY09695,ORD09695,2025-02-23,Net Banking,Successful,9753.46
PAY09696,ORD09696,2025-12-21,Credit Card,Successful,16496.66
PAY09697,ORD09697,2025-10-18,Debit Card,Successful,2953.12
PAY09698,ORD09698,2025-10-19,Credit Card,Successful,4028.42
PAY09699,ORD09699,2025-11-20,Net Banking,Successful,7482.29
PAY09700,ORD09700,2025-07-29,Cash on Delivery,Successful,248435.35
PAY09701,ORD09701,2025-06-23,UPI,Successful,52991.95
PAY09702,ORD09702,2025-08-24,Cash on Delivery,failed,3063.82
PAY09703,ORD09703,2025-06-28,Debit Card,Successful,10051.64
PAY09704,ORD09704,2025-04-07,Debit Card,Successful,13762.97
PAY09705,ORD09705,2025-11-18,Net Banking,Successful,3546.0
PAY09706,ORD09706,2025-10-02,Debit Card,Successful,3250.98
PAY09707,ORD09707,2025-08-02,UPI,Successful,15192.47
PAY09708,ORD09708,2025-08-09,UPI,Failed,122838.9
PAY09709,ORD09709,2025-04-08,Debit Card, Successful ,7570.43
PAY09710,ORD09710,2025-05-10,Debit Card,Successful,21435.0
PAY09711,ORD09711,2025-03-16,Net Banking,Successful,3534.5
PAY09712,ORD09712,2025-11-05,Credit Card,Failed,2990.86
PAY09713,ORD09713,2025-10-04,Cash on Delivery,Successful,1890.69
PAY09714,ORD09714,2025-03-08,UPI,Successful,34629.24
PAY09715,ORD09715,2025-02-03,Credit Card,Refunded,67377.18
PAY09716,ORD09716,2025-04-23,UPI,Successful,2602.27
PAY09717,ORD09717,2025-10-17,Net Banking,Successful,6128.22
PAY09718,ORD09718,2025-10-17,Net Banking,Successful,139160.73
PAY09719,ORD09719,2025-01-04,Debit Card,Successful,88859.04
PAY09720,ORD09720,2025-09-08,Debit Card,Successful,24020.59
PAY09721,ORD09721,2025-10-11,UPI,Successful,71307.68
PAY09722,ORD09722,2025-12-05,Debit Card,Successful,78326.71
PAY09723,ORD09723,2025-06-05,Debit Card,Successful,1655.63
PAY09724,ORD09724,2025-08-10,Cash on Delivery,Successful,6284.09
PAY09725,ORD09725,2025-03-17,Debit Card,Successful,2732.3
PAY09726,ORD09726,2025-10-08,UPI,Successful,6290.13
PAY09727,ORD09727,2025-12-11,Net Banking,Refunded,140605.41
PAY09728,ORD09728,2025-01-24,Net Banking,Successful,1964.45
PAY09729,ORD09729,2025-11-09,Credit Card,Successful,77659.11
PAY09730,ORD09730,2025-12-16,UPI,Successful,37463.19
PAY09731,ORD09731,2025-10-16,Credit Card ,Successful,55424.88
PAY09732,ORD09732,2025-07-20,Debit Card,Successful,1037.83
PAY09733,ORD09733,2025-11-06,UPI ,Successful,136330.24
PAY09734,ORD09734,2025-10-22,Net Banking,Successful,2087.98
PAY09735,ORD09735,2025-04-09,Debit Card,Successful,20784.84
PAY09736,ORD09736,2025-08-04,UPI,Successful,1729.07
PAY09737,ORD09737,2025-10-04,Cash on Delivery,Successful,5101.79
PAY09738,ORD09738,2025-03-10,Net Banking,Successful,2887.57
PAY09739,ORD09739,2025-08-01,Net Banking,Successful,3380.18
PAY09740,ORD09740,2025-12-25,Credit Card,Successful,152014.06
PAY09741,ORD09741,2025-08-16,Credit Card,Failed,3654.38
PAY09742,ORD09742,2025-02-04,UPI,Successful,1775.45
PAY09743,ORD09743,2025-06-12,Cash on Delivery,Successful,17923.45
PAY09744,ORD09744,2025-07-30,Credit Card,Refunded,60540.7
PAY09745,ORD09745,2025-12-28,Debit Card,Successful,2440.19
PAY09746,ORD09746,2025-12-19,Cash on Delivery,Successful,7159.84
PAY09747,ORD09747,2025-07-03,Credit Card,Successful,10925.63
PAY09748,ORD09748,2025-11-20,UPI,Successful,31330.19
PAY09749,ORD09749,2025-10-04,Cash on Delivery,Successful,2973.79
PAY09750,ORD09750,2025-12-10,Net Banking,Successful,3456.11
PAY09751,ORD09751,2025-02-19,UPI,Failed,47316.83
PAY09752,ORD09752,2025-05-13,Cash on Delivery,Successful,24640.16
PAY09753,ORD09753,2025-08-16,Debit Card,Pending,91369.13
PAY09754,ORD09754,2025-01-19,UPI,Successful,9994.68
PAY09755,ORD09755,2025-10-01,Net Banking,Successful,68386.84
PAY09756,ORD09756,2025-06-23,Net Banking,Successful,68540.64
PAY09757,ORD09757,2025-08-09,UPI,Successful,5587.8
PAY09758,ORD09758,2025-06-01,Net Banking,Successful,4520.02
PAY09759,ORD09759,2025-10-06,Credit Card,Pending,1961.09
PAY09760,ORD09760,2025-09-30,UPI,Failed,3056.17
PAY09761,ORD09761,2025-08-15,Cash on Delivery,Successful,10853.29
PAY09762,ORD09762,2025-07-08,UPI,Successful,8648.26
PAY09763,ORD09763,2025-04-26,Debit Card,Successful,5121.48
PAY09764,ORD09764,2025-10-23,Cash on Delivery,Successful,9852.26
PAY09765,ORD09765,2025-08-25,Credit Card,Successful,72625.02
PAY09766,ORD09766,2025-05-23,Cash on Delivery,Refunded,1730.38
PAY09767,ORD09767,2025-06-02,Debit Card,Successful,57273.44
PAY09768,ORD09768,2025-02-21,Net Banking,Successful,199646.7
PAY09769,ORD09769,2025-11-16,UPI,Failed,35728.98
PAY09770,ORD09770,2025-06-08,Debit Card,Successful,5314.52
PAY09771,ORD09771,2025-03-31,Debit Card,Successful,2819.04
PAY09772,ORD09772,2025-06-09,Debit Card,Successful,3135.96
PAY09773,ORD09773,2025-07-19,UPI,Successful,6644.27
PAY09774,ORD09774,2025-09-01,Debit Card,Successful,23302.69
PAY09775,ORD09775,2025-12-18,Cash on Delivery,Refunded,7835.11
PAY09776,ORD09776,2025-07-03,Debit Card,Successful,3799.13
PAY09777,ORD09777,2025-04-21,UPI,Successful,175870.13
PAY09778,ORD09778,2025-09-04,UPI,Successful,14008.95
PAY09779,ORD09779,2025-01-25,Net Banking,Successful,51946.72
PAY09780,ORD09780,2025-01-06,Cash on Delivery,Successful,131353.79
PAY09781,ORD09781,2025-06-13,Net Banking,Successful,6433.6
PAY09782,ORD09782,2025-06-08,Cash on Delivery,Successful,1834.59
PAY09783,ORD09783,2025-05-26,Net Banking,Successful,64599.05
PAY09784,ORD09784,2025-02-02,UPI,Pending,237397.24
PAY09785,ORD09785,2025-11-01,UPI,Successful,34545.18
PAY09786,ORD09786,2025-11-04,Cash on Delivery,Successful,4888.24
PAY09787,ORD09787,2025-08-03,Credit Card,Successful,23793.24
PAY09788,ORD09788,2025-08-24,Debit Card,Refunded,20342.57
PAY09789,ORD09789,2025-01-30,Net Banking,Successful,1411.22
PAY09790,ORD09790,2025-01-02,Net Banking,Successful,148302.88
PAY09791,ORD09791,2025-12-22,Debit Card,Refunded,47606.67
PAY09792,ORD09792,2025-11-09,Debit Card,Failed,32685.56
PAY09793,ORD09793,2025-05-23,Credit Card,Successful,9310.17
PAY09794,ORD09794,2025-08-03,UPI,Successful,3937.07
PAY09795,ORD09795,2025-01-10,Net Banking,Successful,8268.04
PAY09796,ORD09796,2025-07-10,UPI,Successful,56258.32
PAY09797,ORD09797,2025-01-21,Net Banking,Successful,66308.15
PAY09798,ORD09798,2025-07-26,Credit Card,Refunded,9454.3
PAY09799,ORD09799,2025-06-13,Credit Card,Successful,74048.82
PAY09800,ORD09800,2025-03-10,Credit Card,Successful,3974.86
PAY09801,ORD09801,2025-11-17,Debit Card,Successful,22019.81
PAY09802,ORD09802,2025-03-14,UPI,Successful,56830.13
PAY09803,ORD09803,2025-06-27,Credit Card,Successful,245049.53
PAY09804,ORD09804,2025-12-26,Debit Card,Successful,51138.9
PAY09805,ORD09805,2025-01-12,Net Banking,Successful,3489.86
PAY09806,ORD09806,2025-05-12,Credit Card,Successful,31217.91
PAY09807,ORD09807,2025-02-07,Cash on Delivery,Successful,12944.65
PAY09808,ORD09808,2025-07-15,Debit Card,Failed,80861.2
PAY09809,ORD09809,2025-01-22,Credit Card,Successful,16575.6
PAY09810,ORD09810,2025-03-22,Net Banking,Successful,10901.55
PAY09811,ORD09811,2025-08-11,UPI,Successful,14890.22
PAY09812,ORD09812,2025-01-12,Cash on Delivery,Successful,19762.79
PAY09813,ORD09813,2025-08-19,Debit Card,Successful,1484.06
PAY09814,ORD09814,2025-10-18,Net Banking,Successful,9326.29
PAY09815,ORD09815,2025-04-19,Debit Card,Successful,47756.0
PAY09816,ORD09816,2025-06-14,Credit Card,Successful,9175.12
PAY09817,ORD09817,2025-01-15,Debit Card,Successful,15905.55
PAY09818,ORD09818,2025-11-25,Credit Card,Successful,5602.82
PAY09819,ORD09819,2025-12-26,Credit Card,Refunded,118550.12
PAY09820,ORD09820,2025-12-07,Cash on Delivery,Successful,32810.46
PAY09821,ORD09821,2025-01-03,Credit Card,Failed,5324.51
PAY09822,ORD09822,2025-03-20,Credit Card,Refunded,7347.91
PAY09823,ORD09823,2025-09-23,Cash on Delivery,Successful,18133.81
PAY09824,ORD09824,2025-03-14,UPI,Successful,2609.75
PAY09825,ORD09825,2025-09-04,Net Banking,Successful,182635.77
PAY09826,ORD09826,2025-09-09,Debit Card,Successful,13952.16
PAY09827,ORD09827,2025-07-12,Net Banking,Successful,5097.89
PAY09828,ORD09828,2025-06-16,Debit Card,Successful,14240.93
PAY09829,ORD09829,2025-05-22,Net Banking,Successful,296038.69
PAY09830,ORD09830,2025-09-16,Net Banking,Successful,50114.34
PAY09831,ORD09831,2025-08-03,Debit Card,Failed,14792.96
PAY09832,ORD09832,2025-11-06,Credit Card,Successful,99327.88
PAY09833,ORD09833,2025-01-19,Debit Card,Successful,43832.04
PAY09834,ORD09834,2025-07-03,Cash on Delivery,Successful,25544.88
PAY09835,ORD09835,2025-08-12,UPI,Successful,87446.64
PAY09836,ORD09836,2025-06-23,Net Banking,Failed,27234.28
PAY09837,ORD09837,2025-10-09,Debit Card,Successful,22757.15
PAY09838,ORD09838,2025-06-03,Net Banking,Successful,4665.65
PAY09839,ORD09839,2025-12-23,Debit Card,Successful,5924.67
PAY09840,ORD09840,2025-05-22,Credit Card,Successful,2441.81
PAY09841,ORD09841,2025-10-18,Cash on Delivery,Successful,13804.16
PAY09842,ORD09842,2025-07-17,Net Banking,Successful,124842.97
PAY09843,ORD09843,2025-12-01,Credit Card,Successful,1293.5
PAY09844,ORD09844,2025-07-05,Cash on Delivery,Successful,2277.18
PAY09845,ORD09845,2025-06-27,Credit Card,Successful,4741.05
PAY09846,ORD09846,2025-12-08,Debit Card,Successful,133673.69
PAY09847,ORD09847,2025-04-17,Net Banking,Successful,48582.9
PAY09848,ORD09848,2025-02-14,Debit Card,Successful,64601.8
PAY09849,ORD09849,2025-09-04,UPI,Successful,170923.38
PAY09850,ORD09850,2025-05-04,Cash on Delivery,Successful,9030.6
PAY09851,ORD09851,2025-05-21,Cash on Delivery,Successful,42132.4
PAY09852,ORD09852,2025-09-02,Debit Card,Failed,4415.79
PAY09853,ORD09853,2025-08-14,Debit Card,Successful,2643.07
PAY09854,ORD09854,2025-07-28,Debit Card,Pending,66293.18
PAY09855,ORD09855,2025-10-27,Cash on Delivery,Successful,13466.29
PAY09856,ORD09856,2025-01-10,Debit Card,Successful,8015.06
PAY09857,ORD09857,2025-09-26,UPI,Successful,885.04
PAY09858,ORD09858,2025-04-02,Net Banking,Successful,6098.26
PAY09859,ORD09859,2025-10-19,Credit Card,Successful,5680.59
PAY09860,ORD09860,2025-07-29,Credit Card,Failed,143183.37
PAY09861,ORD09861,2025-09-16,Credit Card,Successful,6594.99
PAY09862,ORD09862,2025-08-13,Debit Card,Failed,135316.03
PAY09863,ORD09863,31/03/2025,Net Banking,Successful,4160.28
PAY09864,ORD09864,2025-12-18,Credit Card,Refunded,9568.22
PAY09865,ORD09865,2025-12-07,UPI,Successful,15607.01
PAY09866,ORD09866,2025-10-01,Net Banking,Successful,223602.99
PAY09867,ORD09867,2025-03-31,Net Banking,Successful,82101.48
PAY09868,ORD09868,2025-07-27,Cash on Delivery,Successful,27567.48
PAY09869,ORD09869,2025-07-28,Credit Card,Successful,9159.69
PAY09870,ORD09870,2025-09-30,Net Banking,Refunded,41951.77
PAY09871,ORD09871,2025-06-12,UPI,Pending,598.59
PAY09872,ORD09872,2025-06-27,Cash on Delivery,Successful,4039.47
PAY09873,ORD09873,2025-03-09,Debit Card,Successful,5320.38
PAY09874,ORD09874,2025-02-06,Credit Card ,Failed,3576.44
PAY09875,ORD09875,2025-12-31,Cash on Delivery,Successful,15251.38
PAY09876,ORD09876,2025-11-18,Net Banking,Successful,3330.8
PAY09877,ORD09877,2025-11-25,Cash on Delivery,Successful,9744.66
PAY09878,ORD09878,2025-09-30,Net Banking,Pending,60462.08
PAY09879,ORD09879,2025-12-05,Debit Card,Successful,263362.21
PAY09880,ORD09880,2025-06-11,Debit Card,Successful,3112.61
PAY09881,ORD09881,2025-08-12,Credit Card,Successful,6951.31
PAY09882,ORD09882,2025-02-22,UPI,Successful,32352.85
PAY09883,ORD09883,2025-06-29,Cash on Delivery,Successful,164791.84
PAY09884,ORD09884,2025-11-11,Net Banking,Successful,6982.81
PAY09885,ORD09885,2025-01-19,Debit Card,Successful,5267.55
PAY09886,ORD09886,2025-07-09,Credit Card,Failed,3671.9
PAY09887,ORD09887,2025-04-05,UPI,Successful,110166.59
PAY09888,ORD09888,2025-02-09,UPI,Refunded,95913.54
PAY09889,ORD09889,2025-05-15,Net Banking,Successful,8395.95
PAY09890,ORD09890,2025-06-21,Credit Card,Successful,578.19
PAY09891,ORD09891,2025-07-04,UPI,Refunded,4819.01
PAY09892,ORD09892,2025-10-15,Cash on Delivery,Successful,2721.65
PAY09893,ORD09893,2025-06-12,UPI,Successful,5783.35
PAY09894,ORD09894,2025-10-06,Cash on Delivery,Successful,4675.53
PAY09895,ORD09895,2025-01-03,Debit Card,Successful,3561.61
PAY09896,ORD09896,2025-08-26,UPI,Refunded,3649.78
PAY09897,ORD09897,2025-02-12,Cash on Delivery,Successful,4653.74
PAY09898,ORD09898,2025-09-14,Net Banking,Successful,78341.06
PAY09899,ORD09899,2025-03-15,Debit Card,Successful,195409.42
PAY09900,ORD09900,2025-11-04,Cash on Delivery,Successful,27274.48
PAY09901,ORD09901,2025-01-17,,Refunded,35665.45
PAY09902,ORD09902,2025-05-11,UPI,Successful,10781.38
PAY09903,ORD09903,2025-06-20,Net Banking,Successful,116515.98
PAY09904,ORD09904,2025-12-17,UPI,Successful,14304.35
PAY09905,ORD09905,2025-05-29,Credit Card,Failed,5477.19
PAY09906,ORD09906,2025-03-18,Cash on Delivery,Successful,59481.14
PAY09907,ORD09907,2025-04-28,UPI,Successful,3948.52
PAY09908,ORD09908,2025-04-07,Debit Card,Successful,163446.81
PAY09909,ORD09909,2025-10-09,Net Banking,Successful,29460.5
PAY09910,ORD09910,2025-08-01,Net Banking,Successful,9032.01
PAY09911,ORD09911,2025-05-15,Cash on Delivery,Successful,1874.33
PAY09912,ORD09912,2025-05-08,Debit Card,Successful,2970.43
PAY09913,ORD09913,2025-09-20,Debit Card,Failed,27189.75
PAY09914,ORD09914,2025-09-26,Credit Card ,Successful,67849.9
PAY09915,ORD09915,2025-11-04,Credit Card,Refunded,107033.74
PAY09916,ORD09916,2025-04-16,Credit Card,Successful,9441.73
PAY09917,ORD09917,2025-08-21,Cash on Delivery,Successful,11535.73
PAY09918,ORD09918,2025-05-20,,Successful,12503.81
PAY09919,ORD09919,2025-08-07,UPI,Successful,38576.14
PAY09920,ORD09920,2025-02-24,Cash on Delivery,Failed,2941.87
PAY09921,ORD09921,2025-08-27,Cash on Delivery,Successful,14192.31
PAY09922,ORD09922,2025-05-13,UPI,Successful,4754.69
PAY09923,ORD09923,2025-11-09,UPI,Successful,2146.3
PAY09924,ORD09924,2025-06-28,Credit Card,Successful,16394.24
PAY09925,ORD09925,2025-11-11,Cash on Delivery,Refunded,2678.19
PAY09926,ORD09926,2025-11-05,Cash on Delivery,Successful,15455.41
PAY09927,ORD09927,2025-07-24,Debit Card,Successful,2609.77
PAY09928,ORD09928,2025-06-02,Debit Card,Successful,30745.82
PAY09929,ORD09929,2025-04-12,Cash on Delivery,Successful,6392.85
PAY09930,ORD09930,2025-03-17,UPI,Successful,71542.29
PAY09931,ORD09931,2025-07-27,Cash on Delivery,Refunded,2464.95
PAY09932,ORD09932,2025-09-15,Net Banking,Successful,450.49
PAY09933,ORD09933,30/10/2025,UPI,Successful,123848.74
PAY09934,ORD09934,2025-04-01,Debit Card,Successful,3644.12
PAY09935,ORD09935,2025-06-03,Credit Card,Successful,9187.0
PAY09936,ORD09936,2025-02-12,UPI,Successful,97775.77
PAY09937,ORD09937,2025-12-17,Debit Card,Successful,12826.56
PAY09938,ORD09938,2025-12-18,UPI,Successful,142439.24
PAY09939,ORD09939,2025-03-30,Cash on Delivery,Successful,46865.27
PAY09940,ORD09940,2025-10-27,Cash on Delivery,Successful,2761.87
PAY09941,ORD09941,2025-01-23,UPI,Successful,5674.26
PAY09942,ORD09942,2025-02-17,Credit Card,Failed,145353.5
PAY09943,ORD09943,2025-03-15,UPI,Successful,57787.36
PAY09944,ORD09944,2025-04-04,Credit Card,Pending,4986.63
PAY09945,ORD09945,2025-06-24,Cash on Delivery,Failed,1867.05
PAY09946,ORD09946,2025-03-12,Cash on Delivery,Failed,63124.65
PAY09947,ORD09947,2025-07-01,Net Banking,Successful,3190.2
PAY09948,ORD09948,2025-07-16,UPI,Successful,952.25
PAY09949,ORD09949,2025-01-17,UPI,Successful,65421.94
PAY09950,ORD09950,2025-02-25,UPI,Refunded,65838.46
PAY09951,ORD09951,2025-12-09,Debit Card,Successful,6571.38
PAY09952,ORD09952,2025-04-28,Cash on Delivery,Successful,17086.5
PAY09953,ORD09953,2025-01-01,UPI ,Pending,4951.82
PAY09954,ORD09954,2025-08-20,UPI,Successful,10623.01
PAY09955,ORD09955,2025-07-10,Cash on Delivery,Successful,1560.04
PAY09956,ORD09956,2025-01-24,UPI,Successful,4457.69
PAY09957,ORD09957,2025-03-23,Net Banking,Refunded,12866.96
PAY09958,ORD09958,2025-01-14,Debit Card,Successful,80162.89
PAY09959,ORD09959,2025-05-27,Credit Card,Pending,3257.86
PAY09960,ORD09960,2025-09-18,Credit Card,Successful,6197.14
PAY09961,ORD09961,2025-05-03,Cash on Delivery,Successful,196623.82
PAY09962,ORD09962,2025-08-28,Cash on Delivery,Successful,56555.42
PAY09963,ORD09963,2025-06-08,Credit Card,Successful,10071.3
PAY09964,ORD09964,2025-11-22,Net Banking,Successful,3054.66
PAY09965,ORD09965,2025-02-01,UPI,Successful,2869.86
PAY09966,ORD09966,2025-04-22,UPI ,Successful,3819.7
PAY09967,ORD09967,2025-12-06,Debit Card,Successful,80768.08
PAY09968,ORD09968,2025-05-05,Cash on Delivery,Successful,4478.37
PAY09969,ORD09969,2025-09-04,Net Banking,Successful,148035.03
PAY09970,ORD09970,2025-07-02,Credit Card,Successful,9993.04
PAY09971,ORD09971,2025-10-03,Cash on Delivery,Successful,10938.51
PAY09972,ORD09972,2025-11-14,UPI,Successful,9629.0
PAY09973,ORD09973,2025-06-24,Net Banking,Successful,64095.67
PAY09974,ORD09974,2025-10-07,Net Banking,Successful,47572.88
PAY09975,ORD09975,2025-05-19,Cash on Delivery,Successful,10595.99
PAY09976,ORD09976,2025-03-11,Debit Card,Failed,5210.41
PAY09977,ORD09977,2025-03-18,Cash on Delivery,Successful,1239.4
PAY09978,ORD09978,2025-09-14,Cash on Delivery,Successful,3058.23
PAY09979,ORD09979,2025-04-11,Cash on Delivery,Refunded,33570.92
PAY09980,ORD09980,2025-12-19,Cash on Delivery,Successful,1068.91
PAY09981,ORD09981,2025-09-02,Cash on Delivery,Successful,3727.83
PAY09982,ORD09982,2025-05-17,Debit Card,Successful,4991.72
PAY09983,ORD09983,2025-06-18,UPI,Successful,29866.16
PAY09984,ORD09984,2025-12-06,UPI,Successful,136501.82
PAY09985,ORD09985,2025-01-30,Credit Card,Successful,7399.17
PAY09986,ORD09986,2025-11-14,Net Banking,Refunded,6852.54
PAY09987,ORD09987,2025-06-03,Net Banking,Successful,7126.75
PAY09988,ORD09988,2025-06-03,Credit Card,Refunded,1582.35
PAY09989,ORD09989,2025-06-16,UPI,Failed,198845.8
PAY09990,ORD09990,2025-08-13,Net Banking,Successful,158179.23
PAY09991,ORD09991,2025-04-29,Net Banking,Successful,7901.19
PAY09992,ORD09992,2025-12-22,Cash on Delivery,Successful,29433.45
PAY09993,ORD09993,2025-09-07,Net Banking,Successful,112587.38
PAY09994,ORD09994,2025-12-11,Debit Card,Successful,9466.7
PAY09995,ORD09995,2025-06-02,UPI,Successful,8349.46
PAY09996,ORD09996,2025-06-01,Net Banking,Successful,4788.78
PAY09997,ORD09997,2025-08-08,UPI,Successful,18739.01
PAY09998,ORD09998,2025-05-24,UPI,Successful,176666.48
PAY09999,ORD09999,2025-05-27,Net Banking,Successful,96615.44
PAY10000,ORD10000,2025-04-20,Debit Card,Refunded,4692.17
PAY10001,ORD10001,2025-01-07,UPI,Successful,14206.08
PAY10002,ORD10002,2025-04-09,Net Banking,Successful,1532.16
PAY10003,ORD10003,2025-12-14,Cash on Delivery,Successful,6759.99
PAY10004,ORD10004,2025-12-31,Cash on Delivery,Successful,3597.35
PAY10005,ORD10005,2025-07-13,UPI,Successful,6033.1
PAY10006,ORD10006,2025-12-22,Debit Card,Successful,8387.95
PAY10007,ORD10007,2025-01-18,Credit Card,Successful,3073.64
PAY10008,ORD10008,2025-11-21,Net Banking,Successful,6936.65
PAY10009,ORD10009,2025-03-21,Debit Card,Successful,99764.05
PAY10010,ORD10010,2025-04-05,UPI,Successful,64347.46
PAY10011,ORD10011,2025-03-30,Debit Card,Successful,6963.44
PAY10012,ORD10012,2025-08-13,Cash on Delivery,Successful,56896.72
PAY10013,ORD10013,2025-10-08,UPI,Successful,5866.61
PAY10014,ORD10014,2025-05-08,Net Banking,Successful,18004.41
PAY10015,ORD10015,2025-11-23,UPI,Successful,8403.08
PAY10016,ORD10016,2025-09-10,cash on delivery,Successful,136640.73
PAY10017,ORD10017,2025-11-29,UPI,Successful,3535.64
PAY10018,ORD10018,2025-10-24,Cash on Delivery,Refunded,57212.76
PAY10019,ORD10019,2025-12-16,Debit Card,Successful,1241.9
PAY10020,ORD10020,2025-10-16,UPI,Successful,1897.26
PAY10021,ORD10021,2025-04-23,Net Banking,Successful,107799.06
PAY10022,ORD10022,2025-06-26,Cash on Delivery,Successful,35412.52
PAY10023,ORD10023,2025-04-07,Debit Card,Successful,5423.48
PAY10024,ORD10024,2025-01-14,UPI,Successful,2957.71
PAY10025,ORD10025,2025-02-09,UPI,Successful,5129.3
PAY10026,ORD10026,2025-08-30,Credit Card,Successful,14599.81
PAY10027,ORD10027,2025-01-03,Debit Card,Successful,7830.56
PAY10028,ORD10028,2025-03-13,Net Banking,Successful,4216.42
PAY10029,ORD10029,2025-01-29,Credit Card,Successful,42281.6
PAY10030,ORD10030,2025-03-09,Credit Card,Successful,8085.9
PAY10031,ORD10031,2025-01-22,Debit Card,Successful,12191.77
PAY10032,ORD10032,2025-05-01,Credit Card,Successful,78045.77
PAY10033,ORD10033,2025-07-16,Credit Card,Pending,6203.68
PAY10034,ORD10034,2025-09-28,Cash on Delivery,Successful,8926.24
PAY10035,ORD10035,2025-01-16,Cash on Delivery,Successful,1385.52
PAY10036,ORD10036,2025-07-16,Credit Card,Successful,2829.41
PAY10037,ORD10037,2025-03-01,Net Banking,Successful,13905.78
PAY10038,ORD10038,2025-05-27,UPI ,Successful,1340.49
PAY10039,ORD10039,2025-04-03,UPI,Successful,48534.61
PAY10040,ORD10040,2025-06-30,Debit Card,Successful,9104.61
PAY10041,ORD10041,2025-03-04,Cash on Delivery,Successful,143053.95
PAY10042,ORD10042,2025-10-18,Cash on Delivery,Successful,60612.43
PAY10043,ORD10043,2025-08-03,Cash on Delivery,Successful,10454.61
PAY10044,ORD10044,2025-07-26,Cash on Delivery,Successful,1353.67
PAY10045,ORD10045,2025-11-19,Debit Card,Refunded,204830.43
PAY10046,ORD10046,2025-07-06,Debit Card,Successful,27630.24
PAY10047,ORD10047,2025-01-20,Net Banking,Successful,141722.65
PAY10048,ORD10048,2025-04-11,Cash on Delivery,Successful,4504.28
PAY10049,ORD10049,2025-01-11,Cash on Delivery,Successful,3736.53
PAY10050,ORD10050,2025-01-28,Net Banking,Successful,11073.9
PAY10051,ORD10051,2025-06-24,Credit Card,Successful,2789.79
PAY10052,ORD10052,2025-04-13,UPI,Successful,1572.03
PAY10053,ORD10053,2025-02-01,Net Banking,Failed,11806.56
PAY10054,ORD10054,2025-03-21,Net Banking,Successful,36024.9
PAY10055,ORD10055,2025-12-05,Net Banking, Successful ,15121.41
PAY10056,ORD10056,2025-05-12,Credit Card,Successful,47402.0
PAY10057,ORD10057,2025-08-09,Credit Card,Successful,15875.36
PAY10058,ORD10058,2025-10-02,Credit Card,Successful,52680.34
PAY10059,ORD10059,2025-08-28,UPI,Successful,24971.66
PAY10060,ORD10060,2025-07-30,UPI,Successful,50925.07
PAY10061,ORD10061,2025-05-23,Net Banking,Successful,2853.84
PAY10062,ORD10062,2025-06-06,Net Banking,Failed,28723.44
PAY10063,ORD10063,2025-01-03,Debit Card,Successful,20961.94
PAY10064,ORD10064,2025-04-19,Cash on Delivery,Pending,2826.43
PAY10065,ORD10065,2025-05-15,Debit Card,Successful,2578.91
PAY10066,ORD10066,2025-09-19,Net Banking,Successful,53589.13
PAY10067,ORD10067,2025-02-19,Debit Card,Successful,5066.31
PAY10068,ORD10068,2025-05-04,UPI,Successful,695.62
PAY10069,ORD10069,2025-04-08,credit card,Successful,199385.74
PAY10070,ORD10070,2025-06-16,Cash on Delivery,Refunded,22329.46
PAY10071,ORD10071,2025-12-20,Net Banking,Successful,107539.13
PAY10072,ORD10072,2025-09-04,UPI,Successful,2543.39
PAY10073,ORD10073,2025-11-25,UPI,Refunded,25751.26
PAY10074,ORD10074,2025-04-18,Net Banking,Refunded,663.96
PAY10075,ORD10075,2025-05-18,Credit Card,Successful,2754.4
PAY10076,ORD10076,2025-03-01,Debit Card,Successful,25057.64
PAY10077,ORD10077,2025-03-02,Credit Card,Successful,100841.0
PAY10078,ORD10078,2025-07-27,Cash on Delivery,Successful,1930.16
PAY10079,ORD10079,2025-10-03,Credit Card,Successful,65300.55
PAY10080,ORD10080,2025-02-10,Credit Card,Successful,7560.56
PAY10081,ORD10081,2025-01-19,Net Banking,Successful,25070.9
PAY10082,ORD10082,2025-11-03,UPI,Successful,7549.86
PAY10083,ORD10083,2025-09-29,Debit Card,Successful,1109.2
PAY10084,ORD10084,2025-11-26,Debit Card,Refunded,77146.7
PAY10085,ORD10085,2025-09-13,Net Banking,Successful,22220.3
PAY10086,ORD10086,2025-11-16,Cash on Delivery,Successful,28556.88
PAY10087,ORD10087,2025-06-04,Net Banking,Successful,71045.08
PAY10088,ORD10088,2025-02-13,Credit Card,Successful,51844.22
PAY10089,ORD10089,2025-03-07,UPI,Successful,25759.44
PAY10090,ORD10090,2025-11-25,UPI,Failed,9438.2
PAY10091,ORD10091,2025-04-26,Debit Card,Successful,27716.62
PAY10092,ORD10092,2025-12-25,UPI,Successful,5085.6
PAY10093,ORD10093,2025-12-13,Debit Card,Successful,16201.59
PAY10094,ORD10094,2025-11-29,Debit Card,Successful,4595.65
PAY10095,ORD10095,2025-09-04,Credit Card,Successful,39317.66
PAY10096,ORD10096,2025-06-23,Net Banking,Successful,10077.07
PAY10097,ORD10097,2025-02-20,Credit Card,Failed,945.45
PAY10098,ORD10098,2025-02-26,UPI,Successful,266852.67
PAY10099,ORD10099,2025-10-10,UPI,Successful,4018.85
PAY10100,ORD10100,2025-09-09,Cash on Delivery,Successful,7207.91
PAY10101,ORD10101,2025-05-24,,Failed,14486.1
PAY10102,ORD10102,2025-07-18,Credit Card,Successful,14223.77
PAY10103,ORD10103,2025-01-09,Debit Card,Successful,11843.9
PAY10104,ORD10104,2025-11-20,Credit Card,Successful,917.94
PAY10105,ORD10105,2025-05-06,Debit Card,Successful,16729.05
PAY10106,ORD10106,2025-12-13,Credit Card,Successful,68680.12
PAY10107,ORD10107,2025-10-09,Cash on Delivery,Successful,18027.51
PAY10108,ORD10108,2025-11-12,Credit Card,Successful,17007.92
PAY10109,ORD10109,2025-07-26,Upi,Refunded,2927.63
PAY10110,ORD10110,2025-06-15,Net Banking,Successful,2835.23
PAY10111,ORD10111,2025-02-03,UPI,Successful,3445.65
PAY10112,ORD10112,2025-05-08,Debit Card,Successful,21474.05
PAY10113,ORD10113,2025-12-05,Credit Card,Successful,9890.58
PAY10114,ORD10114,2025-01-25,Credit Card,Successful,67647.23
PAY10115,ORD10115,2025-04-09,Debit Card,Successful,86031.9
PAY10116,ORD10116,2025-06-27,Debit Card,Successful,49424.57
PAY10117,ORD10117,2025-09-07,UPI,Successful,4281.34
PAY10118,ORD10118,2025-08-31,Credit Card,Successful,63891.64
PAY10119,ORD10119,2025-02-10,Net Banking,Successful,10685.08
PAY10120,ORD10120,2025-10-01,UPI,Refunded,50215.02
PAY10121,ORD10121,2025-03-26,UPI,Failed,41783.0
PAY10122,ORD10122,2025-08-28,Debit Card,Successful,448.89
PAY10123,ORD10123,2025-11-03,Credit Card,Successful,114137.25
PAY10124,ORD10124,2025-08-11,Cash on Delivery,Failed,63541.37
PAY10125,ORD10125,2025-06-03,Debit Card,Successful,3053.77
PAY10126,ORD10126,2025-08-11,cash on delivery,Successful,4833.76
PAY10127,ORD10127,2025-01-06,UPI,Successful,2021.73
PAY10128,ORD10128,2025-07-16,UPI,Successful,1224.93
PAY10129,ORD10129,2025-02-13,Net Banking,Refunded,33459.44
PAY10130,ORD10130,2025-04-06,Cash on Delivery,Successful,143147.42
PAY10131,ORD10131,2025-03-08,UPI,Successful,3710.84
PAY10132,ORD10132,2025-09-04,UPI,Successful,4746.96
PAY10133,ORD10133,2025-08-09,Cash on Delivery,Successful,28546.98
PAY10134,ORD10134,2025-07-04,UPI,Successful,4566.24
PAY10135,ORD10135,2025-01-12,Cash on Delivery,Successful,32474.63
PAY10136,ORD10136,2025-06-14,UPI,Successful,5678.72
PAY10137,ORD10137,2025-12-20,Credit Card,Successful,9037.78
PAY10138,ORD10138,2025-02-27,Debit Card,Successful,19036.4
PAY10139,ORD10139,2025-03-10,Cash on Delivery,Successful,6690.27
PAY10140,ORD10140,2025-07-28,Net Banking,Successful,3282.43
PAY10141,ORD10141,2025-09-22,Net Banking,Failed,3578.97
PAY10142,ORD10142,2025-03-03,Credit Card,Failed,86105.51
PAY10143,ORD10143,2025-06-13,Credit Card,Failed,107039.28
PAY10144,ORD10144,2025-10-07,Debit Card,Successful,17894.13
PAY10145,ORD10145,2025-05-09,Debit Card,Successful,3253.68
PAY10146,ORD10146,2025-10-30,Credit Card,Successful,4830.22
PAY10147,ORD10147,2025-12-08,Net Banking,Failed,3079.28
PAY10148,ORD10148,2025-03-30,UPI,Successful,1716.33
PAY10149,ORD10149,2025-10-18,Credit Card,Pending,9999.62
PAY10150,ORD10150,2025-12-07,Net Banking,Successful,121833.66
PAY10151,ORD10151,2025-06-25,Net Banking,Successful,4698.55
PAY10152,ORD10152,2025-01-28,UPI,Successful,9250.6
PAY10153,ORD10153,2025-06-29,Credit Card,Successful,7900.59
PAY10154,ORD10154,2025-12-06,Credit Card,Refunded,1697.64
PAY10155,ORD10155,2025-08-24,Credit Card,Successful,11533.48
PAY10156,ORD10156,2025-11-17,UPI,Successful,7906.22
PAY10157,ORD10157,2025-05-29,Debit Card,Successful,155.04
PAY10158,ORD10158,2025-01-21,Net Banking,Successful,11590.22
PAY10159,ORD10159,2025-06-28,Cash on Delivery,Successful,101904.01
PAY10160,ORD10160,2025-10-13,Debit Card,Successful,1856.21
PAY10161,ORD10161,2025-02-13,cash on delivery,Successful,12319.07
PAY10162,ORD10162,2025-08-14,Debit Card,Refunded,5280.09
PAY10163,ORD10163,2025-08-20,Cash on Delivery,Successful,2342.07
PAY10164,ORD10164,2025-04-18,Credit Card,Successful,2993.38
PAY10165,ORD10165,2025-09-12,Credit Card,Successful,22031.93
PAY10166,ORD10166,2025-03-12,UPI,Successful,100010.13
PAY10167,ORD10167,2025-10-13,UPI,Successful,3117.44
PAY10168,ORD10168,2025-12-06,UPI,Successful,82406.31
PAY10169,ORD10169,2025-09-09,UPI,Successful,10111.16
PAY10170,ORD10170,2025-03-03,UPI,Successful,48758.72
PAY10171,ORD10171,2025-05-26,Net Banking, Successful ,111700.93
PAY10172,ORD10172,2025-01-28,Cash on Delivery,Successful,3068.78
PAY10173,ORD10173,2025-08-12,Cash on Delivery,Successful,63739.13
PAY10174,ORD10174,2025-06-09,Cash on Delivery,Successful,3076.91
PAY10175,ORD10175,2025-05-14,Credit Card,Successful,268396.3
PAY10176,ORD10176,2025-11-17,UPI,Successful,1743.05
PAY10177,ORD10177,2025-09-15,Cash on Delivery,Successful,25146.85
PAY10178,ORD10178,2025-01-03,Cash on Delivery,Successful,19349.47
PAY10179,ORD10179,2025-01-15,UPI,Pending,13446.06
PAY10180,ORD10180,2025-02-16,Net Banking,Successful,17365.29
PAY10181,ORD10181,2025-01-31,Cash on Delivery,Failed,9045.23
PAY10182,ORD10182,2025-03-02,Net Banking,Successful,10453.36
PAY10183,ORD10183,2025-10-29,Cash on Delivery,Successful,2610.44
PAY10184,ORD10184,2025-01-05,Net Banking, Successful ,41255.22
PAY10185,ORD10185,2025-05-07,Debit Card,Successful,14481.68
PAY10186,ORD10186,2025-03-24,Credit Card,Successful,73294.86
PAY10187,ORD10187,2025-12-05,Debit Card,Successful,7133.24
PAY10188,ORD10188,2025-02-09,Net Banking,Successful,48239.43
PAY10189,ORD10189,2025-08-27,Debit Card,Pending,79203.91
PAY10190,ORD10190,2025-03-17,Credit Card,Successful,2683.35
PAY10191,ORD10191,2025-05-08,Credit Card,Failed,7279.71
PAY10192,ORD10192,2025-12-30,Cash on Delivery,Successful,7219.92
PAY10193,ORD10193,2025-06-15,Net Banking,Successful,91760.59
PAY10194,ORD10194,2025-09-23,Net Banking,Refunded,1299.48
PAY10195,ORD10195,2025-08-07,UPI,Successful,1605.89
PAY10196,ORD10196,2025-02-20,Debit Card,Successful,6641.27
PAY10197,ORD10197,2025-04-11,Net Banking,refunded,7892.67
PAY10198,ORD10198,2025-06-18,UPI,Successful,3018.31
PAY10199,ORD10199,2025-06-08,UPI,Successful,4361.2
PAY10200,ORD10200,2025-11-19,Credit Card,Successful,3085.73
PAY10201,ORD10201,2025-05-30,Cash on Delivery,Successful,12790.81
PAY10202,ORD10202,2025-12-19,Cash on Delivery,Successful,2392.61
PAY10203,ORD10203,2025-04-05,Debit Card,Refunded,160224.47
PAY10204,ORD10204,2025-01-08,Debit Card,Successful,3508.8
PAY10205,ORD10205,2025-04-25,Cash on Delivery,Successful,2930.14
PAY10206,ORD10206,2025-07-12,Credit Card,Successful,6053.66
PAY10207,ORD10207,2025-03-04,Cash on Delivery,Successful,16604.66
PAY10208,ORD10208,2025-10-01,Credit Card,Successful,8189.26
PAY10209,ORD10209,2025-07-13,UPI,Successful,49843.87
PAY10210,ORD10210,2025-03-11,Cash on Delivery,Successful,8946.34
PAY10211,ORD10211,2025-07-30,Cash on Delivery,Failed,34455.5
PAY10212,ORD10212,2025-03-02,Debit Card,Successful,10007.07
PAY10213,ORD10213,2025-10-18,Net Banking,Successful,3032.15
PAY10214,ORD10214,2025-08-20,Net Banking,Failed,19874.97
PAY10215,ORD10215,2025-12-12,Net Banking,Successful,104599.94
PAY10216,ORD10216,2025-12-23,Cash on Delivery,failed,175361.19
PAY10217,ORD10217,2025-08-22,upi,Successful,4015.43
PAY10218,ORD10218,2025-08-06,Credit Card,Successful,31502.37
PAY10219,ORD10219,2025-08-19,Credit Card,Successful,71903.4
PAY10220,ORD10220,2025-11-04,Net Banking,Successful,27990.26
PAY10221,ORD10221,2025-08-11,Credit Card,Successful,30235.05
PAY10222,ORD10222,2025-12-21,Credit Card,Failed,50626.41
PAY10223,ORD10223,2025-01-09,Net Banking,Successful,81478.85
PAY10224,ORD10224,2025-06-12,Net Banking,Successful,3431.83
PAY10225,ORD10225,26/09/2025,Debit Card,Successful,39369.56
PAY10226,ORD10226,2025-12-02,Debit Card,Refunded,6760.28
PAY10227,ORD10227,2025-09-01,Net Banking,Successful,101509.21
PAY10228,ORD10228,2025-10-17,Debit Card,Successful,106844.87
PAY10229,ORD10229,2025-08-28,Debit Card,Successful,6617.93
PAY10230,ORD10230,2025-12-20,Cash on Delivery,Successful,3624.17
PAY10231,ORD10231,2025-08-11,Credit Card,Successful,787.02
PAY10232,ORD10232,2025-09-14,UPI,Successful,5660.05
PAY10233,ORD10233,2025-08-18,Net Banking,Successful,2301.62
PAY10234,ORD10234,2025-05-06,Credit Card,Failed,1264.05
PAY10235,ORD10235,2025-07-08,UPI,Successful,10842.8
PAY10236,ORD10236,2025-01-02,Net Banking,Successful,15772.76
PAY10237,ORD10237,2025-03-21,Debit Card,Successful,5812.5
PAY10238,ORD10238,2025-04-18,Cash on Delivery,Successful,2325.01
PAY10239,ORD10239,2025-05-08,Net Banking,Successful,4069.25
PAY10240,ORD10240,2025-11-23,Upi,Successful,2961.76
PAY10241,ORD10241,2025-08-13,UPI,Failed,4078.04
PAY10242,ORD10242,2025-10-26,Debit Card,Successful,141297.7
PAY10243,ORD10243,2025-09-26,Cash on Delivery,Successful,5786.17
PAY10244,ORD10244,2025-12-13,UPI,Successful,9399.4
PAY10245,ORD10245,2025-12-03,Debit Card,Successful,27224.57
PAY10246,ORD10246,2025-09-13,UPI,Successful,7194.22
PAY10247,ORD10247,2025-01-29,Debit Card,Successful,1450.85
PAY10248,ORD10248,2025-10-03,Cash on Delivery,Successful,10674.25
PAY10249,ORD10249,2025-12-17,Debit Card,Successful,34896.55
PAY10250,ORD10250,2025-11-03,Net Banking,Refunded,3462.17
PAY10251,ORD10251,2025-02-05,Cash on Delivery,Failed,204587.66
PAY10252,ORD10252,2025-01-06,Cash on Delivery,Successful,3089.66
PAY10253,ORD10253,2025-04-07,UPI,Failed,5616.34
PAY10254,ORD10254,2025-06-27,Credit Card,Refunded,225523.24
PAY10255,ORD10255,2025-04-26,Net Banking,Pending,10483.03
PAY10256,ORD10256,2025-05-31,UPI,Successful,3839.33
PAY10257,ORD10257,2025-10-16,Debit Card,Successful,48354.74
PAY10258,ORD10258,2025-08-21,Debit Card,Successful,79188.02
PAY10259,ORD10259,2025-05-27,Credit Card,Successful,37660.26
PAY10260,ORD10260,2025-09-07,Net Banking,Successful,2185.81
PAY10261,ORD10261,2025-12-27,Net Banking,Successful,4345.76
PAY10262,ORD10262,2025-05-31,UPI,Successful,142421.46
PAY10263,ORD10263,2025-11-20,Credit Card,Successful,17453.44
PAY10264,ORD10264,2025-07-13,UPI,Successful,5542.35
PAY10265,ORD10265,2025-04-14,UPI,Successful,5793.8
PAY10266,ORD10266,2025-01-25,Net Banking,Successful,2420.46
PAY10267,ORD10267,2025-02-23,UPI ,Successful,13187.51
PAY10268,ORD10268,2025-11-20,Credit Card,Refunded,3167.97
PAY10269,ORD10269,2025-08-22,Debit Card,Successful,112622.89
PAY10270,ORD10270,2025-01-06,Cash on Delivery,Successful,2939.3
PAY10271,ORD10271,2025-07-14,Credit Card,Successful,5828.44
PAY10272,ORD10272,2025-12-07,Net Banking,Successful,30972.92
PAY10273,ORD10273,2025-02-12,UPI,Refunded,29445.12
PAY10274,ORD10274,2025-03-15,Cash on Delivery,Successful,5407.03
PAY10275,ORD10275,2025-07-23,Debit Card,Successful,35746.54
PAY10276,ORD10276,2025-02-01,Net Banking,Successful,14287.83
PAY10277,ORD10277,2025-09-19,Debit Card,Successful,10786.65
PAY10278,ORD10278,2025-08-26,Net Banking,Successful,51857.58
PAY10279,ORD10279,2025-05-18,Cash on Delivery,Successful,30350.57
PAY10280,ORD10280,2025-10-21,Cash on Delivery,Successful,6836.82
PAY10281,ORD10281,2025-01-24,Credit Card,Successful,5063.56
PAY10282,ORD10282,2025-09-22,Credit Card,Successful,8269.85
PAY10283,ORD10283,2025-12-09,cash on delivery,Successful,508.39
PAY10284,ORD10284,2025-03-30,upi,Successful,116785.88
PAY10285,ORD10285,2025-02-23,Cash on Delivery,Successful,24387.8
PAY10286,ORD10286,2025-11-28,Credit Card,Successful,16639.21
PAY10287,ORD10287,2025-06-10,Debit Card,Successful,20581.08
PAY10288,ORD10288,2025-06-09,Net Banking,Successful,5287.7
PAY10289,ORD10289,2025-11-21,UPI,Successful,6820.54
PAY10290,ORD10290,2025-05-02,Cash on Delivery,Successful,131033.04
PAY10291,ORD10291,2025-09-05,Debit Card,Refunded,113555.86
PAY10292,ORD10292,2025-02-15,Debit Card,Successful,31566.68
PAY10293,ORD10293,2025-06-26,Credit Card,Successful,23659.74
PAY10294,ORD10294,2025-06-17,Credit Card,Successful,65796.27
PAY10295,ORD10295,2025-05-07,Credit Card,Successful,132758.62
PAY10296,ORD10296,2025-07-06,UPI,Successful,9569.53
PAY10297,ORD10297,2025-08-01,UPI,Pending,25010.47
PAY10298,ORD10298,2025-11-14,UPI,Successful,79183.9
PAY10299,ORD10299,2025-12-02,Debit Card,Successful,690.99
PAY10300,ORD10300,2025-04-10,Net Banking,Successful,6209.9
PAY10301,ORD10301,2025-07-15,UPI,Successful,9892.73
PAY10302,ORD10302,2025-09-20,UPI,Successful,6108.16
PAY10303,ORD10303,2025-09-18,Cash on Delivery,Successful,1633.3
PAY10304,ORD10304,2025-01-10,Cash on Delivery,Successful,4934.11
PAY10305,ORD10305,2025-05-31,Net Banking,Successful,7293.01
PAY10306,ORD10306,2025-06-16,Credit Card,Successful,2549.47
PAY10307,ORD10307,2025-11-30,Credit Card,Successful,104868.42
PAY10308,ORD10308,2025-10-18,Credit Card,Successful,2034.49
PAY10309,ORD10309,2025-07-07,Debit Card,Successful,14832.74
PAY10310,ORD10310,2025-05-13,Cash on Delivery,Successful,5173.6
PAY10311,ORD10311,2025-07-21,Credit Card,Failed,17988.51
PAY10312,ORD10312,2025-11-11,Cash on Delivery,Successful,7506.48
PAY10313,ORD10313,2025-09-06,Cash on Delivery,Successful,121573.58
PAY10314,ORD10314,2025-04-17,Cash on Delivery,Successful,27280.5
PAY10315,ORD10315,2025-06-08,Debit Card,Successful,8812.93
PAY10316,ORD10316,2025-05-21,Cash on Delivery,Successful,30798.29
PAY10317,ORD10317,2025-08-10,UPI,Successful,3699.91
PAY10318,ORD10318,2025-02-03,Net Banking,Failed,2949.21
PAY10319,ORD10319,2025-04-21,Credit Card,Successful,205251.42
PAY10320,ORD10320,2025-10-20,Credit Card,Successful,22641.0
PAY10321,ORD10321,2025-04-11,Cash on Delivery,Successful,70556.72
PAY10322,ORD10322,2025-09-24,UPI,Successful,4521.22
PAY10323,ORD10323,2025-07-13,Cash on Delivery,Successful,18737.48
PAY10324,ORD10324,2025-03-20,Cash on Delivery,Successful,76706.81
PAY10325,ORD10325,2025-11-23,UPI,Refunded,3508.43
PAY10326,ORD10326,2025-07-06,Debit Card,Successful,5271.43
PAY10327,ORD10327,2025-03-16,Debit Card,Successful,7022.46
PAY10328,ORD10328,2025-01-26,Debit Card,Successful,81147.67
PAY10329,ORD10329,2025-11-13,Cash on Delivery,Failed,59005.66
PAY10330,ORD10330,2025-02-23,Cash on Delivery,Successful,15215.13
PAY10331,ORD10331,2025-05-24,Credit Card,Successful,8041.5
PAY10332,ORD10332,2025-09-22,Debit Card,Successful,22518.15
PAY10333,ORD10333,2025-12-31,Debit Card,Successful,132541.48
PAY10334,ORD10334,2025-10-15,Net Banking,Successful,769.95
PAY10335,ORD10335,2025-03-23,Credit Card,Successful,111817.14
PAY10336,ORD10336,2025-07-05,Debit Card,Successful,51307.59
PAY10337,ORD10337,2025-02-18,Credit Card,Successful,3455.76
PAY10338,ORD10338,2025-05-03,UPI,Successful,5516.32
PAY10339,ORD10339,2025-12-04,Cash on Delivery,Successful,88291.91
PAY10340,ORD10340,2025-03-07,Net Banking,Successful,10520.74
PAY10341,ORD10341,23/04/2025,Net Banking,Successful,2033.56
PAY10342,ORD10342,2025-08-08,UPI,Successful,7009.34
PAY10343,ORD10343,2025-03-03,Net Banking,Successful,11396.49
PAY10344,ORD10344,2025-03-28,Debit Card,Successful,2092.81
PAY10345,ORD10345,2025-10-21,Credit Card,Pending,66369.74
PAY10346,ORD10346,2025-03-13,UPI,Successful,116496.16
PAY10347,ORD10347,2025-01-02,Credit Card,Successful,74249.61
PAY10348,ORD10348,2025-03-30,Debit Card,Successful,70033.06
PAY10349,ORD10349,2025-02-27,UPI ,Successful,4611.02
PAY10350,ORD10350,2025-12-02,Credit Card,Successful,1272.12
PAY10351,ORD10351,2025-05-18,UPI,Successful,51859.92
PAY10352,ORD10352,2025-08-01,UPI,Successful,6239.98
PAY10353,ORD10353,2025-02-15,Credit Card,Successful,1188.82
PAY10354,ORD10354,2025-07-24,Credit Card,Successful,12449.5
PAY10355,ORD10355,2025-08-12,Credit Card,Successful,64095.91
PAY10356,ORD10356,2025-11-14,Cash on Delivery,Successful,4119.09
PAY10357,ORD10357,2025-08-30,Cash on Delivery,Successful,1629.75
PAY10358,ORD10358,2025-05-02,Cash on Delivery,Successful,25701.89
PAY10359,ORD10359,2025-10-17,UPI,Successful,4768.5
PAY10360,ORD10360,2025-04-18,Credit Card,Successful,1647.74
PAY10361,ORD10361,2025-02-12,Cash on Delivery,Successful,8534.02
PAY10362,ORD10362,2025-06-30,Debit Card,Successful,9778.94
PAY10363,ORD10363,2025-12-31,Net Banking,Successful,5205.63
PAY10364,ORD10364,2025-08-24,Credit Card,Refunded,25122.09
PAY10365,ORD10365,2025-06-09,Debit Card,Successful,14562.81
PAY10366,ORD10366,2025-05-20,Debit Card,Refunded,12239.92
PAY10367,ORD10367,2025-10-22,UPI,Successful,11302.84
PAY10368,ORD10368,2025-05-17,Cash on Delivery,Successful,139123.63
PAY10369,ORD10369,2025-02-16,Debit Card,Successful,26815.53
PAY10370,ORD10370,2025-10-09,Cash on Delivery,Successful,4109.7
PAY10371,ORD10371,2025-12-08,Debit Card,Successful,8233.45
PAY10372,ORD10372,2025-03-30,Net Banking,Successful,13141.75
PAY10373,ORD10373,30/11/2025,Debit Card,Successful,3569.29
PAY10374,ORD10374,2025-05-27,Cash on Delivery,Successful,4716.67
PAY10375,ORD10375,2025-03-24,Credit Card,Successful,4547.34
PAY10376,ORD10376,2025-04-10,Net Banking,Successful,644.1
PAY10377,ORD10377,2025-11-03,UPI,Successful,30186.29
PAY10378,ORD10378,2025-04-19,Credit Card,Successful,18528.79
PAY10379,ORD10379,2025-11-25,Cash on Delivery,Successful,138973.3
PAY10380,ORD10380,2025-04-29,Debit Card,Successful,7141.17
PAY10381,ORD10381,2025-04-22,UPI,Successful,24156.31
PAY10382,ORD10382,2025-05-10,Debit Card,Successful,2221.39
PAY10383,ORD10383,2025-04-13,Credit Card,Successful,4182.39
PAY10384,ORD10384,2025-04-20,Credit Card,Successful,5841.14
PAY10385,ORD10385,2025-02-10,Credit Card,Successful,163232.78
PAY10386,ORD10386,2025-05-09,Debit Card,Successful,4530.66
PAY10387,ORD10387,2025-06-25,Credit Card,Successful,7712.28
PAY10388,ORD10388,2025-09-06,Cash on Delivery,Successful,7729.86
PAY10389,ORD10389,2025-09-02,Cash on Delivery,Successful,7897.11
PAY10390,ORD10390,23/05/2025,Net Banking,Successful,126477.23
PAY10391,ORD10391,2025-05-25,Net Banking,Refunded,187372.89
PAY10392,ORD10392,2025-08-15,Net Banking,Successful,52788.54
PAY10393,ORD10393,2025-04-20,Cash on Delivery,Successful,27698.62
PAY10394,ORD10394,2025-02-09,Cash on Delivery,Successful,10444.67
PAY10395,ORD10395,2025-08-23,UPI,Successful,17757.65
PAY10396,ORD10396,2025-12-08,Credit Card,Refunded,5910.39
PAY10397,ORD10397,2025-07-17,Cash on Delivery,Failed,69470.52
PAY10398,ORD10398,2025-04-04,Net Banking,Successful,2018.07
PAY10399,ORD10399,2025-04-22,UPI,Successful,65860.56
PAY10400,ORD10400,2025-05-07,Net Banking,Successful,61000.16
PAY10401,ORD10401,2025-05-18,Net Banking,Successful,48847.16
PAY10402,ORD10402,2025-12-06,UPI,Successful,4643.86
PAY10403,ORD10403,2025-05-23,Cash on Delivery,Refunded,13523.44
PAY10404,ORD10404,2025-03-02,Credit Card,Successful,31285.34
PAY10405,ORD10405,2025-07-08,UPI,Successful,33697.1
PAY10406,ORD10406,2025-10-09,Cash on Delivery,Failed,14603.5
PAY10407,ORD10407,2025-08-19,UPI,Successful,730.6
PAY10408,ORD10408,2025-05-16,Debit Card,Successful,158292.98
PAY10409,ORD10409,2025-10-06,Debit Card, Successful ,134582.54
PAY10410,ORD10410,2025-12-09,Cash on Delivery,Successful,24247.28
PAY10411,ORD10411,2025-08-08,UPI,Successful,214778.74
PAY10412,ORD10412,2025-06-27,Debit Card,Refunded,8840.97
PAY10413,ORD10413,2025-02-23,Net Banking,Refunded,5836.56
PAY10414,ORD10414,2025-03-30,Credit Card,Successful,11261.78
PAY10415,ORD10415,2025-06-03,Credit Card,Successful,65543.37
PAY10416,ORD10416,2025-08-16,Net Banking,Successful,3843.83
PAY10417,ORD10417,2025-11-10,Credit Card,Successful,3067.98
PAY10418,ORD10418,2025-09-01,Cash on Delivery,Successful,8357.78
PAY10419,ORD10419,2025-09-23,UPI,Successful,11380.1
PAY10420,ORD10420,2025-03-08,Debit Card,Successful,8644.91
PAY10421,ORD10421,2025-06-28,Credit Card,Successful,2730.15
PAY10422,ORD10422,2025-12-17,UPI,Failed,3933.7
PAY10423,ORD10423,2025-01-03,credit card,Successful,61032.31
PAY10424,ORD10424,2025-10-09,UPI,Successful,16348.52
PAY10425,ORD10425,2025-10-14,UPI,Successful,2193.47
PAY10426,ORD10426,2025-03-31,Debit Card,Successful,1171.73
PAY10427,ORD10427,2025-11-25,Credit Card,Successful,3272.34
PAY10428,ORD10428,2025-11-01,UPI,Successful,50204.41
PAY10429,ORD10429,2025-04-04,Cash on Delivery,Successful,26552.32
PAY10430,ORD10430,2025-10-25,Cash on Delivery,successful,19803.52
PAY10431,ORD10431,2025-04-01,Net Banking,Successful,4030.13
PAY10432,ORD10432,2025-01-03,Debit Card,Failed,6225.57
PAY10433,ORD10433,2025-05-21,Credit Card,Successful,125135.15
PAY10434,ORD10434,2025-04-11,Debit Card,Successful,77287.34
PAY10435,ORD10435,2025-12-14,Cash on Delivery,Successful,141361.02
PAY10436,ORD10436,2025-10-17,Cash on Delivery,Successful,2534.47
PAY10437,ORD10437,2025-01-26,Net Banking,Refunded,3953.76
PAY10438,ORD10438,2025-09-08,Cash on Delivery,Successful,117200.76
PAY10439,ORD10439,2025-03-08,Cash on Delivery,Successful,17737.52
PAY10440,ORD10440,2025-01-06,Credit Card,Successful,36048.27
PAY10441,ORD10441,2025-02-14,Net Banking,Successful,199227.0
PAY10442,ORD10442,2025-12-11,UPI,Successful,33830.14
PAY10443,ORD10443,2025-09-03,Cash on Delivery,Successful,18817.69
PAY10444,ORD10444,2025-03-11,Credit Card,Successful,24761.51
PAY10445,ORD10445,2025-10-20,UPI,Successful,19370.14
PAY10446,ORD10446,2025-09-27,Cash on Delivery,Successful,27745.69
PAY10447,ORD10447,2025-11-10,Debit Card,Failed,1176.45
PAY10448,ORD10448,2025-04-19,Cash on Delivery,Successful,129986.51
PAY10449,ORD10449,2025-01-18,UPI,Successful,105216.51
PAY10450,ORD10450,2025-03-29,Net Banking,Successful,34798.03
PAY10451,ORD10451,2025-10-10,Net Banking,Successful,27149.15
PAY10452,ORD10452,2025-08-31,Cash on Delivery,Failed,2830.34
PAY10453,ORD10453,2025-01-07,UPI,Successful,1171.94
PAY10454,ORD10454,2025-10-01,Credit Card,Successful,59687.6
PAY10455,ORD10455,2025-02-24,Cash on Delivery,Successful,7761.05
PAY10456,ORD10456,2025-07-14,Debit Card,Successful,56014.82
PAY10457,ORD10457,2025-03-17,Net Banking,Successful,1503.27
PAY10458,ORD10458,2025-01-07,UPI,Successful,17071.55
PAY10459,ORD10459,2025-10-15,,Successful,4132.73
PAY10460,ORD10460,2025-10-22,Debit Card,Successful,35134.8
PAY10461,ORD10461,2025-10-05,Cash on Delivery,Successful,180390.9
PAY10462,ORD10462,2025-07-03,UPI,Successful,157153.63
PAY10463,ORD10463,2025-03-13,Net Banking,Failed,4080.88
PAY10464,ORD10464,2025-08-02,Credit Card,Successful,2039.85
PAY10465,ORD10465,2025-01-12,Debit Card,Successful,2422.12
PAY10466,ORD10466,2025-11-16,UPI,Refunded,2819.76
PAY10467,ORD10467,2025-12-20,UPI,Successful,7621.36
PAY10468,ORD10468,2025-05-24,Debit Card,Successful,11033.66
PAY10469,ORD10469,2025-08-15,Net Banking,Successful,5416.21
PAY10470,ORD10470,2025-10-26,Credit Card,Successful,173903.91
PAY10471,ORD10471,2025-07-27,Debit Card,Successful,7805.53
PAY10472,ORD10472,2025-09-08,Debit Card,Successful,19233.53
PAY10473,ORD10473,2025-03-06,Credit Card,Refunded,33580.24
PAY10474,ORD10474,2025-11-11,Debit Card,Failed,2751.84
PAY10475,ORD10475,2025-02-24,Net Banking,Successful,162552.09
PAY10476,ORD10476,2025-11-05,Net Banking,Successful,2453.49
PAY10477,ORD10477,2025-09-17,Debit Card,Successful,1221.65
PAY10478,ORD10478,2025-12-20,UPI,Successful,6677.76
PAY10479,ORD10479,2025-04-28,Net Banking,Refunded,145911.75
PAY10480,ORD10480,2025-10-16,UPI,Failed,110763.73
PAY10481,ORD10481,2025-10-04,Net Banking,Failed,1785.86
PAY10482,ORD10482,2025-11-18,Credit Card,Successful,30290.04
PAY10483,ORD10483,2025-06-21,Credit Card,Successful,8780.61
PAY10484,ORD10484,2025-10-18,Debit Card,Failed,4292.64
PAY10485,ORD10485,2025-12-11,Net Banking,Successful,1274.3
PAY10486,ORD10486,2025-06-15,UPI,Successful,53620.73
PAY10487,ORD10487,2025-10-25,Net Banking,Successful,13124.61
PAY10488,ORD10488,2025-12-10,Credit Card,Failed,20648.06
PAY10489,ORD10489,2025-01-27,Debit Card,Successful,35286.87
PAY10490,ORD10490,2025-02-15,UPI,Successful,24544.48
PAY10491,ORD10491,2025-11-26,Net Banking,Refunded,68792.34
PAY10492,ORD10492,2025-04-29,Credit Card,Successful,2864.41
PAY10493,ORD10493,2025-04-23,Cash on Delivery,Successful,33269.17
PAY10494,ORD10494,2025-06-28,Net Banking,Successful,4002.03
PAY10495,ORD10495,2025-02-28,Debit Card,Successful,1206.21
PAY10496,ORD10496,2025-04-02,Credit Card,Successful,7403.92
PAY10497,ORD10497,2025-01-06,Cash on Delivery,Successful,22729.66
PAY10498,ORD10498,2025-07-10,Net Banking,Successful,4226.09
PAY10499,ORD10499,2025-10-06,Cash on Delivery,Failed,6113.1
PAY10500,ORD10500,2025-08-04,Credit Card,Successful,63832.76
PAY10501,ORD10501,2025-12-04,UPI,Failed,42103.32
PAY10502,ORD10502,2025-12-08,Credit Card,Successful,55853.49
PAY10503,ORD10503,2025-08-27,Debit Card,Successful,123693.69
PAY10504,ORD10504,2025-02-26,Cash on Delivery,Successful,72241.49
PAY10505,ORD10505,2025-06-05,Debit Card,Successful,126049.37
PAY10506,ORD10506,2025-02-27,Debit Card,Refunded,2348.04
PAY10507,ORD10507,2025-09-14,UPI,Successful,15626.42
PAY10508,ORD10508,2025-11-10,Debit Card,Successful,5443.01
PAY10509,ORD10509,2025-12-30,Credit Card,Successful,3487.69
PAY10510,ORD10510,2025-12-30,UPI,Successful,28457.26
PAY10511,ORD10511,2025-12-10,Credit Card,Successful,12229.35
PAY10512,ORD10512,2025-03-02,Cash on Delivery,Successful,10633.37
PAY10513,ORD10513,2025-04-30,Cash on Delivery,Successful,1103.76
PAY10514,ORD10514,2025-08-05,Credit Card,Successful,36098.5
PAY10515,ORD10515,2025-03-03,Debit Card,Successful,64855.71
PAY10516,ORD10516,2025-02-15,Credit Card,Successful,11003.43
PAY10517,ORD10517,2025-05-16,Cash on Delivery,Successful,15336.56
PAY10518,ORD10518,2025-12-25,Credit Card,Successful,5095.06
PAY10519,ORD10519,2025-10-07,Debit Card,Successful,2504.57
PAY10520,ORD10520,2025-02-25,UPI,Successful,40974.3
PAY10521,ORD10521,2025-05-07,UPI,Successful,29347.84
PAY10522,ORD10522,2025-04-03,Debit Card,Successful,10125.43
PAY10523,ORD10523,2025-05-01,UPI,Successful,223362.93
PAY10524,ORD10524,2025-06-27,UPI,Pending,63268.27
PAY10525,ORD10525,2025-10-19,Net Banking,Refunded,97997.83
PAY10526,ORD10526,2025-02-11,Credit Card,Failed,176218.39
PAY10527,ORD10527,2025-11-08,Debit Card,Successful,10035.7
PAY10528,ORD10528,2025-03-03,Cash on Delivery,Failed,2531.34
PAY10529,ORD10529,2025-09-07,Debit Card,Successful,70885.77
PAY10530,ORD10530,2025-06-16,Cash on Delivery,Successful,7013.79
PAY10531,ORD10531,2025-11-03,UPI,Successful,3366.95
PAY10532,ORD10532,2025-05-26,Cash on Delivery,Successful,59738.74
PAY10533,ORD10533,2025-10-24,Cash on Delivery,Successful,28318.64
PAY10534,ORD10534,2025-11-25,Debit Card,Successful,2372.17
PAY10535,ORD10535,2025-07-07,Credit Card,Successful,2247.87
PAY10536,ORD10536,2025-10-01,Debit Card,Successful,2037.61
PAY10537,ORD10537,2025-01-15,UPI,Successful,23407.12
PAY10538,ORD10538,2025-01-26,Cash on Delivery,Successful,65645.61
PAY10539,ORD10539,2025-11-08,Credit Card,Successful,9333.3
PAY10540,ORD10540,2025-01-03,UPI,Successful,220598.32
PAY10541,ORD10541,2025-06-16,UPI,Successful,98457.28
PAY10542,ORD10542,2025-02-17,UPI,Successful,59647.43
PAY10543,ORD10543,2025-12-26,UPI,Successful,81488.24
PAY10544,ORD10544,2025-04-08,Cash on Delivery,Successful,5545.28
PAY10545,ORD10545,2025-08-29,Debit Card,Successful,2940.31
PAY10546,ORD10546,2025-07-19,UPI,Successful,6883.5
PAY10547,ORD10547,2025-01-09,Net Banking,Successful,69445.56
PAY10548,ORD10548,2025-12-29,UPI,Successful,11087.73
PAY10549,ORD10549,2025-06-27,Net Banking,Successful,5224.85
PAY10550,ORD10550,2025-10-16,Debit Card,Successful,9152.51
PAY10551,ORD10551,2025-01-14,Cash on Delivery,Failed,3058.15
PAY10552,ORD10552,2025-05-23,Credit Card,Successful,157527.05
PAY10553,ORD10553,2025-03-01,Credit Card,Successful,18811.87
PAY10554,ORD10554,2025-08-18,Credit Card,Successful,5355.46
PAY10555,ORD10555,2025-10-22,Net Banking,Successful,36128.51
PAY10556,ORD10556,2025-11-16,Net Banking,Successful,6570.14
PAY10557,ORD10557,2025-02-20,UPI,Successful,150.97
PAY10558,ORD10558,2025-11-06,Credit Card,Successful,46990.43
PAY10559,ORD10559,2025-10-04,UPI,Successful,5455.33
PAY10560,ORD10560,2025-04-21,UPI,Refunded,43758.9
PAY10561,ORD10561,2025-05-29,UPI,Successful,5647.75
PAY10562,ORD10562,2025-07-01,Cash on Delivery,Failed,2151.45
PAY10563,ORD10563,2025-12-31,Debit Card,Successful,50040.09
PAY10564,ORD10564,2025-11-01,Debit Card,Successful,5542.79
PAY10565,ORD10565,2025-09-26,Credit Card,Successful,3327.84
PAY10566,ORD10566,2025-07-17,UPI,Refunded,6567.06
PAY10567,ORD10567,2025-05-12,Cash on Delivery,Successful,75867.03
PAY10568,ORD10568,2025-05-11,Net Banking,Successful,16193.87
PAY10569,ORD10569,2025-02-24,Net Banking,Successful,25216.86
PAY10570,ORD10570,2025-09-22,Debit Card,Successful,9494.22
PAY10571,ORD10571,2025-03-05,Credit Card,Successful,192086.23
PAY10572,ORD10572,2025-11-18,Cash on Delivery,Successful,52786.57
PAY10573,ORD10573,2025-07-12,,Refunded,7748.93
PAY10574,ORD10574,2025-04-01,UPI,Successful,3262.0
PAY10575,ORD10575,2025-11-03,Credit Card,Successful,33900.13
PAY10576,ORD10576,2025-11-18,Debit Card,Successful,33197.94
PAY10577,ORD10577,2025-09-09,Debit Card,Successful,9840.91
PAY10578,ORD10578,2025-03-03,Cash on Delivery,Successful,5189.58
PAY10579,ORD10579,2025-03-07,Cash on Delivery,Successful,4943.85
PAY10580,ORD10580,2025-06-17,Credit Card,Successful,2646.76
PAY10581,ORD10581,2025-10-06,Net Banking,Successful,6718.1
PAY10582,ORD10582,2025-11-28,Net Banking,Refunded,11800.77
PAY10583,ORD10583,2025-03-26,Net Banking,Refunded,2148.84
PAY10584,ORD10584,2025-08-26,Credit Card,Successful,3400.04
PAY10585,ORD10585,2025-07-05,Credit Card,Successful,8308.38
PAY10586,ORD10586,2025-01-16,Cash on Delivery,Successful,6006.3
PAY10587,ORD10587,2025-05-17,Debit Card,Successful,2481.33
PAY10588,ORD10588,2025-05-15,Cash on Delivery,Successful,8976.74
PAY10589,ORD10589,2025-08-11,Net Banking,Refunded,3678.57
PAY10590,ORD10590,2025-02-01,Cash on Delivery,Successful,6503.41
PAY10591,ORD10591,2025-06-26,Debit Card,Successful,113348.64
PAY10592,ORD10592,2025-07-30,Debit Card,Successful,24434.53
PAY10593,ORD10593,2025-02-17,Net Banking,Successful,102745.99
PAY10594,ORD10594,2025-05-12,Credit Card,Successful,9133.23
PAY10595,ORD10595,2025-10-07,UPI,Successful,46592.0
PAY10596,ORD10596,2025-10-18,Net Banking,Successful,162241.79
PAY10597,ORD10597,2025-02-14,Cash on Delivery,Successful,16401.92
PAY10598,ORD10598,2025-02-02,Credit Card,Successful,7275.8
PAY10599,ORD10599,2025-11-12,Net Banking,Successful,159632.1
PAY10600,ORD10600,2025-12-04,Net Banking,Refunded,9135.13
PAY10601,ORD10601,2025-01-15,UPI,Failed,37601.45
PAY10602,ORD10602,2025-01-11,UPI,Successful,1898.9
PAY10603,ORD10603,2025-11-27,UPI,Successful,5342.54
PAY10604,ORD10604,2025-10-20,UPI,Successful,12184.62
PAY10605,ORD10605,2025-11-29,Credit Card,Successful,30166.29
PAY10606,ORD10606,2025-03-16,Credit Card,Successful,6181.16
PAY10607,ORD10607,2025-06-28,Net Banking,Successful,68299.27
PAY10608,ORD10608,2025-11-11,Debit Card,Successful,6017.01
PAY10609,ORD10609,2025-10-26,Net Banking,Failed,9703.91
PAY10610,ORD10610,2025-08-23,Debit Card,Successful,9496.12
PAY10611,ORD10611,2025-07-25,UPI,Successful,28459.5
PAY10612,ORD10612,2025-12-26,Cash on Delivery,Successful,20794.76
PAY10613,ORD10613,2025-11-26,Debit Card,Successful,27142.07
PAY10614,ORD10614,2025-01-08,Net Banking,Successful,23344.42
PAY10615,ORD10615,2025-06-14,Debit Card,Successful,1871.74
PAY10616,ORD10616,2025-10-31,Credit Card,Successful,24693.11
PAY10617,ORD10617,2025-07-27,Cash on Delivery,Successful,29746.06
PAY10618,ORD10618,2025-02-03,UPI,Successful,1605.98
PAY10619,ORD10619,2025-05-23,UPI,Successful,28381.66
PAY10620,ORD10620,2025-08-31,UPI,Successful,2545.93
PAY10621,ORD10621,2025-04-30,Net Banking,Successful,6884.76
PAY10622,ORD10622,2025-06-17,Net Banking,Successful,169541.71
PAY10623,ORD10623,2025-09-19,Net Banking,Successful,4259.21
PAY10624,ORD10624,2025-10-19,Credit Card,Successful,56703.17
PAY10625,ORD10625,2025-08-24,Credit Card,Successful,85794.26
PAY10626,ORD10626,2025-08-01,Cash on Delivery,Successful,4844.71
PAY10627,ORD10627,2025-11-07,UPI,Failed,2121.58
PAY10628,ORD10628,2025-07-03,Debit Card,Successful,8545.45
PAY10629,ORD10629,2025-01-01,Credit Card,Successful,3801.3
PAY10630,ORD10630,2025-11-19,Net Banking,Successful,6869.71
PAY10631,ORD10631,2025-08-02,Debit Card,Successful,8951.97
PAY10632,ORD10632,2025-09-16,UPI,Successful,133753.79
PAY10633,ORD10633,2025-03-07,UPI,Successful,760.17
PAY10634,ORD10634,2025-04-08,UPI,Successful,2351.35
PAY10635,ORD10635,2025-03-11,UPI,Successful,17214.11
PAY10636,ORD10636,2025-02-12,Debit Card,Failed,197366.14
PAY10637,ORD10637,2025-03-07,Cash on Delivery,Successful,12024.79
PAY10638,ORD10638,2025-11-27,Credit Card,Successful,28080.51
PAY10639,ORD10639,2025-11-26,Cash on Delivery,Successful,4005.05
PAY10640,ORD10640,2025-01-27,Credit Card,Successful,85490.46
PAY10641,ORD10641,2025-12-17,Credit Card,Successful,22206.06
PAY10642,ORD10642,2025-05-22,Debit Card,Refunded,207556.97
PAY10643,ORD10643,2025-08-30,Credit Card,Refunded,46738.74
PAY10644,ORD10644,2025-01-09,Cash on Delivery,Pending,169293.97
PAY10645,ORD10645,2025-02-18,UPI,Successful,1627.36
PAY10646,ORD10646,2025-04-23,UPI,Successful,45354.54
PAY10647,ORD10647,2025-02-09,Credit Card,Successful,19953.46
PAY10648,ORD10648,2025-06-01,Cash on Delivery,Refunded,2303.54
PAY10649,ORD10649,2025-04-23,Debit Card,Successful,72972.41
PAY10650,ORD10650,2025-04-01,Cash on Delivery,Refunded,10646.97
PAY10651,ORD10651,2025-08-24,Cash on Delivery,Successful,9816.48
PAY10652,ORD10652,2025-12-18,Credit Card,Successful,53201.98
PAY10653,ORD10653,2025-05-13,Net Banking,Successful,9585.87
PAY10654,ORD10654,2025-05-02,Net Banking,Successful,7477.03
PAY10655,ORD10655,2025-10-16,Cash on Delivery,Successful,1439.44
PAY10656,ORD10656,2025-06-26,UPI,Successful,29600.31
PAY10657,ORD10657,2025-08-01,Net Banking,Successful,8521.17
PAY10658,ORD10658,2025-09-24,UPI,Successful,6440.98
PAY10659,ORD10659,2025-07-13,Net Banking,Successful,9294.69
PAY10660,ORD10660,2025-11-29,Debit Card,Successful,3045.29
PAY10661,ORD10661,2025-01-25,Credit Card,Successful,106305.27
PAY10662,ORD10662,2025-03-24,Debit Card,Successful,1036.02
PAY10663,ORD10663,2025-10-10,Debit Card,Refunded,58173.42
PAY10664,ORD10664,2025-01-24,Net Banking,Successful,66253.65
PAY10665,ORD10665,2025-02-18,Cash on Delivery,Successful,124246.57
PAY10666,ORD10666,2025-02-12,Credit Card,Refunded,156542.4
PAY10667,ORD10667,2025-06-22,Cash on Delivery,Successful,25333.33
PAY10668,ORD10668,2025-12-11,Net Banking,Successful,10104.61
PAY10669,ORD10669,2025-07-08,Debit Card,Successful,17265.58
PAY10670,ORD10670,2025-02-23,Net Banking,Successful,2471.94
PAY10671,ORD10671,2025-04-08,Cash on Delivery,Failed,13384.53
PAY10672,ORD10672,2025-05-29,Cash on Delivery,Successful,10076.08
PAY10673,ORD10673,2025-08-29,Cash on Delivery,Successful,5153.26
PAY10674,ORD10674,2025-10-31,Cash on Delivery,Successful,2604.72
PAY10675,ORD10675,2025-12-24,UPI,Refunded,10682.91
PAY10676,ORD10676,2025-11-19,Cash on Delivery,Successful,13067.82
PAY10677,ORD10677,2025-08-12,Net Banking,Refunded,538.01
PAY10678,ORD10678,2025-10-25,Debit Card,Successful,165099.72
PAY10679,ORD10679,2025-03-19,Net Banking,Successful,19915.51
PAY10680,ORD10680,2025-07-30,Debit Card,Successful,9829.02
PAY10681,ORD10681,2025-02-22,Credit Card,Successful,123756.34
PAY10682,ORD10682,2025-03-11,Net Banking,Successful,36597.36
PAY10683,ORD10683,2025-06-06,Debit Card,Successful,21580.73
PAY10684,ORD10684,2025-12-21,Cash on Delivery,Successful,1567.66
PAY10685,ORD10685,2025-11-20,Debit Card,Successful,6069.76
PAY10686,ORD10686,2025-07-14,UPI,Successful,1778.67
PAY10687,ORD10687,2025-04-17,Debit Card,Successful,2029.22
PAY10688,ORD10688,2025-03-08,Cash on Delivery,Successful,51589.72
PAY10689,ORD10689,2025-04-02,Debit Card,Successful,52378.94
PAY10690,ORD10690,2025-08-19,Cash on Delivery,Successful,1418.06
PAY10691,ORD10691,2025-07-17,Cash on Delivery,Successful,34288.34
PAY10692,ORD10692,2025-04-22,UPI,Failed,214748.57
PAY10693,ORD10693,2025-12-22,UPI,Successful,7656.86
PAY10694,ORD10694,2025-11-03,Credit Card,Successful,33441.02
PAY10695,ORD10695,2025-11-17,UPI,Pending,51387.31
PAY10696,ORD10696,2025-02-03,UPI,Successful,34073.29
PAY10697,ORD10697,2025-06-12,Cash on Delivery,Successful,23483.54
PAY10698,ORD10698,2025-08-15,Debit Card,Pending,2087.91
PAY10699,ORD10699,2025-11-12,Debit Card,Failed,1448.83
PAY10700,ORD10700,2025-04-19,Debit Card,Refunded,54674.67
PAY10701,ORD10701,2025-08-04,Credit Card,Successful,51468.1
PAY10702,ORD10702,2025-11-19,Net Banking,Successful,9937.19
PAY10703,ORD10703,2025-01-25,UPI,Successful,8398.78
PAY10704,ORD10704,2025-02-17,Net Banking,Successful,3600.98
PAY10705,ORD10705,2025-02-08,credit card,Successful,4277.01
PAY10706,ORD10706,2025-01-21,Credit Card,Successful,3359.08
PAY10707,ORD10707,2025-01-16,Net Banking,Failed,2034.03
PAY10708,ORD10708,2025-07-20,Debit Card,Successful,2269.22
PAY10709,ORD10709,2025-06-19,UPI,Successful,1456.83
PAY10710,ORD10710,2025-06-09,Net Banking,Successful,4267.79
PAY10711,ORD10711,2025-07-18,UPI,Successful,62858.24
PAY10712,ORD10712,2025-07-25,UPI,Refunded,1399.33
PAY10713,ORD10713,2025-02-15,Debit Card,Successful,121505.33
PAY10714,ORD10714,2025-10-08,Cash on Delivery,Successful,2662.26
PAY10715,ORD10715,2025-04-18,UPI ,Successful,3906.21
PAY10716,ORD10716,2025-03-11,Credit Card,Successful,1833.38
PAY10717,ORD10717,2025-04-28,Cash on Delivery,Successful,1124.99
PAY10718,ORD10718,2025-11-04,UPI,Successful,2215.9
PAY10719,ORD10719,2025-06-24,Net Banking,Successful,2357.15
PAY10720,ORD10720,2025-06-07,Net Banking,Successful,258417.15
PAY10721,ORD10721,2025-10-06,UPI,Successful,98125.83
PAY10722,ORD10722,2025-09-09,Net Banking,Pending,2218.94
PAY10723,ORD10723,2025-11-03,Credit Card,Refunded,302788.82
PAY10724,ORD10724,2025-07-02,UPI,Successful,38552.7
PAY10725,ORD10725,2025-07-24,UPI,Successful,21301.57
PAY10726,ORD10726,2025-04-20,Cash on Delivery,Successful,11844.67
PAY10727,ORD10727,2025-11-02,UPI,Successful,7373.46
PAY10728,ORD10728,2025-10-18,Debit Card,Successful,6363.85
PAY10729,ORD10729,2025-08-05,Debit Card,Successful,75475.08
PAY10730,ORD10730,2025-03-27,UPI,Failed,84609.09
PAY10731,ORD10731,2025-06-25,UPI,Failed,2940.42
PAY10732,ORD10732,2025-05-13,Cash on Delivery,Successful,19218.1
PAY10733,ORD10733,2025-10-25,UPI,Refunded,7839.65
PAY10734,ORD10734,2025-02-09,Debit Card,Successful,2495.38
PAY10735,ORD10735,2025-09-18,Debit Card,Successful,11078.96
PAY10736,ORD10736,2025-10-06,Credit Card,Failed,148764.66
PAY10737,ORD10737,2025-10-13,Net Banking,Successful,12352.3
PAY10738,ORD10738,2025-03-25,UPI,Successful,7604.9
PAY10739,ORD10739,2025-12-14,Credit Card,Successful,9778.47
PAY10740,ORD10740,2025-05-29,UPI,Successful,6781.25
PAY10741,ORD10741,2025-12-08,Credit Card,Successful,136939.29
PAY10742,ORD10742,2025-06-05,Cash on Delivery,Successful,6892.95
PAY10743,ORD10743,2025-12-07,Credit Card,Successful,576.36
PAY10744,ORD10744,2025-06-04,Debit Card,Successful,11136.49
PAY10745,ORD10745,2025-12-25,Credit Card,Successful,4211.86
PAY10746,ORD10746,2025-03-02,Debit Card,Successful,9093.05
PAY10747,ORD10747,2025-08-26,Cash on Delivery,Successful,1851.33
PAY10748,ORD10748,2025-02-17,Net Banking,Successful,80264.93
PAY10749,ORD10749,2025-07-14,UPI,Refunded,164074.76
PAY10750,ORD10750,2025-09-03,Cash on Delivery,Successful,2059.29
PAY10751,ORD10751,2025-04-14,UPI,SUCCESSFUL,11141.06
PAY10752,ORD10752,2025-05-19,Net Banking,Successful,3093.23
PAY10753,ORD10753,2025-03-08,Debit Card,Successful,8613.08
PAY10754,ORD10754,2025-05-25,Cash on Delivery,Failed,6253.11
PAY10755,ORD10755,2025-03-01,Cash on Delivery,Pending,20374.24
PAY10756,ORD10756,2025-04-19,Cash on Delivery,Refunded,4614.75
PAY10757,ORD10757,2025-06-30,Credit Card,Successful,4276.74
PAY10758,ORD10758,2025-07-07,UPI,Refunded,171522.9
PAY10759,ORD10759,2025-06-21,Debit Card,Refunded,2012.4
PAY10760,ORD10760,2025-02-27,Net Banking,Successful,74051.18
PAY10761,ORD10761,2025-03-30,Debit Card,Successful,5953.27
PAY10762,ORD10762,2025-08-28,Net Banking,Successful,7685.3
PAY10763,ORD10763,2025-01-31,UPI,Successful,99828.8
PAY10764,ORD10764,2025-10-15,Debit Card,Successful,11106.72
PAY10765,ORD10765,2025-11-10,Cash on Delivery,Successful,31243.47
PAY10766,ORD10766,2025-05-11,UPI,Successful,8837.01
PAY10767,ORD10767,2025-07-22,Cash on Delivery,Successful,113183.56
PAY10768,ORD10768,2025-09-03,credit card,Successful,14180.4
PAY10769,ORD10769,2025-10-16,Cash on Delivery,Successful,2032.45
PAY10770,ORD10770,2025-02-14,Debit Card,Pending,4388.66
PAY10771,ORD10771,2025-04-08,UPI,Successful,101101.49
PAY10772,ORD10772,2025-09-22,UPI,Failed,26794.17
PAY10773,ORD10773,2025-02-12,Debit Card,Successful,15387.19
PAY10774,ORD10774,2025-06-14,Cash on Delivery,Successful,1514.26
PAY10775,ORD10775,2025-05-01,UPI,Successful,3368.01
PAY10776,ORD10776,2025-06-05,Debit Card,Successful,1762.29
PAY10777,ORD10777,2025-06-23,Cash on Delivery,Successful,54360.22
PAY10778,ORD10778,2025-01-19,Credit Card,Successful,238540.89
PAY10779,ORD10779,2025-03-02,Credit Card,Successful,24914.27
PAY10780,ORD10780,2025-12-17,UPI,Successful,13684.52
PAY10781,ORD10781,2025-08-01,Credit Card,Successful,44094.03
PAY10782,ORD10782,2025-09-15,cash on delivery,Successful,172619.64
PAY10783,ORD10783,2025-11-21,,Successful,10310.31
PAY10784,ORD10784,2025-02-06,Net Banking,Successful,27535.5
PAY10785,ORD10785,2025-03-24,Debit Card,Failed,10116.79
PAY10786,ORD10786,2025-04-01,Net Banking,Successful,4981.11
PAY10787,ORD10787,2025-09-16,,Successful,8743.03
PAY10788,ORD10788,2025-05-18,Net Banking,Successful,3677.26
PAY10789,ORD10789,2025-06-29,Credit Card,Successful,2448.09
PAY10790,ORD10790,2025-10-31,Net Banking,Successful,43599.91
PAY10791,ORD10791,2025-06-25,Cash on Delivery,Successful,2505.03
PAY10792,ORD10792,2025-02-05,UPI,Successful,4127.09
PAY10793,ORD10793,2025-07-17,Cash on Delivery,Successful,6849.68
PAY10794,ORD10794,2025-05-05,UPI,Successful,4984.46
PAY10795,ORD10795,2025-06-14,Net Banking,Successful,10925.95
PAY10796,ORD10796,2025-06-20,Upi,Successful,116915.93
PAY10797,ORD10797,2025-03-06,Debit Card,Failed,6266.32
PAY10798,ORD10798,2025-03-13,UPI,Successful,12028.56
PAY10799,ORD10799,2025-11-28,UPI,Successful,30586.07
PAY10800,ORD10800,2025-10-14,Credit Card,Successful,3183.96
PAY10801,ORD10801,2025-02-10,Credit Card,Successful,16161.02
PAY10802,ORD10802,2025-07-03,Debit Card,Successful,66614.63
PAY10803,ORD10803,2025-01-29,UPI,Successful,5885.78
PAY10804,ORD10804,2025-09-24,Credit Card,Successful,157631.61
PAY10805,ORD10805,2025-01-13,Credit Card,Successful,79359.34
PAY10806,ORD10806,2025-12-01,Credit Card,Successful,7264.39
PAY10807,ORD10807,2025-12-31,Net Banking,Successful,17726.06
PAY10808,ORD10808,2025-06-08,UPI,Successful,123729.86
PAY10809,ORD10809,2025-08-07,Net Banking,Successful,57927.69
PAY10810,ORD10810,2025-08-13,Net Banking,Successful,65684.31
PAY10811,ORD10811,2025-09-29,UPI,Successful,302894.01
PAY10812,ORD10812,2025-03-23,Cash on Delivery,Successful,12046.24
PAY10813,ORD10813,2025-07-13,Credit Card,Refunded,4761.69
PAY10814,ORD10814,2025-08-18,Net Banking,Successful,3492.32
PAY10815,ORD10815,2025-12-17,Credit Card,Successful,3231.99
PAY10816,ORD10816,2025-11-03,Debit Card,Failed,29139.18
PAY10817,ORD10817,2025-09-07,Net Banking,Successful,67627.72
PAY10818,ORD10818,2025-12-20,UPI,Successful,6120.27
PAY10819,ORD10819,2025-12-04,UPI,Successful,91930.66
PAY10820,ORD10820,2025-07-07,Debit Card,Failed,40537.28
PAY10821,ORD10821,2025-06-29,Net Banking,Successful,87870.37
PAY10822,ORD10822,2025-03-01,Debit Card,Refunded,25703.98
PAY10823,ORD10823,2025-04-22,Debit Card,Successful,3098.5
PAY10824,ORD10824,2025-04-07,Credit Card,Successful,58117.78
PAY10825,ORD10825,2025-03-24,Credit Card,Successful,31710.54
PAY10826,ORD10826,2025-05-10,Net Banking,Failed,134410.35
PAY10827,ORD10827,2025-08-10,Cash on Delivery,Refunded,4368.77
PAY10828,ORD10828,2025-07-19,Net Banking,Successful,17196.27
PAY10829,ORD10829,2025-04-24,Debit Card,Successful,12189.66
PAY10830,ORD10830,2025-08-07,Credit Card,Successful,2160.74
PAY10831,ORD10831,2025-08-11,Debit Card,Successful,1089.41
PAY10832,ORD10832,2025-01-12,UPI,Successful,5107.88
PAY10833,ORD10833,2025-05-18,Debit Card,Successful,47207.34
PAY10834,ORD10834,2025-04-04,UPI,Successful,71604.54
PAY10835,ORD10835,2025-11-14,Cash on Delivery,Refunded,216052.9
PAY10836,ORD10836,2025-06-19,Net Banking,Pending,38523.65
PAY10837,ORD10837,2025-04-03,Credit Card,Successful,13855.32
PAY10838,ORD10838,2025-07-11,Cash on Delivery,Successful,6200.36
PAY10839,ORD10839,2025-03-25,Credit Card,Successful,3585.62
PAY10840,ORD10840,2025-11-29,UPI,Pending,5669.36
PAY10841,ORD10841,2025-06-16,Debit Card,Successful,3045.57
PAY10842,ORD10842,2025-01-01,Net Banking,Successful,253008.72
PAY10843,ORD10843,2025-11-02,UPI,Successful,233380.73
PAY10844,ORD10844,2025-01-08,Cash on Delivery,Successful,8155.2
PAY10845,ORD10845,2025-04-17,UPI,Refunded,91864.18
PAY10846,ORD10846,2025-01-28,Cash on Delivery,Successful,3035.75
PAY10847,ORD10847,2025-03-18,Debit Card,Successful,114936.31
PAY10848,ORD10848,2025-05-25,UPI,Successful,10819.96
PAY10849,ORD10849,2025-04-13,Debit Card,Successful,6971.73
PAY10850,ORD10850,2025-09-30,UPI,Successful,3520.07
PAY10851,ORD10851,2025-12-31,UPI,Refunded,3078.66
PAY10852,ORD10852,2025-07-18,Net Banking,Successful,31322.07
PAY10853,ORD10853,2025-09-28,Credit Card,Successful,6014.54
PAY10854,ORD10854,2025-01-16,Net Banking,Successful,53372.74
PAY10855,ORD10855,2025-04-03,Net Banking,Successful,3998.84
PAY10856,ORD10856,2025-05-26,Debit Card,Successful,22177.15
PAY10857,ORD10857,2025-01-17,Net Banking,Successful,2543.51
PAY10858,ORD10858,2025-12-05,UPI,Successful,1400.66
PAY10859,ORD10859,2025-02-22,Credit Card,Successful,3646.97
PAY10860,ORD10860,2025-08-10,Cash on Delivery,Successful,6057.4
PAY10861,ORD10861,2025-01-10,Cash on Delivery,Successful,193625.88
PAY10862,ORD10862,2025-09-12,Debit Card,Successful,3001.32
PAY10863,ORD10863,2025-01-15,Net Banking,Successful,1971.22
PAY10864,ORD10864,2025-01-28,Debit Card,Successful,23597.37
PAY10865,ORD10865,2025-01-03,UPI,Successful,32539.13
PAY10866,ORD10866,2025-11-11,Credit Card,Successful,55491.84
PAY10867,ORD10867,2025-08-15,Cash on Delivery,Successful,73355.06
PAY10868,ORD10868,2025-09-20,Debit Card,Successful,5395.68
PAY10869,ORD10869,2025-05-15,UPI,Successful,16824.55
PAY10870,ORD10870,2025-10-27,,Successful,937.19
PAY10871,ORD10871,2025-11-02,Debit Card,Successful,3216.53
PAY10872,ORD10872,2025-05-16,Credit Card,Successful,41028.49
PAY10873,ORD10873,2025-10-12,Cash on Delivery,Pending,1073.88
PAY10874,ORD10874,2025-09-25,UPI,Successful,75941.1
PAY10875,ORD10875,2025-06-07,UPI,Successful,5580.44
PAY10876,ORD10876,2025-09-13,Cash on Delivery,Successful,16005.15
PAY10877,ORD10877,2025-01-04,Net Banking,Failed,41003.38
PAY10878,ORD10878,2025-09-23,Debit Card,Successful,4494.49
PAY10879,ORD10879,2025-10-23,Debit Card,Successful,2204.8
PAY10880,ORD10880,2025-02-09,Net Banking,Successful,19020.47
PAY10881,ORD10881,2025-11-09,UPI,Successful,148396.49
PAY10882,ORD10882,2025-03-10,Debit Card,Successful,2075.76
PAY10883,ORD10883,2025-11-27,Net Banking,Successful,11491.77
PAY10884,ORD10884,2025-11-20,UPI,Successful,1585.17
PAY10885,ORD10885,2025-01-18,Debit Card,Successful,15066.94
PAY10886,ORD10886,2025-07-23,Cash on Delivery,Successful,2409.82
PAY10887,ORD10887,2025-05-25,Credit Card,Failed,9590.74
PAY10888,ORD10888,2025-06-07,Debit Card,Refunded,9091.5
PAY10889,ORD10889,2025-07-26,Net Banking,Failed,9114.34
PAY10890,ORD10890,2025-04-28,Credit Card ,Successful,15844.46
PAY10891,ORD10891,2025-06-08,Net Banking,Successful,179573.34
PAY10892,ORD10892,2025-02-21,Net Banking,Successful,93671.76
PAY10893,ORD10893,2025-06-10,,Failed,92755.44
PAY10894,ORD10894,2025-04-06,UPI,Successful,2317.53
PAY10895,ORD10895,2025-06-04,Debit Card,Successful,220325.55
PAY10896,ORD10896,2025-07-14,UPI,Successful,7143.5
PAY10897,ORD10897,2025-05-23,Net Banking,Successful,79290.09
PAY10898,ORD10898,2025-06-22,Debit Card,Successful,2249.62
PAY10899,ORD10899,2025-05-24,Credit Card,Successful,22410.35
PAY10900,ORD10900,2025-08-14,Net Banking,Successful,6659.62
PAY10901,ORD10901,2025-08-03,Cash on Delivery,Successful,11539.94
PAY10902,ORD10902,2025-02-21,Credit Card,Successful,3644.01
PAY10903,ORD10903,2025-05-02,UPI,Successful,76265.61
PAY10904,ORD10904,2025-12-01,UPI,Refunded,65565.21
PAY10905,ORD10905,2025-02-18,Debit Card,Successful,27398.42
PAY10906,ORD10906,2025-07-08,Cash on Delivery,Successful,45908.44
PAY10907,ORD10907,2025-03-12,Credit Card,Successful,1389.81
PAY10908,ORD10908,2025-09-11,Debit Card,Successful,212564.0
PAY10909,ORD10909,2025-09-25,Debit Card,Successful,199494.44
PAY10910,ORD10910,2025-09-09,UPI,Successful,6042.06
PAY10911,ORD10911,2025-06-11,Net Banking,Successful,19125.02
PAY10912,ORD10912,2025-05-20,Cash on Delivery,Refunded,235051.63
PAY10913,ORD10913,2025-03-30,UPI,Successful,1180.31
PAY10914,ORD10914,06/01/2025,Cash on Delivery,Successful,18450.16
PAY10915,ORD10915,2025-01-14,UPI,Successful,12464.59
PAY10916,ORD10916,2025-09-25,Cash on Delivery,Successful,15427.45
PAY10917,ORD10917,2025-05-18,Net Banking,Successful,58970.14
PAY10918,ORD10918,2025-05-19,Credit Card,Successful,53955.47
PAY10919,ORD10919,2025-02-13,Credit Card,Successful,121504.36
PAY10920,ORD10920,2025-01-24,Net Banking,Successful,206849.76
PAY10921,ORD10921,2025-06-06,Cash on Delivery,Successful,12839.62
PAY10922,ORD10922,2025-12-25,Credit Card,Successful,6379.16
PAY10923,ORD10923,2025-06-10,Debit Card,Failed,53499.49
PAY10924,ORD10924,2025-10-19,Debit Card,Successful,55116.61
PAY10925,ORD10925,2025-10-29,Cash on Delivery,Successful,8747.02
PAY10926,ORD10926,2025-04-07,UPI,Successful,23019.0
PAY10927,ORD10927,2025-01-29,Cash on Delivery,Successful,1529.72
PAY10928,ORD10928,2025-03-30,Cash on Delivery,Successful,10491.06
PAY10929,ORD10929,2025-12-22,,Successful,109246.58
PAY10930,ORD10930,2025-05-15,Debit Card,Successful,4622.35
PAY10931,ORD10931,2025-01-05,UPI,Successful,84141.56
PAY10932,ORD10932,2025-09-13,Cash on Delivery,Successful,129197.74
PAY10933,ORD10933,2025-04-03,Cash on Delivery,Successful,1451.25
PAY10934,ORD10934,2025-11-26,Net Banking,Successful,76482.35
PAY10935,ORD10935,2025-05-18,Credit Card,Refunded,15516.41
PAY10936,ORD10936,2025-07-29,Net Banking,Failed,8257.79
PAY10937,ORD10937,2025-03-25,UPI,Successful,4200.74
PAY10938,ORD10938,2025-04-02,UPI,Failed,2835.42
PAY10939,ORD10939,2025-12-14,Net Banking,Successful,8780.49
PAY10940,ORD10940,2025-03-30,Cash on Delivery,Successful,5185.09
PAY10941,ORD10941,2025-11-19,Cash on Delivery,Successful,10690.27
PAY10942,ORD10942,2025-07-24,Cash on Delivery,Successful,54380.07
PAY10943,ORD10943,2025-11-07,Credit Card,Successful,1876.31
PAY10944,ORD10944,2025-01-01,Debit Card,Successful,15701.49
PAY10945,ORD10945,2025-10-20,Net Banking,Successful,147067.6
PAY10946,ORD10946,2025-03-09,UPI,Successful,140215.9
PAY10947,ORD10947,2025-12-25,Debit Card,Successful,6928.81
PAY10948,ORD10948,2025-11-28,Debit Card,Successful,115061.91
PAY10949,ORD10949,2025-09-18,Cash on Delivery,Successful,7045.23
PAY10950,ORD10950,2025-04-17,Net Banking,Successful,16017.44
PAY10951,ORD10951,2025-06-29,Credit Card,Successful,9225.04
PAY10952,ORD10952,2025-08-14,UPI,Successful,4979.58
PAY10953,ORD10953,2025-10-09,Debit Card,Successful,135394.43
PAY10954,ORD10954,2025-12-01,Debit Card,Successful,1477.72
PAY10955,ORD10955,2025-09-20,Credit Card,Refunded,12146.33
PAY10956,ORD10956,2025-07-19,Cash on Delivery,Refunded,4844.78
PAY10957,ORD10957,2025-09-14,Credit Card,Successful,201784.93
PAY10958,ORD10958,2025-10-13,Credit Card,Successful,23079.27
PAY10959,ORD10959,2025-01-01,Cash on Delivery,Successful,127859.49
PAY10960,ORD10960,2025-09-22,Credit Card,Successful,60358.67
PAY10961,ORD10961,2025-12-21,Cash on Delivery,Successful,10089.99
PAY10962,ORD10962,2025-10-10,Cash on Delivery,Refunded,7299.62
PAY10963,ORD10963,2025-11-13,Net Banking,Successful,12377.27
PAY10964,ORD10964,2025-12-17,Net Banking,Failed,1501.68
PAY10965,ORD10965,2025-08-23,UPI,Successful,100896.83
PAY10966,ORD10966,2025-05-16,Net Banking,Successful,9278.16
PAY10967,ORD10967,2025-06-17,UPI,Successful,100602.21
PAY10968,ORD10968,2025-05-01,Net Banking,Successful,17502.57
PAY10969,ORD10969,2025-03-27,Cash on Delivery,Successful,10396.39
PAY10970,ORD10970,2025-08-09,UPI,Successful,736.9
PAY10971,ORD10971,2025-03-08,UPI,Successful,128569.88
PAY10972,ORD10972,2025-03-17,Cash on Delivery,Successful,4122.11
PAY10973,ORD10973,2025-01-08,Net Banking,Failed,3382.99
PAY10974,ORD10974,2025-11-01,Debit Card,Successful,6177.21
PAY10975,ORD10975,2025-01-05,Net Banking,Successful,6463.15
PAY10976,ORD10976,2025-10-10,Credit Card,Successful,4111.55
PAY10977,ORD10977,2025-08-05,Debit Card,Successful,26097.36
PAY10978,ORD10978,2025-04-14,Net Banking,Successful,16251.9
PAY10979,ORD10979,2025-03-17,Net Banking,Successful,8037.26
PAY10980,ORD10980,2025-03-29,Debit Card,Successful,2232.12
PAY10981,ORD10981,2025-09-21,Net Banking,Successful,129222.41
PAY10982,ORD10982,2025-07-24,Net Banking,Successful,4045.61
PAY10983,ORD10983,2025-04-15,Net Banking,Successful,123962.72
PAY10984,ORD10984,2025-04-22,Credit Card,Successful,2650.32
PAY10985,ORD10985,2025-03-18,Cash on Delivery,Successful,482.81
PAY10986,ORD10986,2025-09-11,Credit Card,Successful,16653.78
PAY10987,ORD10987,2025-06-06,Net Banking,Successful,2723.14
PAY10988,ORD10988,2025-05-18,Net Banking,Successful,5534.02
PAY10989,ORD10989,2025-01-30,UPI,Successful,25179.39
PAY10990,ORD10990,2025-10-12,Credit Card,Successful,4664.22
PAY10991,ORD10991,2025-05-11,Net Banking,Pending,34343.61
PAY10992,ORD10992,2025-10-27,Net Banking,Failed,4823.92
PAY10993,ORD10993,2025-05-19,Net Banking,refunded,98292.81
PAY10994,ORD10994,2025-12-10,Credit Card,Successful,93502.85
PAY10995,ORD10995,2025-12-18,UPI,Successful,12259.1
PAY10996,ORD10996,2025-04-01,Net Banking,Successful,47334.22
PAY10997,ORD10997,2025-08-06,Debit Card,Successful,36241.24
PAY10998,ORD10998,2025-03-03,Credit Card,Successful,6214.91
PAY10999,ORD10999,2025-10-18,Debit Card,Successful,38324.01
PAY11000,ORD11000,2025-01-24,Debit Card,Successful,2831.28
PAY11001,ORD11001,2025-09-18,Debit Card,Successful,78938.27
PAY11002,ORD11002,2025-03-17,Cash on Delivery,Successful,2685.29
PAY11003,ORD11003,2025-11-26,Credit Card,Successful,7508.42
PAY11004,ORD11004,2025-12-21,Debit Card,Successful,1345.69
PAY11005,ORD11005,2025-02-11,UPI,Successful,1814.22
PAY11006,ORD11006,2025-06-26,Credit Card,Failed,19474.71
PAY11007,ORD11007,2025-06-04,Credit Card,Successful,151080.04
PAY11008,ORD11008,2025-03-09,Cash on Delivery,Successful,13013.36
PAY11009,ORD11009,2025-01-15,Net Banking,Refunded,15606.59
PAY11010,ORD11010,2025-05-16,Debit Card,Successful,66789.39
PAY11011,ORD11011,2025-05-15,Credit Card,Successful,10234.07
PAY11012,ORD11012,2025-03-26,Debit Card,Successful,12502.35
PAY11013,ORD11013,2025-11-11,Cash on Delivery,Failed,59188.02
PAY11014,ORD11014,2025-04-13,Credit Card,Successful,4561.78
PAY11015,ORD11015,2025-09-09,Debit Card,Successful,62337.75
PAY11016,ORD11016,2025-07-06,UPI,Failed,60434.56
PAY11017,ORD11017,2025-09-26,Debit Card,Successful,143168.99
PAY11018,ORD11018,2025-05-18,UPI,Successful,105178.63
PAY11019,ORD11019,2025-01-26,UPI,Successful,83277.27
PAY11020,ORD11020,2025-07-24,Debit Card,Failed,55339.41
PAY11021,ORD11021,2025-11-28,Credit Card,Successful,54829.54
PAY11022,ORD11022,2025-01-02,Debit Card,Successful,67706.58
PAY11023,ORD11023,2025-09-07,Net Banking,Successful,8335.53
PAY11024,ORD11024,2025-12-07,Net Banking,Successful,41981.57
PAY11025,ORD11025,2025-07-06,Debit Card,Successful,9911.39
PAY11026,ORD11026,2025-10-25,Debit Card,Successful,27091.0
PAY11027,ORD11027,2025-09-07,Credit Card,Successful,108214.54
PAY11028,ORD11028,2025-08-28,UPI,Successful,36875.53
PAY11029,ORD11029,2025-04-30,Cash on Delivery,Successful,147043.95
PAY11030,ORD11030,2025-09-14,Credit Card,Successful,63598.98
PAY11031,ORD11031,2025-10-29,Debit Card,Successful,1299.54
PAY11032,ORD11032,2025-05-07,Net Banking,Successful,7537.96
PAY11033,ORD11033,2025-05-30,Cash on Delivery,Failed,4729.59
PAY11034,ORD11034,2025-06-17,Debit Card,Successful,87356.32
PAY11035,ORD11035,2025-05-29,UPI,Failed,15139.54
PAY11036,ORD11036,2025-07-14,Debit Card,Successful,83211.59
PAY11037,ORD11037,2025-11-10,Debit Card,Successful,22194.2
PAY11038,ORD11038,2025-09-26,Debit Card,Successful,10546.06
PAY11039,ORD11039,2025-12-13,Debit Card,Successful,3770.38
PAY11040,ORD11040,2025-11-07,UPI,Successful,16994.48
PAY11041,ORD11041,2025-03-21,Debit Card,Successful,4895.17
PAY11042,ORD11042,2025-01-19,Cash on Delivery,Successful,2810.7
PAY11043,ORD11043,2025-03-23,Net Banking,Successful,63483.06
PAY11044,ORD11044,2025-12-03,Net Banking,Successful,12844.34
PAY11045,ORD11045,2025-06-17,Credit Card,Successful,4202.39
PAY11046,ORD11046,2025-08-19,UPI,Refunded,3757.14
PAY11047,ORD11047,2025-08-17,Cash on Delivery,Successful,56058.7
PAY11048,ORD11048,2025-02-10,UPI,Successful,1476.38
PAY11049,ORD11049,2025-02-02,Net Banking,Successful,12757.01
PAY11050,ORD11050,2025-06-14,Debit Card,Successful,8557.27
PAY11051,ORD11051,2025-06-20,Debit Card,Failed,15506.11
PAY11052,ORD11052,2025-08-21,Net Banking,Successful,36549.5
PAY11053,ORD11053,2025-09-03,Net Banking,Successful,111323.11
PAY11054,ORD11054,2025-02-27,Cash on Delivery,Successful,21722.83
PAY11055,ORD11055,2025-08-21,Net Banking,Refunded,29579.58
PAY11056,ORD11056,2025-06-02,Debit Card,Successful,34782.06
PAY11057,ORD11057,2025-11-07,Cash on Delivery,Successful,22618.84
PAY11058,ORD11058,2025-01-22,Net Banking,Refunded,5905.83
PAY11059,ORD11059,2025-03-05,Net Banking,Refunded,5158.56
PAY11060,ORD11060,2025-09-07,Credit Card,Successful,35211.81
PAY11061,ORD11061,2025-09-23,Cash on Delivery,Refunded,172323.84
PAY11062,ORD11062,2025-01-27,Cash on Delivery,Successful,12337.04
PAY11063,ORD11063,26/03/2025,Debit Card,Successful,27086.67
PAY11064,ORD11064,2025-03-11,Credit Card,Successful,5339.48
PAY11065,ORD11065,2025-01-05,Cash on Delivery,Successful,20360.34
PAY11066,ORD11066,2025-04-25,Net Banking,Successful,18132.2
PAY11067,ORD11067,2025-10-01,Credit Card,Successful,9407.37
PAY11068,ORD11068,2025-06-13,Debit Card,Refunded,2826.72
PAY11069,ORD11069,2025-12-17,UPI,Successful,49322.36
PAY11070,ORD11070,2025-11-12,Cash on Delivery,Successful,6068.8
PAY11071,ORD11071,2025-01-29,UPI,Pending,76715.59
PAY11072,ORD11072,2025-09-18,Net Banking,Successful,275309.25
PAY11073,ORD11073,2025-07-09,UPI,Successful,9091.71
PAY11074,ORD11074,2025-02-23,UPI,Successful,3546.78
PAY11075,ORD11075,2025-04-23,Credit Card,Successful,4808.91
PAY11076,ORD11076,2025-12-31,Credit Card,Successful,61102.92
PAY11077,ORD11077,2025-12-22,Cash on Delivery,Successful,19480.66
PAY11078,ORD11078,2025-10-10,Debit Card,Successful,98294.02
PAY11079,ORD11079,2025-02-25,Net Banking,Successful,5259.94
PAY11080,ORD11080,2025-09-13,Cash on Delivery,Refunded,5760.74
PAY11081,ORD11081,2025-10-17,Credit Card,Successful,162398.96
PAY11082,ORD11082,2025-04-27,Cash on Delivery,Successful,2467.43
PAY11083,ORD11083,2025-11-25,Debit Card,Successful,1570.14
PAY11084,ORD11084,2025-09-04,Net Banking,Successful,25082.65
PAY11085,ORD11085,2025-11-15,Cash on Delivery,Successful,33846.82
PAY11086,ORD11086,2025-09-25,Credit Card,Successful,62619.5
PAY11087,ORD11087,2025-10-04,Debit Card,Successful,7484.4
PAY11088,ORD11088,2025-10-23,UPI,Successful,118757.7
PAY11089,ORD11089,2025-08-03,Net Banking,Successful,8314.75
PAY11090,ORD11090,2025-05-22,Net Banking,Successful,24783.76
PAY11091,ORD11091,2025-10-15,Net Banking,Successful,65092.88
PAY11092,ORD11092,2025-01-21,Credit Card,Successful,3080.94
PAY11093,ORD11093,2025-10-05,Net Banking,Successful,3802.01
PAY11094,ORD11094,2025-10-24,Net Banking,Successful,12257.67
PAY11095,ORD11095,2025-05-12,UPI,Successful,14633.38
PAY11096,ORD11096,2025-09-03,UPI,Successful,48808.39
PAY11097,ORD11097,2025-11-29,Net Banking,Successful,184043.63
PAY11098,ORD11098,2025-07-28,Debit Card,Successful,113461.42
PAY11099,ORD11099,2025-05-21,Credit Card,Successful,94072.55
PAY11100,ORD11100,2025-03-03,Debit Card,Successful,32216.9
PAY11101,ORD11101,2025-02-11,UPI,Successful,4942.98
PAY11102,ORD11102,2025-06-25,Debit Card,Successful,30033.97
PAY11103,ORD11103,2025-08-14,Net Banking,Pending,6971.24
PAY11104,ORD11104,2025-06-15,Credit Card,Successful,12136.23
PAY11105,ORD11105,2025-04-28,UPI,Successful,232118.46
PAY11106,ORD11106,2025-09-16,Cash on Delivery,Successful,66166.49
PAY11107,ORD11107,2025-09-27,Debit Card,Successful,20701.89
PAY11108,ORD11108,2025-06-22,Net Banking,Successful,143770.2
PAY11109,ORD11109,2025-03-31,UPI,Successful,1142.34
PAY11110,ORD11110,2025-03-09,Net Banking,Successful,35494.16
PAY11111,ORD11111,2025-04-03,Net Banking,successful,3151.13
PAY11112,ORD11112,2025-03-23,Cash on Delivery,Successful,4567.56
PAY11113,ORD11113,2025-03-28,Cash on Delivery,Successful,317.38
PAY11114,ORD11114,2025-05-04,Cash on Delivery,Successful,4833.71
PAY11115,ORD11115,2025-12-25,Credit Card,Successful,38144.78
PAY11116,ORD11116,2025-05-28,Credit Card,Successful,136215.71
PAY11117,ORD11117,2025-07-16,Net Banking,Successful,75126.63
PAY11118,ORD11118,2025-03-23,UPI,Successful,3058.98
PAY11119,ORD11119,2025-08-13,Net Banking,Successful,2655.58
PAY11120,ORD11120,2025-10-26,Cash on Delivery,Successful,53661.22
PAY11121,ORD11121,2025-08-27,Net Banking,Successful,26307.87
PAY11122,ORD11122,2025-02-26,Net Banking,Failed,3175.81
PAY11123,ORD11123,2025-09-18,Cash on Delivery,Refunded,651.69
PAY11124,ORD11124,2025-07-28,UPI,Successful,122965.43
PAY11125,ORD11125,2025-04-07,Net Banking,Refunded,17947.31
PAY11126,ORD11126,2025-07-21,Credit Card,Refunded,4699.78
PAY11127,ORD11127,23/11/2025,UPI,Successful,72826.09
PAY11128,ORD11128,2025-02-01,Credit Card,Successful,13071.77
PAY11129,ORD11129,2025-10-03,UPI,Successful,3561.13
PAY11130,ORD11130,2025-12-20,Cash on Delivery,Failed,109243.31
PAY11131,ORD11131,2025-08-12,Credit Card,Successful,31374.58
PAY11132,ORD11132,2025-09-16,Cash on Delivery,Successful,1203.56
PAY11133,ORD11133,2025-08-07,Cash on Delivery,Failed,3885.94
PAY11134,ORD11134,2025-07-25,Net Banking,Successful,10444.08
PAY11135,ORD11135,2025-10-17,Net Banking,Successful,7691.93
PAY11136,ORD11136,2025-09-03,Debit Card,Pending,84757.4
PAY11137,ORD11137,2025-07-19,UPI,Successful,22362.33
PAY11138,ORD11138,2025-06-16,Cash on Delivery,Successful,111547.59
PAY11139,ORD11139,2025-01-02,Cash on Delivery,Successful,8669.22
PAY11140,ORD11140,2025-02-13,Net Banking,Successful,14175.55
PAY11141,ORD11141,2025-01-17,Debit Card,Successful,41923.8
PAY11142,ORD11142,2025-10-04,Debit Card,Successful,2132.45
PAY11143,ORD11143,2025-09-23,Credit Card,Successful,4503.47
PAY11144,ORD11144,2025-04-15,Net Banking,Successful,8171.67
PAY11145,ORD11145,2025-02-06,Cash on Delivery,Successful,5368.78
PAY11146,ORD11146,2025-09-06,Debit Card,Failed,7062.47
PAY11147,ORD11147,2025-04-17,Credit Card,Successful,7134.84
PAY11148,ORD11148,2025-06-12,Net Banking,Successful,3575.97
PAY11149,ORD11149,2025-02-15,Debit Card,Successful,18342.68
PAY11150,ORD11150,2025-04-29,Cash on Delivery,Successful,94970.94
PAY11151,ORD11151,2025-03-24,UPI,Successful,6659.12
PAY11152,ORD11152,2025-11-29,Debit Card,Successful,3458.35
PAY11153,ORD11153,2025-05-16,Credit Card,Failed,30178.52
PAY11154,ORD11154,2025-05-26,Cash on Delivery,Successful,26377.0
PAY11155,ORD11155,2025-09-04,Cash on Delivery,Successful,9817.75
PAY11156,ORD11156,23/09/2025,UPI,Successful,4552.08
PAY11157,ORD11157,2025-03-31,Net Banking,Successful,8650.05
PAY11158,ORD11158,2025-08-13,Cash on Delivery,Failed,4657.86
PAY11159,ORD11159,2025-02-08,Debit Card,Successful,12012.23
PAY11160,ORD11160,2025-01-13,Debit Card,Successful,4612.74
PAY11161,ORD11161,2025-10-13,Cash on Delivery,Successful,666.1
PAY11162,ORD11162,2025-10-19,UPI,Successful,13313.17
PAY11163,ORD11163,2025-05-14,Credit Card,Successful,16545.22
PAY11164,ORD11164,2025-12-15,Credit Card,Pending,33281.38
PAY11165,ORD11165,2025-03-03,Credit Card,Successful,8602.65
PAY11166,ORD11166,2025-08-08,UPI,Successful,17738.93
PAY11167,ORD11167,2025-03-26,UPI,Successful,3174.27
PAY11168,ORD11168,2025-07-12,Cash on Delivery,Successful,17339.51
PAY11169,ORD11169,2025-03-09,UPI,Successful,8109.21
PAY11170,ORD11170,2025-04-15,Net Banking,Successful,1067.93
PAY11171,ORD11171,2025-09-10,Debit Card,Successful,2849.18
PAY11172,ORD11172,2025-10-16,Net Banking,Successful,1156.1
PAY11173,ORD11173,2025-02-05,Debit Card,Successful,49892.5
PAY11174,ORD11174,2025-02-09,Cash on Delivery,Successful,13510.68
PAY11175,ORD11175,2025-03-24,Net Banking,Successful,3752.98
PAY11176,ORD11176,2025-06-11,Credit Card,Refunded,69045.13
PAY11177,ORD11177,2025-02-27,Credit Card,Successful,13525.59
PAY11178,ORD11178,2025-09-02,Cash on Delivery,Successful,230690.79
PAY11179,ORD11179,2025-03-30,Debit Card,Successful,18106.75
PAY11180,ORD11180,2025-03-29,Cash on Delivery,Refunded,4927.42
PAY11181,ORD11181,2025-02-22,UPI,Successful,4889.54
PAY11182,ORD11182,2025-04-09,Net Banking,Successful,13450.56
PAY11183,ORD11183,2025-03-08,Credit Card,Pending,4826.78
PAY11184,ORD11184,2025-05-28,Net Banking,Successful,8074.15
PAY11185,ORD11185,2025-09-07,Debit Card,Failed,67170.07
PAY11186,ORD11186,2025-10-05,Debit Card,Successful,160857.68
PAY11187,ORD11187,2025-05-11,UPI,Successful,195067.61
PAY11188,ORD11188,2025-03-27,Net Banking,Successful,4817.79
PAY11189,ORD11189,2025-01-30,Credit Card,Successful,7850.11
PAY11190,ORD11190,2025-05-06,,Successful,27079.57
PAY11191,ORD11191,2025-10-16,Net Banking,Successful,11841.45
PAY11192,ORD11192,2025-03-22,UPI,Successful,6207.83
PAY11193,ORD11193,2025-03-20,Cash on Delivery,Successful,7332.19
PAY11194,ORD11194,2025-11-13,Net Banking,Successful,7331.8
PAY11195,ORD11195,2025-08-09,UPI,Failed,23257.23
PAY11196,ORD11196,2025-09-20,UPI,Successful,5489.2
PAY11197,ORD11197,2025-04-09,Credit Card,Successful,1752.85
PAY11198,ORD11198,2025-03-28,credit card,Successful,34810.73
PAY11199,ORD11199,2025-01-26,Credit Card,Successful,3160.54
PAY11200,ORD11200,2025-04-21,Credit Card,Successful,20274.17
PAY11201,ORD11201,2025-02-11,cash on delivery,Successful,136111.75
PAY11202,ORD11202,2025-08-01,Debit Card,Failed,32507.52
PAY11203,ORD11203,2025-05-13,Debit Card,Successful,4232.08
PAY11204,ORD11204,2025-06-05,Debit Card,Refunded,2915.47
PAY11205,ORD11205,2025-11-01,Credit Card,Refunded,58907.47
PAY11206,ORD11206,11/09/2025,Debit Card,Successful,9934.17
PAY11207,ORD11207,2025-10-12,UPI,Successful,24582.98
PAY11208,ORD11208,2025-02-04,Net Banking,Successful,109625.13
PAY11209,ORD11209,2025-01-02,UPI,Successful,101411.04
PAY11210,ORD11210,2025-11-15,Cash on Delivery,Pending,23150.1
PAY11211,ORD11211,2025-06-29,Debit Card,Successful,4897.02
PAY11212,ORD11212,2025-06-22,Net Banking,Successful,51234.49
PAY11213,ORD11213,2025-05-15,Debit Card,Successful,4241.29
PAY11214,ORD11214,26/07/2025,Credit Card,Successful,8207.95
PAY11215,ORD11215,2025-12-16,Net Banking,Successful,5836.48
PAY11216,ORD11216,2025-04-20,UPI,Failed,6991.42
PAY11217,ORD11217,2025-01-28,UPI,Successful,6474.25
PAY11218,ORD11218,2025-08-25,Credit Card,Successful,17681.48
PAY11219,ORD11219,2025-10-08,Credit Card,Successful,4460.89
PAY11220,ORD11220,2025-11-13,UPI,Successful,26008.16
PAY11221,ORD11221,2025-03-13,UPI,Successful,231087.24
PAY11222,ORD11222,2025-12-04,UPI,Refunded,54544.4
PAY11223,ORD11223,2025-01-25,Cash on Delivery,Successful,9512.36
PAY11224,ORD11224,2025-06-22,Cash on Delivery,Successful,129709.81
PAY11225,ORD11225,2025-03-02,Cash on Delivery,Failed,8753.06
PAY11226,ORD11226,2025-04-05,Cash on Delivery,Successful,6376.93
PAY11227,ORD11227,2025-07-10,Credit Card,Successful,36087.04
PAY11228,ORD11228,2025-12-13,Cash on Delivery,Pending,32810.19
PAY11229,ORD11229,2025-07-07,Debit Card,Successful,3355.7
PAY11230,ORD11230,2025-05-07,Credit Card,Failed,12030.87
PAY11231,ORD11231,2025-08-20,Credit Card,Successful,10206.38
PAY11232,ORD11232,2025-10-07,Credit Card,Successful,10075.21
PAY11233,ORD11233,2025-05-09,Credit Card,Successful,19414.26
PAY11234,ORD11234,2025-08-14,Cash on Delivery,Successful,10272.01
PAY11235,ORD11235,2025-11-13,Cash on Delivery,Successful,26912.3
PAY11236,ORD11236,2025-12-08,Debit Card,Successful,8061.24
PAY11237,ORD11237,2025-04-08,Net Banking,Successful,71824.04
PAY11238,ORD11238,2025-08-16,Cash on Delivery,Successful,4930.87
PAY11239,ORD11239,2025-07-28,Credit Card,Successful,997.69
PAY11240,ORD11240,2025-01-03,UPI,Successful,72165.37
PAY11241,ORD11241,2025-04-03,Debit Card,Successful,59515.04
PAY11242,ORD11242,2025-11-15,Credit Card,Successful,16772.18
PAY11243,ORD11243,2025-11-08,Net Banking,Failed,4609.73
PAY11244,ORD11244,2025-01-20,UPI,Successful,118639.02
PAY11245,ORD11245,2025-08-27,Cash on Delivery,Refunded,61186.13
PAY11246,ORD11246,2025-03-28,Credit Card,Successful,11334.52
PAY11247,ORD11247,2025-09-13,UPI,Successful,12449.56
PAY11248,ORD11248,2025-09-30,Cash on Delivery,Successful,3868.84
PAY11249,ORD11249,2025-07-24,Debit Card,Successful,11907.08
PAY11250,ORD11250,2025-11-21,Cash on Delivery,Failed,53684.03
PAY11251,ORD11251,2025-06-05,Debit Card,Successful,8334.08
PAY11252,ORD11252,2025-12-14,Credit Card,Refunded,7111.46
PAY11253,ORD11253,2025-11-01,Credit Card,Successful,41078.21
PAY11254,ORD11254,2025-07-15,Net Banking,Successful,3356.64
PAY11255,ORD11255,2025-12-07,Net Banking,Successful,4440.61
PAY11256,ORD11256,2025-05-24,Debit Card,Successful,14327.28
PAY11257,ORD11257,2025-02-06,Cash on Delivery,Successful,1898.28
PAY11258,ORD11258,2025-10-20,Cash on Delivery,Successful,16748.0
PAY11259,ORD11259,2025-10-03,Credit Card,Successful,7422.83
PAY11260,ORD11260,2025-07-25,Cash on Delivery,Successful,4340.14
PAY11261,ORD11261,2025-03-11,UPI,Successful,57941.26
PAY11262,ORD11262,2025-07-02,Credit Card,Successful,193047.32
PAY11263,ORD11263,2025-12-06,Credit Card,Successful,3001.9
PAY11264,ORD11264,2025-09-19,Cash on Delivery,Successful,51939.7
PAY11265,ORD11265,2025-04-07,Debit Card,Successful,7293.65
PAY11266,ORD11266,2025-10-04,Cash on Delivery,Refunded,39469.05
PAY11267,ORD11267,2025-06-29,Credit Card,Successful,12314.13
PAY11268,ORD11268,2025-07-20,UPI,Successful,43771.07
PAY11269,ORD11269,2025-01-04,Net Banking,Successful,139075.66
PAY11270,ORD11270,2025-04-28,Net Banking,refunded,72071.93
PAY11271,ORD11271,2025-09-07,Credit Card,Successful,49287.37
PAY11272,ORD11272,2025-04-09,Net Banking,Successful,40548.71
PAY11273,ORD11273,2025-03-24,Cash on Delivery,Successful,7655.16
PAY11274,ORD11274,2025-01-18,UPI,Successful,57654.47
PAY11275,ORD11275,2025-06-17,Cash on Delivery,Successful,1358.15
PAY11276,ORD11276,2025-11-27,Debit Card,Successful,121085.67
PAY11277,ORD11277,2025-08-17,Cash on Delivery,Failed,8905.81
PAY11278,ORD11278,2025-07-23,Credit Card,Successful,5913.73
PAY11279,ORD11279,2025-08-04,Credit Card,Successful,80796.07
PAY11280,ORD11280,2025-09-28,UPI,Successful,4432.93
PAY11281,ORD11281,2025-11-06,Debit Card,Successful,88939.33
PAY11282,ORD11282,2025-06-21,Net Banking,Successful,953.77
PAY11283,ORD11283,2025-04-10,Credit Card,Successful,73756.9
PAY11284,ORD11284,2025-11-04,Net Banking,Failed,3044.12
PAY11285,ORD11285,2025-10-03,Net Banking,Successful,23962.59
PAY11286,ORD11286,2025-08-07,Credit Card,Refunded,1729.12
PAY11287,ORD11287,2025-09-21,Credit Card,Successful,27869.89
PAY11288,ORD11288,2025-11-16,UPI,Successful,2825.89
PAY11289,ORD11289,2025-02-09,UPI,Successful,119210.5
PAY11290,ORD11290,2025-10-09,Debit Card,Pending,67176.89
PAY11291,ORD11291,2025-10-11,UPI,Successful,4925.89
PAY11292,ORD11292,2025-11-26,UPI,Successful,64197.36
PAY11293,ORD11293,2025-04-10,Cash on Delivery,Successful,2973.17
PAY11294,ORD11294,2025-09-01,Debit Card,Successful,3403.96
PAY11295,ORD11295,2025-09-18,Net Banking,Successful,1682.79
PAY11296,ORD11296,2025-05-31,UPI,Successful,756.89
PAY11297,ORD11297,2025-05-27,Cash on Delivery,Successful,36192.95
PAY11298,ORD11298,2025-01-12,UPI,Successful,18735.55
PAY11299,ORD11299,2025-09-24,Cash on Delivery,Successful,628.54
PAY11300,ORD11300,2025-06-23,Credit Card,Successful,6126.45
PAY11301,ORD11301,2025-12-09,Cash on Delivery,Successful,11202.13
PAY11302,ORD11302,2025-10-04,Debit Card,Successful,18787.19
PAY11303,ORD11303,2025-05-26,Debit Card,Pending,32123.39
PAY11304,ORD11304,2025-03-27,UPI,Successful,9665.76
PAY11305,ORD11305,2025-06-07,Debit Card,Successful,5470.99
PAY11306,ORD11306,2025-06-14,UPI,Successful,2068.15
PAY11307,ORD11307,2025-03-18,UPI,Successful,2450.58
PAY11308,ORD11308,2025-01-27,Debit Card,Successful,2642.73
PAY11309,ORD11309,2025-07-16,Cash on Delivery,Successful,26117.51
PAY11310,ORD11310,2025-07-25,Credit Card,Successful,3274.97
PAY11311,ORD11311,2025-10-03,UPI,Successful,21907.44
PAY11312,ORD11312,2025-01-30,Net Banking,Successful,1577.74
PAY11313,ORD11313,2025-08-19,Debit Card,SUCCESSFUL,227652.93
PAY11314,ORD11314,2025-01-14,Net Banking,Successful,54325.9
PAY11315,ORD11315,2025-06-16,Net Banking,Successful,21271.87
PAY11316,ORD11316,2025-05-02,Credit Card,Successful,33009.04
PAY11317,ORD11317,2025-05-23,Net Banking,Refunded,28036.42
PAY11318,ORD11318,2025-01-21,UPI,Successful,2640.88
PAY11319,ORD11319,2025-11-21,Debit Card,Successful,14399.04
PAY11320,ORD11320,2025-04-13,Credit Card,Successful,10858.99
PAY11321,ORD11321,2025-09-06,Debit Card,Successful,2964.58
PAY11322,ORD11322,2025-12-22,Cash on Delivery,Successful,7836.02
PAY11323,ORD11323,2025-09-21,Debit Card,Successful,8101.52
PAY11324,ORD11324,2025-04-26,Debit Card,Successful,54504.31
PAY11325,ORD11325,2025-05-15,Cash on Delivery,Successful,11285.31
PAY11326,ORD11326,2025-11-30,UPI,Successful,4764.35
PAY11327,ORD11327,2025-05-27,UPI,Successful,4410.73
PAY11328,ORD11328,2025-10-23,Cash on Delivery,Failed,11414.76
PAY11329,ORD11329,2025-09-14,Credit Card,Successful,8625.91
PAY11330,ORD11330,2025-01-05,Net Banking,Successful,26914.74
PAY11331,ORD11331,2025-08-11,Debit Card,Successful,4655.2
PAY11332,ORD11332,2025-05-13,Credit Card,Successful,64019.04
PAY11333,ORD11333,2025-12-24,Net Banking,Pending,22236.2
PAY11334,ORD11334,2025-01-18,Credit Card,Successful,66039.98
PAY11335,ORD11335,2025-01-11,Credit Card,Successful,5858.74
PAY11336,ORD11336,2025-02-12,Cash on Delivery,Successful,14253.71
PAY11337,ORD11337,2025-01-11,Debit Card,Successful,61985.17
PAY11338,ORD11338,2025-08-03,Credit Card,Successful,29752.0
PAY11339,ORD11339,2025-02-16,Cash on Delivery,Successful,7060.48
PAY11340,ORD11340,2025-01-07,Debit Card,Successful,4049.97
PAY11341,ORD11341,2025-07-27,UPI,Successful,3130.28
PAY11342,ORD11342,2025-12-22,Debit Card,Successful,5032.13
PAY11343,ORD11343,2025-02-05,Cash on Delivery,Successful,76738.42
PAY11344,ORD11344,2025-09-11,Debit Card,Failed,10323.35
PAY11345,ORD11345,2025-07-31,Cash on Delivery,Successful,65300.99
PAY11346,ORD11346,2025-03-17,Net Banking,Refunded,10268.55
PAY11347,ORD11347,2025-06-01,Net Banking,Pending,107417.84
PAY11348,ORD11348,2025-07-01,UPI,Successful,1744.1
PAY11349,ORD11349,2025-03-20,Net Banking,Successful,2009.89
PAY11350,ORD11350,2025-03-01,UPI,Successful,55827.63
PAY11351,ORD11351,2025-07-08,Debit Card,Successful,12924.17
PAY11352,ORD11352,2025-06-17,UPI,Successful,2755.39
PAY11353,ORD11353,2025-09-04,UPI,Successful,2725.91
PAY11354,ORD11354,2025-08-26,Credit Card,Successful,11654.25
PAY11355,ORD11355,2025-03-01,UPI,Successful,111355.5
PAY11356,ORD11356,2025-05-28,Credit Card,Successful,1676.13
PAY11357,ORD11357,2025-04-08,UPI,Successful,148713.04
PAY11358,ORD11358,2025-01-13,Credit Card,Successful,3160.32
PAY11359,ORD11359,2025-08-31,Debit Card,Failed,1586.08
PAY11360,ORD11360,2025-03-01,Debit Card,Successful,15671.69
PAY11361,ORD11361,2025-05-31,UPI,Successful,4371.43
PAY11362,ORD11362,2025-01-11,Net Banking,Successful,20792.89
PAY11363,ORD11363,2025-06-01,UPI,Successful,13773.24
PAY11364,ORD11364,2025-05-16,Net Banking,Successful,18001.67
PAY11365,ORD11365,2025-09-07,Debit Card,Pending,673.82
PAY11366,ORD11366,2025-01-05,Debit Card,Successful,12423.83
PAY11367,ORD11367,2025-04-14,Cash on Delivery,Successful,2904.81
PAY11368,ORD11368,2025-04-15,UPI ,Successful,5305.98
PAY11369,ORD11369,2025-06-13,Cash on Delivery,Failed,8327.59
PAY11370,ORD11370,2025-05-20,credit card,Successful,106058.83
PAY11371,ORD11371,2025-07-13,Credit Card,Successful,82169.19
PAY11372,ORD11372,2025-09-08,Credit Card,Successful,5861.42
PAY11373,ORD11373,2025-11-23,Credit Card,Successful,32684.66
PAY11374,ORD11374,2025-08-20,Credit Card,Successful,3606.42
PAY11375,ORD11375,2025-06-02,Cash on Delivery,Successful,228493.86
PAY11376,ORD11376,2025-05-24,Net Banking,Successful,10026.73
PAY11377,ORD11377,2025-12-22,Cash on Delivery,Successful,11281.93
PAY11378,ORD11378,2025-12-17,Credit Card,Successful,6347.76
PAY11379,ORD11379,2025-04-06,Cash on Delivery,Successful,2610.97
PAY11380,ORD11380,2025-08-21,Debit Card,Failed,17410.31
PAY11381,ORD11381,2025-11-28,UPI,Successful,53332.94
PAY11382,ORD11382,2025-09-28,Credit Card,Successful,641.27
PAY11383,ORD11383,2025-03-23,Cash on Delivery,Successful,5124.08
PAY11384,ORD11384,2025-12-23,UPI,Successful,6320.38
PAY11385,ORD11385,2025-04-21,UPI,Successful,8432.16
PAY11386,ORD11386,2025-07-02,Credit Card,Failed,94408.24
PAY11387,ORD11387,2025-02-04,UPI,Successful,138453.92
PAY11388,ORD11388,2025-12-03,Credit Card,Successful,9187.0
PAY11389,ORD11389,2025-02-11,Debit Card,Successful,75106.0
PAY11390,ORD11390,2025-10-29,Cash on Delivery,Successful,17979.36
PAY11391,ORD11391,2025-06-14,Credit Card,Successful,11346.28
PAY11392,ORD11392,2025-10-23,Credit Card,Successful,3006.49
PAY11393,ORD11393,2025-01-04,Cash on Delivery,Successful,125952.7
PAY11394,ORD11394,2025-07-18,UPI,Successful,21942.24
PAY11395,ORD11395,2025-10-19,Cash on Delivery,Refunded,1530.71
PAY11396,ORD11396,2025-01-30,UPI,Successful,125795.08
PAY11397,ORD11397,2025-05-12,Net Banking,Successful,31135.53
PAY11398,ORD11398,2025-10-18,Debit Card,Successful,3787.38
PAY11399,ORD11399,2025-06-10,Net Banking,Successful,29144.95
PAY11400,ORD11400,2025-01-03,Credit Card ,Successful,33959.09
PAY11401,ORD11401,2025-11-24,Debit Card,Pending,3739.75
PAY11402,ORD11402,2025-09-16,Credit Card,Successful,132561.99
PAY11403,ORD11403,2025-01-01,Credit Card ,Successful,11951.29
PAY11404,ORD11404,2025-02-07,Net Banking,Successful,975.5
PAY11405,ORD11405,2025-01-12,Cash on Delivery,Successful,5686.06
PAY11406,ORD11406,2025-02-04,Cash on Delivery,Successful,78025.55
PAY11407,ORD11407,2025-01-04,Net Banking,Successful,14655.16
PAY11408,ORD11408,2025-07-28,credit card,Successful,4877.98
PAY11409,ORD11409,2025-11-08,UPI,Successful,68489.57
PAY11410,ORD11410,2025-03-15,Credit Card,failed,8726.18
PAY11411,ORD11411,2025-01-31,Cash on Delivery,Successful,13535.8
PAY11412,ORD11412,2025-10-10,Net Banking,Successful,59972.49
PAY11413,ORD11413,2025-06-03,Net Banking,Successful,2726.76
PAY11414,ORD11414,2025-12-13,UPI,Successful,11624.3
PAY11415,ORD11415,2025-12-27,Net Banking,Successful,21836.77
PAY11416,ORD11416,2025-03-14,Net Banking,Successful,5463.1
PAY11417,ORD11417,2025-11-13,UPI,Successful,11728.98
PAY11418,ORD11418,2025-05-17,Cash on Delivery,Successful,128803.35
PAY11419,ORD11419,2025-08-24,Cash on Delivery,Successful,18552.09
PAY11420,ORD11420,2025-06-27,Cash on Delivery,Successful,38265.47
PAY11421,ORD11421,2025-04-20,Debit Card,Successful,60647.26
PAY11422,ORD11422,2025-11-14,Cash on Delivery,Successful,1384.97
PAY11423,ORD11423,2025-10-21,Credit Card,Successful,207563.05
PAY11424,ORD11424,2025-01-05,Credit Card,Successful,6222.24
PAY11425,ORD11425,2025-12-14,Cash on Delivery,Successful,178066.97
PAY11426,ORD11426,2025-03-14,Credit Card,Refunded,34897.1
PAY11427,ORD11427,2025-06-21,Net Banking,Pending,2480.64
PAY11428,ORD11428,2025-04-07,upi,Successful,2483.63
PAY11429,ORD11429,2025-12-08,Cash on Delivery,Failed,2702.77
PAY11430,ORD11430,2025-02-12,Credit Card,Successful,15952.37
PAY11431,ORD11431,2025-11-22,UPI,Successful,8417.51
PAY11432,ORD11432,2025-06-05,UPI,Successful,11401.9
PAY11433,ORD11433,2025-01-12,UPI,Successful,203369.15
PAY11434,ORD11434,2025-09-24,Credit Card,Successful,4235.48
PAY11435,ORD11435,2025-12-18,Debit Card,Successful,7576.78
PAY11436,ORD11436,2025-03-08,Debit Card,Successful,8081.0
PAY11437,ORD11437,2025-03-29,Credit Card,Successful,92363.8
PAY11438,ORD11438,2025-04-20,Credit Card,Successful,8211.94
PAY11439,ORD11439,2025-08-24,Net Banking,Refunded,17858.6
PAY11440,ORD11440,2025-04-21,Cash on Delivery,Successful,6972.68
PAY11441,ORD11441,2025-03-21,Net Banking,Refunded,13179.38
PAY11442,ORD11442,2025-03-24,Debit Card,Successful,440.81
PAY11443,ORD11443,2025-01-30,Net Banking,Successful,325391.42
PAY11444,ORD11444,2025-06-05,Credit Card,Successful,7501.8
PAY11445,ORD11445,2025-08-22,Cash on Delivery,Successful,8805.01
PAY11446,ORD11446,2025-04-29,Cash on Delivery,Successful,33991.68
PAY11447,ORD11447,2025-05-14,UPI,Successful,114350.34
PAY11448,ORD11448,2025-08-06,Cash on Delivery,Successful,8502.7
PAY11449,ORD11449,2025-01-16,UPI,Successful,6069.89
PAY11450,ORD11450,2025-01-29,Cash on Delivery,successful,13194.31
PAY11451,ORD11451,2025-06-01,Debit Card,Successful,4831.06
PAY11452,ORD11452,2025-06-11,Cash on Delivery,Failed,26091.87
PAY11453,ORD11453,2025-02-01,Cash on Delivery,Successful,977.61
PAY11454,ORD11454,2025-09-11,Credit Card,Successful,79651.62
PAY11455,ORD11455,2025-03-03,Debit Card,Failed,115098.45
PAY11456,ORD11456,2025-05-22,Credit Card,Pending,6297.9
PAY11457,ORD11457,2025-04-21,Debit Card,Successful,2593.25
PAY11458,ORD11458,2025-07-06,Net Banking,Successful,3776.62
PAY11459,ORD11459,2025-10-26,Cash on Delivery,Successful,45468.91
PAY11460,ORD11460,2025-10-25,UPI,Successful,2745.7
PAY11461,ORD11461,2025-05-11,Net Banking,Successful,127189.99
PAY11462,ORD11462,2025-07-29,Net Banking,Refunded,2107.21
PAY11463,ORD11463,2025-01-29,Debit Card,Refunded,138092.93
PAY11464,ORD11464,2025-09-04,UPI,Successful,2409.78
PAY11465,ORD11465,2025-05-30,Credit Card,Failed,1592.21
PAY11466,ORD11466,2025-07-20,Cash on Delivery,Successful,8957.58
PAY11467,ORD11467,2025-09-24,UPI,Failed,2864.12
PAY11468,ORD11468,2025-03-21,UPI,Successful,210118.08
PAY11469,ORD11469,2025-04-05,Cash on Delivery,Successful,184413.4
PAY11470,ORD11470,2025-07-19,Debit Card,Successful,8733.69
PAY11471,ORD11471,2025-08-28,Credit Card,Successful,7667.94
PAY11472,ORD11472,2025-12-21,Credit Card,Successful,69440.65
PAY11473,ORD11473,2025-06-09,UPI,Successful,13523.29
PAY11474,ORD11474,2025-03-31,Cash on Delivery,Successful,17591.23
PAY11475,ORD11475,2025-06-24,Credit Card,Successful,72986.29
PAY11476,ORD11476,2025-11-05,Credit Card,Successful,48020.76
PAY11477,ORD11477,2025-07-04,Debit Card,Successful,62712.48
PAY11478,ORD11478,2025-08-14,Cash on Delivery,Successful,9771.92
PAY11479,ORD11479,2025-05-24,Debit Card,Successful,28949.58
PAY11480,ORD11480,2025-03-30,Cash on Delivery,Successful,79802.5
PAY11481,ORD11481,2025-07-17,Cash on Delivery,successful,4419.95
PAY11482,ORD11482,2025-03-31,Cash on Delivery,Successful,135948.8
PAY11483,ORD11483,2025-02-22,Net Banking,Successful,6246.01
PAY11484,ORD11484,2025-10-08,Net Banking,Successful,8904.72
PAY11485,ORD11485,2025-12-19,Credit Card,Successful,19077.55
PAY11486,ORD11486,2025-01-12,Credit Card,Refunded,56375.52
PAY11487,ORD11487,2025-12-07,Net Banking,Successful,2487.58
PAY11488,ORD11488,2025-09-13,Debit Card,Successful,12780.68
PAY11489,ORD11489,2025-03-03,Debit Card,Successful,21279.11
PAY11490,ORD11490,2025-01-26,Cash on Delivery,Successful,68161.15
PAY11491,ORD11491,2025-05-06,Credit Card,Successful,47210.51
PAY11492,ORD11492,2025-12-31,Debit Card,Successful,180701.14
PAY11493,ORD11493,2025-03-17,Net Banking,Successful,9960.82
PAY11494,ORD11494,2025-02-04,Debit Card,Successful,4626.33
PAY11495,ORD11495,2025-11-24,Cash on Delivery,Successful,304780.58
PAY11496,ORD11496,2025-04-22,Credit Card,Refunded,24342.07
PAY11497,ORD11497,2025-04-13,Credit Card,Successful,3741.65
PAY11498,ORD11498,2025-09-05,Net Banking,Successful,15877.92
PAY11499,ORD11499,2025-04-22,Net Banking,Successful,9782.66
PAY11500,ORD11500,2025-06-13,Debit Card,Successful,11240.13
PAY11501,ORD11501,2025-09-18,Debit Card,Successful,940.3
PAY11502,ORD11502,2025-08-09,Net Banking,Successful,142983.92
PAY11503,ORD11503,2025-11-19,UPI,Successful,2809.55
PAY11504,ORD11504,2025-02-04,Debit Card,Successful,2822.17
PAY11505,ORD11505,2025-10-19,UPI,Successful,4909.61
PAY11506,ORD11506,2025-11-22,UPI,Successful,60119.77
PAY11507,ORD11507,2025-12-31,UPI,Successful,49111.3
PAY11508,ORD11508,14/06/2025,Debit Card,Successful,3420.02
PAY11509,ORD11509,2025-05-18,Debit Card,Failed,8431.02
PAY11510,ORD11510,2025-11-23,Credit Card,Successful,2132.47
PAY11511,ORD11511,2025-09-26,Cash on Delivery,Refunded,1647.1
PAY11512,ORD11512,2025-07-29,cash on delivery,Successful,2622.18
PAY11513,ORD11513,2025-07-29,Net Banking,Successful,162596.86
PAY11514,ORD11514,2025-08-24,Credit Card,Successful,2724.25
PAY11515,ORD11515,2025-06-12,Credit Card,Successful,3802.81
PAY11516,ORD11516,2025-02-20,Debit Card,Refunded,2622.7
PAY11517,ORD11517,2025-06-30,UPI,Successful,1968.12
PAY11518,ORD11518,2025-01-23,Net Banking,Successful,77083.3
PAY11519,ORD11519,2025-11-01,UPI,Successful,102480.12
PAY11520,ORD11520,2025-03-04,Net Banking,Successful,4057.31
PAY11521,ORD11521,2025-07-25,UPI,Pending,29691.34
PAY11522,ORD11522,2025-07-15,Net Banking,Successful,1576.62
PAY11523,ORD11523,2025-07-10,Credit Card,Successful,2296.66
PAY11524,ORD11524,2025-11-08,Net Banking,Successful,2162.14
PAY11525,ORD11525,2025-09-07,Credit Card,Successful,54028.29
PAY11526,ORD11526,2025-08-13,UPI,Successful,2232.77
PAY11527,ORD11527,2025-08-22,Cash on Delivery,Successful,11488.15
PAY11528,ORD11528,2025-04-06,Cash on Delivery,Successful,58345.34
PAY11529,ORD11529,2025-04-20,Credit Card,Failed,30145.25
PAY11530,ORD11530,2025-07-02,UPI,Pending,57376.33
PAY11531,ORD11531,2025-03-28,UPI,Failed,128818.93
PAY11532,ORD11532,2025-04-06,Debit Card,Successful,15031.02
PAY11533,ORD11533,2025-01-25,Net Banking,Successful,129595.28
PAY11534,ORD11534,2025-02-19,UPI,Successful,7878.56
PAY11535,ORD11535,2025-08-02,Net Banking,Successful,9490.36
PAY11536,ORD11536,2025-06-25,Debit Card,Successful,67361.19
PAY11537,ORD11537,2025-06-20,Credit Card,Successful,156208.65
PAY11538,ORD11538,2025-07-27,Cash on Delivery,Successful,118252.3
PAY11539,ORD11539,2025-02-04,Credit Card,Failed,3666.48
PAY11540,ORD11540,2025-12-30,Net Banking,Successful,77996.6
PAY11541,ORD11541,2025-10-25,Credit Card,Refunded,49726.63
PAY11542,ORD11542,2025-12-21,Credit Card,Successful,16943.22
PAY11543,ORD11543,2025-03-30,UPI,Successful,9524.22
PAY11544,ORD11544,2025-01-17,UPI,Refunded,4200.81
PAY11545,ORD11545,2025-05-07,Credit Card,Successful,10350.13
PAY11546,ORD11546,2025-08-20,UPI,Successful,9953.24
PAY11547,ORD11547,2025-03-03,Credit Card,Successful,61701.88
PAY11548,ORD11548,2025-01-19,Net Banking,Successful,13992.57
PAY11549,ORD11549,2025-09-18,Debit Card,Successful,2218.85
PAY11550,ORD11550,2025-11-22,Cash on Delivery,Successful,64364.53
PAY11551,ORD11551,2025-07-29,Debit Card,Refunded,25438.01
PAY11552,ORD11552,2025-04-15,Credit Card,Successful,2904.75
PAY11553,ORD11553,2025-03-12,Debit Card,Pending,1990.65
PAY11554,ORD11554,2025-01-30,Net Banking,Failed,4830.68
PAY11555,ORD11555,2025-07-22,Debit Card,Successful,53483.64
PAY11556,ORD11556,2025-02-06,Cash on Delivery,Successful,29475.93
PAY11557,ORD11557,2025-08-21,UPI,Successful,19727.96
PAY11558,ORD11558,2025-10-17,Cash on Delivery,Successful,3167.22
PAY11559,ORD11559,2025-10-01,Cash on Delivery,Successful,29126.92
PAY11560,ORD11560,2025-01-11,Debit Card,Failed,16606.52
PAY11561,ORD11561,2025-06-04,Credit Card,Successful,59123.88
PAY11562,ORD11562,2025-11-14,Net Banking,Successful,1692.07
PAY11563,ORD11563,2025-10-08,Net Banking,Successful,7802.26
PAY11564,ORD11564,2025-02-18,Net Banking,Successful,8468.93
PAY11565,ORD11565,2025-05-30,Net Banking,Successful,50669.89
PAY11566,ORD11566,2025-10-23,Debit Card,Successful,3177.82
PAY11567,ORD11567,2025-04-09,Cash on Delivery,Successful,79592.43
PAY11568,ORD11568,2025-05-01,Credit Card,Successful,109091.75
PAY11569,ORD11569,2025-06-25,UPI,Successful,3109.33
PAY11570,ORD11570,2025-08-19,UPI,Successful,1623.3
PAY11571,ORD11571,2025-09-05,Cash on Delivery,Successful,66972.56
PAY11572,ORD11572,2025-12-16,Cash on Delivery,Successful,5894.35
PAY11573,ORD11573,2025-11-19,Net Banking,Successful,18275.1
PAY11574,ORD11574,2025-04-09,Credit Card,Successful,2259.51
PAY11575,ORD11575,2025-12-20,upi,Successful,130720.98
PAY11576,ORD11576,2025-02-15,UPI,Successful,8659.77
PAY11577,ORD11577,2025-04-30,Credit Card,Successful,155255.19
PAY11578,ORD11578,2025-10-11,UPI,Failed,19786.37
PAY11579,ORD11579,2025-08-28,Cash on Delivery,Successful,24501.67
PAY11580,ORD11580,2025-08-14,Credit Card,Successful,6007.83
PAY11581,ORD11581,2025-05-09,Credit Card,Refunded,3441.0
PAY11582,ORD11582,2025-12-08,Credit Card,Successful,10475.04
PAY11583,ORD11583,2025-06-18,Net Banking,Successful,21742.78
PAY11584,ORD11584,2025-01-28,UPI,Successful,2697.67
PAY11585,ORD11585,2025-03-24,Net Banking,Successful,2509.07
PAY11586,ORD11586,2025-07-13,Net Banking,Failed,5821.85
PAY11587,ORD11587,2025-03-08,Credit Card,Successful,9406.46
PAY11588,ORD11588,2025-01-28,Debit Card,Successful,1540.52
PAY11589,ORD11589,2025-09-06,Net Banking,Successful,10234.83
PAY11590,ORD11590,2025-04-01,Net Banking,Successful,1949.11
PAY11591,ORD11591,2025-04-09,Net Banking,Pending,28848.87
PAY11592,ORD11592,2025-05-11,Credit Card,Successful,176582.67
PAY11593,ORD11593,2025-03-04,Debit Card,Refunded,1052.38
PAY11594,ORD11594,2025-01-20,Credit Card,Successful,4951.52
PAY11595,ORD11595,08-09-2025,UPI,Successful,12896.14
PAY11596,ORD11596,2025-02-03,Credit Card,Refunded,2945.17
PAY11597,ORD11597,2025-10-13,Net Banking,Successful,3844.72
PAY11598,ORD11598,2025-08-01,Debit Card,Successful,5809.28
PAY11599,ORD11599,2025-06-01,Net Banking,Successful,72758.02
PAY11600,ORD11600,2025-02-22,Net Banking,Successful,26342.22
PAY11601,ORD11601,2025-05-12,Cash on Delivery,Successful,62083.1
PAY11602,ORD11602,2025-08-16,Cash on Delivery,Refunded,9047.07
PAY11603,ORD11603,2025-05-19,Debit Card,Successful,6254.49
PAY11604,ORD11604,2025-08-24,UPI,Successful,2011.21
PAY11605,ORD11605,2025-04-18,,Failed,57260.92
PAY11606,ORD11606,2025-10-17,Net Banking,Successful,12488.51
PAY11607,ORD11607,2025-06-09,Credit Card,Successful,7331.12
PAY11608,ORD11608,2025-09-24,Credit Card,Successful,3781.5
PAY11609,ORD11609,2025-11-30,Credit Card,Failed,25162.83
PAY11610,ORD11610,2025-03-26,Debit Card,Successful,50952.77
PAY11611,ORD11611,2025-04-24,Credit Card,Successful,11149.0
PAY11612,ORD11612,2025-04-05,Credit Card,Successful,3058.93
PAY11613,ORD11613,2025-08-17,Cash on Delivery,Successful,10900.56
PAY11614,ORD11614,2025-11-24,Net Banking,Successful,10887.84
PAY11615,ORD11615,2025-04-09,Cash on Delivery,Successful,15990.41
PAY11616,ORD11616,2025-05-11,Debit Card,Successful,3443.34
PAY11617,ORD11617,2025-04-23,Cash on Delivery,Successful,103686.39
PAY11618,ORD11618,2025-06-23,Cash on Delivery,Successful,23809.2
PAY11619,ORD11619,2025-12-18,Net Banking,Refunded,129624.0
PAY11620,ORD11620,2025-06-21,Cash on Delivery,Successful,19473.81
PAY11621,ORD11621,2025-04-04,Cash on Delivery,Successful,64187.45
PAY11622,ORD11622,2025-01-24,UPI,Successful,124743.85
PAY11623,ORD11623,07-01-2025,Net Banking,Successful,56279.0
PAY11624,ORD11624,2025-04-20,Net Banking,Failed,5807.99
PAY11625,ORD11625,2025-03-10,Net Banking,Successful,1274.18
PAY11626,ORD11626,2025-04-26,Cash on Delivery,Failed,31557.85
PAY11627,ORD11627,2025-09-03,Cash on Delivery,Successful,3337.41
PAY11628,ORD11628,2025-10-11,Debit Card,Successful,8372.13
PAY11629,ORD11629,2025-04-18,Net Banking,Successful,9552.99
PAY11630,ORD11630,2025-01-28,UPI,Successful,9374.81
PAY11631,ORD11631,2025-06-10,Cash on Delivery,Failed,9680.96
PAY11632,ORD11632,2025-05-03,Net Banking,Successful,14125.82
PAY11633,ORD11633,2025-07-26,Debit Card,Successful,8858.62
PAY11634,ORD11634,2025-10-17,Net Banking,Successful,31803.51
PAY11635,ORD11635,2025-07-28,Cash on Delivery,Successful,5537.76
PAY11636,ORD11636,2025-07-12,Net Banking,Refunded,68775.43
PAY11637,ORD11637,2025-11-12,Debit Card,Successful,10442.09
PAY11638,ORD11638,2025-10-23,UPI,Successful,5761.28
PAY11639,ORD11639,2025-12-22,Debit Card,Successful,6249.22
PAY11640,ORD11640,2025-04-23,Cash on Delivery,Refunded,5329.74
PAY11641,ORD11641,2025-05-31,Credit Card,Successful,1573.81
PAY11642,ORD11642,2025-05-07,Upi,Refunded,3494.93
PAY11643,ORD11643,2025-11-02,UPI,Successful,20436.18
PAY11644,ORD11644,2025-09-12,Cash on Delivery,Successful,1804.42
PAY11645,ORD11645,2025-06-11,Cash on Delivery,Successful,67239.31
PAY11646,ORD11646,2025-03-21,Credit Card,Successful,5563.56
PAY11647,ORD11647,2025-02-15,UPI,Successful,69657.75
PAY11648,ORD11648,2025-09-26,Net Banking,Failed,8121.51
PAY11649,ORD11649,2025-02-25,Cash on Delivery,Successful,10428.09
PAY11650,ORD11650,2025-07-24,UPI,Successful,233676.93
PAY11651,ORD11651,2025-06-03,UPI,Successful,13254.74
PAY11652,ORD11652,2025-01-18,Net Banking,Successful,190413.13
PAY11653,ORD11653,2025-02-19,Net Banking,Successful,553.96
PAY11654,ORD11654,2025-02-27,Net Banking,Successful,1222.91
PAY11655,ORD11655,2025-03-30,Debit Card,Successful,114195.99
PAY11656,ORD11656,2025-08-26,Cash on Delivery,Successful,3829.46
PAY11657,ORD11657,2025-07-02,Cash on Delivery,Failed,23326.35
PAY11658,ORD11658,2025-12-08,Net Banking,Successful,90357.88
PAY11659,ORD11659,2025-02-06,UPI,Failed,1113.44
PAY11660,ORD11660,2025-01-17,Credit Card,Successful,6594.93
PAY11661,ORD11661,2025-11-26,Debit Card,Successful,61717.58
PAY11662,ORD11662,2025-07-23,Cash on Delivery,Successful,46162.9
PAY11663,ORD11663,2025-04-03,UPI,Successful,182288.34
PAY11664,ORD11664,2025-12-17,UPI ,Successful,60920.58
PAY11665,ORD11665,2025-11-02,Net Banking,Successful,1666.85
PAY11666,ORD11666,2025-07-02,Credit Card,Successful,26601.03
PAY11667,ORD11667,2025-02-21,Net Banking,Successful,6935.95
PAY11668,ORD11668,2025-05-08,Credit Card,Successful,104848.95
PAY11669,ORD11669,2025-07-31,Net Banking,Successful,5075.92
PAY11670,ORD11670,2025-04-21,Cash on Delivery,Successful,74756.2
PAY11671,ORD11671,2025-12-08,UPI,Successful,133741.31
PAY11672,ORD11672,2025-08-05,Cash on Delivery,Successful,54939.1
PAY11673,ORD11673,2025-06-21,Net Banking,Failed,4808.43
PAY11674,ORD11674,2025-03-20,upi,Successful,32421.27
PAY11675,ORD11675,2025-01-27,Cash on Delivery,Successful,59940.98
PAY11676,ORD11676,2025-09-07,Net Banking,Successful,89631.18
PAY11677,ORD11677,2025-06-25,Debit Card,Successful,11587.99
PAY11678,ORD11678,2025-08-18,UPI,Successful,40465.42
PAY11679,ORD11679,2025-12-10,Net Banking,Pending,30377.96
PAY11680,ORD11680,2025-02-12,Cash on Delivery,Successful,7521.99
PAY11681,ORD11681,2025-10-17,Credit Card,Successful,1337.62
PAY11682,ORD11682,2025-04-28,UPI,Pending,1775.63
PAY11683,ORD11683,2025-05-13,Net Banking,Successful,33024.66
PAY11684,ORD11684,2025-07-15,Cash on Delivery,Successful,116222.29
PAY11685,ORD11685,2025-07-16,Credit Card,Successful,16014.13
PAY11686,ORD11686,2025-09-18,Net Banking,Successful,34525.52
PAY11687,ORD11687,2025-07-10,Cash on Delivery,Failed,68200.14
PAY11688,ORD11688,2025-11-11,UPI,Successful,2910.62
PAY11689,ORD11689,2025-11-26,Cash on Delivery,Successful,4539.83
PAY11690,ORD11690,2025-08-31,Debit Card,Successful,2471.13
PAY11691,ORD11691,2025-11-24,UPI,Failed,24083.67
PAY11692,ORD11692,2025-11-10,Debit Card,Successful,4457.83
PAY11693,ORD11693,2025-04-26,Net Banking,Successful,11835.17
PAY11694,ORD11694,2025-12-26,Credit Card,Successful,5163.56
PAY11695,ORD11695,2025-08-04,UPI,Successful,24654.98
PAY11696,ORD11696,2025-05-15,Credit Card,Pending,2797.74
PAY11697,ORD11697,2025-09-26,UPI,Successful,2225.75
PAY11698,ORD11698,2025-08-19,Debit Card,Successful,133177.6
PAY11699,ORD11699,2025-01-02,Net Banking,Successful,19069.92
PAY11700,ORD11700,2025-09-30,Cash on Delivery,Successful,12931.77
PAY11701,ORD11701,2025-07-26,Credit Card,Successful,604.47
PAY11702,ORD11702,2025-05-09,Cash on Delivery,Successful,21768.6
PAY11703,ORD11703,2025-03-15,Credit Card,Successful,172735.81
PAY11704,ORD11704,2025-09-13,Debit Card,Failed,2399.57
PAY11705,ORD11705,2025-09-16,Credit Card,Refunded,173310.02
PAY11706,ORD11706,2025-12-18,Net Banking,Successful,114864.64
PAY11707,ORD11707,2025-06-25,Net Banking,Successful,5384.24
PAY11708,ORD11708,2025-10-12,UPI,Failed,13835.89
PAY11709,ORD11709,2025-05-18,UPI,Successful,5802.33
PAY11710,ORD11710,2025-05-20,Cash on Delivery,Successful,235702.45
PAY11711,ORD11711,2025-02-03,Debit Card,Successful,6502.68
PAY11712,ORD11712,2025-10-26,Net Banking,Successful,2668.51
PAY11713,ORD11713,2025-10-01,UPI,Successful,6564.46
PAY11714,ORD11714,2025-12-03,Credit Card,Successful,55945.21
PAY11715,ORD11715,2025-09-04,Debit Card,Successful,158600.05
PAY11716,ORD11716,2025-07-19,Net Banking,Successful,29134.19
PAY11717,ORD11717,2025-03-09,Cash on Delivery,Successful,7462.18
PAY11718,ORD11718,2025-06-08,Credit Card,Successful,178698.98
PAY11719,ORD11719,2025-07-03,Cash on Delivery,Successful,4714.25
PAY11720,ORD11720,2025-03-27,Upi,Successful,7164.03
PAY11721,ORD11721,2025-09-14,Net Banking,Successful,3408.38
PAY11722,ORD11722,2025-11-29,Net Banking,Successful,13597.37
PAY11723,ORD11723,2025-10-14,Net Banking,Successful,1686.49
PAY11724,ORD11724,2025-05-01,Net Banking,Successful,43011.25
PAY11725,ORD11725,2025-12-16,Net Banking,Successful,75273.68
PAY11726,ORD11726,2025-02-14,Net Banking,Successful,1717.89
PAY11727,ORD11727,2025-03-01,Debit Card,Successful,52508.9
PAY11728,ORD11728,2025-06-09,Credit Card,Failed,57881.62
PAY11729,ORD11729,2025-04-02,Debit Card,Successful,402.27
PAY11730,ORD11730,2025-01-19,Credit Card,Pending,1527.27
PAY11731,ORD11731,2025-03-19,Cash on Delivery,Successful,4509.94
PAY11732,ORD11732,2025-05-13,Credit Card,Failed,2229.67
PAY11733,ORD11733,2025-10-22,UPI,Refunded,21087.72
PAY11734,ORD11734,2025-04-02,Net Banking,Successful,3872.7
PAY11735,ORD11735,2025-02-21,Cash on Delivery,Failed,159774.27
PAY11736,ORD11736,2025-01-27,Credit Card,Successful,120017.24
PAY11737,ORD11737,2025-01-05,Net Banking,Successful,16942.56
PAY11738,ORD11738,2025-08-12,UPI,Successful,11138.05
PAY11739,ORD11739,2025-05-18,Net Banking,Failed,4144.32
PAY11740,ORD11740,2025-10-24,Credit Card,Successful,2528.92
PAY11741,ORD11741,2025-11-03,Debit Card,Successful,4836.5
PAY11742,ORD11742,2025-06-14,Cash on Delivery,Successful,4894.36
PAY11743,ORD11743,2025-07-18,Debit Card,Successful,28178.83
PAY11744,ORD11744,2025-12-01,UPI,Successful,139759.01
PAY11745,ORD11745,2025-04-24,Cash on Delivery,Successful,2347.13
PAY11746,ORD11746,2025-09-14,Credit Card,failed,4503.64
PAY11747,ORD11747,2025-09-15,Debit Card,Successful,15726.41
PAY11748,ORD11748,2025-11-15,Net Banking,Failed,13326.11
PAY11749,ORD11749,2025-10-03,UPI,Refunded,8233.01
PAY11750,ORD11750,2025-05-25,Cash on Delivery,Pending,4582.14
PAY11751,ORD11751,2025-12-22,Cash on Delivery,Successful,35437.16
PAY11752,ORD11752,2025-03-31,UPI,Successful,25663.51
PAY11753,ORD11753,2025-05-02,Credit Card,Successful,46496.72
PAY11754,ORD11754,2025-07-14,Cash on Delivery,Successful,144194.46
PAY11755,ORD11755,2025-11-05,UPI,Failed,17498.51
PAY11756,ORD11756,2025-09-13,UPI,Successful,70581.6
PAY11757,ORD11757,2025-03-16,cash on delivery,Successful,10014.28
PAY11758,ORD11758,2025-04-26,Net Banking,Successful,27934.34
PAY11759,ORD11759,2025-07-20,Credit Card,Successful,71272.15
PAY11760,ORD11760,2025-07-15,Credit Card,Successful,174506.11
PAY11761,ORD11761,2025-05-06,Cash on Delivery,Successful,144774.07
PAY11762,ORD11762,2025-08-31,UPI,Successful,8220.8
PAY11763,ORD11763,2025-08-29,Credit Card,failed,6554.21
PAY11764,ORD11764,2025-03-24,Debit Card,Successful,1266.71
PAY11765,ORD11765,2025-05-24,Credit Card,Successful,74854.74
PAY11766,ORD11766,2025-06-04,Credit Card,Successful,15785.43
PAY11767,ORD11767,2025-01-23,Cash on Delivery,Refunded,3585.82
PAY11768,ORD11768,2025-10-19,UPI,Successful,3322.12
PAY11769,ORD11769,2025-07-30,Net Banking,Successful,4084.41
PAY11770,ORD11770,2025-07-12,Credit Card,Successful,5054.02
PAY11771,ORD11771,2025-05-24,Credit Card,Successful,20407.41
PAY11772,ORD11772,2025-09-20,Cash on Delivery,Successful,3187.31
PAY11773,ORD11773,2025-07-27,Credit Card,Refunded,8922.07
PAY11774,ORD11774,2025-03-04,Debit Card,Successful,3187.85
PAY11775,ORD11775,2025-09-15,Debit Card,Successful,11573.0
PAY11776,ORD11776,2025-07-31,Debit Card,Successful,21308.14
PAY11777,ORD11777,2025-09-27,Net Banking,Successful,127477.6
PAY11778,ORD11778,2025-04-29,Credit Card,Refunded,4109.09
PAY11779,ORD11779,2025-06-07,Credit Card,Successful,47542.26
PAY11780,ORD11780,2025-06-22,Debit Card,Successful,61333.58
PAY11781,ORD11781,2025-01-22,Debit Card,Successful,192532.0
PAY11782,ORD11782,2025-02-08,Credit Card,Successful,9528.64
PAY11783,ORD11783,2025-10-16,Debit Card,Successful,6272.9
PAY11784,ORD11784,2025-07-13,Cash on Delivery,Refunded,14149.12
PAY11785,ORD11785,2025-05-07,Debit Card,Successful,85193.47
PAY11786,ORD11786,2025-02-27,Net Banking,Successful,3136.84
PAY11787,ORD11787,2025-08-13,Net Banking,Failed,31345.95
PAY11788,ORD11788,2025-03-09,Net Banking,Refunded,26297.24
PAY11789,ORD11789,2025-07-21,UPI,Successful,14648.0
PAY11790,ORD11790,2025-08-19,Net Banking,Refunded,8326.74
PAY11791,ORD11791,2025-01-05,Debit Card,Failed,2099.66
PAY11792,ORD11792,2025-08-20,Debit Card,Successful,5323.1
PAY11793,ORD11793,2025-02-07,Net Banking,Successful,184371.07
PAY11794,ORD11794,2025-06-14,Credit Card,Successful,11695.55
PAY11795,ORD11795,2025-01-11,Credit Card,Successful,108004.89
PAY11796,ORD11796,2025-07-26,UPI,Successful,122327.58
PAY11797,ORD11797,2025-01-21,UPI,Successful,2481.72
PAY11798,ORD11798,2025-06-22,Debit Card,Successful,10479.21
PAY11799,ORD11799,2025-07-13,Net Banking,Successful,8807.48
PAY11800,ORD11800,2025-07-19,Cash on Delivery,Successful,26014.85
PAY11801,ORD11801,2025-04-18,Cash on Delivery,Successful,2582.67
PAY11802,ORD11802,2025-12-28,Credit Card,Successful,2836.32
PAY11803,ORD11803,2025-04-17,Cash on Delivery,Successful,53375.54
PAY11804,ORD11804,2025-12-04,UPI,Successful,79933.76
PAY11805,ORD11805,2025-04-18,UPI,Successful,62084.66
PAY11806,ORD11806,2025-04-04,Net Banking,Successful,1278.94
PAY11807,ORD11807,2025-04-29,UPI,Successful,5181.33
PAY11808,ORD11808,2025-10-20,UPI,Successful,8893.77
PAY11809,ORD11809,2025-01-16,Debit Card,Successful,2411.67
PAY11810,ORD11810,2025-08-17,Cash on Delivery,Successful,35641.62
PAY11811,ORD11811,2025-09-13,Credit Card,Refunded,21361.29
PAY11812,ORD11812,2025-02-17,Debit Card,Successful,107186.33
PAY11813,ORD11813,2025-04-13,UPI,Successful,16300.45
PAY11814,ORD11814,2025-12-26,Cash on Delivery,Successful,9064.56
PAY11815,ORD11815,2025-09-11,UPI,Failed,51474.4
PAY11816,ORD11816,2025-12-29,UPI,Refunded,54909.98
PAY11817,ORD11817,2025-11-02,Credit Card,Successful,3985.62
PAY11818,ORD11818,2025-04-02,Cash on Delivery,Successful,1570.48
PAY11819,ORD11819,2025-10-29,UPI,Failed,12101.52
PAY11820,ORD11820,2025-11-13,UPI,Successful,6582.88
PAY11821,ORD11821,2025-02-04,Cash on Delivery,Successful,8950.58
PAY11822,ORD11822,2025-08-16,UPI,Successful,78960.43
PAY11823,ORD11823,2025-06-14,Cash on Delivery,Successful,3424.83
PAY11824,ORD11824,2025-01-04,Net Banking,Failed,70204.17
PAY11825,ORD11825,2025-06-14,Net Banking,Successful,11135.35
PAY11826,ORD11826,2025-12-28,Cash on Delivery,Successful,7607.83
PAY11827,ORD11827,2025-11-23,Net Banking,Successful,2045.56
PAY11828,ORD11828,2025-04-26,Debit Card,Successful,79524.38
PAY11829,ORD11829,2025-10-03,UPI,Successful,54244.6
PAY11830,ORD11830,2025-07-30,Cash on Delivery,Successful,59492.48
PAY11831,ORD11831,2025-06-09,Cash on Delivery,Successful,21039.34
PAY11832,ORD11832,2025-10-07,UPI,Successful,24550.29
PAY11833,ORD11833,2025-10-15,Credit Card,Successful,68579.86
PAY11834,ORD11834,2025-05-03,UPI,Successful,11268.18
PAY11835,ORD11835,2025-12-19,Debit Card,Successful,12787.32
PAY11836,ORD11836,2025-05-08,Net Banking,Successful,1221.19
PAY11837,ORD11837,2025-05-01,Debit Card,Successful,8351.05
PAY11838,ORD11838,2025-04-12,Net Banking,Refunded,135110.36
PAY11839,ORD11839,2025-02-05,Credit Card,Successful,2708.05
PAY11840,ORD11840,2025-05-26,UPI,Successful,229753.3
PAY11841,ORD11841,2025-02-09,Net Banking,Successful,11105.5
PAY11842,ORD11842,2025-07-06,Cash on Delivery,Successful,233126.46
PAY11843,ORD11843,2025-12-09,Credit Card,Successful,3819.16
PAY11844,ORD11844,2025-10-02,Upi,Successful,73401.03
PAY11845,ORD11845,2025-02-26,Net Banking,Failed,117838.74
PAY11846,ORD11846,2025-01-06,UPI,Successful,6456.88
PAY11847,ORD11847,2025-11-05,Cash on Delivery,Successful,6299.37
PAY11848,ORD11848,2025-10-24,Debit Card,Successful,8239.92
PAY11849,ORD11849,2025-05-01,Credit Card,Successful,68407.72
PAY11850,ORD11850,2025-09-16,Cash on Delivery,Successful,9614.48
PAY11851,ORD11851,2025-12-13,Credit Card,Successful,2573.0
PAY11852,ORD11852,2025-04-18,Credit Card,Failed,14238.71
PAY11853,ORD11853,2025-01-22,credit card,Successful,3893.89
PAY11854,ORD11854,2025-12-15,Net Banking,Successful,1289.41
PAY11855,ORD11855,2025-09-23,UPI,Failed,5356.81
PAY11856,ORD11856,2025-01-04,Cash on Delivery,Successful,4084.88
PAY11857,ORD11857,2025-04-28,Debit Card,Successful,14389.97
PAY11858,ORD11858,2025-12-01,UPI,Failed,11716.81
PAY11859,ORD11859,2025-06-03,UPI,Refunded,6921.79
PAY11860,ORD11860,2025-09-23,Debit Card,Successful,56196.59
PAY11861,ORD11861,2025-02-16,Debit Card,Successful,33425.08
PAY11862,ORD11862,2025-05-17,Cash on Delivery,Successful,167316.83
PAY11863,ORD11863,2025-09-18,Net Banking,Successful,3987.72
PAY11864,ORD11864,2025-06-07,UPI,Pending,18198.53
PAY11865,ORD11865,2025-05-09,Debit Card,Successful,1021.57
PAY11866,ORD11866,2025-05-08,Net Banking,Successful,2134.98
PAY11867,ORD11867,2025-03-12,Debit Card,Successful,9686.97
PAY11868,ORD11868,2025-06-03,UPI,Successful,4243.06
PAY11869,ORD11869,2025-09-14,UPI,Successful,57980.41
PAY11870,ORD11870,2025-05-15,Cash on Delivery,Successful,9081.19
PAY11871,ORD11871,2025-01-23,Debit Card,Successful,154695.75
PAY11872,ORD11872,2025-10-26,Credit Card,Successful,33815.97
PAY11873,ORD11873,2025-12-10,Net Banking,Successful,1246.77
PAY11874,ORD11874,2025-02-11,Debit Card,Successful,72030.65
PAY11875,ORD11875,2025-02-03,Credit Card,Successful,1577.44
PAY11876,ORD11876,2025-02-05,Cash on Delivery,Successful,89269.35
PAY11877,ORD11877,2025-01-06,Debit Card,Successful,69881.28
PAY11878,ORD11878,2025-10-31,Credit Card,Successful,4126.55
PAY11879,ORD11879,2025-12-27,Cash on Delivery,Successful,44312.23
PAY11880,ORD11880,2025-06-08,Credit Card,Successful,11466.99
PAY11881,ORD11881,2025-12-09,Debit Card,Pending,10492.5
PAY11882,ORD11882,2025-06-04,,Successful,14365.91
PAY11883,ORD11883,2025-01-24,Debit Card,Successful,1786.55
PAY11884,ORD11884,2025-12-18,Credit Card,Successful,5121.17
PAY11885,ORD11885,2025-02-24,Cash on Delivery,Successful,31576.48
PAY11886,ORD11886,2025-03-22,Net Banking,Successful,2567.53
PAY11887,ORD11887,2025-05-31,Credit Card,Successful,4823.58
PAY11888,ORD11888,2025-10-08,Credit Card,Successful,23157.4
PAY11889,ORD11889,2025-08-10,Net Banking,Failed,51478.7
PAY11890,ORD11890,2025-11-09,Credit Card,Successful,6824.05
PAY11891,ORD11891,2025-12-20,Net Banking,Successful,9638.68
PAY11892,ORD11892,2025-11-21,Net Banking,Successful,910.87
PAY11893,ORD11893,2025-12-26,Net Banking,Successful,8814.43
PAY11894,ORD11894,2025-08-02,UPI,Successful,7599.12
PAY11895,ORD11895,2025-06-04,Cash on Delivery,Successful,1853.22
PAY11896,ORD11896,2025-09-10,Credit Card,Successful,4234.03
PAY11897,ORD11897,2025-11-18,Debit Card,Successful,30526.2
PAY11898,ORD11898,2025-02-17,Net Banking,Failed,12629.77
PAY11899,ORD11899,2025-02-02,Net Banking,Successful,8093.78
PAY11900,ORD11900,2025-09-27,Credit Card,Refunded,9981.73
PAY11901,ORD11901,2025-06-26,Cash on Delivery,Successful,183319.23
PAY11902,ORD11902,2025-04-19,UPI,Successful,26801.01
PAY11903,ORD11903,2025-06-26,Credit Card,Successful,118256.17
PAY11904,ORD11904,2025-09-03,UPI,Successful,1125.47
PAY11905,ORD11905,2025-03-24,Cash on Delivery,Successful,13289.47
PAY11906,ORD11906,2025-06-13,UPI,Successful,18981.59
PAY11907,ORD11907,2025-09-21,Debit Card,Successful,3499.91
PAY11908,ORD11908,2025-06-08,UPI,Successful,1147.07
PAY11909,ORD11909,2025-01-13,Net Banking,Successful,17578.49
PAY11910,ORD11910,2025-08-03,UPI,Successful,73365.59
PAY11911,ORD11911,2025-07-11,Credit Card,Successful,2405.32
PAY11912,ORD11912,2025-06-03,Cash on Delivery,Failed,113121.39
PAY11913,ORD11913,2025-06-21,Cash on Delivery,Failed,3723.89
PAY11914,ORD11914,2025-09-01,Cash on Delivery,Successful,147442.2
PAY11915,ORD11915,2025-05-13,UPI,Successful,43738.6
PAY11916,ORD11916,2025-05-25,Net Banking,Successful,2040.71
PAY11917,ORD11917,2025-01-12,UPI,Successful,18239.94
PAY11918,ORD11918,2025-10-14,Debit Card,Successful,5105.2
PAY11919,ORD11919,2025-06-19,Credit Card,Successful,9876.57
PAY11920,ORD11920,2025-04-25,Credit Card,Successful,7570.43
PAY11921,ORD11921,2025-09-25,UPI,Successful,5412.83
PAY11922,ORD11922,2025-03-01,Cash on Delivery,Successful,70763.1
PAY11923,ORD11923,2025-12-14,UPI,Successful,2606.55
PAY11924,ORD11924,2025-10-10,UPI,Failed,3789.34
PAY11925,ORD11925,2025-03-31,UPI,Failed,11011.73
PAY11926,ORD11926,2025-01-31,Cash on Delivery,Successful,83371.37
PAY11927,ORD11927,2025-09-02,Net Banking,Successful,6782.67
PAY11928,ORD11928,2025-03-14,UPI,Successful,2917.62
PAY11929,ORD11929,2025-06-12,Cash on Delivery,Successful,67046.24
PAY11930,ORD11930,2025-04-12,Cash on Delivery,Successful,2261.31
PAY11931,ORD11931,2025-08-12,Cash on Delivery,Successful,9355.79
PAY11932,ORD11932,2025-06-08,Credit Card,Failed,855.86
PAY11933,ORD11933,2025-07-09,UPI,Successful,33260.4
PAY11934,ORD11934,2025-09-18,Cash on Delivery,Successful,90860.34
PAY11935,ORD11935,2025-03-27,Credit Card,Successful,8655.41
PAY11936,ORD11936,2025-01-19,Debit Card,Successful,125932.18
PAY11937,ORD11937,2025-07-14,UPI,Successful,6695.9
PAY11938,ORD11938,2025-04-26,Net Banking,Successful,8632.33
PAY11939,ORD11939,2025-04-23,Credit Card,Refunded,2831.42
PAY11940,ORD11940,2025-10-27,Cash on Delivery,Successful,42203.57
PAY11941,ORD11941,2025-10-21,Debit Card,Successful,1833.92
PAY11942,ORD11942,2025-06-27,Debit Card,Failed,51082.18
PAY11943,ORD11943,2025-08-20,UPI,Refunded,6518.88
PAY11944,ORD11944,2025-11-30,Cash on Delivery,Successful,52030.36
PAY11945,ORD11945,2025-04-30,Cash on Delivery,Successful,3101.27
PAY11946,ORD11946,2025-01-29,Net Banking,Successful,6927.19
PAY11947,ORD11947,2025-04-22,UPI,Successful,5678.06
PAY11948,ORD11948,2025-10-08,Credit Card,Pending,3815.84
PAY11949,ORD11949,2025-09-14,UPI,Successful,2510.55
PAY11950,ORD11950,2025-12-06,UPI,Successful,55904.69
PAY11951,ORD11951,2025-05-01,credit card,Successful,17325.45
PAY11952,ORD11952,2025-08-09,UPI,Successful,2497.83
PAY11953,ORD11953,2025-03-19,Net Banking,Successful,683.15
PAY11954,ORD11954,2025-12-06,Net Banking,Successful,3154.25
PAY11955,ORD11955,2025-11-02,UPI,Successful,10503.18
PAY11956,ORD11956,2025-10-19,Net Banking,Failed,1526.04
PAY11957,ORD11957,2025-05-03,Cash on Delivery,Successful,49069.8
PAY11958,ORD11958,2025-05-02,Cash on Delivery,Successful,3628.69
PAY11959,ORD11959,2025-04-01,Net Banking,Successful,32310.75
PAY11960,ORD11960,23/12/2025,Cash on Delivery,Successful,23474.69
PAY11961,ORD11961,2025-06-30,UPI,Successful,343307.62
PAY11962,ORD11962,2025-10-10,Cash on Delivery,Successful,7443.15
PAY11963,ORD11963,2025-03-22,UPI,Successful,29143.82
PAY11964,ORD11964,2025-11-23,Debit Card,Successful,15126.72
PAY11965,ORD11965,2025-07-11,Debit Card,Successful,4085.14
PAY11966,ORD11966,2025-12-28,Debit Card,Successful,16783.55
PAY11967,ORD11967,2025-12-12,Cash on Delivery,Failed,3446.77
PAY11968,ORD11968,2025-12-23,Net Banking,Successful,3292.92
PAY11969,ORD11969,2025-11-01,UPI,Successful,10063.24
PAY11970,ORD11970,2025-04-19,UPI,Successful,1546.99
PAY11971,ORD11971,2025-07-22,UPI,Successful,4661.2
PAY11972,ORD11972,2025-10-07,UPI,Successful,1898.28
PAY11973,ORD11973,2025-11-01,Debit Card,Successful,142879.44
PAY11974,ORD11974,2025-08-11,Debit Card,Successful,225452.19
PAY11975,ORD11975,2025-01-23,Credit Card,Successful,3042.08
PAY11976,ORD11976,2025-01-21,Net Banking,Refunded,8570.86
PAY11977,ORD11977,2025-10-29,Credit Card,Successful,30243.46
PAY11978,ORD11978,2025-05-21,Credit Card,Successful,1061.78
PAY11979,ORD11979,2025-08-19,Net Banking,Successful,9416.81
PAY11980,ORD11980,2025-12-18,Cash on Delivery,Successful,25109.07
PAY11981,ORD11981,2025-11-20,Net Banking,Successful,20834.43
PAY11982,ORD11982,2025-01-16,Net Banking,Successful,36298.78
PAY11983,ORD11983,2025-02-26,Credit Card,Successful,156701.66
PAY11984,ORD11984,2025-06-08,Credit Card,Successful,8387.36
PAY11985,ORD11985,2025-08-09,Net Banking,Successful,174228.08
PAY11986,ORD11986,2025-02-18,UPI,Successful,1645.33
PAY11987,ORD11987,2025-04-24,Credit Card,Failed,104577.04
PAY11988,ORD11988,2025-11-12,Credit Card,Successful,6469.63
PAY11989,ORD11989,2025-04-14,Cash on Delivery,Successful,30464.63
PAY11990,ORD11990,2025-06-17,Credit Card,Successful,46202.21
PAY11991,ORD11991,2025-07-12,UPI,Successful,10256.96
PAY11992,ORD11992,2025-12-05,UPI,Successful,2664.98
PAY11993,ORD11993,2025-01-12,Net Banking,Successful,19756.55
PAY11994,ORD11994,2025-01-17,Net Banking,Successful,2638.3
PAY11995,ORD11995,2025-10-21,Credit Card,Successful,10729.66
PAY11996,ORD11996,2025-12-29,Cash on Delivery,Successful,26263.18
PAY11997,ORD11997,2025-02-12,Net Banking,Successful,4544.01
PAY11998,ORD11998,2025-06-25,Net Banking,Successful,1128.93
PAY11999,ORD11999,2025-04-05,Cash on Delivery,Successful,14620.35
PAY12000,ORD12000,2025-08-31,UPI,Successful,4417.62
PAY12001,ORD12001,2025-01-07,Debit Card,Failed,8803.4
PAY12002,ORD12002,2025-10-30,Cash on Delivery,Successful,68480.24
PAY12003,ORD12003,2025-11-27,Net Banking,Successful,4347.43
PAY12004,ORD12004,2025-05-14,Debit Card,Successful,12755.78
PAY12005,ORD12005,2025-06-27,Cash on Delivery,Successful,10597.94
PAY12006,ORD12006,2025-12-11,Net Banking,Successful,8746.56
PAY12007,ORD12007,2025-08-11,Credit Card,Successful,157856.49
PAY12008,ORD12008,2025-02-26,UPI,Successful,62770.57
PAY12009,ORD12009,2025-10-27,Credit Card,Successful,4069.32
PAY12010,ORD12010,2025-12-30,UPI,Successful,185065.97
PAY12011,ORD12011,2025-02-07,Cash on Delivery,Successful,127534.12
PAY12012,ORD12012,2025-12-30,UPI,Successful,10992.81
PAY12013,ORD12013,2025-09-09,Cash on Delivery,Successful,8332.39
PAY12014,ORD12014,2025-04-06,UPI,Successful,5115.04
PAY12015,ORD12015,2025-11-10,UPI,Pending,2069.12
PAY12016,ORD12016,2025-11-13,Debit Card,Failed,10680.97
PAY12017,ORD12017,2025-01-03,Cash on Delivery,Successful,95390.2
PAY12018,ORD12018,2025-02-11,Cash on Delivery,Successful,29863.95
PAY12019,ORD12019,2025-01-03,Credit Card,Successful,7037.31
PAY12020,ORD12020,2025-04-07,Credit Card,Refunded,1234.85
PAY12021,ORD12021,2025-01-06,Net Banking,Successful,8508.14
PAY12022,ORD12022,2025-05-09,UPI,Successful,3239.46
PAY12023,ORD12023,2025-10-12,Cash on Delivery,Successful,4127.95
PAY12024,ORD12024,2025-10-18,Debit Card,Successful,32686.92
PAY12025,ORD12025,2025-03-15,Cash on Delivery,Failed,2582.16
PAY12026,ORD12026,2025-09-22,Credit Card,Successful,2834.91
PAY12027,ORD12027,2025-05-30,UPI,Successful,111796.43
PAY12028,ORD12028,2025-12-11,Credit Card,Successful,9153.42
PAY12029,ORD12029,2025-02-27,Cash on Delivery,Successful,115995.42
PAY12030,ORD12030,2025-03-15,Credit Card,Successful,9144.75
PAY12031,ORD12031,2025-04-27,Cash on Delivery,Successful,68347.17
PAY12032,ORD12032,2025-10-07,UPI,Successful,4330.43
PAY12033,ORD12033,2025-04-24,UPI,Successful,225637.33
PAY12034,ORD12034,2025-02-05,Net Banking,Successful,166204.41
PAY12035,ORD12035,2025-01-07,Debit Card,Successful,2496.88
PAY12036,ORD12036,2025-07-11,UPI,Successful,14261.49
PAY12037,ORD12037,2025-10-03,Cash on Delivery,Successful,7091.58
PAY12038,ORD12038,2025-02-06,Net Banking,Successful,9081.32
PAY12039,ORD12039,2025-05-10,Credit Card,Successful,149602.36
PAY12040,ORD12040,2025-05-28,Cash on Delivery,Successful,4649.81
PAY12041,ORD12041,2025-06-20,UPI,Successful,4016.2
PAY12042,ORD12042,2025-05-14,UPI,Successful,7713.48
PAY12043,ORD12043,2025-06-22,Debit Card,Successful,47588.96
PAY12044,ORD12044,2025-09-21,Cash on Delivery,Successful,11058.7
PAY12045,ORD12045,2025-10-11,UPI,Successful,88006.07
PAY12046,ORD12046,2025-11-22,Debit Card,Successful,3000.13
PAY12047,ORD12047,2025-02-19,Cash on Delivery,Successful,121245.36
PAY12048,ORD12048,2025-04-30,Debit Card,Successful,1710.64
PAY12049,ORD12049,2025-10-25,Net Banking,Successful,8971.36
PAY12050,ORD12050,2025-10-02,Net Banking,Successful,14698.8
PAY12051,ORD12051,2025-09-09,Cash on Delivery,Successful,8470.93
PAY12052,ORD12052,2025-09-06,Net Banking,Successful,27349.17
PAY12053,ORD12053,2025-07-14,Debit Card,Successful,59774.49
PAY12054,ORD12054,2025-06-25,Net Banking,Successful,1969.84
PAY12055,ORD12055,2025-10-01,Credit Card,Successful,3163.52
PAY12056,ORD12056,2025-09-24,Net Banking,Successful,130430.43
PAY12057,ORD12057,2025-11-20,Net Banking,Refunded,2106.44
PAY12058,ORD12058,2025-08-16,Cash on Delivery,Successful,49611.05
PAY12059,ORD12059,2025-04-18,Credit Card,Successful,9466.86
PAY12060,ORD12060,2025-09-26,Cash on Delivery,Successful,11086.88
PAY12061,ORD12061,2025-03-06,UPI,Successful,29371.17
PAY12062,ORD12062,2025-06-09,Cash on Delivery,Successful,9929.78
PAY12063,ORD12063,2025-05-03,Debit Card,Successful,3806.97
PAY12064,ORD12064,2025-12-22,Credit Card,Successful,133621.08
PAY12065,ORD12065,2025-03-23,UPI,Successful,9529.94
PAY12066,ORD12066,2025-06-25,Credit Card,Successful,31419.04
PAY12067,ORD12067,2025-11-12,UPI,Successful,11582.54
PAY12068,ORD12068,2025-07-07,Credit Card,Successful,68762.59
PAY12069,ORD12069,2025-03-26,UPI,Successful,36891.78
PAY12070,ORD12070,2025-03-03,Cash on Delivery,Successful,5858.97
PAY12071,ORD12071,20-02-2025,Debit Card,Successful,133350.37
PAY12072,ORD12072,2025-11-28,Credit Card,Successful,11263.57
PAY12073,ORD12073,2025-01-13,Cash on Delivery,Successful,54854.36
PAY12074,ORD12074,2025-05-10,UPI,Successful,24255.85
PAY12075,ORD12075,2025-09-25,UPI,Refunded,90891.8
PAY12076,ORD12076,2025-08-31,Debit Card,Successful,72454.18
PAY12077,ORD12077,2025-11-22,Net Banking,Pending,74187.03
PAY12078,ORD12078,2025-10-24,Debit Card,failed,7542.51
PAY12079,ORD12079,2025-10-21,Debit Card,Successful,1107.14
PAY12080,ORD12080,2025-09-12,Cash on Delivery,Successful,13345.76
PAY12081,ORD12081,2025-11-25,Cash on Delivery,Pending,9549.39
PAY12082,ORD12082,2025-04-14,Credit Card,Successful,7539.83
PAY12083,ORD12083,2025-01-20,Debit Card,Successful,81219.9
PAY12084,ORD12084,2025-02-06,Net Banking,Refunded,5993.33
PAY12085,ORD12085,2025-07-29,Net Banking,Successful,116850.33
PAY12086,ORD12086,2025-04-21,UPI,Successful,139910.56
PAY12087,ORD12087,2025-08-13,Net Banking,Successful,74518.83
PAY12088,ORD12088,2025-08-30,Net Banking,Successful,17464.88
PAY12089,ORD12089,2025-06-14,UPI,Successful,108549.62
PAY12090,ORD12090,2025-12-20,Debit Card,Successful,13398.09
PAY12091,ORD12091,2025-05-29,Debit Card,Successful,132286.69
PAY12092,ORD12092,2025-03-03,Debit Card,Successful,9250.14
PAY12093,ORD12093,2025-11-28,Debit Card,Successful,3132.92
PAY12094,ORD12094,2025-08-21,Net Banking,Failed,4400.64
PAY12095,ORD12095,2025-10-13,Debit Card,Successful,16071.95
PAY12096,ORD12096,2025-05-09,Debit Card,Successful,2246.23
PAY12097,ORD12097,2025-03-15,Net Banking,Successful,1873.93
PAY12098,ORD12098,2025-11-13,Cash on Delivery,Successful,9288.7
PAY12099,ORD12099,2025-07-04,Debit Card,Successful,2664.49
PAY12100,ORD12100,2025-11-21,Credit Card,Successful,7223.4
PAY12101,ORD12101,2025-11-24,Credit Card,Successful,5885.93
PAY12102,ORD12102,2025-10-31,Net Banking,Successful,1603.24
PAY12103,ORD12103,2025-04-03,Debit Card,Pending,4519.52
PAY12104,ORD12104,2025-05-23,UPI,Successful,8145.99
PAY12105,ORD12105,2025-05-21,Debit Card,Successful,19471.16
PAY12106,ORD12106,2025-06-28,Credit Card,Successful,5036.48
PAY12107,ORD12107,2025-03-18,Cash on Delivery,Successful,89312.4
PAY12108,ORD12108,2025-09-07,Credit Card,Successful,83804.63
PAY12109,ORD12109,2025-04-27,UPI,Successful,4563.13
PAY12110,ORD12110,2025-08-01,Cash on Delivery,Successful,30975.9
PAY12111,ORD12111,2025-07-11,Debit Card,Pending,33460.72
PAY12112,ORD12112,2025-09-11,Net Banking,Successful,62167.38
PAY12113,ORD12113,2025-02-20,Net Banking,Successful,216246.91
PAY12114,ORD12114,2025-05-05,UPI,Successful,25022.21
PAY12115,ORD12115,2025-01-31,Credit Card,Failed,4428.36
PAY12116,ORD12116,2025-11-08,UPI,Successful,8665.63
PAY12117,ORD12117,2025-04-16,Debit Card,Successful,4618.66
PAY12118,ORD12118,2025-03-29,Net Banking,Pending,23153.79
PAY12119,ORD12119,2025-07-20,Net Banking,Successful,18728.46
PAY12120,ORD12120,2025-05-03,Net Banking,Successful,29737.0
PAY12121,ORD12121,2025-04-01,Credit Card,Successful,122150.0
PAY12122,ORD12122,2025-12-19,Credit Card,Successful,13692.92
PAY12123,ORD12123,2025-05-25,UPI,Successful,9380.15
PAY12124,ORD12124,2025-12-16,Cash on Delivery,Successful,47748.27
PAY12125,ORD12125,2025-04-13,Cash on Delivery,Successful,97465.18
PAY12126,ORD12126,2025-09-09,Credit Card,Successful,10279.59
PAY12127,ORD12127,2025-03-15,Net Banking,Successful,5248.02
PAY12128,ORD12128,2025-01-09,Credit Card,Successful,147777.82
PAY12129,ORD12129,2025-06-02,Net Banking,Successful,11615.61
PAY12130,ORD12130,2025-09-17,Cash on Delivery,Successful,228095.93
PAY12131,ORD12131,2025-05-24,Net Banking,Pending,3874.84
PAY12132,ORD12132,2025-11-13,Cash on Delivery,Successful,6082.22
PAY12133,ORD12133,15/04/2025,Credit Card,Successful,10068.72
PAY12134,ORD12134,2025-05-24,Debit Card,Successful,4550.91
PAY12135,ORD12135,2025-04-11,Debit Card,Successful,146792.86
PAY12136,ORD12136,2025-11-14,UPI,Refunded,10542.53
PAY12137,ORD12137,2025-07-19,Debit Card,Successful,26303.21
PAY12138,ORD12138,2025-06-16,Credit Card,Successful,6389.11
PAY12139,ORD12139,27/12/2025,UPI,Successful,3249.62
PAY12140,ORD12140,2025-07-31,Debit Card,Successful,92694.43
PAY12141,ORD12141,2025-09-27,Credit Card,Successful,521.96
PAY12142,ORD12142,2025-11-26,Credit Card,Successful,39204.17
PAY12143,ORD12143,2025-09-02,UPI,Successful,2312.52
PAY12144,ORD12144,2025-04-17,Net Banking,Successful,12431.14
PAY12145,ORD12145,2025-10-26,Cash on Delivery,Successful,9655.1
PAY12146,ORD12146,2025-07-18,Net Banking,Successful,10783.45
PAY12147,ORD12147,2025-04-06,Cash on Delivery,Successful,4426.36
PAY12148,ORD12148,26/12/2025,Debit Card,Refunded,22239.15
PAY12149,ORD12149,2025-11-29,Cash on Delivery,Pending,7011.94
PAY12150,ORD12150,2025-06-28,Credit Card,Successful,68350.84
PAY12151,ORD12151,2025-02-04,Debit Card,Successful,9459.28
PAY12152,ORD12152,2025-09-07,Credit Card,Successful,33650.64
PAY12153,ORD12153,2025-01-13,Credit Card,Pending,2714.21
PAY12154,ORD12154,2025-06-24,Net Banking,Successful,621.61
PAY12155,ORD12155,2025-08-15,Cash on Delivery,Refunded,4593.26
PAY12156,ORD12156,2025-10-29,Credit Card,Successful,11807.47
PAY12157,ORD12157,2025-02-21,Debit Card,Refunded,154349.51
PAY12158,ORD12158,2025-03-12,Credit Card,Successful,54556.29
PAY12159,ORD12159,2025-03-18,UPI,Successful,4092.4
PAY12160,ORD12160,2025-10-22,UPI,Successful,1538.37
PAY12161,ORD12161,2025-07-25,Credit Card,Successful,10280.92
PAY12162,ORD12162,2025-01-20,Net Banking,Successful,31819.6
PAY12163,ORD12163,2025-09-29,Debit Card,Successful,84357.2
PAY12164,ORD12164,2025-12-29,Credit Card,Successful,140153.79
PAY12165,ORD12165,2025-10-25,Debit Card,Successful,1663.66
PAY12166,ORD12166,2025-09-14,Cash on Delivery,Successful,30015.4
PAY12167,ORD12167,2025-12-07,Net Banking,Successful,240703.54
PAY12168,ORD12168,2025-08-03,Debit Card,Successful,7297.37
PAY12169,ORD12169,2025-02-08,Credit Card,Successful,125069.39
PAY12170,ORD12170,2025-08-21,Cash on Delivery,Successful,20886.25
PAY12171,ORD12171,2025-07-16,Credit Card,Successful,1086.35
PAY12172,ORD12172,2025-11-26,Net Banking,Successful,4557.84
PAY12173,ORD12173,2025-09-02,Debit Card,Successful,2377.69
PAY12174,ORD12174,2025-06-18,Debit Card,Refunded,3636.96
PAY12175,ORD12175,2025-01-25,Credit Card,Successful,7136.87
PAY12176,ORD12176,2025-04-19,UPI,Successful,65617.91
PAY12177,ORD12177,2025-07-30,UPI,Successful,6467.42
PAY12178,ORD12178,2025-01-02,Credit Card,Successful,121836.03
PAY12179,ORD12179,2025-08-18,Net Banking,Successful,5589.51
PAY12180,ORD12180,2025-08-22,Cash on Delivery,Pending,8928.28
PAY12181,ORD12181,2025-03-25,UPI,Successful,31812.32
PAY12182,ORD12182,2025-11-28,Cash on Delivery,Successful,10905.28
PAY12183,ORD12183,2025-07-18,Net Banking,Successful,5276.63
PAY12184,ORD12184,2025-12-26,UPI,Successful,17141.2
PAY12185,ORD12185,2025-10-06,Credit Card,Successful,7053.32
PAY12186,ORD12186,2025-03-09,UPI,Successful,7105.76
PAY12187,ORD12187,2025-10-04,Debit Card,Successful,2543.81
PAY12188,ORD12188,2025-11-28,Debit Card,Successful,32758.27
PAY12189,ORD12189,2025-08-20,Credit Card,Successful,28505.74
PAY12190,ORD12190,2025-11-16,Debit Card,Successful,159130.69
PAY12191,ORD12191,2025-04-28,Debit Card,Successful,1816.51
PAY12192,ORD12192,2025-09-01,Debit Card,Successful,15985.92
PAY12193,ORD12193,2025-01-06,Net Banking,Successful,133381.12
PAY12194,ORD12194,2025-07-04,Credit Card,Successful,180236.23
PAY12195,ORD12195,2025-05-12,Debit Card,Successful,49342.12
PAY12196,ORD12196,2025-05-22,Credit Card,Successful,93793.32
PAY12197,ORD12197,2025-09-19,Net Banking,Successful,6117.86
PAY12198,ORD12198,2025-10-21,Net Banking,Successful,3284.51
PAY12199,ORD12199,2025-02-03,Debit Card,Successful,3615.75
PAY12200,ORD12200,2025-03-18,Debit Card,Successful,16229.6
PAY12201,ORD12201,2025-01-03,Credit Card,Failed,28482.06
PAY12202,ORD12202,2025-11-02,Cash on Delivery,Successful,12467.56
PAY12203,ORD12203,2025-09-05,Credit Card,Failed,21886.16
PAY12204,ORD12204,2025-12-03,Debit Card,Successful,6519.38
PAY12205,ORD12205,2025-12-15,Cash on Delivery,Successful,9091.96
PAY12206,ORD12206,2025-09-22,Debit Card,Successful,1505.32
PAY12207,ORD12207,2025-08-01,Credit Card,Successful,19650.58
PAY12208,ORD12208,2025-08-01,Credit Card,Successful,7396.7
PAY12209,ORD12209,2025-01-21,Credit Card,Successful,21065.44
PAY12210,ORD12210,2025-11-25,Net Banking,Successful,518.05
PAY12211,ORD12211,2025-10-15,UPI,Successful,12870.98
PAY12212,ORD12212,2025-03-29,Credit Card,Successful,5320.23
PAY12213,ORD12213,2025-05-31,Cash on Delivery,Successful,66225.45
PAY12214,ORD12214,2025-02-12,Cash on Delivery,Refunded,11057.84
PAY12215,ORD12215,2025-06-16,Cash on Delivery,Successful,900.32
PAY12216,ORD12216,2025-12-24,Debit Card,Successful,118482.98
PAY12217,ORD12217,2025-08-10,Credit Card,Successful,10530.16
PAY12218,ORD12218,2025-04-04,Cash on Delivery,Successful,3503.07
PAY12219,ORD12219,2025-09-12,UPI,Successful,465.65
PAY12220,ORD12220,2025-04-22,Net Banking,Successful,15086.47
PAY12221,ORD12221,2025-04-13,Net Banking,Successful,1561.63
PAY12222,ORD12222,2025-03-31,Cash on Delivery,Successful,47430.5
PAY12223,ORD12223,2025-05-16,Net Banking,Successful,2939.8
PAY12224,ORD12224,2025-12-31,Cash on Delivery,Successful,2208.08
PAY12225,ORD12225,2025-07-22,Debit Card,Successful,54084.73
PAY12226,ORD12226,2025-08-22,Net Banking,Successful,4689.62
PAY12227,ORD12227,2025-10-22,Cash on Delivery,Successful,8800.61
PAY12228,ORD12228,2025-08-18,Net Banking,Successful,6529.78
PAY12229,ORD12229,2025-03-27,Debit Card,Successful,9481.47
PAY12230,ORD12230,2025-06-11,credit card,Successful,9693.84
PAY12231,ORD12231,2025-05-15,Cash on Delivery,Successful,45970.22
PAY12232,ORD12232,2025-01-14,Credit Card,Refunded,267672.3
PAY12233,ORD12233,2025-06-03,UPI,Successful,13754.55
PAY12234,ORD12234,2025-01-25,Net Banking,Successful,45820.58
PAY12235,ORD12235,2025-08-10,Credit Card,Successful,36164.28
PAY12236,ORD12236,2025-12-19,Credit Card,Successful,29588.44
PAY12237,ORD12237,2025-10-28,Debit Card,Successful,4718.28
PAY12238,ORD12238,2025-11-01,Credit Card,Successful,45441.79
PAY12239,ORD12239,2025-02-26,Cash on Delivery,Successful,24097.75
PAY12240,ORD12240,2025-02-09,Cash on Delivery,Refunded,3286.15
PAY12241,ORD12241,2025-07-29,Net Banking,Successful,6391.7
PAY12242,ORD12242,2025-09-08,Credit Card,Successful,6511.05
PAY12243,ORD12243,2025-01-24,Net Banking,Successful,18434.31
PAY12244,ORD12244,2025-08-18,Net Banking,Successful,63885.84
PAY12245,ORD12245,2025-08-29,Debit Card,Successful,32481.75
PAY12246,ORD12246,2025-12-09,UPI,Successful,1315.44
PAY12247,ORD12247,2025-04-02,Net Banking,Successful,7589.83
PAY12248,ORD12248,2025-01-13,Cash on Delivery,Failed,57119.59
PAY12249,ORD12249,2025-12-19,Net Banking,Refunded,3416.58
PAY12250,ORD12250,2025-06-07,UPI,Successful,165999.98
PAY12251,ORD12251,2025-04-22,Debit Card,Successful,2099.69
PAY12252,ORD12252,2025-03-11,Credit Card,Successful,4875.39
PAY12253,ORD12253,2025-06-13,Cash on Delivery,Successful,181663.34
PAY12254,ORD12254,2025-01-16,UPI,Successful,6398.61
PAY12255,ORD12255,2025-02-21,Cash on Delivery,Successful,24607.2
PAY12256,ORD12256,2025-06-22,Debit Card,Failed,82126.72
PAY12257,ORD12257,2025-04-06,UPI,Successful,231913.1
PAY12258,ORD12258,2025-03-17,Cash on Delivery,Refunded,33365.9
PAY12259,ORD12259,2025-03-28,Debit Card,Successful,92299.19
PAY12260,ORD12260,2025-11-28,Credit Card,Successful,22874.36
PAY12261,ORD12261,2025-05-10,Cash on Delivery,Successful,3420.1
PAY12262,ORD12262,2025-04-07,Debit Card,Successful,124925.15
PAY12263,ORD12263,2025-06-20,Credit Card,Successful,1037.12
PAY12264,ORD12264,2025-03-23,Cash on Delivery,Successful,11444.89
PAY12265,ORD12265,2025-02-19,Credit Card,Successful,3181.73
PAY12266,ORD12266,2025-06-13,Cash on Delivery,Successful,59065.81
PAY12267,ORD12267,2025-04-23,Cash on Delivery,Successful,7424.34
PAY12268,ORD12268,2025-11-05,Debit Card,Successful,18110.72
PAY12269,ORD12269,2025-11-03,UPI,Failed,64310.98
PAY12270,ORD12270,2025-07-28,Cash on Delivery,Successful,3332.78
PAY12271,ORD12271,2025-11-12,Debit Card,Successful,79238.06
PAY12272,ORD12272,2025-12-13,Net Banking,Successful,777.54
PAY12273,ORD12273,2025-01-31,Debit Card,Refunded,2311.93
PAY12274,ORD12274,2025-12-31,Credit Card,Successful,23152.22
PAY12275,ORD12275,2025-12-21,Net Banking,Successful,52262.42
PAY12276,ORD12276,2025-07-27,Debit Card,Successful,77953.54
PAY12277,ORD12277,2025-05-02,Net Banking,Successful,71143.17
PAY12278,ORD12278,2025-09-14,Credit Card,Successful,8135.17
PAY12279,ORD12279,2025-10-23,Debit Card,Successful,2315.19
PAY12280,ORD12280,2025-08-20,Debit Card,Successful,6022.33
PAY12281,ORD12281,2025-12-04,Debit Card,Successful,20960.92
PAY12282,ORD12282,2025-08-01,UPI,Successful,53559.64
PAY12283,ORD12283,2025-10-08,UPI,Successful,7253.38
PAY12284,ORD12284,2025-10-17,Credit Card ,Successful,193085.06
PAY12285,ORD12285,2025-08-30,Net Banking,Successful,90641.43
PAY12286,ORD12286,2025-05-13,Cash on Delivery,Successful,11243.54
PAY12287,ORD12287,2025-01-31,Debit Card,Successful,2838.07
PAY12288,ORD12288,2025-12-03,Debit Card,Successful,17396.65
PAY12289,ORD12289,2025-12-04,Debit Card,Successful,24586.5
PAY12290,ORD12290,2025-08-06,Debit Card,Successful,19082.17
PAY12291,ORD12291,2025-07-17,Credit Card,Refunded,69705.39
PAY12292,ORD12292,2025-09-28,UPI,Successful,3590.45
PAY12293,ORD12293,2025-06-10,Debit Card,Successful,69212.47
PAY12294,ORD12294,2025-04-07,UPI,Successful,8145.5
PAY12295,ORD12295,2025-03-14,Cash on Delivery,Failed,9328.91
PAY12296,ORD12296,2025-09-05,Cash on Delivery,Successful,26065.35
PAY12297,ORD12297,2025-06-22,Debit Card,Successful,4788.18
PAY12298,ORD12298,2025-09-13,Net Banking,Successful,12587.16
PAY12299,ORD12299,2025-12-21,Debit Card,Successful,67366.97
PAY12300,ORD12300,2025-04-19,UPI,Refunded,4780.71
PAY12301,ORD12301,2025-04-03,Credit Card, Successful ,1656.39
PAY12302,ORD12302,2025-11-25,UPI,Successful,31708.07
PAY12303,ORD12303,2025-10-19,Net Banking,Successful,14653.48
PAY12304,ORD12304,2025-09-10,Credit Card,Successful,24952.43
PAY12305,ORD12305,2025-09-21,Credit Card,Successful,16163.95
PAY12306,ORD12306,2025-05-10,Net Banking,Successful,26746.49
PAY12307,ORD12307,2025-12-08,Cash on Delivery,Successful,6892.83
PAY12308,ORD12308,2025-12-01,Debit Card,Successful,10972.03
PAY12309,ORD12309,2025-12-18,Debit Card,Failed,180957.36
PAY12310,ORD12310,2025-11-22,Credit Card,Successful,6172.66
PAY12311,ORD12311,2025-01-05,Debit Card,Successful,7903.11
PAY12312,ORD12312,2025-04-16,UPI,Successful,1664.47
PAY12313,ORD12313,2025-01-18,Debit Card,Refunded,12610.18
PAY12314,ORD12314,2025-07-18,Net Banking,Successful,68646.71
PAY12315,ORD12315,2025-07-12,Cash on Delivery,Successful,11396.86
PAY12316,ORD12316,2025-04-25,Cash on Delivery,Successful,1474.01
PAY12317,ORD12317,2025-09-06,Net Banking,Successful,58518.42
PAY12318,ORD12318,2025-11-12,Cash on Delivery,Successful,4901.14
PAY12319,ORD12319,2025-03-27,Debit Card,Successful,2760.18
PAY12320,ORD12320,2025-05-26,Net Banking,Successful,32601.14
PAY12321,ORD12321,2025-07-23,Net Banking,Successful,38547.26
PAY12322,ORD12322,2025-09-07,Credit Card,Successful,3057.06
PAY12323,ORD12323,2025-12-26,Credit Card,Successful,152927.38
PAY12324,ORD12324,2025-12-29,Credit Card,Successful,8841.98
PAY12325,ORD12325,2025-02-25,Cash on Delivery,Successful,4533.09
PAY12326,ORD12326,2025-02-05,UPI,Successful,86209.88
PAY12327,ORD12327,2025-02-14,Cash on Delivery,Successful,2854.94
PAY12328,ORD12328,2025-04-26,UPI,Successful,1980.82
PAY12329,ORD12329,2025-10-25,Net Banking,Successful,1060.57
PAY12330,ORD12330,2025-03-20,Credit Card,Successful,4968.56
PAY12331,ORD12331,2025-12-23,Credit Card,Refunded,4352.77
PAY12332,ORD12332,2025-02-28,Net Banking,Successful,8186.88
PAY12333,ORD12333,2025-01-25,Credit Card,Successful,138923.17
PAY12334,ORD12334,2025-11-22,Cash on Delivery,Refunded,3273.2
PAY12335,ORD12335,2025-12-29,Cash on Delivery,Successful,8707.19
PAY12336,ORD12336,2025-06-20,UPI,Successful,10485.9
PAY12337,ORD12337,2025-05-19,UPI,Successful,7570.59
PAY12338,ORD12338,2025-03-21,Debit Card,Successful,57914.16
PAY12339,ORD12339,2025-05-19,Debit Card,Successful,132333.07
PAY12340,ORD12340,2025-10-17,Debit Card,Successful,29623.96
PAY12341,ORD12341,2025-05-15,Net Banking,Successful,2074.85
PAY12342,ORD12342,2025-04-04,Cash on Delivery,Successful,117538.45
PAY12343,ORD12343,2025-12-30,Debit Card,Successful,5370.29
PAY12344,ORD12344,2025-06-13,Debit Card,Successful,4879.83
PAY12345,ORD12345,2025-11-25,Credit Card,Pending,253322.88
PAY12346,ORD12346,2025-03-09,Cash on Delivery,Successful,2603.58
PAY12347,ORD12347,2025-04-14,Debit Card,Successful,1719.48
PAY12348,ORD12348,2025-03-19,Cash on Delivery,Successful,12681.0
PAY12349,ORD12349,2025-04-25,Cash on Delivery,Successful,4955.93
PAY12350,ORD12350,2025-01-16,Cash on Delivery,Successful,3714.66
PAY12351,ORD12351,2025-12-25,Debit Card,Successful,11887.17
PAY12352,ORD12352,2025-11-28,Debit Card,Successful,64383.0
PAY12353,ORD12353,2025-01-09,Credit Card,Successful,3297.04
PAY12354,ORD12354,2025-11-14,UPI,Successful,52688.25
PAY12355,ORD12355,2025-01-18,Credit Card,Successful,224963.45
PAY12356,ORD12356,2025-09-15,Net Banking,Successful,3828.14
PAY12357,ORD12357,2025-05-21,Net Banking,Successful,4041.27
PAY12358,ORD12358,2025-03-12,Credit Card,Successful,58024.06
PAY12359,ORD12359,2025-03-01,Debit Card,Successful,73139.81
PAY12360,ORD12360,12-12-2025,Cash on Delivery,Failed,2540.44
PAY12361,ORD12361,2025-10-02,Cash on Delivery,Refunded,52630.33
PAY12362,ORD12362,2025-06-20,Debit Card,Successful,723.27
PAY12363,ORD12363,2025-09-13,UPI,Successful,5292.16
PAY12364,ORD12364,2025-03-03,UPI,Successful,59512.88
PAY12365,ORD12365,2025-11-27,Cash on Delivery,Successful,16904.26
PAY12366,ORD12366,2025-09-20,Credit Card,Successful,3997.18
PAY12367,ORD12367,2025-06-01,,Successful,4978.11
PAY12368,ORD12368,2025-08-03,Credit Card,Pending,299092.16
PAY12369,ORD12369,2025-07-20,UPI,Pending,20447.96
PAY12370,ORD12370,2025-03-10,UPI,Successful,6179.91
PAY12371,ORD12371,2025-07-29,Cash on Delivery,Successful,8199.09
PAY12372,ORD12372,2025-06-12,UPI,Successful,65522.57
PAY12373,ORD12373,2025-03-05,UPI,Successful,3139.69
PAY12374,ORD12374,23/12/2025,Cash on Delivery,Successful,8380.51
PAY12375,ORD12375,2025-04-19,Cash on Delivery,Successful,4183.48
PAY12376,ORD12376,2025-02-26,Debit Card,Successful,60962.76
PAY12377,ORD12377,2025-07-20,Credit Card,Successful,12679.72
PAY12378,ORD12378,2025-12-17,Credit Card,Successful,7088.66
PAY12379,ORD12379,2025-02-23,UPI,Successful,20919.19
PAY12380,ORD12380,2025-02-07,Net Banking,Successful,7673.48
PAY12381,ORD12381,2025-11-08,Cash on Delivery,Successful,1462.68
PAY12382,ORD12382,2025-12-17,Credit Card,Successful,30410.11
PAY12383,ORD12383,2025-01-05,Net Banking,Successful,24673.0
PAY12384,ORD12384,2025-04-19,Cash on Delivery,Successful,28433.5
PAY12385,ORD12385,2025-11-17,Credit Card,Successful,2931.99
PAY12386,ORD12386,2025-08-19,UPI,Successful,10451.44
PAY12387,ORD12387,2025-06-13,Credit Card,Failed,2816.54
PAY12388,ORD12388,2025-05-29,Cash on Delivery,Successful,45433.71
PAY12389,ORD12389,2025-09-14,Net Banking,Successful,13723.74
PAY12390,ORD12390,2025-05-14,Credit Card,Successful,24882.05
PAY12391,ORD12391,2025-06-21,UPI,Successful,2872.61
PAY12392,ORD12392,2025-11-20,Credit Card,Pending,14299.5
PAY12393,ORD12393,2025-07-18,UPI,Successful,10532.75
PAY12394,ORD12394,2025-06-06,Net Banking,Successful,11019.63
PAY12395,ORD12395,2025-10-08,UPI,Successful,6417.8
PAY12396,ORD12396,2025-09-28,Net Banking,Successful,203335.39
PAY12397,ORD12397,2025-10-24,Cash on Delivery,Successful,7615.9
PAY12398,ORD12398,2025-11-15,Credit Card,Successful,61598.27
PAY12399,ORD12399,2025-06-05,Credit Card,Pending,1428.78
PAY12400,ORD12400,2025-01-01,Credit Card,Successful,1857.08
PAY12401,ORD12401,2025-03-16,Net Banking,Successful,103112.23
PAY12402,ORD12402,2025-01-18,Cash on Delivery,Successful,11037.28
PAY12403,ORD12403,2025-11-02,Cash on Delivery,Successful,5780.22
PAY12404,ORD12404,2025-06-26,Credit Card,Failed,9661.54
PAY12405,ORD12405,2025-02-23,UPI,Successful,6848.22
PAY12406,ORD12406,2025-10-21,UPI,Successful,1422.67
PAY12407,ORD12407,2025-04-06,Cash on Delivery,Successful,2358.04
PAY12408,ORD12408,2025-08-27,UPI,Successful,7165.83
PAY12409,ORD12409,2025-01-27,Debit Card,Successful,40269.32
PAY12410,ORD12410,2025-02-16,Credit Card,Successful,28664.26
PAY12411,ORD12411,2025-01-11,Net Banking,Successful,25298.77
PAY12412,ORD12412,2025-04-23,Cash on Delivery,Successful,221603.55
PAY12413,ORD12413,2025-07-18,Credit Card,Successful,2600.74
PAY12414,ORD12414,2025-02-01,Credit Card,Successful,16487.61
PAY12415,ORD12415,2025-10-16,Debit Card,Successful,5118.91
PAY12416,ORD12416,2025-03-11,Debit Card,Successful,3325.14
PAY12417,ORD12417,2025-10-04,Credit Card,Successful,1597.6
PAY12418,ORD12418,2025-12-28,Cash on Delivery,Pending,74114.23
PAY12419,ORD12419,2025-12-23,Cash on Delivery,Successful,95417.47
PAY12420,ORD12420,2025-11-20,UPI,Successful,6173.49
PAY12421,ORD12421,2025-03-15,Cash on Delivery,Successful,6500.66
PAY12422,ORD12422,2025-05-08,Debit Card,Successful,12870.22
PAY12423,ORD12423,2025-09-24,Credit Card,Pending,15291.04
PAY12424,ORD12424,2025-09-18,UPI,Successful,3529.1
PAY12425,ORD12425,2025-06-05,Net Banking,Pending,28265.11
PAY12426,ORD12426,2025-08-05,Credit Card,Successful,71691.79
PAY12427,ORD12427,2025-05-21,Credit Card,Successful,19514.97
PAY12428,ORD12428,2025-02-19,UPI,Successful,785.82
PAY12429,ORD12429,2025-02-15,Credit Card,Successful,62730.13
PAY12430,ORD12430,2025-06-04,Net Banking,Failed,7033.49
PAY12431,ORD12431,2025-06-08,Net Banking,Failed,141079.83
PAY12432,ORD12432,2025-06-29,UPI,Successful,1791.87
PAY12433,ORD12433,2025-12-13,Cash on Delivery,Successful,17673.57
PAY12434,ORD12434,2025-12-24,Credit Card,Successful,24420.48
PAY12435,ORD12435,2025-12-14,Net Banking,Failed,9715.5
PAY12436,ORD12436,2025-07-19,Net Banking,Successful,15678.63
PAY12437,ORD12437,2025-01-02,UPI,Successful,10169.7
PAY12438,ORD12438,2025-05-07,Credit Card,Successful,2842.83
PAY12439,ORD12439,2025-12-14,Net Banking,Successful,38802.92
PAY12440,ORD12440,2025-04-29,Credit Card,Successful,54550.12
PAY12441,ORD12441,2025-02-18,UPI,Refunded,32809.96
PAY12442,ORD12442,2025-11-21,Cash on Delivery,Successful,6344.49
PAY12443,ORD12443,2025-08-17,Net Banking,Successful,92047.58
PAY12444,ORD12444,2025-03-30,Net Banking,Successful,3902.03
PAY12445,ORD12445,2025-01-21,UPI,Successful,2087.89
PAY12446,ORD12446,2025-12-12,UPI,Successful,6944.26
PAY12447,ORD12447,2025-05-26,Cash on Delivery,Successful,1537.28
PAY12448,ORD12448,2025-02-22,UPI,Successful,218771.55
PAY12449,ORD12449,2025-08-16,UPI,Successful,14422.55
PAY12450,ORD12450,2025-08-06,Cash on Delivery,Refunded,524.37
PAY12451,ORD12451,2025-12-02,Debit Card,Pending,73553.04
PAY12452,ORD12452,2025-04-13,Net Banking,Successful,1378.3
PAY12453,ORD12453,2025-05-21,Net Banking,Successful,1439.18
PAY12454,ORD12454,2025-01-17,Cash on Delivery,Successful,50164.01
PAY12455,ORD12455,04-11-2025,Net Banking,Successful,181444.47
PAY12456,ORD12456,2025-05-03,Credit Card,Successful,72356.61
PAY12457,ORD12457,2025-09-28,Debit Card,Successful,27171.84
PAY12458,ORD12458,2025-08-06,UPI,Successful,1000.76
PAY12459,ORD12459,2025-08-13,Cash on Delivery,Successful,4950.39
PAY12460,ORD12460,2025-05-31,Net Banking,Successful,3014.79
PAY12461,ORD12461,2025-09-14,UPI,Successful,23850.58
PAY12462,ORD12462,2025-07-15,Credit Card,Successful,49688.26
PAY12463,ORD12463,2025-03-19,Credit Card,Successful,10887.17
PAY12464,ORD12464,2025-05-25,Net Banking,Successful,8182.46
PAY12465,ORD12465,2025-07-28,Credit Card,Successful,28989.18
PAY12466,ORD12466,2025-04-08,Cash on Delivery,Successful,8167.52
PAY12467,ORD12467,2025-10-24,UPI,Failed,28348.56
PAY12468,ORD12468,2025-01-01,UPI,Failed,3348.4
PAY12469,ORD12469,2025-08-30,Credit Card,Successful,6739.43
PAY12470,ORD12470,2025-06-05,Debit Card,Successful,2761.98
PAY12471,ORD12471,2025-09-21,Debit Card,Successful,54456.95
PAY12472,ORD12472,2025-11-18,Credit Card,Refunded,51607.86
PAY12473,ORD12473,01-09-2025,Credit Card,Refunded,7880.6
PAY12474,ORD12474,2025-11-15,Net Banking,Successful,1649.18
PAY12475,ORD12475,2025-07-19,Credit Card,Successful,145742.0
PAY12476,ORD12476,2025-04-29,UPI,Successful,21524.42
PAY12477,ORD12477,2025-12-20,Credit Card,Successful,22150.0
PAY12478,ORD12478,2025-03-22,Cash on Delivery,Successful,716.75
PAY12479,ORD12479,2025-09-18,Debit Card,Successful,26183.09
PAY12480,ORD12480,2025-05-02,Credit Card,Successful,78192.56
PAY12481,ORD12481,2025-11-20,Net Banking,Successful,114714.7
PAY12482,ORD12482,2025-10-20,Debit Card,Successful,124697.53
PAY12483,ORD12483,2025-12-10,UPI,Successful,4040.04
PAY12484,ORD12484,2025-04-20,Debit Card,Successful,1611.2
PAY12485,ORD12485,2025-09-09,UPI,Successful,17341.16
PAY12486,ORD12486,2025-10-30,Debit Card,Refunded,2381.69
PAY12487,ORD12487,2025-11-06,UPI,Successful,80037.92
PAY12488,ORD12488,2025-05-07,UPI,Successful,6679.59
PAY12489,ORD12489,2025-06-06,Cash on Delivery,Successful,62845.91
PAY12490,ORD12490,2025-02-06,Net Banking,Successful,42991.21
PAY12491,ORD12491,2025-12-17,Cash on Delivery,SUCCESSFUL,11613.77
PAY12492,ORD12492,2025-07-26,Credit Card,Successful,5404.23
PAY12493,ORD12493,2025-07-22,Net Banking,Successful,99341.1
PAY12494,ORD12494,2025-08-18,Net Banking,Successful,810.7
PAY12495,ORD12495,2025-01-14,Credit Card,Successful,7194.39
PAY12496,ORD12496,2025-11-13,UPI,Successful,22096.64
PAY12497,ORD12497,2025-03-27,UPI,Successful,8795.21
PAY12498,ORD12498,2025-08-08,Credit Card,Refunded,10172.82
PAY12499,ORD12499,2025-02-18,UPI,Successful,3747.3
PAY12500,ORD12500,2025-04-24,Credit Card,Successful,53210.55
PAY12501,ORD12501,2025-12-12,Debit Card,Successful,9272.83
PAY12502,ORD12502,2025-03-21,Net Banking,Successful,16524.65
PAY12503,ORD12503,2025-10-14,Credit Card,Successful,13013.3
PAY12504,ORD12504,2025-06-13,Debit Card,Successful,7650.91
PAY12505,ORD12505,2025-02-12,UPI,Successful,1682.45
PAY12506,ORD12506,2025-05-19,Cash on Delivery,Successful,62021.51
PAY12507,ORD12507,2025-01-25,UPI,Successful,1920.93
PAY12508,ORD12508,2025-01-30,Credit Card,Successful,70084.2
PAY12509,ORD12509,2025-05-17,Debit Card,Successful,23146.58
PAY12510,ORD12510,2025-03-16,Debit Card,Failed,195265.58
PAY12511,ORD12511,2025-06-11,Net Banking,Successful,3952.35
PAY12512,ORD12512,2025-08-05,Cash on Delivery,Successful,75956.55
PAY12513,ORD12513,2025-01-29,Credit Card,Successful,57251.13
PAY12514,ORD12514,2025-06-02,Net Banking,Successful,97652.39
PAY12515,ORD12515,2025-01-14,UPI,Successful,155933.7
PAY12516,ORD12516,2025-06-06,Debit Card,Successful,35424.71
PAY12517,ORD12517,2025-07-18,Debit Card,Failed,57054.71
PAY12518,ORD12518,2025-07-02,Net Banking,Successful,6470.69
PAY12519,ORD12519,2025-02-06,Cash on Delivery,Successful,11673.19
PAY12520,ORD12520,2025-09-28,Credit Card,Successful,16411.63
PAY12521,ORD12521,2025-05-26,Cash on Delivery,Successful,7474.77
PAY12522,ORD12522,2025-07-14,Net Banking,Refunded,66410.75
PAY12523,ORD12523,2025-04-25,Net Banking,Successful,73602.49
PAY12524,ORD12524,2025-09-04,Credit Card,Successful,112174.85
PAY12525,ORD12525,2025-04-01,Net Banking,Successful,5451.96
PAY12526,ORD12526,2025-09-05,Debit Card,Successful,2813.54
PAY12527,ORD12527,2025-12-21,Cash on Delivery,Successful,59113.29
PAY12528,ORD12528,2025-10-03,Debit Card,Failed,28802.35
PAY12529,ORD12529,2025-11-24,UPI,Successful,3241.03
PAY12530,ORD12530,2025-03-10,UPI,Successful,24534.2
PAY12531,ORD12531,2025-03-16,UPI,Successful,878.42
PAY12532,ORD12532,2025-03-23,Net Banking,Successful,9863.72
PAY12533,ORD12533,2025-11-10,Net Banking,Successful,3335.0
PAY12534,ORD12534,2025-08-18,Net Banking,Successful,1913.66
PAY12535,ORD12535,2025-11-04,UPI,Successful,3462.36
PAY12536,ORD12536,2025-02-07,Credit Card,Failed,2591.7
PAY12537,ORD12537,2025-12-21,Cash on Delivery,Successful,13328.44
PAY12538,ORD12538,2025-12-28,Net Banking,Successful,193114.0
PAY12539,ORD12539,2025-04-01,Net Banking,Successful,2812.54
PAY12540,ORD12540,2025-07-25,Net Banking,Successful,60434.24
PAY12541,ORD12541,2025-05-31,Credit Card,Successful,26605.08
PAY12542,ORD12542,2025-08-06,Debit Card,Successful,69884.03
PAY12543,ORD12543,2025-03-15,Credit Card,Successful,8118.42
PAY12544,ORD12544,2025-07-21,Net Banking,Successful,1555.58
PAY12545,ORD12545,2025-09-24,UPI,Successful,14190.31
PAY12546,ORD12546,2025-07-13,Net Banking,Successful,16755.08
PAY12547,ORD12547,2025-08-24,Cash on Delivery,Successful,71707.41
PAY12548,ORD12548,2025-06-27,Cash on Delivery,Successful,101828.62
PAY12549,ORD12549,2025-11-19,Cash on Delivery,Pending,9722.81
PAY12550,ORD12550,2025-08-03,,Successful,30028.97
PAY12551,ORD12551,2025-04-04,Debit Card,Successful,5226.78
PAY12552,ORD12552,2025-05-15,Net Banking,Successful,5933.96
PAY12553,ORD12553,2025-03-07,Cash on Delivery,Successful,6469.59
PAY12554,ORD12554,2025-09-05,Cash on Delivery,Successful,2853.87
PAY12555,ORD12555,2025-06-03,UPI,Successful,26783.17
PAY12556,ORD12556,2025-01-04,Net Banking,Successful,5805.23
PAY12557,ORD12557,2025-10-25,Cash on Delivery,Successful,65721.77
PAY12558,ORD12558,2025-01-09,Credit Card,Pending,76511.63
PAY12559,ORD12559,2025-12-06,Cash on Delivery,Successful,14200.55
PAY12560,ORD12560,2025-07-14,Credit Card,Successful,4308.49
PAY12561,ORD12561,2025-01-16,UPI,Successful,17427.06
PAY12562,ORD12562,2025-05-05,Debit Card,Failed,2944.87
PAY12563,ORD12563,2025-02-06,Credit Card,Successful,30462.6
PAY12564,ORD12564,2025-10-04,Net Banking,Successful,14414.9
PAY12565,ORD12565,2025-07-18,UPI,Failed,153454.86
PAY12566,ORD12566,2025-04-14,UPI,Successful,19135.37
PAY12567,ORD12567,2025-04-26,Cash on Delivery,Successful,38871.04
PAY12568,ORD12568,2025-03-25,Cash on Delivery,Successful,3733.76
PAY12569,ORD12569,2025-06-09,Debit Card,Successful,34020.74
PAY12570,ORD12570,2025-10-17,Credit Card,Successful,192637.13
PAY12571,ORD12571,2025-12-29,Debit Card,Successful,33270.92
PAY12572,ORD12572,2025-11-05,UPI,Successful,1503.33
PAY12573,ORD12573,2025-05-29,Debit Card,Successful,95410.34
PAY12574,ORD12574,2025-01-21,UPI,Successful,42533.46
PAY12575,ORD12575,2025-06-11,Net Banking,Successful,1200.17
PAY12576,ORD12576,2025-07-24,UPI,Failed,46485.43
PAY12577,ORD12577,2025-07-28,Cash on Delivery,Successful,70126.66
PAY12578,ORD12578,2025-10-12,Net Banking,Successful,6674.96
PAY12579,ORD12579,2025-10-24,Credit Card,Successful,179984.94
PAY12580,ORD12580,2025-03-22,Net Banking,Failed,2326.53
PAY12581,ORD12581,2025-04-19,Credit Card,Successful,122392.07
PAY12582,ORD12582,2025-02-13,cash on delivery,Successful,187366.69
PAY12583,ORD12583,17/11/2025,UPI,Successful,8498.02
PAY12584,ORD12584,2025-03-25,Debit Card,Successful,28187.9
PAY12585,ORD12585,2025-09-08,Debit Card,Successful,1119.35
PAY12586,ORD12586,2025-02-26,Net Banking,Successful,13434.43
PAY12587,ORD12587,2025-10-05,Net Banking,Pending,1500.03
PAY12588,ORD12588,2025-07-26,UPI,Failed,6273.49
PAY12589,ORD12589,2025-03-24,UPI,Successful,17384.76
PAY12590,ORD12590,2025-12-08,Debit Card,Refunded,4274.4
PAY12591,ORD12591,2025-09-26,Debit Card,Successful,219248.72
PAY12592,ORD12592,2025-11-11,Net Banking,Successful,56055.26
PAY12593,ORD12593,2025-07-21,Credit Card,Successful,13154.17
PAY12594,ORD12594,2025-12-03,Cash on Delivery,Successful,26844.63
PAY12595,ORD12595,2025-09-04,Credit Card,Successful,64795.9
PAY12596,ORD12596,2025-07-07,Debit Card,Successful,69018.78
PAY12597,ORD12597,2025-12-24,UPI,Successful,3892.16
PAY12598,ORD12598,2025-02-14,Credit Card,Refunded,23855.18
PAY12599,ORD12599,2025-06-11,Debit Card,Successful,19511.38
PAY12600,ORD12600,2025-04-23,Credit Card,Successful,14848.21
PAY12601,ORD12601,2025-07-18,Net Banking,Successful,20060.99
PAY12602,ORD12602,2025-05-26,Cash on Delivery,refunded,18093.45
PAY12603,ORD12603,2025-05-25,Debit Card,Successful,3533.0
PAY12604,ORD12604,2025-04-28,Net Banking,Successful,5358.32
PAY12605,ORD12605,2025-05-31,UPI,Failed,11518.7
PAY12606,ORD12606,2025-08-09,Credit Card,Successful,40571.38
PAY12607,ORD12607,2025-05-18,Credit Card,Successful,15456.89
PAY12608,ORD12608,11/08/2025,Cash on Delivery,Refunded,8411.96
PAY12609,ORD12609,2025-02-25,Net Banking,Pending,13114.02
PAY12610,ORD12610,2025-06-29,Cash on Delivery,Successful,11000.86
PAY12611,ORD12611,2025-11-27,Net Banking,Successful,22062.21
PAY12612,ORD12612,2025-01-02,Debit Card,Successful,27927.64
PAY12613,ORD12613,2025-06-07,UPI,Failed,12205.33
PAY12614,ORD12614,2025-07-09,UPI,Successful,4794.8
PAY12615,ORD12615,2025-09-10,Credit Card,Successful,154495.91
PAY12616,ORD12616,2025-01-15,Credit Card,Successful,9430.38
PAY12617,ORD12617,2025-08-30,Cash on Delivery,Successful,52402.63
PAY12618,ORD12618,2025-12-13,Debit Card,Successful,3180.9
PAY12619,ORD12619,2025-02-19,Credit Card,Successful,8418.98
PAY12620,ORD12620,2025-04-27,UPI,Successful,9639.03
PAY12621,ORD12621,2025-05-30,Cash on Delivery,Successful,2702.8
PAY12622,ORD12622,2025-03-18,Credit Card,Successful,18043.25
PAY12623,ORD12623,2025-09-12,Net Banking,Refunded,41598.61
PAY12624,ORD12624,2025-09-12,Credit Card,Successful,28122.12
PAY12625,ORD12625,2025-02-27,Debit Card,Successful,3045.75
PAY12626,ORD12626,2025-11-16,Credit Card,Successful,8564.62
PAY12627,ORD12627,2025-07-22,Credit Card,Successful,7510.37
PAY12628,ORD12628,2025-02-24,UPI,Successful,17866.87
PAY12629,ORD12629,2025-07-10,UPI,refunded,53450.38
PAY12630,ORD12630,2025-06-10,UPI,Successful,81888.91
PAY12631,ORD12631,2025-12-21,Credit Card,Successful,6755.12
PAY12632,ORD12632,2025-05-17,Net Banking,Successful,12910.05
PAY12633,ORD12633,2025-08-05,Cash on Delivery,Successful,42494.26
PAY12634,ORD12634,2025-06-05,Cash on Delivery,Successful,20950.17
PAY12635,ORD12635,2025-01-12,Debit Card,Failed,7004.07
PAY12636,ORD12636,2025-09-25,Credit Card,Successful,4316.72
PAY12637,ORD12637,2025-06-05,Cash on Delivery,Successful,70467.71
PAY12638,ORD12638,2025-10-22,UPI,Successful,18555.08
PAY12639,ORD12639,2025-08-21,Net Banking,Successful,138479.12
PAY12640,ORD12640,2025-02-03,Credit Card,Successful,159265.51
PAY12641,ORD12641,2025-08-20,Net Banking,Successful,4837.54
PAY12642,ORD12642,2025-08-29,Credit Card,Failed,4369.17
PAY12643,ORD12643,2025-09-29,Debit Card,Successful,9138.63
PAY12644,ORD12644,06-08-2025,Credit Card,Successful,6825.72
PAY12645,ORD12645,2025-11-29,Cash on Delivery,Successful,37984.66
PAY12646,ORD12646,2025-11-18,UPI,Successful,3376.96
PAY12647,ORD12647,2025-09-04,UPI,Successful,122762.4
PAY12648,ORD12648,2025-11-01,Debit Card,Successful,7129.54
PAY12649,ORD12649,2025-12-31,Net Banking,Successful,24666.83
PAY12650,ORD12650,2025-11-05,Net Banking,Successful,1611.15
PAY12651,ORD12651,2025-10-23,Debit Card,Successful,2892.39
PAY12652,ORD12652,2025-09-25,UPI,Successful,7933.05
PAY12653,ORD12653,2025-07-07,Cash on Delivery,Successful,78175.95
PAY12654,ORD12654,2025-06-01,Cash on Delivery,Successful,31365.6
PAY12655,ORD12655,2025-10-01,Cash on Delivery,Successful,16586.59
PAY12656,ORD12656,2025-07-02,Net Banking,Successful,3022.06
PAY12657,ORD12657,2025-01-20,Credit Card,Successful,35197.58
PAY12658,ORD12658,2025-02-25,Net Banking,Successful,20903.65
PAY12659,ORD12659,2025-11-24,Net Banking,Successful,2391.23
PAY12660,ORD12660,2025-11-19,UPI,Successful,93834.01
PAY12661,ORD12661,2025-02-14,UPI,Successful,11115.09
PAY12662,ORD12662,2025-08-03,Net Banking,Successful,2635.89
PAY12663,ORD12663,2025-05-24,Cash on Delivery,Successful,1583.22
PAY12664,ORD12664,2025-01-26,Net Banking,Successful,301635.74
PAY12665,ORD12665,2025-01-18,UPI,Successful,8610.47
PAY12666,ORD12666,2025-07-16,Cash on Delivery,Successful,122225.79
PAY12667,ORD12667,2025-11-11,Debit Card,Successful,5359.95
PAY12668,ORD12668,2025-09-03,Credit Card,Successful,719.23
PAY12669,ORD12669,2025-09-16,Debit Card,Refunded,3690.75
PAY12670,ORD12670,2025-04-20,UPI,Successful,6493.11
PAY12671,ORD12671,2025-07-14,Cash on Delivery,Successful,5907.07
PAY12672,ORD12672,2025-04-13,Credit Card,Successful,29933.91
PAY12673,ORD12673,2025-07-31,Debit Card,Successful,68609.81
PAY12674,ORD12674,2025-06-05,UPI,Refunded,33440.21
PAY12675,ORD12675,2025-10-25,UPI,Successful,2491.66
PAY12676,ORD12676,2025-03-06,Credit Card,Successful,105506.34
PAY12677,ORD12677,2025-08-09,Credit Card,Successful,2656.33
PAY12678,ORD12678,2025-12-19,UPI,Successful,47429.06
PAY12679,ORD12679,2025-03-22,Net Banking,Successful,18192.55
PAY12680,ORD12680,2025-03-03,Cash on Delivery,Successful,24420.01
PAY12681,ORD12681,2025-10-27,Credit Card,Successful,96581.69
PAY12682,ORD12682,2025-08-28,UPI,Successful,5087.48
PAY12683,ORD12683,2025-03-22,Debit Card,Successful,37606.6
PAY12684,ORD12684,2025-04-19,Net Banking,Failed,2349.38
PAY12685,ORD12685,2025-05-11,Net Banking,Failed,2645.79
PAY12686,ORD12686,2025-05-30,Credit Card,Successful,134119.23
PAY12687,ORD12687,2025-05-22,Net Banking,Successful,181889.8
PAY12688,ORD12688,2025-09-07,Credit Card,Failed,1763.59
PAY12689,ORD12689,2025-06-29,Net Banking,Successful,2602.42
PAY12690,ORD12690,2025-08-09,Debit Card,Successful,41525.05
PAY12691,ORD12691,2025-06-27,Cash on Delivery,Successful,15513.15
PAY12692,ORD12692,2025-06-19,UPI,Successful,21847.57
PAY12693,ORD12693,2025-01-17,Net Banking,Successful,3600.23
PAY12694,ORD12694,2025-07-11,UPI,Successful,3037.7
PAY12695,ORD12695,2025-07-24,Cash on Delivery,Successful,5397.04
PAY12696,ORD12696,2025-11-13,Cash on Delivery,Successful,66372.03
PAY12697,ORD12697,2025-03-19,Credit Card,Successful,6364.25
PAY12698,ORD12698,2025-01-10,Credit Card,Successful,4439.49
PAY12699,ORD12699,2025-06-27,Debit Card,Refunded,5592.11
PAY12700,ORD12700,2025-11-28,Net Banking,Successful,9338.41
PAY12701,ORD12701,2025-11-25,Net Banking,Successful,16824.09
PAY12702,ORD12702,2025-05-20,Debit Card,Successful,3853.15
PAY12703,ORD12703,2025-02-12,Debit Card,Successful,3177.35
PAY12704,ORD12704,2025-04-18,UPI,Successful,9931.13
PAY12705,ORD12705,2025-01-01,Credit Card,Refunded,21061.36
PAY12706,ORD12706,2025-10-09,Cash on Delivery,Successful,54510.87
PAY12707,ORD12707,2025-02-04,Debit Card,Successful,9858.58
PAY12708,ORD12708,2025-05-24,Credit Card,Refunded,60778.79
PAY12709,ORD12709,2025-08-02,Debit Card,Successful,47400.17
PAY12710,ORD12710,2025-11-25,UPI,Successful,33110.01
PAY12711,ORD12711,2025-03-03,Cash on Delivery,Successful,7986.89
PAY12712,ORD12712,2025-03-14,Credit Card,Successful,1013.26
PAY12713,ORD12713,2025-08-11,Cash on Delivery,Successful,143193.99
PAY12714,ORD12714,2025-03-17,Debit Card,Successful,21408.58
PAY12715,ORD12715,2025-05-16,Debit Card,Successful,3234.78
PAY12716,ORD12716,2025-09-17,UPI,Successful,6763.18
PAY12717,ORD12717,2025-07-06,Cash on Delivery,Successful,5698.12
PAY12718,ORD12718,2025-10-04,Debit Card,Successful,6429.96
PAY12719,ORD12719,2025-07-28,UPI,Failed,80360.77
PAY12720,ORD12720,2025-07-03,Cash on Delivery,Successful,29694.78
PAY12721,ORD12721,2025-04-26,Net Banking,Successful,10881.74
PAY12722,ORD12722,2025-12-26,UPI,Successful,11161.35
PAY12723,ORD12723,20-03-2025,Net Banking,Successful,7431.25
PAY12724,ORD12724,12/07/2025,Cash on Delivery,Successful,69443.5
PAY12725,ORD12725,2025-03-13,Debit Card,Successful,5039.3
PAY12726,ORD12726,2025-01-11,UPI,Refunded,18707.08
PAY12727,ORD12727,2025-01-13,Credit Card,Successful,3246.67
PAY12728,ORD12728,2025-05-01,UPI,Successful,202615.37
PAY12729,ORD12729,2025-05-14,Cash on Delivery,Successful,70706.46
PAY12730,ORD12730,2025-04-10,Debit Card,Successful,24379.33
PAY12731,ORD12731,2025-10-08,Net Banking,Successful,115769.43
PAY12732,ORD12732,2025-07-23,Net Banking,Successful,3841.98
PAY12733,ORD12733,2025-03-16,Debit Card,Successful,85895.44
PAY12734,ORD12734,2025-06-04,Debit Card,Successful,9842.61
PAY12735,ORD12735,2025-10-18,Debit Card,Failed,7261.79
PAY12736,ORD12736,2025-04-17,Debit Card,Successful,29555.5
PAY12737,ORD12737,2025-05-26,UPI,Refunded,1474.15
PAY12738,ORD12738,2025-07-08,Cash on Delivery,Successful,14576.67
PAY12739,ORD12739,2025-07-17,Net Banking,refunded,52621.15
PAY12740,ORD12740,2025-07-23,Credit Card,Successful,24285.86
PAY12741,ORD12741,2025-04-24,Cash on Delivery,Successful,7257.56
PAY12742,ORD12742,2025-10-26,Credit Card,Successful,26576.71
PAY12743,ORD12743,2025-01-06,Cash on Delivery,Successful,31424.06
PAY12744,ORD12744,2025-09-05,Cash on Delivery,Successful,10949.49
PAY12745,ORD12745,2025-01-21,Debit Card,Pending,11292.37
PAY12746,ORD12746,2025-03-10,Net Banking,Successful,2114.65
PAY12747,ORD12747,2025-06-23,Debit Card,Successful,713.87
PAY12748,ORD12748,2025-10-12,Net Banking,Successful,5635.5
PAY12749,ORD12749,2025-07-13,Debit Card,Failed,33946.31
PAY12750,ORD12750,2025-12-14,Credit Card,Successful,7648.63
PAY12751,ORD12751,2025-12-04,Credit Card,Successful,41494.16
PAY12752,ORD12752,2025-11-14,Credit Card,Successful,17682.83
PAY12753,ORD12753,2025-10-02,Cash on Delivery,Successful,2628.62
PAY12754,ORD12754,2025-11-05,Debit Card,Successful,4268.13
PAY12755,ORD12755,2025-06-24,Credit Card,Successful,1463.57
PAY12756,ORD12756,2025-02-14,Net Banking,Successful,5627.51
PAY12757,ORD12757,2025-04-06,Cash on Delivery,Successful,43702.44
PAY12758,ORD12758,2025-11-04,Credit Card,Successful,28759.62
PAY12759,ORD12759,2025-05-19,Credit Card,Successful,197086.0
PAY12760,ORD12760,2025-02-14,Debit Card,Successful,9491.3
PAY12761,ORD12761,2025-10-27,Credit Card,Successful,28291.47
PAY12762,ORD12762,2025-03-23,Net Banking,Successful,18362.03
PAY12763,ORD12763,2025-02-26,Debit Card,Successful,74397.87
PAY12764,ORD12764,2025-08-13,Cash on Delivery,Successful,28791.14
PAY12765,ORD12765,2025-07-30,UPI,Successful,15361.25
PAY12766,ORD12766,2025-04-06,Debit Card,Successful,9456.05
PAY12767,ORD12767,2025-03-22,Credit Card,Successful,23039.19
PAY12768,ORD12768,2025-06-21,UPI,Refunded,4434.4
PAY12769,ORD12769,2025-12-25,Debit Card,Successful,16769.93
PAY12770,ORD12770,2025-06-09,UPI,Successful,6514.42
PAY12771,ORD12771,2025-02-19,UPI,Failed,126702.79
PAY12772,ORD12772,2025-07-01,UPI,Successful,13722.22
PAY12773,ORD12773,2025-11-18,Debit Card,Refunded,6642.32
PAY12774,ORD12774,2025-03-23,Net Banking,Successful,7914.85
PAY12775,ORD12775,2025-10-27,Cash on Delivery,Successful,8827.05
PAY12776,ORD12776,2025-05-11,Debit Card,Successful,2576.57
PAY12777,ORD12777,2025-07-24,Net Banking,Successful,67364.49
PAY12778,ORD12778,2025-06-26,UPI,Successful,9912.93
PAY12779,ORD12779,2025-12-22,Credit Card,Successful,16743.8
PAY12780,ORD12780,2025-01-27,Credit Card,Successful,57910.56
PAY12781,ORD12781,2025-07-17,UPI,Refunded,25439.02
PAY12782,ORD12782,2025-10-04,UPI,Successful,57310.11
PAY12783,ORD12783,2025-10-10,Debit Card,Successful,2442.72
PAY12784,ORD12784,28/03/2025,Credit Card,Successful,1339.74
PAY12785,ORD12785,2025-12-19,Net Banking,Successful,4774.19
PAY12786,ORD12786,2025-05-31,Net Banking,Successful,4100.2
PAY12787,ORD12787,2025-02-08,Debit Card,Successful,103686.71
PAY12788,ORD12788,2025-03-29,Cash on Delivery,Successful,55508.63
PAY12789,ORD12789,2025-07-13,Debit Card,Refunded,12648.9
PAY12790,ORD12790,2025-06-26,Credit Card,Successful,10291.6
PAY12791,ORD12791,2025-03-31,Debit Card,Successful,4601.08
PAY12792,ORD12792,2025-11-23,Credit Card,Successful,265870.46
PAY12793,ORD12793,2025-07-31,Debit Card,Successful,32632.21
PAY12794,ORD12794,2025-09-20,UPI,Successful,17289.55
PAY12795,ORD12795,2025-09-11,Debit Card,Successful,4151.36
PAY12796,ORD12796,2025-06-24,cash on delivery,Successful,63538.33
PAY12797,ORD12797,2025-06-07,Cash on Delivery,Successful,3394.48
PAY12798,ORD12798,2025-03-18,Cash on Delivery,Successful,4606.52
PAY12799,ORD12799,2025-01-31,Net Banking,Failed,3865.12
PAY12800,ORD12800,2025-08-26,Cash on Delivery,Successful,159385.91
PAY12801,ORD12801,2025-08-09,Debit Card,Successful,2597.23
PAY12802,ORD12802,2025-07-11,Cash on Delivery,Successful,2424.86
PAY12803,ORD12803,2025-06-11,Credit Card,Successful,19955.66
PAY12804,ORD12804,2025-09-10,cash on delivery,Refunded,8634.25
PAY12805,ORD12805,2025-09-03,Net Banking,Failed,6338.31
PAY12806,ORD12806,2025-03-22,Credit Card,Successful,158444.6
PAY12807,ORD12807,2025-12-25,Cash on Delivery,Successful,11315.06
PAY12808,ORD12808,2025-10-22,Debit Card,Pending,1907.83
PAY12809,ORD12809,2025-02-06,Debit Card,Successful,26098.72
PAY12810,ORD12810,2025-03-15,Credit Card,Successful,181862.21
PAY12811,ORD12811,2025-09-03,Net Banking,Successful,7764.45
PAY12812,ORD12812,2025-12-26,Net Banking,Successful,27620.19
PAY12813,ORD12813,2025-07-16,Net Banking,Successful,4189.87
PAY12814,ORD12814,2025-07-17,Net Banking,Failed,123925.14
PAY12815,ORD12815,2025-04-03,Cash on Delivery,Successful,21721.16
PAY12816,ORD12816,2025-03-19,Credit Card,successful,7876.46
PAY12817,ORD12817,2025-02-10,Cash on Delivery,Successful,26336.58
PAY12818,ORD12818,2025-08-02,Net Banking,Successful,7960.92
PAY12819,ORD12819,2025-01-09,Cash on Delivery,Successful,91390.55
PAY12820,ORD12820,2025-01-07,Credit Card,Successful,113643.51
PAY12821,ORD12821,2025-04-06,Cash on Delivery,Successful,18673.34
PAY12822,ORD12822,2025-02-14,Net Banking,Successful,8101.75
PAY12823,ORD12823,2025-11-23,UPI,Successful,9026.6
PAY12824,ORD12824,2025-05-02,Debit Card,Successful,25851.96
PAY12825,ORD12825,2025-02-04,Net Banking,Successful,4584.53
PAY12826,ORD12826,2025-02-16,Credit Card,Failed,29136.04
PAY12827,ORD12827,2025-12-28,Net Banking,Successful,3522.8
PAY12828,ORD12828,2025-03-27,Cash on Delivery,Successful,14639.91
PAY12829,ORD12829,2025-09-04,Credit Card,Successful,6581.77
PAY12830,ORD12830,2025-04-28,Credit Card,Successful,5353.82
PAY12831,ORD12831,2025-03-15,Net Banking,Successful,30898.1
PAY12832,ORD12832,2025-09-23,Debit Card,Successful,1863.89
PAY12833,ORD12833,2025-09-28,Net Banking,Successful,172642.49
PAY12834,ORD12834,2025-02-07,UPI,Successful,4692.66
PAY12835,ORD12835,2025-06-04,Debit Card,Successful,25675.84
PAY12836,ORD12836,2025-09-17,Net Banking,Successful,11974.7
PAY12837,ORD12837,2025-09-16,Debit Card,Successful,11529.91
PAY12838,ORD12838,2025-01-04,Cash on Delivery,Successful,13618.42
PAY12839,ORD12839,2025-12-12,Credit Card,Refunded,105463.08
PAY12840,ORD12840,2025-11-12,Net Banking,Successful,1850.7
PAY12841,ORD12841,2025-03-22,Cash on Delivery,Refunded,6763.63
PAY12842,ORD12842,2025-08-22,Credit Card,Refunded,10041.6
PAY12843,ORD12843,2025-11-07,Debit Card,Successful,5314.0
PAY12844,ORD12844,2025-07-08,Net Banking,Successful,24475.08
PAY12845,ORD12845,2025-05-06,Credit Card,Successful,10239.54
PAY12846,ORD12846,2025-11-13,Debit Card,Successful,27477.57
PAY12847,ORD12847,2025-09-26,Cash on Delivery,Successful,11845.41
PAY12848,ORD12848,2025-02-04,Net Banking,Successful,139548.72
PAY12849,ORD12849,2025-08-24,Net Banking,Successful,26001.91
PAY12850,ORD12850,2025-05-09,UPI,Successful,72669.62
PAY12851,ORD12851,2025-12-24,Cash on Delivery,Successful,5145.46
PAY12852,ORD12852,2025-07-03,Cash on Delivery,Successful,17167.41
PAY12853,ORD12853,2025-03-29,UPI,Failed,9371.35
PAY12854,ORD12854,2025-04-16,UPI,Successful,57471.8
PAY12855,ORD12855,2025-01-22,Debit Card,Successful,49630.42
PAY12856,ORD12856,2025-10-12,Credit Card,Failed,2475.77
PAY12857,ORD12857,2025-07-05,UPI,Successful,160115.86
PAY12858,ORD12858,2025-01-05,Credit Card,Successful,1528.97
PAY12859,ORD12859,07/11/2025,Debit Card,Successful,7416.76
PAY12860,ORD12860,2025-08-16,Cash on Delivery,Successful,7218.9
PAY12861,ORD12861,2025-09-25,Net Banking,Failed,11772.59
PAY12862,ORD12862,2025-05-21,Cash on Delivery,Successful,54169.86
PAY12863,ORD12863,2025-05-05,Debit Card,Successful,7662.4
PAY12864,ORD12864,2025-11-05,Net Banking,Successful,137829.2
PAY12865,ORD12865,2025-08-10,Debit Card,Successful,65828.36
PAY12866,ORD12866,2025-12-24,Cash on Delivery,Successful,37513.35
PAY12867,ORD12867,2025-08-18,Net Banking,Failed,119112.97
PAY12868,ORD12868,2025-06-23,Net Banking,Successful,16543.67
PAY12869,ORD12869,2025-09-11,Net Banking,Successful,3925.19
PAY12870,ORD12870,2025-05-01,Cash on Delivery,Successful,4988.67
PAY12871,ORD12871,2025-03-02,Debit Card,Pending,57080.24
PAY12872,ORD12872,2025-08-11,Debit Card,Successful,10785.74
PAY12873,ORD12873,2025-07-08,Net Banking,Successful,8379.44
PAY12874,ORD12874,2025-05-21,Cash on Delivery,Successful,159897.57
PAY12875,ORD12875,2025-02-10,Credit Card,Refunded,9631.01
PAY12876,ORD12876,2025-01-06,Cash on Delivery,Failed,16126.04
PAY12877,ORD12877,2025-08-07,Credit Card,Successful,1488.29
PAY12878,ORD12878,2025-11-08,Net Banking,Successful,9525.08
PAY12879,ORD12879,2025-09-03,Net Banking,Successful,18094.53
PAY12880,ORD12880,2025-08-04,Net Banking,Successful,18664.67
PAY12881,ORD12881,2025-02-16,Net Banking,Successful,44021.32
PAY12882,ORD12882,2025-12-21,Credit Card,Successful,4416.33
PAY12883,ORD12883,2025-12-14,Debit Card,Failed,1996.98
PAY12884,ORD12884,2025-07-18,Net Banking,Successful,11899.13
PAY12885,ORD12885,2025-11-11,Debit Card,Successful,3403.69
PAY12886,ORD12886,2025-01-25,Credit Card,Successful,16361.23
PAY12887,ORD12887,2025-05-23,Credit Card,Successful,46820.39
PAY12888,ORD12888,2025-11-03,Debit Card,Failed,65153.37
PAY12889,ORD12889,2025-05-28,Debit Card,Successful,65634.27
PAY12890,ORD12890,2025-05-03,UPI,Successful,24958.62
PAY12891,ORD12891,2025-07-14,UPI,Failed,15553.23
PAY12892,ORD12892,2025-02-03,Credit Card,Successful,212991.02
PAY12893,ORD12893,2025-02-28,Debit Card,Successful,3386.31
PAY12894,ORD12894,2025-09-23,Net Banking,Successful,199225.86
PAY12895,ORD12895,2025-06-13,Debit Card,Successful,7678.38
PAY12896,ORD12896,2025-07-29,UPI,Successful,898.73
PAY12897,ORD12897,2025-11-03,Net Banking,Successful,8557.06
PAY12898,ORD12898,2025-07-15,Credit Card,Refunded,6279.6
PAY12899,ORD12899,2025-09-07,Credit Card,Successful,8560.24
PAY12900,ORD12900,2025-01-13,UPI,Pending,23297.84
PAY12901,ORD12901,2025-09-03,Cash on Delivery,Successful,1655.65
PAY12902,ORD12902,2025-06-24,UPI,Successful,113014.0
PAY12903,ORD12903,2025-10-14,UPI,Successful,6566.98
PAY12904,ORD12904,2025-05-20,Net Banking,Successful,15989.9
PAY12905,ORD12905,2025-12-08,Debit Card,Successful,9474.25
PAY12906,ORD12906,2025-02-28,Debit Card,Refunded,4697.36
PAY12907,ORD12907,2025-04-26,Credit Card,Successful,26639.85
PAY12908,ORD12908,2025-11-02,UPI,Successful,11915.03
PAY12909,ORD12909,2025-04-11,Cash on Delivery,Successful,16589.58
PAY12910,ORD12910,2025-04-04,Debit Card,Successful,7535.35
PAY12911,ORD12911,2025-10-18,Cash on Delivery,Successful,146439.52
PAY12912,ORD12912,2025-07-02,Debit Card,Successful,220799.28
PAY12913,ORD12913,2025-11-12,Debit Card,Successful,60710.22
PAY12914,ORD12914,2025-09-22,Net Banking,Successful,2588.22
PAY12915,ORD12915,2025-08-31,UPI,Successful,6931.27
PAY12916,ORD12916,2025-01-28,Cash on Delivery,Successful,184336.8
PAY12917,ORD12917,2025-10-16,Debit Card,Successful,72341.02
PAY12918,ORD12918,2025-09-15,Net Banking,Successful,45078.14
PAY12919,ORD12919,2025-12-14,Net Banking,Successful,10473.48
PAY12920,ORD12920,2025-08-27,Debit Card,Successful,256612.24
PAY12921,ORD12921,2025-11-16,Net Banking,Successful,6235.36
PAY12922,ORD12922,2025-08-02,Debit Card,Successful,3598.51
PAY12923,ORD12923,2025-07-04,Debit Card,Refunded,124098.86
PAY12924,ORD12924,2025-11-03,UPI,Successful,16833.32
PAY12925,ORD12925,2025-05-14,Debit Card,Successful,1565.73
PAY12926,ORD12926,2025-05-17,Cash on Delivery,Successful,22443.72
PAY12927,ORD12927,2025-11-03,Cash on Delivery,Successful,5204.29
PAY12928,ORD12928,2025-07-09,UPI,Failed,2627.89
PAY12929,ORD12929,2025-06-06,UPI,Successful,10331.4
PAY12930,ORD12930,2025-07-21,Debit Card,Successful,60852.56
PAY12931,ORD12931,2025-10-30,UPI,Refunded,57374.03
PAY12932,ORD12932,2025-03-18,,Successful,11578.38
PAY12933,ORD12933,2025-03-24,Cash on Delivery,Successful,48233.17
PAY12934,ORD12934,2025-07-23,UPI,Successful,12310.93
PAY12935,ORD12935,2025-01-03,Debit Card,Successful,204680.06
PAY12936,ORD12936,2025-01-16,UPI,Successful,983.07
PAY12937,ORD12937,2025-11-28,Net Banking,Failed,76267.38
PAY12938,ORD12938,2025-09-08,Net Banking,Successful,11071.74
PAY12939,ORD12939,2025-11-30,Credit Card,Successful,7706.36
PAY12940,ORD12940,2025-10-06,Net Banking,Refunded,4319.61
PAY12941,ORD12941,2025-01-09,Cash on Delivery,Successful,2654.29
PAY12942,ORD12942,2025-12-22,,Successful,15968.91
PAY12943,ORD12943,2025-08-08,Credit Card,Successful,1341.84
PAY12944,ORD12944,2025-08-18,Debit Card,Successful,14953.71
PAY12945,ORD12945,2025-10-02,Net Banking,Successful,5754.28
PAY12946,ORD12946,2025-07-28,Net Banking,Refunded,16263.93
PAY12947,ORD12947,2025-02-09,Net Banking,Successful,29555.86
PAY12948,ORD12948,2025-02-05,Credit Card,Successful,3296.07
PAY12949,ORD12949,2025-05-05,Net Banking,Pending,51962.52
PAY12950,ORD12950,2025-12-13,Cash on Delivery,Successful,14729.81
PAY12951,ORD12951,2025-12-20,Net Banking,Successful,151724.19
PAY12952,ORD12952,2025-06-20,Net Banking,Successful,15396.73
PAY12953,ORD12953,2025-07-04,Debit Card,Pending,18891.33
PAY12954,ORD12954,2025-09-20,Cash on Delivery,Successful,4319.53
PAY12955,ORD12955,2025-06-01,Debit Card,Failed,61042.64
PAY12956,ORD12956,2025-09-07,UPI,Successful,1801.77
PAY12957,ORD12957,2025-01-19,UPI ,Successful,1534.52
PAY12958,ORD12958,2025-09-20,Cash on Delivery,Successful,5414.58
PAY12959,ORD12959,2025-10-28,Credit Card,Successful,4526.15
PAY12960,ORD12960,2025-02-02,UPI,Successful,154857.88
PAY12961,ORD12961,2025-04-04,Debit Card,Successful,55478.62
PAY12962,ORD12962,2025-06-10,Debit Card,Successful,1188.63
PAY12963,ORD12963,2025-04-25,Credit Card,Successful,16321.42
PAY12964,ORD12964,2025-07-28,Net Banking,Failed,40980.76
PAY12965,ORD12965,2025-04-05,UPI,Successful,4649.12
PAY12966,ORD12966,2025-03-17,Net Banking,Refunded,15322.03
PAY12967,ORD12967,2025-09-12,Credit Card,Successful,71096.87
PAY12968,ORD12968,2025-12-03,Credit Card,Successful,152071.54
PAY12969,ORD12969,2025-03-02,Debit Card,Successful,9422.06
PAY12970,ORD12970,2025-10-01,Cash on Delivery,Successful,63316.72
PAY12971,ORD12971,2025-05-07,Debit Card,Successful,64771.2
PAY12972,ORD12972,2025-02-07,UPI,Successful,5022.54
PAY12973,ORD12973,2025-08-21,Net Banking,Successful,27517.67
PAY12974,ORD12974,2025-06-30,UPI,Failed,2126.51
PAY12975,ORD12975,2025-02-14,Debit Card,Successful,13996.81
PAY12976,ORD12976,2025-11-17,Net Banking,Successful,69144.25
PAY12977,ORD12977,2025-12-08,Cash on Delivery,Successful,8743.27
PAY12978,ORD12978,2025-07-13,UPI,Successful,1524.15
PAY12979,ORD12979,2025-04-22,Debit Card,Successful,16761.46
PAY12980,ORD12980,2025-05-11,Cash on Delivery,Successful,36338.73
PAY12981,ORD12981,2025-12-29,Net Banking,Successful,111739.49
PAY12982,ORD12982,2025-09-21,Credit Card,Successful,4455.38
PAY12983,ORD12983,2025-05-17,Cash on Delivery,Successful,13101.11
PAY12984,ORD12984,2025-11-26,UPI,Successful,9346.06
PAY12985,ORD12985,2025-06-16,Credit Card,Successful,59643.03
PAY12986,ORD12986,2025-11-09,Credit Card,Successful,245367.29
PAY12987,ORD12987,2025-07-26,Cash on Delivery,Successful,157309.65
PAY12988,ORD12988,2025-04-17,Credit Card,Successful,4474.92
PAY12989,ORD12989,2025-01-06,Cash on Delivery,Successful,60073.36
PAY12990,ORD12990,2025-01-04,Debit Card,Successful,12456.46
PAY12991,ORD12991,2025-02-20,UPI,Successful,298792.53
PAY12992,ORD12992,2025-03-19,Credit Card,Successful,15962.74
PAY12993,ORD12993,2025-11-30,UPI,Successful,25491.78
PAY12994,ORD12994,2025-05-07,UPI,Pending,5353.8
PAY12995,ORD12995,2025-03-03,UPI,Successful,2242.79
PAY12996,ORD12996,2025-11-19,Credit Card,Successful,11297.69
PAY12997,ORD12997,2025-05-28,Cash on Delivery,Successful,5345.25
PAY12998,ORD12998,2025-02-25,Debit Card,Successful,126336.4
PAY12999,ORD12999,2025-10-28,UPI,Successful,5909.61
PAY13000,ORD13000,2025-01-27,Credit Card,Successful,28165.47
PAY13001,ORD13001,2025-02-22,Net Banking,Refunded,9030.8
PAY13002,ORD13002,2025-12-03,Credit Card,Successful,8010.78
PAY13003,ORD13003,2025-06-05,Cash on Delivery,Successful,19523.44
PAY13004,ORD13004,2025-08-02,Net Banking,Successful,2723.68
PAY13005,ORD13005,2025-08-19,Debit Card,Successful,104041.24
PAY13006,ORD13006,2025-01-20,Net Banking,Successful,56860.6
PAY13007,ORD13007,2025-12-20,Credit Card,Successful,10654.81
PAY13008,ORD13008,2025-04-10,Debit Card,Successful,36484.52
PAY13009,ORD13009,2025-12-27,Debit Card,Successful,34534.02
PAY13010,ORD13010,2025-05-11,Debit Card,Successful,31560.56
PAY13011,ORD13011,2025-05-03,Credit Card,Successful,14776.34
PAY13012,ORD13012,2025-05-15,Credit Card,Successful,8469.77
PAY13013,ORD13013,2025-03-06,UPI,Successful,74983.63
PAY13014,ORD13014,2025-12-30,Cash on Delivery,Successful,132606.84
PAY13015,ORD13015,2025-07-27,Credit Card,Successful,15166.13
PAY13016,ORD13016,2025-01-29,Credit Card,Successful,93838.75
PAY13017,ORD13017,2025-06-07,Debit Card,Pending,6154.29
PAY13018,ORD13018,2025-01-01,UPI,Successful,4672.24
PAY13019,ORD13019,2025-11-27,Debit Card,Successful,49355.53
PAY13020,ORD13020,2025-02-25,Cash on Delivery,Successful,6051.94
PAY13021,ORD13021,2025-07-11,Credit Card,Successful,8220.8
PAY13022,ORD13022,2025-07-08,Credit Card,Successful,7269.26
PAY13023,ORD13023,2025-02-19,Cash on Delivery,Successful,102542.65
PAY13024,ORD13024,2025-11-15,Debit Card,Successful,6532.89
PAY13025,ORD13025,2025-01-30,Cash on Delivery,Successful,16308.46
PAY13026,ORD13026,2025-11-06,Cash on Delivery,Successful,2988.11
PAY13027,ORD13027,2025-08-11,Debit Card,Successful,13133.67
PAY13028,ORD13028,2025-05-09,Net Banking,Successful,53627.0
PAY13029,ORD13029,2025-07-08,Credit Card,Successful,24878.14
PAY13030,ORD13030,2025-11-02,Credit Card,Successful,12423.78
PAY13031,ORD13031,2025-12-25,Debit Card,Successful,10597.58
PAY13032,ORD13032,2025-08-25,UPI,Successful,6902.17
PAY13033,ORD13033,2025-08-08,Net Banking,Successful,133325.09
PAY13034,ORD13034,2025-03-24,Debit Card,Successful,1409.0
PAY13035,ORD13035,2025-01-09,Debit Card,Successful,2852.69
PAY13036,ORD13036,2025-12-24,UPI,Successful,16044.48
PAY13037,ORD13037,2025-04-02,Net Banking,Successful,27110.98
PAY13038,ORD13038,2025-05-31,Net Banking,Successful,133405.56
PAY13039,ORD13039,2025-07-02,Debit Card,Successful,2555.8
PAY13040,ORD13040,2025-08-09,Cash on Delivery,Successful,42460.21
PAY13041,ORD13041,2025-05-19,Credit Card,Successful,7333.8
PAY13042,ORD13042,2025-02-20,UPI,Successful,6484.12
PAY13043,ORD13043,2025-08-24,Net Banking,Successful,29615.2
PAY13044,ORD13044,2025-01-22,Credit Card,Successful,1893.59
PAY13045,ORD13045,2025-04-24,Net Banking,Successful,7628.88
PAY13046,ORD13046,2025-04-06,Net Banking,Successful,36375.92
PAY13047,ORD13047,2025-03-12,Cash on Delivery,Successful,59978.47
PAY13048,ORD13048,2025-12-11,Cash on Delivery,Successful,3540.37
PAY13049,ORD13049,2025-12-01,Credit Card,Successful,103122.18
PAY13050,ORD13050,2025-08-22,Cash on Delivery,Refunded,3734.18
PAY13051,ORD13051,2025-09-01,Debit Card,Successful,213912.49
PAY13052,ORD13052,2025-02-26,Debit Card,Failed,6464.98
PAY13053,ORD13053,2025-08-17,Cash on Delivery,Successful,5168.52
PAY13054,ORD13054,2025-01-21,Credit Card,Refunded,2879.42
PAY13055,ORD13055,2025-04-26,Credit Card,Successful,42202.38
PAY13056,ORD13056,2025-02-20,Debit Card,Successful,22366.39
PAY13057,ORD13057,2025-07-19,Credit Card,Refunded,9693.43
PAY13058,ORD13058,2025-09-14,Credit Card,Successful,8139.6
PAY13059,ORD13059,2025-05-11,Cash on Delivery,Successful,48288.59
PAY13060,ORD13060,2025-09-21,Debit Card,Successful,25489.71
PAY13061,ORD13061,2025-04-17,UPI,Pending,3947.03
PAY13062,ORD13062,2025-03-25,Cash on Delivery,Successful,87738.44
PAY13063,ORD13063,2025-06-13,UPI,Successful,200731.75
PAY13064,ORD13064,2025-06-15,UPI,Successful,16134.43
PAY13065,ORD13065,2025-06-24,Net Banking,Successful,3776.48
PAY13066,ORD13066,2025-05-19,UPI,Successful,5636.01
PAY13067,ORD13067,2025-05-08,Cash on Delivery,Successful,8253.12
PAY13068,ORD13068,2025-05-28,Credit Card,Successful,4241.12
PAY13069,ORD13069,2025-09-10,Cash on Delivery,Successful,2214.84
PAY13070,ORD13070,2025-05-01,Credit Card,Successful,5978.47
PAY13071,ORD13071,2025-09-20,Debit Card,Successful,4725.0
PAY13072,ORD13072,2025-07-27,Credit Card,Refunded,142353.15
PAY13073,ORD13073,2025-08-07,Net Banking,Successful,49261.22
PAY13074,ORD13074,2025-06-02,Debit Card,Successful,17172.53
PAY13075,ORD13075,2025-07-05,Credit Card,Pending,55099.4
PAY13076,ORD13076,2025-10-18,UPI,Failed,1879.96
PAY13077,ORD13077,2025-10-24,Credit Card,Successful,96847.15
PAY13078,ORD13078,2025-09-12,UPI,Successful,47833.68
PAY13079,ORD13079,2025-10-21,Cash on Delivery,Failed,4616.78
PAY13080,ORD13080,2025-02-21,Debit Card,Successful,4325.75
PAY13081,ORD13081,2025-01-09,UPI,Successful,71606.52
PAY13082,ORD13082,2025-01-01,Net Banking,Successful,5463.96
PAY13083,ORD13083,2025-10-21,Credit Card,Successful,56472.86
PAY13084,ORD13084,2025-05-28,Net Banking,Successful,100950.66
PAY13085,ORD13085,2025-06-27,Net Banking,Successful,6292.55
PAY13086,ORD13086,2025-12-28,Net Banking,Failed,174217.9
PAY13087,ORD13087,2025-11-05,Cash on Delivery,Successful,20844.35
PAY13088,ORD13088,2025-05-03,Debit Card,Successful,8802.11
PAY13089,ORD13089,2025-05-11,UPI,Successful,85202.86
PAY13090,ORD13090,2025-09-15,Cash on Delivery,Successful,3353.93
PAY13091,ORD13091,2025-10-11,UPI,Successful,1278.11
PAY13092,ORD13092,2025-10-08,Debit Card,Successful,3572.79
PAY13093,ORD13093,28/01/2025,Cash on Delivery,Successful,118795.78
PAY13094,ORD13094,2025-09-27,UPI,Successful,50170.66
PAY13095,ORD13095,2025-06-07,Cash on Delivery,Successful,17877.21
PAY13096,ORD13096,2025-08-23,Credit Card,Successful,100731.18
PAY13097,ORD13097,2025-05-15,Net Banking,Successful,56756.63
PAY13098,ORD13098,2025-12-13,Net Banking,Successful,4621.53
PAY13099,ORD13099,2025-05-22,Credit Card,Successful,2379.05
PAY13100,ORD13100,2025-06-23,Cash on Delivery,Successful,19341.99
PAY13101,ORD13101,2025-11-19,Cash on Delivery,Successful,3319.48
PAY13102,ORD13102,2025-10-22,Debit Card,Successful,3242.38
PAY13103,ORD13103,2025-10-06,Debit Card,Successful,3215.67
PAY13104,ORD13104,2025-01-19,UPI,Successful,19340.61
PAY13105,ORD13105,2025-03-05,Credit Card,Successful,138548.19
PAY13106,ORD13106,2025-06-27,Cash on Delivery,Successful,48882.01
PAY13107,ORD13107,2025-09-24,Credit Card,Successful,15846.43
PAY13108,ORD13108,2025-07-19,Credit Card,Successful,16861.13
PAY13109,ORD13109,2025-07-04,UPI,Successful,5667.85
PAY13110,ORD13110,2025-11-21,Cash on Delivery,Successful,29024.23
PAY13111,ORD13111,2025-01-11,Net Banking,Successful,147443.12
PAY13112,ORD13112,2025-07-30,Credit Card,Successful,11579.07
PAY13113,ORD13113,2025-06-08,Credit Card,Successful,126461.09
PAY13114,ORD13114,2025-08-01,Net Banking,Successful,20444.85
PAY13115,ORD13115,2025-07-11,Debit Card,Pending,2919.61
PAY13116,ORD13116,2025-09-10,Debit Card,Successful,7130.95
PAY13117,ORD13117,2025-10-22,Debit Card,Successful,8500.5
PAY13118,ORD13118,2025-07-03,Credit Card,Successful,12236.38
PAY13119,ORD13119,2025-04-09,Net Banking,Successful,8660.12
PAY13120,ORD13120,2025-04-24,Debit Card,Successful,1844.5
PAY13121,ORD13121,2025-11-04,UPI,Successful,6701.24
PAY13122,ORD13122,2025-02-07,Net Banking,Refunded,7610.77
PAY13123,ORD13123,2025-12-18,Net Banking,Successful,6649.04
PAY13124,ORD13124,2025-10-12,Cash on Delivery,Successful,39282.7
PAY13125,ORD13125,2025-12-16,Cash on Delivery,Successful,172269.67
PAY13126,ORD13126,2025-10-05,UPI,Successful,93555.54
PAY13127,ORD13127,2025-04-08,Credit Card,Refunded,1983.13
PAY13128,ORD13128,2025-01-14,UPI,Successful,3048.98
PAY13129,ORD13129,2025-09-13,Cash on Delivery,Successful,5944.79
PAY13130,ORD13130,2025-09-22,Credit Card,Successful,1199.65
PAY13131,ORD13131,2025-12-20,UPI,Successful,11867.69
PAY13132,ORD13132,2025-08-20,Credit Card,Successful,15444.53
PAY13133,ORD13133,2025-07-17,Net Banking,Successful,79459.09
PAY13134,ORD13134,2025-12-05,Cash on Delivery,Successful,88355.33
PAY13135,ORD13135,2025-04-13,Credit Card,Successful,11318.92
PAY13136,ORD13136,2025-08-10,Cash on Delivery,Successful,16345.92
PAY13137,ORD13137,2025-11-02,Credit Card,Successful,13871.26
PAY13138,ORD13138,2025-04-26,Credit Card,Successful,45360.23
PAY13139,ORD13139,2025-12-06,Net Banking,Successful,25826.11
PAY13140,ORD13140,2025-03-13,Net Banking,Successful,7196.5
PAY13141,ORD13141,2025-01-23,Cash on Delivery,Successful,103899.43
PAY13142,ORD13142,2025-01-28,Credit Card,Failed,62822.86
PAY13143,ORD13143,2025-04-13,Credit Card,Successful,57606.31
PAY13144,ORD13144,2025-05-24,Net Banking,Successful,48510.92
PAY13145,ORD13145,2025-11-04,Cash on Delivery,Successful,1308.4
PAY13146,ORD13146,2025-09-02,Cash on Delivery,Failed,5665.56
PAY13147,ORD13147,2025-09-21,Credit Card,Successful,75787.76
PAY13148,ORD13148,2025-10-31,Cash on Delivery,Successful,175164.26
PAY13149,ORD13149,2025-09-07,Debit Card,Successful,6100.99
PAY13150,ORD13150,2025-09-22,Credit Card,Successful,155218.9
PAY13151,ORD13151,2025-06-22,Credit Card,Successful,5885.14
PAY13152,ORD13152,2025-12-08,Cash on Delivery,Successful,2594.34
PAY13153,ORD13153,2025-05-25,Credit Card,Successful,4009.16
PAY13154,ORD13154,2025-03-20,Debit Card,Successful,803.51
PAY13155,ORD13155,2025-04-15,Debit Card,Successful,4022.08
PAY13156,ORD13156,2025-01-19,Credit Card,Successful,115751.59
PAY13157,ORD13157,2025-02-27,Net Banking,Refunded,6817.46
PAY13158,ORD13158,2025-03-11,Credit Card,Successful,4315.12
PAY13159,ORD13159,2025-07-24,UPI,Successful,146854.49
PAY13160,ORD13160,2025-09-09,Net Banking,Successful,2395.62
PAY13161,ORD13161,2025-07-01,UPI,Successful,3352.58
PAY13162,ORD13162,2025-07-06,Debit Card, Successful ,5695.32
PAY13163,ORD13163,2025-06-26,UPI,Successful,3927.61
PAY13164,ORD13164,2025-02-17,UPI,Refunded,1303.79
PAY13165,ORD13165,2025-12-13,Credit Card,Successful,5104.08
PAY13166,ORD13166,2025-06-04,Net Banking,Successful,14424.71
PAY13167,ORD13167,2025-08-03,Net Banking,Successful,7869.31
PAY13168,ORD13168,2025-06-06,UPI,Successful,6003.44
PAY13169,ORD13169,2025-09-11,Net Banking,Successful,2132.24
PAY13170,ORD13170,2025-05-12,Credit Card,Successful,11677.72
PAY13171,ORD13171,2025-02-14,Net Banking,Successful,15985.92
PAY13172,ORD13172,2025-01-21,Credit Card,Successful,5092.2
PAY13173,ORD13173,2025-11-26,Credit Card,Successful,46692.47
PAY13174,ORD13174,2025-11-13,Cash on Delivery,Successful,12482.2
PAY13175,ORD13175,2025-06-14,Credit Card,Failed,866.19
PAY13176,ORD13176,2025-09-02,Credit Card,Successful,2676.3
PAY13177,ORD13177,2025-10-31,Debit Card,Successful,3626.8
PAY13178,ORD13178,2025-05-17,Credit Card,Successful,5430.76
PAY13179,ORD13179,2025-03-18,Debit Card,Successful,12075.52
PAY13180,ORD13180,2025-04-20,Cash on Delivery,Successful,111083.97
PAY13181,ORD13181,2025-09-08,Net Banking,Successful,9937.58
PAY13182,ORD13182,2025-02-05,Credit Card,Successful,31854.3
PAY13183,ORD13183,2025-04-29,,Successful,140226.72
PAY13184,ORD13184,2025-07-03,Credit Card,Successful,49116.52
PAY13185,ORD13185,2025-07-17,Net Banking,Successful,1332.96
PAY13186,ORD13186,2025-09-12,UPI,Successful,375729.25
PAY13187,ORD13187,2025-04-09,Cash on Delivery,Successful,4403.72
PAY13188,ORD13188,2025-10-11,UPI,Successful,10103.95
PAY13189,ORD13189,2025-11-13,Credit Card,Successful,82667.58
PAY13190,ORD13190,2025-01-16,Cash on Delivery,Successful,12335.65
PAY13191,ORD13191,2025-05-09,Cash on Delivery,Failed,2763.68
PAY13192,ORD13192,2025-02-06,Cash on Delivery,Successful,134573.28
PAY13193,ORD13193,2025-08-25,Cash on Delivery,Successful,6453.56
PAY13194,ORD13194,2025-07-19,UPI,Successful,4970.49
PAY13195,ORD13195,2025-07-11,Net Banking,Failed,4834.52
PAY13196,ORD13196,2025-07-09,UPI,Successful,2360.56
PAY13197,ORD13197,2025-10-06,Debit Card,Successful,188865.66
PAY13198,ORD13198,2025-06-02,Net Banking,Successful,2906.76
PAY13199,ORD13199,2025-03-08,Net Banking,Refunded,60238.12
PAY13200,ORD13200,2025-06-09,Credit Card,Successful,70616.0
PAY13201,ORD13201,2025-03-31,UPI,Successful,4950.67
PAY13202,ORD13202,2025-03-31,Credit Card,Successful,15892.5
PAY13203,ORD13203,2025-11-20,Cash on Delivery,Successful,14973.06
PAY13204,ORD13204,2025-12-30,Credit Card,Successful,12970.01
PAY13205,ORD13205,2025-01-29,Credit Card,Failed,5407.04
PAY13206,ORD13206,2025-08-31,UPI,Successful,63826.4
PAY13207,ORD13207,2025-12-10,Net Banking,Successful,112522.35
PAY13208,ORD13208,2025-08-10,Cash on Delivery,Successful,59968.99
PAY13209,ORD13209,2025-08-12,Debit Card,Successful,12115.05
PAY13210,ORD13210,2025-09-26,Debit Card,Successful,17429.88
PAY13211,ORD13211,2025-12-09,UPI,Successful,54662.96
PAY13212,ORD13212,2025-11-03,UPI,Failed,7403.78
PAY13213,ORD13213,2025-11-21,Cash on Delivery,Successful,2245.22
PAY13214,ORD13214,2025-05-01,Debit Card,Failed,34558.82
PAY13215,ORD13215,2025-12-19,UPI,Successful,31544.02
PAY13216,ORD13216,2025-11-01,UPI,Successful,22922.81
PAY13217,ORD13217,2025-06-06,upi,Successful,42353.2
PAY13218,ORD13218,2025-01-02,Credit Card,Successful,7107.62
PAY13219,ORD13219,2025-05-03,UPI,Successful,94332.7
PAY13220,ORD13220,2025-04-11,Debit Card,Successful,10103.68
PAY13221,ORD13221,2025-09-24,Credit Card,Successful,15192.91
PAY13222,ORD13222,2025-04-24,Debit Card,Successful,6978.02
PAY13223,ORD13223,2025-12-27,Net Banking,Successful,5477.36
PAY13224,ORD13224,2025-10-31,Net Banking,Successful,8985.21
PAY13225,ORD13225,2025-03-21,Net Banking,Successful,1984.08
PAY13226,ORD13226,2025-05-30,Debit Card,Successful,10446.74
PAY13227,ORD13227,2025-11-18,UPI,Failed,32861.59
PAY13228,ORD13228,2025-05-23,Debit Card,Successful,6449.07
PAY13229,ORD13229,2025-07-19,UPI,Successful,140139.13
PAY13230,ORD13230,2025-07-16,Debit Card,Successful,248350.33
PAY13231,ORD13231,2025-05-12,Debit Card,Successful,1617.67
PAY13232,ORD13232,2025-06-23,Cash on Delivery,Successful,2531.61
PAY13233,ORD13233,2025-05-08,Debit Card,Successful,50343.17
PAY13234,ORD13234,2025-01-08,Debit Card,Successful,1603.88
PAY13235,ORD13235,2025-03-07,Cash on Delivery,Successful,206357.2
PAY13236,ORD13236,2025-11-17,Debit Card,Successful,58713.59
PAY13237,ORD13237,2025-06-29,Credit Card,Pending,16215.84
PAY13238,ORD13238,2025-07-01,UPI,Successful,99751.55
PAY13239,ORD13239,06/02/2025,Net Banking,Successful,22416.88
PAY13240,ORD13240,2025-08-06,UPI,Refunded,44204.07
PAY13241,ORD13241,2025-09-27,UPI,Successful,6375.81
PAY13242,ORD13242,2025-01-17,Net Banking,Successful,1579.77
PAY13243,ORD13243,2025-03-30,Debit Card,Successful,11583.38
PAY13244,ORD13244,2025-05-02,Cash on Delivery,Successful,116921.28
PAY13245,ORD13245,2025-02-06,Net Banking,Successful,873.33
PAY13246,ORD13246,2025-06-18,Debit Card,Refunded,17733.92
PAY13247,ORD13247,2025-03-30,Net Banking,Successful,6277.63
PAY13248,ORD13248,2025-10-22,Debit Card,Failed,5446.52
PAY13249,ORD13249,2025-07-05,UPI,Successful,32412.33
PAY13250,ORD13250,2025-04-18,Net Banking,Successful,4307.93
PAY13251,ORD13251,2025-07-25,Net Banking,Successful,13114.12
PAY13252,ORD13252,2025-01-29,Cash on Delivery,Successful,33849.61
PAY13253,ORD13253,2025-03-23,Credit Card,Successful,6374.78
PAY13254,ORD13254,2025-01-28,UPI,Successful,19213.76
PAY13255,ORD13255,2025-01-30,Credit Card,Successful,72852.0
PAY13256,ORD13256,2025-05-30,Debit Card,Successful,1016.5
PAY13257,ORD13257,2025-04-03,Cash on Delivery,Successful,2163.7
PAY13258,ORD13258,2025-07-03,Debit Card,Successful,2503.96
PAY13259,ORD13259,2025-12-29,UPI,Successful,1386.85
PAY13260,ORD13260,2025-07-11,Cash on Delivery,Failed,128103.44
PAY13261,ORD13261,2025-08-15,UPI,Successful,194174.92
PAY13262,ORD13262,2025-11-25,Net Banking,Successful,4641.81
PAY13263,ORD13263,2025-02-04,Net Banking,Successful,10526.79
PAY13264,ORD13264,2025-12-24,Net Banking,Successful,24453.33
PAY13265,ORD13265,2025-08-22,Credit Card,Successful,32224.16
PAY13266,ORD13266,2025-08-18,Net Banking,Successful,5455.77
PAY13267,ORD13267,2025-07-10,Debit Card,Refunded,8196.84
PAY13268,ORD13268,2025-02-07,Net Banking,Successful,10621.34
PAY13269,ORD13269,30-06-2025,UPI,Successful,71112.46
PAY13270,ORD13270,2025-08-13,UPI,Successful,6671.54
PAY13271,ORD13271,2025-07-18,Credit Card,Successful,125669.06
PAY13272,ORD13272,2025-02-09,Net Banking,Pending,96518.21
PAY13273,ORD13273,2025-08-11,UPI,Successful,18542.0
PAY13274,ORD13274,2025-09-03,Cash on Delivery,Successful,77038.68
PAY13275,ORD13275,2025-09-05,UPI,Successful,8769.38
PAY13276,ORD13276,2025-12-12,Credit Card,Successful,5113.62
PAY13277,ORD13277,2025-12-20,Net Banking,Successful,7305.64
PAY13278,ORD13278,2025-04-13,Debit Card,Successful,12292.37
PAY13279,ORD13279,2025-07-27,UPI,Refunded,8913.73
PAY13280,ORD13280,2025-02-11,Net Banking,Successful,25711.3
PAY13281,ORD13281,2025-05-29,Cash on Delivery,Successful,149226.48
PAY13282,ORD13282,2025-12-05,Net Banking,Successful,152162.36
PAY13283,ORD13283,2025-05-18,Credit Card,Successful,2641.05
PAY13284,ORD13284,2025-09-23,upi,Successful,3040.58
PAY13285,ORD13285,2025-09-23,Credit Card,Refunded,19798.11
PAY13286,ORD13286,2025-12-07,UPI,Failed,32754.66
PAY13287,ORD13287,2025-05-20,Cash on Delivery,Pending,16555.39
PAY13288,ORD13288,2025-01-10,Credit Card,Pending,9749.3
PAY13289,ORD13289,2025-11-12,UPI,Successful,61945.27
PAY13290,ORD13290,2025-12-23,Credit Card,Successful,36064.98
PAY13291,ORD13291,2025-01-20,Credit Card,Successful,11856.94
PAY13292,ORD13292,2025-10-30,Net Banking,Successful,1367.14
PAY13293,ORD13293,2025-08-07,Credit Card,Successful,5347.37
PAY13294,ORD13294,2025-12-23,Cash on Delivery,Successful,1704.2
PAY13295,ORD13295,2025-02-21,Credit Card,Successful,20462.8
PAY13296,ORD13296,2025-09-13,Debit Card,Successful,15533.41
PAY13297,ORD13297,2025-08-24,Credit Card,Successful,6507.49
PAY13298,ORD13298,2025-06-20,Net Banking,Successful,618.48
PAY13299,ORD13299,2025-12-22,Credit Card,Successful,626.67
PAY13300,ORD13300,2025-08-05,UPI,Successful,3713.89
PAY13301,ORD13301,2025-08-05,Credit Card,Successful,65257.03
PAY13302,ORD13302,2025-08-30,Debit Card,Successful,151902.46
PAY13303,ORD13303,2025-09-27,Cash on Delivery,Successful,11922.88
PAY13304,ORD13304,2025-09-10,Cash on Delivery,Successful,3953.46
PAY13305,ORD13305,2025-06-18,UPI,Successful,7454.58
PAY13306,ORD13306,2025-10-09,UPI,Successful,21455.47
PAY13307,ORD13307,2025-04-14,Credit Card,Successful,67224.69
PAY13308,ORD13308,2025-03-16,Net Banking,Failed,62943.19
PAY13309,ORD13309,2025-07-07,Net Banking,Successful,118205.22
PAY13310,ORD13310,2025-01-31,Cash on Delivery,Successful,21338.79
PAY13311,ORD13311,2025-05-28,Cash on Delivery,Refunded,64819.87
PAY13312,ORD13312,2025-12-08,UPI,Successful,5119.47
PAY13313,ORD13313,2025-07-24,Net Banking,Successful,2176.75
PAY13314,ORD13314,2025-10-13,Cash on Delivery,Successful,70687.58
PAY13315,ORD13315,2025-02-24,Cash on Delivery,Successful,13748.91
PAY13316,ORD13316,2025-11-25,UPI,Successful,966.16
PAY13317,ORD13317,2025-07-14,Net Banking,Failed,3278.65
PAY13318,ORD13318,2025-10-01,UPI,Successful,27528.76
PAY13319,ORD13319,2025-05-20,UPI,Successful,5108.72
PAY13320,ORD13320,2025-10-14,UPI,Successful,42899.08
PAY13321,ORD13321,2025-03-01,Credit Card,Refunded,17634.39
PAY13322,ORD13322,2025-11-11,Debit Card,Successful,17407.4
PAY13323,ORD13323,2025-08-20,Net Banking,Successful,8393.9
PAY13324,ORD13324,2025-12-04,Cash on Delivery,Successful,6901.91
PAY13325,ORD13325,2025-10-20,Net Banking,Successful,2096.85
PAY13326,ORD13326,2025-01-13,UPI,Successful,13525.33
PAY13327,ORD13327,2025-02-18,Debit Card,Successful,14195.92
PAY13328,ORD13328,2025-04-05,UPI,Failed,6452.62
PAY13329,ORD13329,2025-10-14,UPI,Successful,9303.39
PAY13330,ORD13330,2025-10-28,Debit Card,Successful,14013.71
PAY13331,ORD13331,2025-08-25,Cash on Delivery,Successful,195261.24
PAY13332,ORD13332,2025-11-22,UPI,Successful,1272.0
PAY13333,ORD13333,2025-08-26,Cash on Delivery,Failed,3307.06
PAY13334,ORD13334,2025-02-24,UPI,Successful,10524.9
PAY13335,ORD13335,2025-05-30,Cash on Delivery,Successful,18501.28
PAY13336,ORD13336,2025-11-17,Net Banking,Successful,26351.85
PAY13337,ORD13337,2025-05-19,Debit Card,Successful,86914.83
PAY13338,ORD13338,2025-03-31,Debit Card,Successful,102806.47
PAY13339,ORD13339,2025-08-16,UPI,Successful,102279.37
PAY13340,ORD13340,2025-01-23,UPI,Successful,16943.48
PAY13341,ORD13341,2025-03-01,Credit Card,Successful,23096.31
PAY13342,ORD13342,2025-07-20,UPI,Successful,9587.1
PAY13343,ORD13343,2025-01-02,UPI,Successful,1440.58
PAY13344,ORD13344,2025-12-24,UPI,Successful,64964.33
PAY13345,ORD13345,2025-03-15,Debit Card,Successful,3033.71
PAY13346,ORD13346,2025-03-19,Debit Card,Successful,2822.43
PAY13347,ORD13347,2025-12-31,UPI,Successful,1999.87
PAY13348,ORD13348,2025-08-15,UPI,Successful,138609.4
PAY13349,ORD13349,2025-03-02,Credit Card,Successful,19930.04
PAY13350,ORD13350,2025-10-09,Credit Card,Successful,1864.79
PAY13351,ORD13351,2025-04-03,UPI,Refunded,6515.42
PAY13352,ORD13352,2025-03-08,Cash on Delivery,Successful,2987.21
PAY13353,ORD13353,2025-01-21,UPI,Successful,8818.76
PAY13354,ORD13354,2025-08-26,Debit Card,Successful,68539.43
PAY13355,ORD13355,2025-10-25,Net Banking,Failed,3753.15
PAY13356,ORD13356,2025-07-06,UPI,Successful,2035.94
PAY13357,ORD13357,2025-04-20,UPI,Successful,2288.09
PAY13358,ORD13358,2025-08-22,Credit Card,Successful,56662.03
PAY13359,ORD13359,2025-08-30,UPI,Successful,12614.88
PAY13360,ORD13360,2025-07-11,Net Banking,Failed,747.12
PAY13361,ORD13361,2025-09-17,Cash on Delivery,Successful,22184.4
PAY13362,ORD13362,2025-04-15,Debit Card,Successful,4611.13
PAY13363,ORD13363,2025-10-15,Net Banking,Successful,12159.12
PAY13364,ORD13364,2025-05-14,Credit Card,Successful,3221.48
PAY13365,ORD13365,2025-08-15,Credit Card,Successful,9989.79
PAY13366,ORD13366,2025-10-24,Net Banking,Failed,1918.41
PAY13367,ORD13367,2025-09-07,Debit Card,Successful,8754.61
PAY13368,ORD13368,2025-06-02,Net Banking,Successful,3874.43
PAY13369,ORD13369,2025-11-14,Net Banking,Pending,6168.89
PAY13370,ORD13370,2025-10-27,UPI,Successful,23258.23
PAY13371,ORD13371,2025-04-19,Cash on Delivery,Successful,11192.29
PAY13372,ORD13372,2025-01-15,Credit Card,Successful,2955.12
PAY13373,ORD13373,2025-08-18,Credit Card,Successful,1744.91
PAY13374,ORD13374,2025-03-27,Debit Card,Failed,1856.41
PAY13375,ORD13375,2025-10-03,Credit Card,Successful,259726.66
PAY13376,ORD13376,2025-04-20,Cash on Delivery,Successful,41920.4
PAY13377,ORD13377,2025-10-16,Debit Card,Successful,47611.35
PAY13378,ORD13378,2025-10-15,Debit Card,Successful,35364.4
PAY13379,ORD13379,2025-01-20,Debit Card,Failed,2487.81
PAY13380,ORD13380,2025-12-08,Credit Card,Successful,643.34
PAY13381,ORD13381,2025-12-18,credit card,Successful,6009.49
PAY13382,ORD13382,2025-05-26,Net Banking,Successful,57049.18
PAY13383,ORD13383,2025-01-23,Credit Card,Successful,196612.35
PAY13384,ORD13384,2025-04-22,UPI,Successful,9118.76
PAY13385,ORD13385,2025-01-12,UPI,Successful,7493.78
PAY13386,ORD13386,2025-08-30,Credit Card,Failed,57446.67
PAY13387,ORD13387,2025-01-19,Credit Card,Successful,1333.74
PAY13388,ORD13388,2025-04-05,Net Banking,Refunded,9430.03
PAY13389,ORD13389,2025-12-08,Net Banking,Refunded,14816.26
PAY13390,ORD13390,2025-03-17,UPI,Successful,1092.8
PAY13391,ORD13391,2025-10-29,Credit Card,Successful,14311.58
PAY13392,ORD13392,2025-02-25,UPI,Failed,1390.15
PAY13393,ORD13393,2025-03-04,UPI,Successful,1230.66
PAY13394,ORD13394,2025-05-02,UPI,Pending,36013.89
PAY13395,ORD13395,2025-04-07,Net Banking,Successful,4168.82
PAY13396,ORD13396,2025-02-23,Cash on Delivery,Successful,12729.34
PAY13397,ORD13397,2025-10-09,UPI,Failed,41292.52
PAY13398,ORD13398,2025-01-22,Debit Card,Successful,54255.34
PAY13399,ORD13399,2025-06-26,Cash on Delivery,Successful,1463.58
PAY13400,ORD13400,2025-03-09,Credit Card,Successful,11455.06
PAY13401,ORD13401,2025-12-18,Cash on Delivery,Successful,5629.1
PAY13402,ORD13402,2025-12-30,Debit Card,Successful,61848.33
PAY13403,ORD13403,2025-07-08,Credit Card,Successful,5311.17
PAY13404,ORD13404,2025-11-01,UPI,Successful,6851.71
PAY13405,ORD13405,2025-09-17,Net Banking,Successful,2365.93
PAY13406,ORD13406,2025-08-02,Cash on Delivery,Failed,3861.16
PAY13407,ORD13407,2025-05-13,UPI,Successful,2902.53
PAY13408,ORD13408,2025-03-29,Debit Card,Successful,17425.05
PAY13409,ORD13409,2025-10-03,Credit Card,Successful,8819.32
PAY13410,ORD13410,2025-03-26,Net Banking,Successful,17476.52
PAY13411,ORD13411,2025-06-05,Debit Card,Successful,4776.54
PAY13412,ORD13412,2025-08-25,Debit Card,Successful,146132.74
PAY13413,ORD13413,2025-05-30,Net Banking,Successful,4010.99
PAY13414,ORD13414,2025-07-05,UPI,Successful,2599.52
PAY13415,ORD13415,2025-06-02,UPI,Successful,13184.11
PAY13416,ORD13416,2025-08-11,Cash on Delivery,Successful,68061.87
PAY13417,ORD13417,19/05/2025,Net Banking,Successful,73763.91
PAY13418,ORD13418,2025-02-12,Net Banking,Successful,1666.94
PAY13419,ORD13419,2025-12-09,Debit Card,Successful,11965.94
PAY13420,ORD13420,2025-03-22,Credit Card,Successful,53530.05
PAY13421,ORD13421,2025-12-27,Net Banking,Successful,21941.37
PAY13422,ORD13422,2025-02-23,Cash on Delivery,Successful,20638.66
PAY13423,ORD13423,2025-01-28,Cash on Delivery,Successful,62683.02
PAY13424,ORD13424,2025-04-02,Cash on Delivery,Refunded,50626.41
PAY13425,ORD13425,2025-01-12,Debit Card,Successful,10496.59
PAY13426,ORD13426,2025-11-09,Cash on Delivery,Failed,94222.17
PAY13427,ORD13427,2025-07-29,UPI,Refunded,70637.89
PAY13428,ORD13428,2025-02-17,Net Banking,Successful,2488.78
PAY13429,ORD13429,2025-05-19,cash on delivery,Successful,17095.55
PAY13430,ORD13430,2025-01-10,Cash on Delivery,Successful,25896.15
PAY13431,ORD13431,2025-07-14,Credit Card,Successful,4010.92
PAY13432,ORD13432,2025-06-09,Net Banking,Successful,6991.39
PAY13433,ORD13433,2025-10-30,Credit Card,Successful,194875.36
PAY13434,ORD13434,2025-05-12,Debit Card,Successful,104626.43
PAY13435,ORD13435,2025-10-27,UPI,Successful,234989.57
PAY13436,ORD13436,2025-01-03,Cash on Delivery,Failed,80699.37
PAY13437,ORD13437,2025-08-12,Cash on Delivery,Successful,28106.16
PAY13438,ORD13438,2025-05-27,Credit Card,Successful,62732.45
PAY13439,ORD13439,2025-07-21,UPI,Successful,252905.28
PAY13440,ORD13440,2025-12-29,Cash on Delivery,Successful,3078.38
PAY13441,ORD13441,2025-05-22,Net Banking,Pending,2959.43
PAY13442,ORD13442,2025-03-12,UPI,Successful,34372.13
PAY13443,ORD13443,2025-02-04,Net Banking,Successful,139641.53
PAY13444,ORD13444,2025-10-19,Debit Card,Successful,58545.94
PAY13445,ORD13445,2025-08-11,Net Banking,Successful,293.48
PAY13446,ORD13446,2025-05-17,Net Banking,Successful,233195.89
PAY13447,ORD13447,2025-01-09,Debit Card,Successful,3856.79
PAY13448,ORD13448,2025-05-25,Cash on Delivery,Successful,1513.8
PAY13449,ORD13449,2025-09-01,Credit Card,Successful,71992.4
PAY13450,ORD13450,16-11-2025,Debit Card,Successful,1056.87
PAY13451,ORD13451,2025-12-15,Debit Card,Successful,7628.42
PAY13452,ORD13452,2025-05-25,Debit Card,Refunded,47729.84
PAY13453,ORD13453,2025-11-17,Credit Card,Successful,30101.19
PAY13454,ORD13454,2025-03-16,UPI,Successful,26433.76
PAY13455,ORD13455,2025-05-23,UPI,Successful,7802.68
PAY13456,ORD13456,2025-12-02,Debit Card,Successful,12462.14
PAY13457,ORD13457,2025-04-29,Debit Card,Successful,1717.91
PAY13458,ORD13458,2025-06-09,Credit Card,Successful,1547.5
PAY13459,ORD13459,2025-10-31,Net Banking,Successful,27829.73
PAY13460,ORD13460,2025-01-30,Credit Card,Successful,7723.43
PAY13461,ORD13461,2025-04-24,Credit Card,Successful,78957.48
PAY13462,ORD13462,2025-03-30,UPI,Successful,2246.07
PAY13463,ORD13463,2025-04-23,UPI,Refunded,57782.03
PAY13464,ORD13464,2025-03-15,Debit Card,Successful,26182.95
PAY13465,ORD13465,2025-01-30,Net Banking,Successful,1351.79
PAY13466,ORD13466,2025-12-07,UPI,Failed,103474.82
PAY13467,ORD13467,2025-03-10,UPI,Successful,5513.54
PAY13468,ORD13468,2025-06-11,Debit Card,Failed,6876.81
PAY13469,ORD13469,2025-02-19,Credit Card,Successful,4874.02
PAY13470,ORD13470,26-01-2025,Cash on Delivery,Successful,5293.11
PAY13471,ORD13471,2025-09-14,Cash on Delivery,Refunded,3133.7
PAY13472,ORD13472,2025-07-04,Credit Card,Successful,3525.61
PAY13473,ORD13473,2025-03-02,UPI,Successful,1112.49
PAY13474,ORD13474,2025-11-23,UPI,Successful,3592.56
PAY13475,ORD13475,2025-08-08,Credit Card,Successful,1696.36
PAY13476,ORD13476,2025-07-22,Net Banking,Successful,10865.2
PAY13477,ORD13477,2025-09-04,Cash on Delivery,Successful,16006.9
PAY13478,ORD13478,2025-01-22,UPI,Successful,7606.54
PAY13479,ORD13479,2025-01-23,UPI,Successful,51389.96
PAY13480,ORD13480,2025-05-04,Cash on Delivery,Successful,18377.33
PAY13481,ORD13481,2025-07-02,Cash on Delivery,Successful,12047.59
PAY13482,ORD13482,2025-11-10,Credit Card,Refunded,3534.15
PAY13483,ORD13483,2025-11-14,Debit Card,Successful,104178.9
PAY13484,ORD13484,2025-08-28,Cash on Delivery,Successful,65442.63
PAY13485,ORD13485,2025-08-24,Credit Card,successful,39399.47
PAY13486,ORD13486,2025-05-24,UPI,Successful,11959.15
PAY13487,ORD13487,2025-09-11,Net Banking,Successful,16519.03
PAY13488,ORD13488,2025-08-14,upi,Successful,53624.72
PAY13489,ORD13489,2025-02-17,UPI,Successful,66085.29
PAY13490,ORD13490,2025-12-26,Debit Card,Successful,55973.23
PAY13491,ORD13491,2025-07-21,Net Banking,Successful,8197.48
PAY13492,ORD13492,2025-01-07,UPI,Successful,28384.6
PAY13493,ORD13493,2025-06-04,Cash on Delivery,Pending,15377.44
PAY13494,ORD13494,2025-03-24,Debit Card,Successful,60729.69
PAY13495,ORD13495,2025-12-26,Cash on Delivery,Successful,4221.77
PAY13496,ORD13496,2025-04-13,Debit Card,Refunded,22552.95
PAY13497,ORD13497,2025-12-14,Debit Card,Successful,49323.71
PAY13498,ORD13498,2025-12-20,Net Banking,Successful,40226.5
PAY13499,ORD13499,2025-03-03,UPI,Successful,11330.52
PAY13500,ORD13500,2025-02-18,Cash on Delivery,Successful,2771.57
PAY13501,ORD13501,2025-05-26,Credit Card,Successful,69402.49
PAY13502,ORD13502,2025-04-09,Debit Card,Successful,100000.88
PAY13503,ORD13503,2025-01-28,Credit Card,Successful,147129.9
PAY13504,ORD13504,2025-02-21,Net Banking,Successful,13784.38
PAY13505,ORD13505,2025-04-09,UPI,Successful,701.74
PAY13506,ORD13506,2025-02-08,Cash on Delivery,Pending,57423.04
PAY13507,ORD13507,2025-07-24,Debit Card,Successful,19773.34
PAY13508,ORD13508,2025-06-15,UPI,Successful,185672.99
PAY13509,ORD13509,2025-10-02,UPI,Successful,2627.06
PAY13510,ORD13510,2025-07-31,Debit Card,Successful,7441.6
PAY13511,ORD13511,2025-11-14,Credit Card,Successful,222517.74
PAY13512,ORD13512,2025-01-17,Credit Card,Successful,54235.05
PAY13513,ORD13513,2025-08-23,Debit Card,Successful,165114.99
PAY13514,ORD13514,2025-05-11,Credit Card,Successful,2009.53
PAY13515,ORD13515,2025-10-05,Cash on Delivery,Successful,122208.64
PAY13516,ORD13516,2025-07-03,Cash on Delivery,Successful,102568.49
PAY13517,ORD13517,2025-06-19,UPI,Successful,22143.08
PAY13518,ORD13518,2025-06-15,Credit Card,Successful,10084.23
PAY13519,ORD13519,2025-02-27,Debit Card,Successful,17669.7
PAY13520,ORD13520,2025-05-21,Net Banking,Successful,115484.91
PAY13521,ORD13521,2025-12-24,Debit Card,Successful,15694.44
PAY13522,ORD13522,2025-03-31,Net Banking,Refunded,3098.91
PAY13523,ORD13523,2025-12-19,Debit Card,Successful,3718.81
PAY13524,ORD13524,2025-06-20,Net Banking,Successful,4762.24
PAY13525,ORD13525,2025-01-02,Credit Card,Successful,5476.39
PAY13526,ORD13526,2025-03-16,Credit Card,Pending,2140.23
PAY13527,ORD13527,2025-07-04,UPI,Successful,50720.41
PAY13528,ORD13528,2025-07-02,UPI,Successful,227209.84
PAY13529,ORD13529,2025-10-20,Cash on Delivery,Pending,115812.85
PAY13530,ORD13530,2025-05-18,Net Banking,Successful,10403.02
PAY13531,ORD13531,2025-12-22,Cash on Delivery,Successful,3083.77
PAY13532,ORD13532,2025-08-10,Net Banking,Successful,17563.85
PAY13533,ORD13533,2025-06-15,Net Banking,Successful,1877.45
PAY13534,ORD13534,2025-01-24,Cash on Delivery,Successful,3917.23
PAY13535,ORD13535,2025-02-14,Credit Card,Successful,13291.86
PAY13536,ORD13536,2025-01-01,Credit Card,Successful,57748.81
PAY13537,ORD13537,2025-10-08,Debit Card,Successful,13283.18
PAY13538,ORD13538,2025-03-19,Net Banking,Refunded,4067.8
PAY13539,ORD13539,2025-04-13,Debit Card,Successful,5197.49
PAY13540,ORD13540,2025-07-23,Cash on Delivery,Successful,123800.2
PAY13541,ORD13541,2025-05-17,Cash on Delivery,Refunded,118429.77
PAY13542,ORD13542,2025-08-29,Cash on Delivery,Successful,196893.78
PAY13543,ORD13543,2025-02-06,UPI,Failed,1651.42
PAY13544,ORD13544,2025-06-23,UPI,Successful,16115.78
PAY13545,ORD13545,2025-10-07,Debit Card,Successful,5679.51
PAY13546,ORD13546,2025-02-20,Credit Card,Successful,1216.28
PAY13547,ORD13547,2025-10-11,Credit Card,Successful,17448.72
PAY13548,ORD13548,2025-07-14,Debit Card,Successful,2169.17
PAY13549,ORD13549,2025-09-10,Net Banking,Successful,21026.82
PAY13550,ORD13550,2025-01-08,Net Banking,Successful,1961.77
PAY13551,ORD13551,2025-07-11,UPI,Successful,8586.55
PAY13552,ORD13552,12/05/2025,Cash on Delivery,Successful,1309.49
PAY13553,ORD13553,2025-04-15,Net Banking,Successful,14096.1
PAY13554,ORD13554,2025-11-18,Net Banking,Successful,53631.59
PAY13555,ORD13555,2025-07-23,Cash on Delivery,Successful,64772.2
PAY13556,ORD13556,2025-02-15,Cash on Delivery,Successful,21466.35
PAY13557,ORD13557,2025-03-19,Debit Card,Successful,146001.66
PAY13558,ORD13558,2025-02-08,UPI,Refunded,61778.75
PAY13559,ORD13559,2025-06-08,Cash on Delivery,Successful,37012.73
PAY13560,ORD13560,2025-12-29,Credit Card,Failed,5309.9
PAY13561,ORD13561,2025-07-14,Debit Card,Refunded,3038.46
PAY13562,ORD13562,2025-03-07,Cash on Delivery,Successful,3612.66
PAY13563,ORD13563,2025-04-14,Cash on Delivery,Failed,24185.57
PAY13564,ORD13564,2025-04-02,Net Banking,Successful,109895.88
PAY13565,ORD13565,2025-04-27,Debit Card,Successful,10317.38
PAY13566,ORD13566,2025-05-13,Credit Card,Successful,6670.68
PAY13567,ORD13567,2025-01-02,Debit Card,Successful,15656.89
PAY13568,ORD13568,2025-08-03,Cash on Delivery,Refunded,60121.95
PAY13569,ORD13569,2025-12-23,Cash on Delivery,Successful,75138.01
PAY13570,ORD13570,2025-06-25,Credit Card,Refunded,1889.41
PAY13571,ORD13571,2025-05-21,UPI,Successful,73578.42
PAY13572,ORD13572,2025-05-25,UPI,Successful,16745.58
PAY13573,ORD13573,2025-07-10,Credit Card,Successful,8952.26
PAY13574,ORD13574,2025-08-06,UPI,Successful,115205.67
PAY13575,ORD13575,2025-09-03,Debit Card,Successful,74330.29
PAY13576,ORD13576,2025-02-25,Debit Card,Successful,62245.44
PAY13577,ORD13577,2025-07-09,Net Banking,Successful,753.6
PAY13578,ORD13578,2025-12-22,Net Banking,Successful,135861.29
PAY13579,ORD13579,2025-11-15,Debit Card,Successful,125379.37
PAY13580,ORD13580,2025-08-15,Net Banking,Successful,1151.57
PAY13581,ORD13581,2025-09-14,Cash on Delivery,Successful,24009.2
PAY13582,ORD13582,2025-08-18,Upi,Failed,2872.19
PAY13583,ORD13583,2025-07-17,Cash on Delivery,Successful,6197.2
PAY13584,ORD13584,2025-03-14,Cash on Delivery,Successful,12477.23
PAY13585,ORD13585,2025-05-14,Debit Card,Successful,10983.36
PAY13586,ORD13586,2025-09-17,Cash on Delivery,Successful,8002.89
PAY13587,ORD13587,2025-07-12,Net Banking,Successful,70665.91
PAY13588,ORD13588,2025-04-12,UPI,Failed,1635.12
PAY13589,ORD13589,2025-09-24,Net Banking,Successful,3125.5
PAY13590,ORD13590,2025-01-02,Credit Card,Successful,7741.25
PAY13591,ORD13591,2025-09-03,Debit Card,Successful,5112.27
PAY13592,ORD13592,2025-12-26,Credit Card,Refunded,123919.47
PAY13593,ORD13593,2025-02-01,Net Banking,Successful,8917.47
PAY13594,ORD13594,2025-10-17,UPI,Successful,95583.51
PAY13595,ORD13595,2025-06-10,Cash on Delivery,Successful,52443.28
PAY13596,ORD13596,2025-07-18,Debit Card,Successful,4413.19
PAY13597,ORD13597,2025-08-15,Net Banking,Successful,3426.28
PAY13598,ORD13598,2025-04-20,Debit Card,Successful,8505.19
PAY13599,ORD13599,2025-07-27,Cash on Delivery,Successful,8222.41
PAY13600,ORD13600,2025-12-20,Cash on Delivery,Successful,13074.29
PAY13601,ORD13601,2025-05-07,Credit Card,Successful,8796.53
PAY13602,ORD13602,2025-10-23,Credit Card,Successful,2770.73
PAY13603,ORD13603,2025-06-07,UPI,Successful,2203.98
PAY13604,ORD13604,2025-03-02,UPI,Failed,5464.63
PAY13605,ORD13605,2025-04-03,Debit Card,Successful,410.48
PAY13606,ORD13606,2025-04-11,Debit Card,Refunded,4122.39
PAY13607,ORD13607,2025-11-08,Cash on Delivery,Successful,36103.84
PAY13608,ORD13608,2025-11-13,UPI,Successful,4008.17
PAY13609,ORD13609,2025-05-13,UPI,Successful,19610.14
PAY13610,ORD13610,2025-03-29,UPI,Successful,1690.92
PAY13611,ORD13611,2025-09-30,UPI,Successful,5605.14
PAY13612,ORD13612,2025-06-29,UPI,Successful,41169.15
PAY13613,ORD13613,2025-11-16,Debit Card,Successful,151566.71
PAY13614,ORD13614,2025-01-08,UPI,Successful,74605.82
PAY13615,ORD13615,2025-03-31,Net Banking,Successful,47148.08
PAY13616,ORD13616,2025-05-25,Credit Card,Successful,5463.43
PAY13617,ORD13617,2025-08-26,Debit Card,Successful,13514.42
PAY13618,ORD13618,2025-05-24,Cash on Delivery,Successful,1692.86
PAY13619,ORD13619,2025-04-16,UPI,Successful,983.29
PAY13620,ORD13620,2025-09-13,Debit Card,Successful,9655.61
PAY13621,ORD13621,2025-11-13,Net Banking,Successful,153222.94
PAY13622,ORD13622,2025-05-18,Net Banking,Pending,108698.74
PAY13623,ORD13623,2025-03-08,Net Banking,Successful,5674.06
PAY13624,ORD13624,2025-01-23,Net Banking,Successful,146522.62
PAY13625,ORD13625,2025-09-22,Cash on Delivery,Successful,10163.71
PAY13626,ORD13626,2025-10-31,Debit Card,Successful,20041.02
PAY13627,ORD13627,2025-04-25,Credit Card,Failed,10706.63
PAY13628,ORD13628,2025-01-14,Credit Card,Successful,1041.53
PAY13629,ORD13629,2025-08-05,UPI,Successful,19863.71
PAY13630,ORD13630,2025-12-27,Credit Card,Successful,27094.64
PAY13631,ORD13631,2025-11-14,cash on delivery,Successful,3754.21
PAY13632,ORD13632,2025-03-12,UPI,Successful,3983.84
PAY13633,ORD13633,2025-08-29,Cash on Delivery,Refunded,8703.39
PAY13634,ORD13634,2025-12-18,Net Banking,Failed,51203.63
PAY13635,ORD13635,2025-05-23,Net Banking,Successful,57607.12
PAY13636,ORD13636,2025-07-04,Net Banking,Successful,39588.88
PAY13637,ORD13637,2025-04-09,Credit Card,successful,33162.71
PAY13638,ORD13638,2025-11-29,Net Banking,Successful,4963.26
PAY13639,ORD13639,2025-07-30,Net Banking,Successful,6089.93
PAY13640,ORD13640,2025-07-04,Credit Card,Successful,268640.64
PAY13641,ORD13641,2025-09-01,Credit Card,Successful,133284.52
PAY13642,ORD13642,2025-06-09,Net Banking,Successful,5818.44
PAY13643,ORD13643,2025-11-20,Cash on Delivery,Successful,13583.18
PAY13644,ORD13644,2025-11-25,Credit Card,Successful,59033.23
PAY13645,ORD13645,2025-06-14,Cash on Delivery,Successful,147244.08
PAY13646,ORD13646,2025-03-08,,Successful,8960.22
PAY13647,ORD13647,2025-03-05,Debit Card,Successful,72101.93
PAY13648,ORD13648,2025-11-06,Credit Card,Successful,4954.13
PAY13649,ORD13649,2025-11-16,Cash on Delivery,Pending,5180.98
PAY13650,ORD13650,2025-05-15,UPI,Successful,173139.19
PAY13651,ORD13651,2025-07-24,Cash on Delivery,Successful,64871.21
PAY13652,ORD13652,2025-12-14,UPI,Successful,10374.24
PAY13653,ORD13653,2025-03-24,Credit Card,Successful,5218.26
PAY13654,ORD13654,2025-03-03,Debit Card,Successful,12588.18
PAY13655,ORD13655,2025-05-26,Debit Card,Successful,13811.82
PAY13656,ORD13656,2025-03-01,Credit Card,Successful,34566.54
PAY13657,ORD13657,2025-12-23,Credit Card,successful,16177.84
PAY13658,ORD13658,2025-04-01,UPI,Successful,6388.54
PAY13659,ORD13659,2025-12-17,Debit Card,Successful,139390.89
PAY13660,ORD13660,2025-02-26,Credit Card,Successful,13012.91
PAY13661,ORD13661,2025-06-30,Net Banking,Successful,69198.3
PAY13662,ORD13662,2025-03-10,Cash on Delivery,Failed,2249.03
PAY13663,ORD13663,2025-05-13,UPI,Failed,5718.33
PAY13664,ORD13664,2025-03-29,,Successful,33534.39
PAY13665,ORD13665,2025-11-24,Debit Card,Successful,18012.12
PAY13666,ORD13666,2025-05-16,Cash on Delivery,Successful,86957.63
PAY13667,ORD13667,2025-11-10,UPI,Successful,5981.11
PAY13668,ORD13668,2025-10-05,UPI,Successful,15616.23
PAY13669,ORD13669,2025-07-10,UPI,Successful,4222.02
PAY13670,ORD13670,2025-02-25,Cash on Delivery,Successful,91163.97
PAY13671,ORD13671,2025-06-06,UPI,Pending,1170.66
PAY13672,ORD13672,2025-08-16,Cash on Delivery,Successful,11692.48
PAY13673,ORD13673,2025-04-28,Credit Card,Successful,13386.22
PAY13674,ORD13674,2025-03-05,Credit Card,Successful,5848.28
PAY13675,ORD13675,2025-08-29,Net Banking,Successful,89448.99
PAY13676,ORD13676,2025-08-23,Credit Card,Successful,1273.12
PAY13677,ORD13677,2025-04-09,Debit Card,Successful,1364.87
PAY13678,ORD13678,2025-12-02,Debit Card,Failed,16247.04
PAY13679,ORD13679,2025-07-05,Net Banking,Successful,123716.65
PAY13680,ORD13680,2025-09-18,Credit Card,Successful,985.32
PAY13681,ORD13681,2025-03-12,Net Banking,Successful,12377.23
PAY13682,ORD13682,2025-07-08,Debit Card,Successful,34980.92
PAY13683,ORD13683,2025-05-04,Debit Card,Successful,14423.77
PAY13684,ORD13684,2025-11-14,Net Banking,Failed,111092.67
PAY13685,ORD13685,2025-02-12,Credit Card,Successful,20922.79
PAY13686,ORD13686,2025-11-21,Cash on Delivery,Successful,5398.01
PAY13687,ORD13687,2025-07-11,Cash on Delivery,Successful,3452.15
PAY13688,ORD13688,2025-01-17,Credit Card,Successful,60994.39
PAY13689,ORD13689,2025-09-17,Debit Card,Successful,44048.75
PAY13690,ORD13690,2025-03-30,Debit Card,Successful,9674.82
PAY13691,ORD13691,2025-11-01,Credit Card,Successful,7077.17
PAY13692,ORD13692,2025-12-08,Cash on Delivery,Successful,2770.84
PAY13693,ORD13693,2025-09-22,Debit Card,Successful,1151.77
PAY13694,ORD13694,2025-03-22,Credit Card,Successful,25054.11
PAY13695,ORD13695,2025-03-21,Cash on Delivery,Successful,3412.58
PAY13696,ORD13696,2025-09-05,Credit Card,Successful,2523.32
PAY13697,ORD13697,2025-07-06,Net Banking,Successful,156020.21
PAY13698,ORD13698,2025-10-10,Cash on Delivery,Successful,9431.22
PAY13699,ORD13699,2025-10-14,Debit Card,Successful,17199.45
PAY13700,ORD13700,2025-05-26,Cash on Delivery,Successful,1923.36
PAY13701,ORD13701,2025-01-20,UPI,Successful,96818.92
PAY13702,ORD13702,2025-09-15,UPI,Refunded,4545.84
PAY13703,ORD13703,2025-04-02,Cash on Delivery,Successful,4951.6
PAY13704,ORD13704,2025-04-06,Net Banking,Successful,6758.08
PAY13705,ORD13705,2025-12-03,Net Banking,Failed,88772.02
PAY13706,ORD13706,2025-07-25,Credit Card,Successful,1876.86
PAY13707,ORD13707,2025-05-08,Net Banking,Failed,8397.08
PAY13708,ORD13708,2025-12-13,Net Banking,Failed,1613.72
PAY13709,ORD13709,2025-08-22,Credit Card,Successful,51574.05
PAY13710,ORD13710,2025-04-21,Credit Card,Successful,3843.81
PAY13711,ORD13711,2025-01-27,UPI,Successful,2710.98
PAY13712,ORD13712,2025-08-14,UPI,Successful,6191.33
PAY13713,ORD13713,2025-07-01,Net Banking,Successful,850.67
PAY13714,ORD13714,2025-08-09,Credit Card,Successful,5265.54
PAY13715,ORD13715,2025-11-01,Net Banking,Successful,3960.78
PAY13716,ORD13716,2025-07-21,UPI,Successful,29066.95
PAY13717,ORD13717,2025-02-06,Cash on Delivery,Successful,110426.64
PAY13718,ORD13718,2025-11-22,UPI,Successful,26814.59
PAY13719,ORD13719,2025-10-13,Net Banking,Refunded,1980.32
PAY13720,ORD13720,2025-04-16,UPI,Successful,111176.64
PAY13721,ORD13721,2025-09-09,Net Banking,Successful,4193.15
PAY13722,ORD13722,2025-11-26,Cash on Delivery,Successful,19096.44
PAY13723,ORD13723,2025-07-31,Credit Card,Successful,27848.29
PAY13724,ORD13724,2025-09-22,Cash on Delivery,Successful,4383.39
PAY13725,ORD13725,2025-03-07,Debit Card,Successful,3948.61
PAY13726,ORD13726,2025-08-21,Debit Card,Successful,28984.09
PAY13727,ORD13727,2025-06-20,Net Banking,Successful,27011.72
PAY13728,ORD13728,11/01/2025,Net Banking,Successful,123610.66
PAY13729,ORD13729,2025-02-04,Credit Card,Successful,1457.78
PAY13730,ORD13730,2025-07-28,UPI,Successful,821.09
PAY13731,ORD13731,2025-06-16,UPI,Successful,52104.3
PAY13732,ORD13732,2025-09-17,Cash on Delivery,Successful,5933.48
PAY13733,ORD13733,2025-07-19,UPI,Refunded,14517.42
PAY13734,ORD13734,2025-08-17,UPI,Successful,1175.43
PAY13735,ORD13735,2025-05-20,UPI,Successful,7730.55
PAY13736,ORD13736,2025-01-06,Cash on Delivery,Successful,242731.63
PAY13737,ORD13737,2025-02-16,Credit Card,Successful,182154.97
PAY13738,ORD13738,2025-10-15,Debit Card,Successful,16777.96
PAY13739,ORD13739,2025-09-28,UPI,Successful,2330.93
PAY13740,ORD13740,2025-05-01,UPI,Successful,8808.74
PAY13741,ORD13741,2025-09-02,Credit Card,Successful,4614.45
PAY13742,ORD13742,2025-10-29,Cash on Delivery,Successful,97813.47
PAY13743,ORD13743,2025-08-16,UPI,Successful,32284.2
PAY13744,ORD13744,08/01/2025,Net Banking,Successful,25353.73
PAY13745,ORD13745,2025-09-02,Debit Card,Successful,829.0
PAY13746,ORD13746,2025-05-17,UPI,Failed,75616.26
PAY13747,ORD13747,2025-01-26,Credit Card,Failed,27804.25
PAY13748,ORD13748,2025-12-04,Credit Card,Successful,1519.42
PAY13749,ORD13749,2025-12-15,Debit Card,Successful,6020.43
PAY13750,ORD13750,2025-05-28,Net Banking,Successful,11750.76
PAY13751,ORD13751,2025-02-19,UPI,Successful,1069.28
PAY13752,ORD13752,2025-11-17,UPI,Successful,7230.72
PAY13753,ORD13753,2025-05-14,Net Banking,Successful,2962.1
PAY13754,ORD13754,2025-03-12,Cash on Delivery,Successful,1931.06
PAY13755,ORD13755,2025-12-14,Net Banking,Refunded,12166.05
PAY13756,ORD13756,2025-01-28,Credit Card,Successful,4379.51
PAY13757,ORD13757,2025-10-10,Net Banking,Successful,43080.02
PAY13758,ORD13758,2025-04-28,Debit Card,Successful,3988.64
PAY13759,ORD13759,2025-11-30,Net Banking,Successful,130406.07
PAY13760,ORD13760,2025-06-29,Net Banking,Successful,6808.41
PAY13761,ORD13761,2025-02-08,Debit Card,Successful,2338.31
PAY13762,ORD13762,2025-11-23,Debit Card,Successful,1968.97
PAY13763,ORD13763,2025-11-22,Debit Card,Failed,63639.38
PAY13764,ORD13764,2025-06-30,Credit Card,Successful,11479.32
PAY13765,ORD13765,2025-04-16,Debit Card,Successful,3689.54
PAY13766,ORD13766,2025-01-29,Cash on Delivery,Successful,9462.48
PAY13767,ORD13767,2025-08-05,Net Banking,Successful,982.73
PAY13768,ORD13768,2025-02-08,Credit Card,Refunded,72640.11
PAY13769,ORD13769,2025-09-07,Cash on Delivery,Pending,118512.29
PAY13770,ORD13770,2025-07-16,Debit Card,Successful,6610.33
PAY13771,ORD13771,2025-12-03,UPI,Successful,199119.35
PAY13772,ORD13772,16/07/2025,UPI,Pending,12461.62
PAY13773,ORD13773,2025-08-08,UPI,Successful,28563.35
PAY13774,ORD13774,2025-01-31,Credit Card,Refunded,134962.29
PAY13775,ORD13775,2025-05-29,Credit Card,Successful,10084.4
PAY13776,ORD13776,2025-02-18,Net Banking,Successful,22511.03
PAY13777,ORD13777,2025-04-28,Cash on Delivery,Successful,10201.53
PAY13778,ORD13778,2025-05-22,Net Banking,Successful,7801.35
PAY13779,ORD13779,2025-12-04,UPI,Successful,3888.51
PAY13780,ORD13780,2025-01-21,Cash on Delivery,Successful,3580.31
PAY13781,ORD13781,2025-05-20,Credit Card,Successful,32022.94
PAY13782,ORD13782,2025-10-17,Cash on Delivery,Pending,2264.82
PAY13783,ORD13783,2025-06-14,Credit Card,Successful,5262.34
PAY13784,ORD13784,2025-08-21,Cash on Delivery,Successful,1610.48
PAY13785,ORD13785,2025-05-29,Debit Card,Successful,114938.44
PAY13786,ORD13786,2025-06-29,Debit Card,Failed,4754.42
PAY13787,ORD13787,2025-03-22,Debit Card,Successful,95444.26
PAY13788,ORD13788,2025-11-30,UPI,Refunded,243438.85
PAY13789,ORD13789,2025-02-04,UPI,Successful,1216.48
PAY13790,ORD13790,2025-02-10,Net Banking,Successful,53252.25
PAY13791,ORD13791,2025-02-23,Net Banking,Successful,132976.93
PAY13792,ORD13792,2025-10-09,Debit Card,Successful,13525.59
PAY13793,ORD13793,2025-07-16,Net Banking,Successful,61938.82
PAY13794,ORD13794,2025-12-23,Net Banking,Successful,3027.75
PAY13795,ORD13795,2025-11-22,Credit Card,Successful,5953.19
PAY13796,ORD13796,2025-05-03,UPI,Successful,29680.28
PAY13797,ORD13797,2025-11-29,Net Banking,Successful,142649.25
PAY13798,ORD13798,2025-09-14,Net Banking,Successful,66239.79
PAY13799,ORD13799,2025-07-28,Debit Card,Successful,24737.3
PAY13800,ORD13800,2025-11-09,Debit Card,Successful,9495.9
PAY13801,ORD13801,2025-07-27,Net Banking,Successful,325965.51
PAY13802,ORD13802,2025-08-13,Credit Card,Successful,9936.17
PAY13803,ORD13803,2025-04-21,UPI,Successful,11766.86
PAY13804,ORD13804,2025-09-09,Debit Card,Successful,53917.44
PAY13805,ORD13805,2025-08-08,Credit Card,Successful,176202.82
PAY13806,ORD13806,2025-02-23,cash on delivery,Successful,89542.94
PAY13807,ORD13807,2025-11-01,Net Banking,Pending,28235.97
PAY13808,ORD13808,2025-05-12,UPI,Failed,10003.56
PAY13809,ORD13809,2025-05-11,UPI,Successful,2562.88
PAY13810,ORD13810,2025-01-03,UPI,Successful,86904.64
PAY13811,ORD13811,2025-06-08,Credit Card,Successful,3420.7
PAY13812,ORD13812,2025-09-15,Net Banking,Successful,67594.14
PAY13813,ORD13813,2025-11-02,Credit Card,Failed,1077.47
PAY13814,ORD13814,2025-03-28,Debit Card,Successful,3745.44
PAY13815,ORD13815,2025-01-30,UPI,Successful,7881.37
PAY13816,ORD13816,2025-02-28,UPI,Successful,3800.5
PAY13817,ORD13817,2025-06-18,Credit Card,Failed,3374.27
PAY13818,ORD13818,2025-12-01,Cash on Delivery,Failed,2690.74
PAY13819,ORD13819,2025-10-12,Credit Card,Successful,51436.22
PAY13820,ORD13820,2025-02-08,Net Banking,Successful,1302.16
PAY13821,ORD13821,2025-05-08,Net Banking,Successful,2312.68
PAY13822,ORD13822,2025-11-12,Net Banking,Failed,21527.61
PAY13823,ORD13823,2025-09-19,Net Banking,Successful,15869.52
PAY13824,ORD13824,2025-12-31,Net Banking,Successful,11627.21
PAY13825,ORD13825,2025-02-19,Net Banking,Failed,3137.06
PAY13826,ORD13826,2025-08-31,Credit Card,Successful,3242.82
PAY13827,ORD13827,2025-02-27,Net Banking,Successful,125375.32
PAY13828,ORD13828,2025-05-26,Debit Card,Successful,21304.92
PAY13829,ORD13829,2025-09-18,Credit Card,Failed,17474.26
PAY13830,ORD13830,2025-05-22,Net Banking,Refunded,4572.34
PAY13831,ORD13831,2025-05-11,Credit Card,Successful,2778.73
PAY13832,ORD13832,2025-12-11,Net Banking,Successful,56158.45
PAY13833,ORD13833,2025-07-27,UPI,Successful,38065.84
PAY13834,ORD13834,2025-02-15,Credit Card ,Failed,217028.36
PAY13835,ORD13835,2025-10-16,Credit Card,Failed,28590.02
PAY13836,ORD13836,2025-02-08,Cash on Delivery,Successful,68987.1
PAY13837,ORD13837,2025-10-18,Debit Card,Successful,70311.19
PAY13838,ORD13838,2025-12-18,Debit Card,Failed,89887.1
PAY13839,ORD13839,2025-07-25,Net Banking,Successful,51645.93
PAY13840,ORD13840,2025-11-24,Cash on Delivery,Successful,8043.07
PAY13841,ORD13841,2025-07-28,UPI,Successful,124102.22
PAY13842,ORD13842,2025-02-15,Cash on Delivery,Successful,2813.55
PAY13843,ORD13843,2025-03-30,Net Banking,Failed,15039.94
PAY13844,ORD13844,01-01-2025,UPI,Successful,17314.06
PAY13845,ORD13845,2025-09-20,UPI,Successful,19925.39
PAY13846,ORD13846,2025-12-01,Net Banking,Successful,31177.02
PAY13847,ORD13847,2025-06-02,Credit Card,Successful,2777.91
PAY13848,ORD13848,2025-06-07,Debit Card,Successful,80659.22
PAY13849,ORD13849,2025-08-16,Credit Card,Successful,179688.3
PAY13850,ORD13850,2025-04-02,UPI,Successful,20112.85
PAY13851,ORD13851,2025-06-16,Credit Card,Successful,3792.04
PAY13852,ORD13852,2025-12-17,UPI,Successful,13053.91
PAY13853,ORD13853,2025-05-23,Credit Card,Successful,7881.26
PAY13854,ORD13854,2025-07-01,Cash on Delivery,Successful,2854.9
PAY13855,ORD13855,2025-10-13,UPI,Successful,74061.32
PAY13856,ORD13856,2025-09-10,Net Banking,Successful,48309.64
PAY13857,ORD13857,2025-08-26,UPI,Successful,57230.73
PAY13858,ORD13858,2025-10-30,Debit Card,Failed,32768.56
PAY13859,ORD13859,21-01-2025,Net Banking,Successful,8086.17
PAY13860,ORD13860,2025-08-30,Net Banking,Successful,9017.0
PAY13861,ORD13861,2025-02-15,Debit Card,Successful,127838.39
PAY13862,ORD13862,2025-03-29,Net Banking,Successful,65498.98
PAY13863,ORD13863,2025-08-21,Credit Card,Failed,15661.79
PAY13864,ORD13864,2025-10-25,UPI,Successful,58115.68
PAY13865,ORD13865,2025-06-19,UPI,Successful,93438.94
PAY13866,ORD13866,2025-02-28,Debit Card,Failed,4434.5
PAY13867,ORD13867,2025-12-08,cash on delivery,Successful,19361.08
PAY13868,ORD13868,2025-10-22,Debit Card,Successful,9627.72
PAY13869,ORD13869,2025-12-07,Credit Card,Successful,7825.89
PAY13870,ORD13870,2025-05-16,Net Banking,Successful,5516.44
PAY13871,ORD13871,2025-03-10,UPI,Successful,3608.31
PAY13872,ORD13872,2025-08-23,Cash on Delivery,Pending,54729.11
PAY13873,ORD13873,2025-10-02,Credit Card,Successful,32273.75
PAY13874,ORD13874,2025-09-26,Debit Card,Successful,5670.68
PAY13875,ORD13875,2025-02-19,Net Banking,Pending,148719.59
PAY13876,ORD13876,2025-08-13,Credit Card,Successful,4980.29
PAY13877,ORD13877,2025-06-15,Debit Card,Failed,3335.32
PAY13878,ORD13878,2025-07-06,Credit Card,Successful,14112.17
PAY13879,ORD13879,2025-12-04,Credit Card,Successful,80060.37
PAY13880,ORD13880,2025-01-24,Debit Card,Successful,16438.94
PAY13881,ORD13881,2025-07-08,Cash on Delivery,Successful,16166.31
PAY13882,ORD13882,2025-08-28,Net Banking,Successful,4195.91
PAY13883,ORD13883,2025-07-28,Credit Card,Successful,74447.06
PAY13884,ORD13884,2025-03-09,Net Banking,Successful,41072.71
PAY13885,ORD13885,2025-10-28,Cash on Delivery,Successful,3430.68
PAY13886,ORD13886,2025-01-16,Cash on Delivery,Successful,150551.22
PAY13887,ORD13887,2025-04-01,Cash on Delivery,Successful,1338.59
PAY13888,ORD13888,2025-04-20,Credit Card,Successful,1063.04
PAY13889,ORD13889,2025-03-07,Credit Card,Successful,8177.02
PAY13890,ORD13890,2025-01-15,UPI,Successful,2285.85
PAY13891,ORD13891,2025-03-01,Net Banking,Successful,2358.74
PAY13892,ORD13892,2025-07-26,Cash on Delivery,Refunded,1892.55
PAY13893,ORD13893,03-04-2025,Cash on Delivery,Successful,158246.82
PAY13894,ORD13894,2025-12-11,Cash on Delivery,Successful,22534.86
PAY13895,ORD13895,2025-11-19,Cash on Delivery,Pending,1139.55
PAY13896,ORD13896,2025-09-02,Cash on Delivery,Successful,6407.12
PAY13897,ORD13897,2025-03-28,Net Banking,Successful,133093.0
PAY13898,ORD13898,2025-01-31,Net Banking,Failed,3386.28
PAY13899,ORD13899,2025-03-29,UPI,Successful,4155.76
PAY13900,ORD13900,2025-06-16,Debit Card,Refunded,3106.85
PAY13901,ORD13901,2025-05-29,UPI,SUCCESSFUL,48159.51
PAY13902,ORD13902,2025-11-19,Cash on Delivery,Failed,8897.66
PAY13903,ORD13903,2025-09-17,Credit Card,Successful,25133.55
PAY13904,ORD13904,2025-06-19,Credit Card,Successful,24529.93
PAY13905,ORD13905,2025-11-08,Credit Card,Successful,212274.05
PAY13906,ORD13906,2025-02-06,Credit Card,Successful,11776.91
PAY13907,ORD13907,2025-12-10,Cash on Delivery,Refunded,126499.36
PAY13908,ORD13908,2025-04-07,Credit Card,Refunded,38065.1
PAY13909,ORD13909,2025-05-23,credit card,Successful,13636.59
PAY13910,ORD13910,2025-02-18,UPI,Successful,20229.9
PAY13911,ORD13911,2025-06-16,Credit Card,Successful,4759.11
PAY13912,ORD13912,2025-12-20,UPI,Successful,7177.26
PAY13913,ORD13913,2025-08-02,Debit Card,Successful,2694.52
PAY13914,ORD13914,2025-01-08,UPI,Successful,140805.36
PAY13915,ORD13915,2025-08-01,UPI,Successful,8621.4
PAY13916,ORD13916,2025-01-13,Debit Card,Successful,4472.58
PAY13917,ORD13917,2025-12-17,UPI,Pending,156213.39
PAY13918,ORD13918,2025-02-19,Debit Card,Successful,6223.73
PAY13919,ORD13919,2025-02-16,UPI,Successful,190410.15
PAY13920,ORD13920,2025-05-28,Debit Card,Successful,5732.88
PAY13921,ORD13921,2025-01-29,Credit Card,Successful,12949.78
PAY13922,ORD13922,2025-04-24,Debit Card,Successful,2419.04
PAY13923,ORD13923,2025-10-28,UPI,Successful,1439.01
PAY13924,ORD13924,2025-08-14,Credit Card,Successful,4969.45
PAY13925,ORD13925,2025-03-01,Credit Card,Successful,53579.77
PAY13926,ORD13926,2025-08-06,Cash on Delivery,Failed,74150.72
PAY13927,ORD13927,2025-01-11,Debit Card,Successful,4067.26
PAY13928,ORD13928,2025-01-14,Debit Card,Failed,4654.77
PAY13929,ORD13929,2025-06-16,Net Banking,Successful,63134.43
PAY13930,ORD13930,2025-01-04,Net Banking,Successful,27098.85
PAY13931,ORD13931,2025-10-14,UPI,Failed,6971.77
PAY13932,ORD13932,2025-02-19,Cash on Delivery,Successful,20617.49
PAY13933,ORD13933,2025-01-27,Debit Card,Successful,1284.18
PAY13934,ORD13934,2025-09-15,Debit Card,Successful,20355.76
PAY13935,ORD13935,2025-03-14,Credit Card,Successful,1089.52
PAY13936,ORD13936,2025-02-01,UPI,Successful,13180.6
PAY13937,ORD13937,2025-05-01,Cash on Delivery,Failed,59590.63
PAY13938,ORD13938,2025-12-21,Credit Card,Successful,10605.74
PAY13939,ORD13939,2025-03-16,Net Banking,Successful,21121.79
PAY13940,ORD13940,2025-11-03,Cash on Delivery,Successful,134315.91
PAY13941,ORD13941,2025-08-16,Net Banking,Successful,10981.45
PAY13942,ORD13942,2025-11-14,UPI,Failed,69379.12
PAY13943,ORD13943,2025-12-23,Debit Card,Successful,1768.07
PAY13944,ORD13944,2025-02-15,UPI,Refunded,2634.47
PAY13945,ORD13945,2025-01-19,Net Banking,Successful,2586.37
PAY13946,ORD13946,2025-07-10,UPI,Successful,30745.55
PAY13947,ORD13947,2025-05-19,Debit Card,Successful,1767.48
PAY13948,ORD13948,2025-12-31,Cash on Delivery,Successful,2339.12
PAY13949,ORD13949,2025-06-29,Cash on Delivery,Successful,63271.86
PAY13950,ORD13950,2025-09-12,Cash on Delivery,Successful,10594.06
PAY13951,ORD13951,2025-02-26,UPI,Successful,54612.94
PAY13952,ORD13952,2025-02-03,Debit Card,Refunded,4364.14
PAY13953,ORD13953,2025-06-13,UPI,Successful,34041.45
PAY13954,ORD13954,2025-02-17,Debit Card,Successful,187448.12
PAY13955,ORD13955,2025-09-20,Credit Card ,Successful,32728.84
PAY13956,ORD13956,2025-01-31,Credit Card,Failed,150751.46
PAY13957,ORD13957,2025-08-09,Cash on Delivery,Successful,14975.27
PAY13958,ORD13958,2025-12-24,Cash on Delivery,Refunded,20810.99
PAY13959,ORD13959,2025-03-13,Net Banking,Successful,70310.58
PAY13960,ORD13960,2025-08-12,Cash on Delivery,Successful,7758.75
PAY13961,ORD13961,2025-11-30,Debit Card,Successful,11685.31
PAY13962,ORD13962,2025-08-25,Net Banking,Successful,9560.2
PAY13963,ORD13963,2025-04-23,,Successful,58185.57
PAY13964,ORD13964,2025-10-11,cash on delivery,Successful,7965.04
PAY13965,ORD13965,2025-12-27,Debit Card,Successful,13214.93
PAY13966,ORD13966,2025-05-10,Net Banking,Successful,11694.75
PAY13967,ORD13967,2025-04-27,UPI,Successful,12907.75
PAY13968,ORD13968,2025-06-05,Net Banking,Failed,17357.36
PAY13969,ORD13969,2025-07-16,Debit Card,Successful,48810.38
PAY13970,ORD13970,2025-11-25,UPI,Successful,7480.31
PAY13971,ORD13971,2025-02-28,Debit Card,Failed,7104.7
PAY13972,ORD13972,2025-05-06,Credit Card,Pending,26523.53
PAY13973,ORD13973,2025-12-13,Debit Card,Successful,78570.51
PAY13974,ORD13974,2025-06-25,Debit Card,Successful,12908.01
PAY13975,ORD13975,2025-10-03,Credit Card,Successful,7385.42
PAY13976,ORD13976,2025-03-26,Cash on Delivery,Successful,12885.42
PAY13977,ORD13977,2025-05-24,Debit Card,Successful,41692.05
PAY13978,ORD13978,2025-02-17,Credit Card,Successful,3188.8
PAY13979,ORD13979,2025-01-18,Cash on Delivery,Successful,1417.43
PAY13980,ORD13980,2025-10-21,Debit Card,Successful,7539.22
PAY13981,ORD13981,2025-02-04,Cash on Delivery,Successful,2609.42
PAY13982,ORD13982,2025-09-28,Cash on Delivery,Successful,5419.2
PAY13983,ORD13983,2025-03-18,UPI,Successful,51659.2
PAY13984,ORD13984,2025-08-09,Debit Card,Successful,11253.03
PAY13985,ORD13985,2025-08-08,Debit Card,Successful,14217.24
PAY13986,ORD13986,2025-06-03,Net Banking,Successful,10018.23
PAY13987,ORD13987,2025-12-10,Net Banking,Successful,9117.38
PAY13988,ORD13988,2025-02-06,UPI,Successful,8378.05
PAY13989,ORD13989,2025-10-14,Cash on Delivery,Successful,18189.53
PAY13990,ORD13990,2025-04-27,UPI,Successful,11484.25
PAY13991,ORD13991,2025-04-14,Cash on Delivery,Successful,13825.12
PAY13992,ORD13992,2025-04-01,Cash on Delivery,Successful,4913.09
PAY13993,ORD13993,2025-05-26,UPI,Successful,27292.35
PAY13994,ORD13994,2025-02-19,UPI,Successful,8308.28
PAY13995,ORD13995,2025-12-13,Credit Card,Successful,1721.95
PAY13996,ORD13996,2025-06-09,Cash on Delivery,Successful,1982.2
PAY13997,ORD13997,2025-03-23,Credit Card,Successful,6814.7
PAY13998,ORD13998,2025-02-11,Net Banking,Failed,68153.5
PAY13999,ORD13999,2025-04-19,Net Banking,Successful,55387.83
PAY14000,ORD14000,2025-04-16,Credit Card,Successful,5444.66
PAY14001,ORD14001,2025-12-16,Net Banking,Successful,1288.03
PAY14002,ORD14002,2025-05-01,Net Banking,Failed,4317.05
PAY14003,ORD14003,2025-09-16,Net Banking,Successful,17755.34
PAY14004,ORD14004,2025-11-05,Net Banking,Failed,132587.22
PAY14005,ORD14005,2025-08-25,Credit Card,Successful,8291.7
PAY14006,ORD14006,2025-08-25,Net Banking,Successful,36895.25
PAY14007,ORD14007,2025-12-20,Net Banking,Successful,10651.36
PAY14008,ORD14008,2025-11-26,UPI,Successful,6823.49
PAY14009,ORD14009,2025-10-09,Net Banking,Successful,5941.13
PAY14010,ORD14010,09-07-2025,Net Banking,Successful,12099.02
PAY14011,ORD14011,2025-09-03,UPI,Successful,10534.48
PAY14012,ORD14012,2025-11-08,Net Banking,Successful,81766.22
PAY14013,ORD14013,2025-04-09,Net Banking,Successful,2974.54
PAY14014,ORD14014,2025-05-15,Net Banking,Successful,197473.72
PAY14015,ORD14015,2025-12-22,Credit Card,Successful,11537.1
PAY14016,ORD14016,2025-05-02,Credit Card,Successful,1897.45
PAY14017,ORD14017,2025-09-20,Debit Card,Successful,32617.39
PAY14018,ORD14018,04/07/2025,Net Banking,Successful,3720.53
PAY14019,ORD14019,2025-07-11,Cash on Delivery,Successful,8794.72
PAY14020,ORD14020,2025-11-15,UPI,Refunded,162408.72
PAY14021,ORD14021,2025-03-06,Net Banking,Successful,1191.01
PAY14022,ORD14022,2025-06-24,Debit Card,Successful,14028.44
PAY14023,ORD14023,2025-02-16,Debit Card,Successful,3007.68
PAY14024,ORD14024,2025-04-14,UPI,Successful,106736.71
PAY14025,ORD14025,2025-06-11,Debit Card,Successful,60936.21
PAY14026,ORD14026,2025-02-25,Debit Card,Successful,9942.68
PAY14027,ORD14027,2025-04-08,Cash on Delivery,Failed,4035.32
PAY14028,ORD14028,2025-01-06,Cash on Delivery,Successful,1491.25
PAY14029,ORD14029,2025-02-20,Cash on Delivery,Successful,22122.77
PAY14030,ORD14030,2025-02-25,Net Banking,Successful,5479.9
PAY14031,ORD14031,2025-12-10,Debit Card,Failed,66293.34
PAY14032,ORD14032,2025-09-10,Net Banking,Successful,122565.19
PAY14033,ORD14033,2025-12-23,Net Banking,Successful,129379.52
PAY14034,ORD14034,2025-12-19,Credit Card,Successful,17040.77
PAY14035,ORD14035,2025-09-19,Credit Card,Successful,5382.53
PAY14036,ORD14036,2025-04-19,Credit Card,Refunded,11591.24
PAY14037,ORD14037,2025-11-20,Debit Card,Successful,18448.59
PAY14038,ORD14038,2025-02-09,UPI,Successful,7836.72
PAY14039,ORD14039,2025-02-23,Net Banking,Successful,126256.32
PAY14040,ORD14040,2025-01-16,Net Banking,Successful,10250.08
PAY14041,ORD14041,2025-04-21,Net Banking,Failed,69577.79
PAY14042,ORD14042,2025-09-17,UPI,Successful,50286.25
PAY14043,ORD14043,2025-10-19,Credit Card,Successful,3816.47
PAY14044,ORD14044,2025-04-16,UPI,Successful,2380.67
PAY14045,ORD14045,2025-12-01,Debit Card,Successful,3685.38
PAY14046,ORD14046,2025-09-22,Net Banking,Failed,50995.84
PAY14047,ORD14047,2025-02-12,Credit Card,Successful,2970.73
PAY14048,ORD14048,2025-10-15,Debit Card,Successful,64942.31
PAY14049,ORD14049,2025-03-24,Cash on Delivery,Successful,185039.33
PAY14050,ORD14050,2025-03-20,Debit Card,Successful,370.36
PAY14051,ORD14051,2025-07-28,Cash on Delivery,Failed,856.97
PAY14052,ORD14052,2025-11-22,Net Banking,Successful,57797.77
PAY14053,ORD14053,2025-03-03,Net Banking,Successful,7320.55
PAY14054,ORD14054,2025-04-15,Credit Card,Pending,24108.65
PAY14055,ORD14055,2025-11-26,UPI,Successful,7017.34
PAY14056,ORD14056,2025-04-02,,Successful,24979.86
PAY14057,ORD14057,2025-07-09,UPI,Successful,7534.55
PAY14058,ORD14058,2025-01-05,UPI,Successful,3894.74
PAY14059,ORD14059,2025-09-26,Net Banking,Successful,1989.94
PAY14060,ORD14060,2025-09-06,Credit Card,Failed,72825.44
PAY14061,ORD14061,2025-08-12,Cash on Delivery,Successful,80326.8
PAY14062,ORD14062,2025-08-23,Cash on Delivery,Successful,29381.3
PAY14063,ORD14063,2025-09-11,Net Banking,Successful,48556.75
PAY14064,ORD14064,2025-04-02,Credit Card,Successful,129040.86
PAY14065,ORD14065,2025-08-03,Debit Card,Successful,67064.13
PAY14066,ORD14066,2025-03-23,Net Banking,Successful,160617.67
PAY14067,ORD14067,2025-10-22,Debit Card,Successful,8393.34
PAY14068,ORD14068,2025-05-20,Net Banking,Successful,7372.4
PAY14069,ORD14069,2025-01-15,Credit Card,Failed,15768.07
PAY14070,ORD14070,2025-04-06,Credit Card,Failed,6184.75
PAY14071,ORD14071,2025-01-15,Credit Card,Successful,21815.77
PAY14072,ORD14072,2025-01-21,Credit Card,Successful,3963.82
PAY14073,ORD14073,2025-05-11,Net Banking,Successful,1712.16
PAY14074,ORD14074,2025-11-24,Debit Card,Successful,157335.08
PAY14075,ORD14075,2025-10-26,Credit Card,Successful,75118.96
PAY14076,ORD14076,2025-02-16,UPI,Successful,19804.78
PAY14077,ORD14077,2025-07-18,Net Banking,Successful,18843.0
PAY14078,ORD14078,2025-10-09,UPI,Pending,2513.13
PAY14079,ORD14079,2025-07-25,Net Banking,Successful,1534.71
PAY14080,ORD14080,2025-02-25,UPI,Successful,16722.12
PAY14081,ORD14081,2025-07-02,Debit Card,Pending,3338.48
PAY14082,ORD14082,2025-07-12,Debit Card,Successful,249095.72
PAY14083,ORD14083,2025-02-24,Net Banking,Successful,28166.52
PAY14084,ORD14084,2025-05-07,Cash on Delivery,Successful,218332.53
PAY14085,ORD14085,2025-05-10,Credit Card,Successful,1537.74
PAY14086,ORD14086,2025-06-16,Net Banking,Successful,257186.68
PAY14087,ORD14087,2025-08-21,Cash on Delivery,Successful,5136.21
PAY14088,ORD14088,2025-11-30,Debit Card,Successful,7610.83
PAY14089,ORD14089,2025-08-02,Credit Card,Successful,49643.63
PAY14090,ORD14090,2025-05-14,Credit Card,Successful,28301.05
PAY14091,ORD14091,2025-01-30,Credit Card,Successful,57149.14
PAY14092,ORD14092,2025-02-06,Net Banking,Successful,20079.48
PAY14093,ORD14093,2025-10-31,Cash on Delivery,Successful,13455.01
PAY14094,ORD14094,2025-02-14,Debit Card,Refunded,114960.68
PAY14095,ORD14095,2025-06-06,Net Banking,Failed,32272.41
PAY14096,ORD14096,2025-07-19,Cash on Delivery,Successful,7303.47
PAY14097,ORD14097,2025-12-08,Net Banking,Successful,1940.33
PAY14098,ORD14098,2025-01-31,UPI,Successful,25791.79
PAY14099,ORD14099,2025-12-31,Credit Card,Successful,70712.23
PAY14100,ORD14100,2025-03-04,Cash on Delivery,Successful,4168.06
PAY14101,ORD14101,2025-01-23,Net Banking,Successful,2131.64
PAY14102,ORD14102,2025-02-19,UPI, Successful ,7199.04
PAY14103,ORD14103,2025-04-01,Cash on Delivery,Successful,8468.31
PAY14104,ORD14104,2025-11-24,Debit Card,Successful,1520.04
PAY14105,ORD14105,2025-08-02,Credit Card ,Successful,11034.27
PAY14106,ORD14106,2025-06-29,Cash on Delivery,Successful,8640.49
PAY14107,ORD14107,2025-06-30,Cash on Delivery,Successful,34398.84
PAY14108,ORD14108,2025-10-28,Net Banking,Successful,2035.24
PAY14109,ORD14109,2025-11-01,Debit Card,Failed,32002.21
PAY14110,ORD14110,2025-05-28,Credit Card,Successful,50605.44
PAY14111,ORD14111,2025-01-10,UPI,Refunded,21809.78
PAY14112,ORD14112,2025-10-01,UPI,Successful,2082.53
PAY14113,ORD14113,2025-10-01,Debit Card,Failed,108112.24
PAY14114,ORD14114,2025-02-03,Cash on Delivery,Successful,22442.56
PAY14115,ORD14115,2025-09-11,Credit Card,Successful,2145.76
PAY14116,ORD14116,2025-08-14,Cash on Delivery,Pending,2406.2
PAY14117,ORD14117,2025-08-14,Debit Card,Successful,39523.27
PAY14118,ORD14118,2025-03-08,UPI,Successful,67590.95
PAY14119,ORD14119,2025-08-11,Net Banking,Successful,2530.75
PAY14120,ORD14120,2025-11-22,Credit Card,Successful,8756.12
PAY14121,ORD14121,2025-10-25,Credit Card,Failed,7668.58
PAY14122,ORD14122,2025-04-30,UPI,Failed,24954.3
PAY14123,ORD14123,2025-04-24,Net Banking,Successful,13458.43
PAY14124,ORD14124,2025-11-12,Cash on Delivery,Refunded,6563.34
PAY14125,ORD14125,2025-08-27,Credit Card,Successful,121030.72
PAY14126,ORD14126,2025-08-05,Debit Card,Successful,5195.63
PAY14127,ORD14127,2025-04-21,Cash on Delivery,Successful,29046.09
PAY14128,ORD14128,2025-01-04,Net Banking,Successful,12556.27
PAY14129,ORD14129,2025-01-28,UPI,Successful,83727.49
PAY14130,ORD14130,2025-06-22,Cash on Delivery,Successful,1943.47
PAY14131,ORD14131,2025-12-22,Net Banking,Failed,16523.64
PAY14132,ORD14132,2025-04-16,Credit Card,Successful,117461.37
PAY14133,ORD14133,2025-04-27,Credit Card,Successful,7030.22
PAY14134,ORD14134,2025-08-29,Credit Card,Refunded,6563.34
PAY14135,ORD14135,2025-12-17,UPI,Successful,2533.35
PAY14136,ORD14136,2025-11-15,UPI,Successful,2911.71
PAY14137,ORD14137,2025-02-19,Debit Card,Successful,2898.21
PAY14138,ORD14138,2025-07-02,Net Banking,Successful,17201.4
PAY14139,ORD14139,2025-01-11,Net Banking,Successful,59.36
PAY14140,ORD14140,2025-07-20,Cash on Delivery,Successful,15605.11
PAY14141,ORD14141,2025-03-04,Credit Card,Successful,4623.5
PAY14142,ORD14142,2025-06-13,Credit Card,Successful,14896.23
PAY14143,ORD14143,2025-04-17,UPI,Successful,3388.15
PAY14144,ORD14144,2025-02-12,UPI,Successful,128161.27
PAY14145,ORD14145,2025-12-26,Debit Card,Successful,28516.95
PAY14146,ORD14146,2025-08-29,Credit Card,Successful,9602.45
PAY14147,ORD14147,2025-12-19,Debit Card,Successful,3250.87
PAY14148,ORD14148,2025-08-03,Net Banking,Successful,29868.69
PAY14149,ORD14149,2025-07-10,Cash on Delivery,Successful,31074.57
PAY14150,ORD14150,2025-01-10,Credit Card,Successful,27419.27
PAY14151,ORD14151,2025-02-16,UPI,Successful,801.06
PAY14152,ORD14152,2025-07-20,Net Banking,Successful,10834.95
PAY14153,ORD14153,2025-08-29,Debit Card,Successful,2903.37
PAY14154,ORD14154,2025-04-27,Net Banking,failed,3892.14
PAY14155,ORD14155,2025-01-24,Net Banking,Successful,25595.49
PAY14156,ORD14156,2025-10-07,UPI,Successful,4232.58
PAY14157,ORD14157,2025-10-17,Cash on Delivery,Successful,191596.91
PAY14158,ORD14158,2025-05-12,UPI,Successful,3922.01
PAY14159,ORD14159,2025-02-08,Credit Card,Successful,147759.96
PAY14160,ORD14160,2025-08-26,Credit Card,Successful,3107.86
PAY14161,ORD14161,2025-02-22,Credit Card,Successful,3620.12
PAY14162,ORD14162,2025-02-26,UPI,Successful,121820.45
PAY14163,ORD14163,2025-09-27,Cash on Delivery,Successful,77902.29
PAY14164,ORD14164,2025-10-14,Debit Card,Pending,5912.22
PAY14165,ORD14165,2025-08-28,Credit Card,Successful,37696.65
PAY14166,ORD14166,2025-05-19,Net Banking,Successful,8048.2
PAY14167,ORD14167,2025-05-15,UPI,Successful,10903.25
PAY14168,ORD14168,2025-07-10,Credit Card,Successful,157435.92
PAY14169,ORD14169,2025-09-30,UPI,Failed,7772.74
PAY14170,ORD14170,2025-07-25,Credit Card,Successful,47715.28
PAY14171,ORD14171,2025-04-11,Net Banking,Successful,7129.34
PAY14172,ORD14172,2025-08-30,Net Banking,Successful,3041.66
PAY14173,ORD14173,2025-05-27,Cash on Delivery,Successful,1624.88
PAY14174,ORD14174,2025-02-26,UPI,Successful,115959.97
PAY14175,ORD14175,2025-04-05,Credit Card,Successful,9333.08
PAY14176,ORD14176,2025-12-12,Debit Card,Pending,10156.06
PAY14177,ORD14177,2025-11-01,UPI,Successful,44370.42
PAY14178,ORD14178,2025-12-19,Cash on Delivery,Failed,63375.93
PAY14179,ORD14179,2025-10-04,Cash on Delivery,Successful,27927.51
PAY14180,ORD14180,2025-02-07,Debit Card,Successful,8503.3
PAY14181,ORD14181,2025-04-08,Debit Card,Successful,2562.34
PAY14182,ORD14182,2025-09-20,UPI,Successful,6135.94
PAY14183,ORD14183,2025-02-25,UPI,Successful,6550.33
PAY14184,ORD14184,2025-05-19,Net Banking,Successful,1813.85
PAY14185,ORD14185,2025-04-23,Credit Card,Successful,12052.44
PAY14186,ORD14186,2025-10-29,UPI,Failed,17329.25
PAY14187,ORD14187,2025-08-20,UPI,Successful,1976.4
PAY14188,ORD14188,2025-05-19,Net Banking,Failed,67087.53
PAY14189,ORD14189,2025-05-09,Credit Card,Refunded,26007.82
PAY14190,ORD14190,2025-10-04,Cash on Delivery,Successful,52396.69
PAY14191,ORD14191,2025-02-12,UPI,Successful,81051.74
PAY14192,ORD14192,2025-05-19,Net Banking,Successful,8660.47
PAY14193,ORD14193,2025-05-05,Credit Card,Successful,944.34
PAY14194,ORD14194,2025-01-17,Debit Card,Successful,29539.13
PAY14195,ORD14195,2025-03-07,Cash on Delivery,Successful,5192.21
PAY14196,ORD14196,2025-08-20,Net Banking,Successful,5396.26
PAY14197,ORD14197,2025-05-14,UPI,Refunded,1963.08
PAY14198,ORD14198,2025-05-27,Cash on Delivery,Successful,25339.79
PAY14199,ORD14199,2025-05-25,Net Banking,Successful,9149.86
PAY14200,ORD14200,2025-01-02,Debit Card,Failed,20017.73
PAY14201,ORD14201,2025-10-23,Debit Card,Successful,134620.99
PAY14202,ORD14202,2025-12-23,UPI,Successful,5725.23
PAY14203,ORD14203,2025-06-20,Cash on Delivery,Successful,4859.46
PAY14204,ORD14204,2025-12-30,Cash on Delivery,Successful,85558.39
PAY14205,ORD14205,2025-12-14,Cash on Delivery,Successful,3354.94
PAY14206,ORD14206,2025-08-02,Debit Card,Failed,4908.57
PAY14207,ORD14207,2025-12-18,Credit Card,Successful,6590.85
PAY14208,ORD14208,2025-04-15,Credit Card,Successful,5566.09
PAY14209,ORD14209,2025-04-06,Debit Card,Successful,53292.17
PAY14210,ORD14210,2025-12-11,UPI,Successful,12775.88
PAY14211,ORD14211,2025-11-23,Cash on Delivery,Failed,29774.22
PAY14212,ORD14212,2025-12-27,Debit Card,Successful,2265.3
PAY14213,ORD14213,2025-09-23,Net Banking,Successful,3824.82
PAY14214,ORD14214,2025-10-18,Debit Card,Successful,9939.92
PAY14215,ORD14215,2025-11-03,UPI,Successful,3065.82
PAY14216,ORD14216,2025-01-09,Net Banking,Successful,8032.71
PAY14217,ORD14217,2025-09-19,UPI,Successful,2229.9
PAY14218,ORD14218,2025-09-24,Credit Card,Successful,6162.24
PAY14219,ORD14219,2025-02-25,UPI,Successful,9915.92
PAY14220,ORD14220,2025-07-26,Debit Card,Successful,10367.69
PAY14221,ORD14221,2025-01-03,Net Banking,Successful,3791.8
PAY14222,ORD14222,2025-02-11,Net Banking,Successful,111541.66
PAY14223,ORD14223,2025-12-15,UPI,Successful,9579.38
PAY14224,ORD14224,2025-05-14,Cash on Delivery,Pending,3578.25
PAY14225,ORD14225,2025-09-04,Net Banking,Successful,3005.31
PAY14226,ORD14226,2025-06-14,Cash on Delivery,Successful,7080.72
PAY14227,ORD14227,2025-04-02,Debit Card,Successful,3679.71
PAY14228,ORD14228,2025-01-12,Credit Card,Successful,83002.76
PAY14229,ORD14229,2025-11-29,Credit Card,Successful,1415.17
PAY14230,ORD14230,2025-09-25,Credit Card,Successful,108444.46
PAY14231,ORD14231,2025-09-14,Net Banking,Successful,9390.36
PAY14232,ORD14232,2025-07-11,Net Banking,Successful,81612.03
PAY14233,ORD14233,2025-05-15,UPI,Successful,1649.85
PAY14234,ORD14234,2025-04-03,Debit Card,Successful,11033.55
PAY14235,ORD14235,2025-03-07,UPI,Successful,3747.71
PAY14236,ORD14236,2025-03-18,Debit Card,Successful,150524.49
PAY14237,ORD14237,2025-04-24,Cash on Delivery,Failed,23388.76
PAY14238,ORD14238,2025-02-18,UPI,Successful,14291.83
PAY14239,ORD14239,2025-12-29,UPI,Successful,24262.42
PAY14240,ORD14240,2025-12-13,Net Banking,Successful,85909.86
PAY14241,ORD14241,2025-01-31,Cash on Delivery,Successful,93894.55
PAY14242,ORD14242,2025-08-25,Credit Card,Successful,143704.73
PAY14243,ORD14243,2025-11-08,Debit Card,Successful,138546.78
PAY14244,ORD14244,2025-10-10,Cash on Delivery,Successful,30106.64
PAY14245,ORD14245,2025-10-20,Cash on Delivery,Successful,61749.92
PAY14246,ORD14246,03/08/2025,Credit Card,Successful,12625.93
PAY14247,ORD14247,2025-04-25,UPI,Successful,30830.94
PAY14248,ORD14248,2025-04-30,Net Banking,Successful,3543.27
PAY14249,ORD14249,2025-06-11,Debit Card,Successful,28417.12
PAY14250,ORD14250,2025-03-19,Cash on Delivery,Successful,58537.46
PAY14251,ORD14251,2025-03-12,,Successful,61347.07
PAY14252,ORD14252,2025-10-20,UPI,Failed,44386.57
PAY14253,ORD14253,2025-11-21,Debit Card,Successful,7343.57
PAY14254,ORD14254,2025-07-16,Debit Card,Successful,31656.34
PAY14255,ORD14255,2025-04-05,Credit Card ,Successful,6634.08
PAY14256,ORD14256,2025-09-11,Cash on Delivery,Failed,7992.7
PAY14257,ORD14257,2025-04-29,UPI,Successful,292.76
PAY14258,ORD14258,2025-05-02,Cash on Delivery,Refunded,20658.45
PAY14259,ORD14259,2025-08-26,Debit Card,Successful,10490.46
PAY14260,ORD14260,2025-01-31,Credit Card,Successful,5477.13
PAY14261,ORD14261,2025-06-08,UPI,Successful,70639.21
PAY14262,ORD14262,2025-05-23,UPI,Successful,5277.57
PAY14263,ORD14263,2025-04-29,Net Banking,Successful,87425.16
PAY14264,ORD14264,2025-06-17,Cash on Delivery,Successful,185991.34
PAY14265,ORD14265,2025-08-13,Credit Card,Successful,6128.89
PAY14266,ORD14266,2025-04-07,Credit Card,Successful,19078.72
PAY14267,ORD14267,2025-01-20,Net Banking,Failed,13432.2
PAY14268,ORD14268,2025-03-10,Debit Card,Failed,2111.98
PAY14269,ORD14269,2025-06-03,UPI,Successful,110642.62
PAY14270,ORD14270,2025-03-04,UPI,Successful,64446.58
PAY14271,ORD14271,2025-11-18,Cash on Delivery,Successful,17347.62
PAY14272,ORD14272,2025-01-01,Credit Card,Successful,90368.24
PAY14273,ORD14273,2025-06-12,Debit Card,Failed,9780.18
PAY14274,ORD14274,2025-01-29,Credit Card,Successful,3812.92
PAY14275,ORD14275,2025-10-24,Credit Card,Successful,4287.53
PAY14276,ORD14276,2025-05-11,Credit Card,Successful,3129.72
PAY14277,ORD14277,2025-05-21,UPI,Successful,175704.91
PAY14278,ORD14278,2025-02-25,Debit Card,Successful,6191.43
PAY14279,ORD14279,2025-03-11,Debit Card,Successful,6487.18
PAY14280,ORD14280,2025-05-28,UPI,Successful,5823.86
PAY14281,ORD14281,10/12/2025,Net Banking,Refunded,5293.89
PAY14282,ORD14282,2025-10-23,Credit Card,Successful,152485.7
PAY14283,ORD14283,2025-02-09,UPI,Successful,4795.82
PAY14284,ORD14284,2025-05-06,Cash on Delivery,Successful,1391.41
PAY14285,ORD14285,2025-03-22,Debit Card,Refunded,3406.62
PAY14286,ORD14286,2025-04-22,Cash on Delivery,Successful,645.16
PAY14287,ORD14287,2025-11-23,Debit Card,Failed,7396.88
PAY14288,ORD14288,2025-10-04,Credit Card,Successful,18308.52
PAY14289,ORD14289,2025-03-03,Cash on Delivery,Successful,5813.97
PAY14290,ORD14290,2025-09-11,UPI,Successful,33786.03
PAY14291,ORD14291,2025-01-19,Debit Card,Successful,1499.82
PAY14292,ORD14292,2025-02-21,Credit Card,Refunded,12155.31
PAY14293,ORD14293,2025-11-13,Credit Card,Successful,49514.58
PAY14294,ORD14294,2025-02-17,Debit Card,Successful,1604.63
PAY14295,ORD14295,2025-11-04,Debit Card,Successful,69058.24
PAY14296,ORD14296,2025-04-25,Debit Card,Failed,136107.0
PAY14297,ORD14297,2025-02-17,Net Banking,Successful,91747.41
PAY14298,ORD14298,2025-11-09,Debit Card,Successful,77147.71
PAY14299,ORD14299,2025-11-25,Cash on Delivery,Successful,9584.7
PAY14300,ORD14300,2025-12-05,Credit Card,Successful,3814.79
PAY14301,ORD14301,2025-05-31,UPI,Failed,6024.21
PAY14302,ORD14302,2025-11-22,Credit Card,Successful,21147.52
PAY14303,ORD14303,2025-12-31,UPI,Failed,33248.13
PAY14304,ORD14304,2025-12-19,UPI,Refunded,7696.38
PAY14305,ORD14305,2025-11-16,Debit Card,Successful,15689.96
PAY14306,ORD14306,2025-11-07,Debit Card,Successful,5289.95
PAY14307,ORD14307,2025-09-06,Cash on Delivery,Successful,56440.1
PAY14308,ORD14308,2025-01-12,Debit Card,Failed,34275.03
PAY14309,ORD14309,2025-11-01,UPI,Failed,2861.38
PAY14310,ORD14310,2025-02-25,Debit Card,Successful,8796.53
PAY14311,ORD14311,2025-04-18,Cash on Delivery,Refunded,10503.86
PAY14312,ORD14312,2025-08-11,UPI,Failed,76155.66
PAY14313,ORD14313,2025-01-27,Debit Card,Successful,6815.78
PAY14314,ORD14314,2025-02-26,Credit Card,Successful,1447.16
PAY14315,ORD14315,2025-12-12,Net Banking,Successful,4490.21
PAY14316,ORD14316,2025-03-12,Cash on Delivery,Successful,136512.21
PAY14317,ORD14317,2025-05-15,Net Banking,Failed,26845.84
PAY14318,ORD14318,2025-07-14,Credit Card,Successful,3771.74
PAY14319,ORD14319,2025-11-19,Debit Card,Successful,60978.2
PAY14320,ORD14320,2025-04-07,Cash on Delivery,Successful,8814.81
PAY14321,ORD14321,2025-12-28,Net Banking,Successful,57984.66
PAY14322,ORD14322,2025-08-10,Cash on Delivery,Successful,2040.2
PAY14323,ORD14323,2025-03-16,UPI,Failed,10798.24
PAY14324,ORD14324,2025-04-15,Debit Card,Successful,4591.98
PAY14325,ORD14325,2025-03-08,Cash on Delivery,Successful,114769.16
PAY14326,ORD14326,2025-01-27,Credit Card,Pending,71884.76
PAY14327,ORD14327,2025-07-13,Net Banking,Successful,24204.9
PAY14328,ORD14328,2025-12-19,Credit Card,Refunded,15133.25
PAY14329,ORD14329,2025-11-13,Cash on Delivery,Refunded,5167.1
PAY14330,ORD14330,2025-08-06,Cash on Delivery,Successful,1639.2
PAY14331,ORD14331,2025-03-14,Cash on Delivery,Successful,9700.52
PAY14332,ORD14332,2025-05-19,Credit Card,Refunded,7659.23
PAY14333,ORD14333,2025-02-19,Net Banking,Successful,2871.85
PAY14334,ORD14334,2025-06-28,Net Banking,Successful,2821.27
PAY14335,ORD14335,2025-03-08,Cash on Delivery,Successful,1867.67
PAY14336,ORD14336,2025-05-08,Credit Card,Failed,3974.06
PAY14337,ORD14337,2025-06-08,Net Banking,Successful,12196.66
PAY14338,ORD14338,2025-08-21,Credit Card,Successful,5802.94
PAY14339,ORD14339,2025-12-08,UPI,Successful,7210.23
PAY14340,ORD14340,2025-07-22,Net Banking,Successful,3693.6
PAY14341,ORD14341,2025-10-08,Debit Card,Successful,8189.33
PAY14342,ORD14342,2025-10-10,Cash on Delivery,Successful,7969.62
PAY14343,ORD14343,2025-10-22,Debit Card,Successful,5162.05
PAY14344,ORD14344,2025-12-31,Credit Card,Failed,43793.0
PAY14345,ORD14345,2025-12-22,Net Banking,Successful,108636.49
PAY14346,ORD14346,2025-12-26,UPI,Successful,11633.5
PAY14347,ORD14347,2025-01-24,Credit Card,Successful,54250.18
PAY14348,ORD14348,2025-03-14,Credit Card ,Successful,19892.84
PAY14349,ORD14349,2025-08-08,Credit Card ,Successful,101065.02
PAY14350,ORD14350,2025-12-03,Credit Card,Successful,16606.33
PAY14351,ORD14351,2025-12-18,UPI,Refunded,8722.02
PAY14352,ORD14352,2025-06-13,Credit Card,Successful,47114.93
PAY14353,ORD14353,2025-03-26,Net Banking,Successful,3005.22
PAY14354,ORD14354,2025-05-15,Debit Card,Successful,3310.37
PAY14355,ORD14355,2025-11-15,Cash on Delivery,Pending,15015.64
PAY14356,ORD14356,2025-07-28,UPI,Successful,10396.71
PAY14357,ORD14357,2025-06-20,Net Banking,Failed,24893.47
PAY14358,ORD14358,2025-10-06,Credit Card,Successful,4727.29
PAY14359,ORD14359,2025-10-09,Net Banking,Successful,8800.93
PAY14360,ORD14360,2025-08-31,Net Banking,Successful,1508.7
PAY14361,ORD14361,2025-12-06,UPI,Pending,98536.29
PAY14362,ORD14362,2025-06-04,Cash on Delivery,Successful,8163.42
PAY14363,ORD14363,2025-12-13,Cash on Delivery,Successful,8039.28
PAY14364,ORD14364,2025-03-16,Debit Card,Successful,57221.51
PAY14365,ORD14365,2025-03-29,UPI,Successful,2211.16
PAY14366,ORD14366,2025-09-20,Credit Card,Successful,214388.45
PAY14367,ORD14367,2025-05-05,UPI,Successful,77903.18
PAY14368,ORD14368,2025-07-03,Debit Card,Successful,5888.74
PAY14369,ORD14369,2025-10-06,UPI,successful,44958.83
PAY14370,ORD14370,2025-01-11,Net Banking,Successful,7577.95
PAY14371,ORD14371,2025-08-02,Credit Card,Successful,24170.38
PAY14372,ORD14372,2025-09-16,Net Banking,Successful,10018.44
PAY14373,ORD14373,2025-04-18,Credit Card,Successful,57871.83
PAY14374,ORD14374,2025-12-31,Cash on Delivery,Successful,1172.5
PAY14375,ORD14375,2025-09-15,Cash on Delivery,Successful,2675.59
PAY14376,ORD14376,2025-01-23,Net Banking,Failed,5452.73
PAY14377,ORD14377,2025-07-24,Credit Card,Successful,39030.31
PAY14378,ORD14378,2025-11-11,UPI,Successful,9220.63
PAY14379,ORD14379,2025-04-07,Credit Card,Successful,92155.23
PAY14380,ORD14380,2025-01-27,UPI,Successful,2533.81
PAY14381,ORD14381,2025-07-03,UPI,Successful,12833.92
PAY14382,ORD14382,2025-11-12,UPI,Successful,153927.84
PAY14383,ORD14383,2025-10-26,Debit Card,Successful,17227.3
PAY14384,ORD14384,2025-12-24,UPI,Successful,22658.32
PAY14385,ORD14385,2025-06-26,Debit Card,Successful,12980.59
PAY14386,ORD14386,2025-06-01,Debit Card,Pending,11228.57
PAY14387,ORD14387,2025-12-27,UPI,Refunded,145150.4
PAY14388,ORD14388,2025-03-13,Debit Card,Pending,2590.7
PAY14389,ORD14389,2025-10-31,Net Banking,Successful,101467.8
PAY14390,ORD14390,2025-06-13,Debit Card,Successful,68599.44
PAY14391,ORD14391,2025-11-05,Debit Card,Successful,93136.79
PAY14392,ORD14392,2025-09-27,Cash on Delivery,Successful,138560.86
PAY14393,ORD14393,2025-02-20,Net Banking,Successful,75477.8
PAY14394,ORD14394,2025-05-26,UPI,Successful,5519.75
PAY14395,ORD14395,2025-05-19,Debit Card,Successful,5427.3
PAY14396,ORD14396,2025-09-20,UPI,Successful,6056.59
PAY14397,ORD14397,2025-11-16,UPI,Successful,31279.73
PAY14398,ORD14398,2025-06-21,UPI,Failed,1542.58
PAY14399,ORD14399,2025-08-24,Cash on Delivery,Successful,68142.0
PAY14400,ORD14400,2025-08-13,UPI,Successful,119161.57
PAY14401,ORD14401,2025-04-23,Net Banking,Successful,60292.23
PAY14402,ORD14402,2025-11-11,UPI,Successful,14114.86
PAY14403,ORD14403,2025-01-12,Credit Card,Successful,95172.58
PAY14404,ORD14404,2025-08-15,Debit Card,Successful,9563.46
PAY14405,ORD14405,2025-12-30,Credit Card,Successful,49483.02
PAY14406,ORD14406,2025-08-11,Credit Card,Successful,2801.71
PAY14407,ORD14407,2025-10-11,Net Banking,Successful,6666.48
PAY14408,ORD14408,2025-12-10,UPI,Successful,113463.66
PAY14409,ORD14409,2025-06-22,Cash on Delivery,Refunded,141982.72
PAY14410,ORD14410,2025-03-24,UPI,Successful,5989.02
PAY14411,ORD14411,2025-03-26,Credit Card,Successful,71220.59
PAY14412,ORD14412,2025-09-16,UPI,Successful,6306.31
PAY14413,ORD14413,2025-07-15,Credit Card,Successful,3170.91
PAY14414,ORD14414,2025-02-23,UPI,Successful,111696.31
PAY14415,ORD14415,2025-07-12,Cash on Delivery,Successful,43352.22
PAY14416,ORD14416,2025-07-19,Credit Card,Successful,15443.13
PAY14417,ORD14417,2025-04-24,Cash on Delivery,Successful,19808.8
PAY14418,ORD14418,2025-12-15,Credit Card,Successful,13258.15
PAY14419,ORD14419,2025-04-14,Cash on Delivery,Successful,4987.81
PAY14420,ORD14420,2025-01-21,Credit Card,Successful,17810.71
PAY14421,ORD14421,2025-07-22,Net Banking,Successful,75894.16
PAY14422,ORD14422,2025-08-23,Credit Card,Failed,3187.96
PAY14423,ORD14423,2025-06-18,Net Banking,Refunded,59763.47
PAY14424,ORD14424,2025-10-18,Net Banking,Successful,13673.47
PAY14425,ORD14425,2025-05-16,UPI,Successful,2341.57
PAY14426,ORD14426,2025-04-18,Debit Card,Successful,8555.05
PAY14427,ORD14427,2025-12-20,Net Banking,Successful,61642.22
PAY14428,ORD14428,2025-12-14,UPI,Successful,86775.14
PAY14429,ORD14429,2025-03-18,UPI,Successful,8605.1
PAY14430,ORD14430,2025-08-23,Credit Card,Successful,1692.05
PAY14431,ORD14431,2025-12-03,UPI,Successful,2802.21
PAY14432,ORD14432,2025-08-05,Net Banking,Successful,29174.0
PAY14433,ORD14433,2025-12-18,Cash on Delivery,Successful,3881.21
PAY14434,ORD14434,2025-08-26,Credit Card,Successful,8529.58
PAY14435,ORD14435,2025-01-07,Net Banking,Successful,14706.65
PAY14436,ORD14436,2025-05-05,Credit Card,Successful,218800.97
PAY14437,ORD14437,2025-06-24,Credit Card,Successful,2347.93
PAY14438,ORD14438,2025-02-28,Cash on Delivery,Successful,17684.73
PAY14439,ORD14439,2025-02-13,Debit Card,Successful,2705.07
PAY14440,ORD14440,2025-10-20,Debit Card,Successful,14910.57
PAY14441,ORD14441,2025-10-20,UPI,Successful,9173.01
PAY14442,ORD14442,2025-04-26,Cash on Delivery,Successful,20171.81
PAY14443,ORD14443,2025-05-24,Debit Card,Successful,12864.86
PAY14444,ORD14444,2025-03-21,Cash on Delivery,Successful,54470.12
PAY14445,ORD14445,2025-05-26,Credit Card,Successful,4141.33
PAY14446,ORD14446,2025-11-04,Cash on Delivery,Successful,8727.01
PAY14447,ORD14447,2025-06-11,Debit Card,Successful,9639.29
PAY14448,ORD14448,2025-08-01,Credit Card,Successful,11622.78
PAY14449,ORD14449,2025-04-16,Credit Card,Successful,24451.01
PAY14450,ORD14450,2025-05-26,UPI,Successful,25609.36
PAY14451,ORD14451,2025-11-19,Net Banking,Successful,125994.83
PAY14452,ORD14452,2025-09-13,Cash on Delivery,Refunded,4283.81
PAY14453,ORD14453,2025-04-25,UPI,Refunded,122376.51
PAY14454,ORD14454,2025-08-01,Net Banking,Refunded,52322.11
PAY14455,ORD14455,2025-03-01,Debit Card,Successful,2185.33
PAY14456,ORD14456,2025-10-03,Cash on Delivery,Successful,102092.19
PAY14457,ORD14457,2025-07-16,Cash on Delivery,Pending,23840.49
PAY14458,ORD14458,2025-07-08,Cash on Delivery,Successful,4225.55
PAY14459,ORD14459,2025-06-21,Debit Card,Successful,125406.95
PAY14460,ORD14460,2025-06-18,Credit Card,Successful,1357.34
PAY14461,ORD14461,2025-08-08,Net Banking,Failed,6488.17
PAY14462,ORD14462,2025-06-08,Credit Card,Successful,38885.95
PAY14463,ORD14463,2025-11-18,Credit Card,Successful,6672.25
PAY14464,ORD14464,2025-11-18,Cash on Delivery,Failed,3020.13
PAY14465,ORD14465,2025-02-25,Credit Card,Successful,119715.54
PAY14466,ORD14466,2025-07-15,Debit Card,Successful,649.78
PAY14467,ORD14467,2025-09-10,Credit Card,Successful,7603.26
PAY14468,ORD14468,2025-09-25,Debit Card,Failed,20147.56
PAY14469,ORD14469,2025-08-20,Net Banking,Successful,24969.81
PAY14470,ORD14470,2025-08-08,UPI,Successful,81294.41
PAY14471,ORD14471,2025-07-12,Credit Card,Successful,141658.74
PAY14472,ORD14472,2025-05-25,UPI,Successful,122692.92
PAY14473,ORD14473,2025-08-09,UPI,Successful,48843.28
PAY14474,ORD14474,2025-03-15,UPI,Successful,63945.58
PAY14475,ORD14475,2025-11-15,Debit Card,Successful,2627.43
PAY14476,ORD14476,2025-02-14,Net Banking,Successful,2959.26
PAY14477,ORD14477,2025-07-29,Credit Card,Successful,17027.53
PAY14478,ORD14478,2025-08-11,Credit Card,Successful,61843.91
PAY14479,ORD14479,2025-04-29,Cash on Delivery,Successful,21957.12
PAY14480,ORD14480,2025-07-13,Debit Card,Failed,1690.82
PAY14481,ORD14481,2025-09-08,Net Banking,successful,5547.45
PAY14482,ORD14482,2025-12-15,Credit Card,Successful,83148.79
PAY14483,ORD14483,2025-12-08,Debit Card,Successful,25274.06
PAY14484,ORD14484,2025-07-11,Credit Card,Refunded,53450.2
PAY14485,ORD14485,2025-07-31,Credit Card,Successful,3461.81
PAY14486,ORD14486,2025-08-24,Debit Card,Refunded,148549.68
PAY14487,ORD14487,2025-07-30,Net Banking,Successful,6111.01
PAY14488,ORD14488,2025-11-18,Net Banking,Successful,11231.14
PAY14489,ORD14489,2025-05-11,Credit Card,Successful,1040.17
PAY14490,ORD14490,2025-03-22,UPI,Successful,6437.3
PAY14491,ORD14491,2025-12-04,Cash on Delivery,Refunded,75470.54
PAY14492,ORD14492,2025-04-11,Cash on Delivery,Successful,27900.17
PAY14493,ORD14493,2025-12-28,Cash on Delivery,Successful,131702.16
PAY14494,ORD14494,2025-08-18,UPI,Successful,3145.91
PAY14495,ORD14495,2025-12-19,Cash on Delivery,Successful,4367.63
PAY14496,ORD14496,2025-02-14,Cash on Delivery,Successful,58457.89
PAY14497,ORD14497,2025-05-19,Credit Card,Successful,14206.69
PAY14498,ORD14498,2025-08-05,Net Banking,Successful,101368.15
PAY14499,ORD14499,2025-09-26,Cash on Delivery,Successful,1750.84
PAY14500,ORD14500,2025-01-14,Debit Card,Successful,103643.36
PAY14501,ORD14501,2025-06-24,Cash on Delivery,Failed,12138.6
PAY14502,ORD14502,2025-09-20,Debit Card,Successful,6792.77
PAY14503,ORD14503,2025-05-06,Cash on Delivery,Successful,13572.5
PAY14504,ORD14504,2025-11-23,Cash on Delivery,Successful,10066.86
PAY14505,ORD14505,2025-09-09,Net Banking,Successful,1885.74
PAY14506,ORD14506,2025-11-20,Debit Card,Successful,7240.18
PAY14507,ORD14507,2025-06-29,Credit Card,Successful,25884.63
PAY14508,ORD14508,2025-09-05,Net Banking,Successful,2780.69
PAY14509,ORD14509,2025-04-09,Cash on Delivery,Successful,92755.43
PAY14510,ORD14510,2025-09-30,Cash on Delivery,Successful,141420.87
PAY14511,ORD14511,2025-02-14,Cash on Delivery,Successful,102239.12
PAY14512,ORD14512,2025-04-13,Cash on Delivery,Successful,108731.13
PAY14513,ORD14513,2025-01-30,Cash on Delivery,Successful,98082.78
PAY14514,ORD14514,2025-07-26,Credit Card,Failed,27430.68
PAY14515,ORD14515,2025-06-07,Cash on Delivery,Successful,9831.21
PAY14516,ORD14516,2025-11-06,Debit Card,Successful,2243.09
PAY14517,ORD14517,2025-10-20,Cash on Delivery,Successful,20668.85
PAY14518,ORD14518,2025-01-22,UPI,Successful,1119.65
PAY14519,ORD14519,2025-10-05,Net Banking,Successful,62563.31
PAY14520,ORD14520,2025-07-03,Cash on Delivery,Successful,33076.9
PAY14521,ORD14521,2025-04-20,UPI,Successful,21524.81
PAY14522,ORD14522,2025-05-13,Net Banking,Successful,3751.74
PAY14523,ORD14523,2025-05-18,Credit Card,Successful,66416.16
PAY14524,ORD14524,2025-02-08,UPI,Successful,18557.75
PAY14525,ORD14525,2025-11-22,Cash on Delivery,Failed,1831.8
PAY14526,ORD14526,2025-04-14,Credit Card,Successful,4831.02
PAY14527,ORD14527,2025-04-13,Net Banking,Successful,8015.87
PAY14528,ORD14528,2025-09-27,Credit Card,Successful,2051.62
PAY14529,ORD14529,2025-10-21,Cash on Delivery,Successful,68093.55
PAY14530,ORD14530,2025-11-19,Net Banking,Successful,26215.38
PAY14531,ORD14531,2025-05-29,Cash on Delivery,Successful,2521.92
PAY14532,ORD14532,2025-09-21,UPI,Successful,70092.61
PAY14533,ORD14533,2025-06-11,Credit Card,Failed,178895.45
PAY14534,ORD14534,2025-05-15,UPI,Failed,3332.02
PAY14535,ORD14535,2025-09-25,Credit Card,Refunded,614.33
PAY14536,ORD14536,2025-07-04,UPI,Successful,22586.11
PAY14537,ORD14537,2025-01-28,Net Banking,Successful,7081.45
PAY14538,ORD14538,2025-10-30,Net Banking,Successful,11526.62
PAY14539,ORD14539,2025-08-24,Cash on Delivery,Successful,89216.78
PAY14540,ORD14540,2025-10-03,UPI,Successful,280666.08
PAY14541,ORD14541,2025-03-14,Debit Card,Successful,19485.12
PAY14542,ORD14542,2025-12-19,Net Banking,Successful,19722.31
PAY14543,ORD14543,2025-12-09,Net Banking,Successful,7194.25
PAY14544,ORD14544,2025-12-18,Net Banking,Successful,93566.3
PAY14545,ORD14545,2025-10-05,Cash on Delivery,Pending,18053.05
PAY14546,ORD14546,2025-06-25,Debit Card,Refunded,10729.7
PAY14547,ORD14547,2025-04-14,Debit Card,Failed,899.34
PAY14548,ORD14548,2025-03-05,UPI,Successful,5892.07
PAY14549,ORD14549,2025-06-15,Cash on Delivery,Successful,8565.07
PAY14550,ORD14550,2025-02-08,Net Banking,Pending,11565.98
PAY14551,ORD14551,2025-12-25,UPI,Successful,5001.3
PAY14552,ORD14552,2025-11-24,Credit Card,Successful,150334.05
PAY14553,ORD14553,2025-06-01,Cash on Delivery,Successful,3831.19
PAY14554,ORD14554,2025-08-06,Credit Card,Successful,112890.31
PAY14555,ORD14555,2025-04-20,Cash on Delivery,Successful,3652.91
PAY14556,ORD14556,2025-02-26,Net Banking,Successful,11290.06
PAY14557,ORD14557,2025-02-12,Debit Card,Successful,103045.43
PAY14558,ORD14558,2025-08-13,Credit Card,Successful,27131.47
PAY14559,ORD14559,2025-08-11,Net Banking,Successful,16589.25
PAY14560,ORD14560,2025-08-24,UPI,Successful,10811.59
PAY14561,ORD14561,2025-04-12,Debit Card,Successful,3166.88
PAY14562,ORD14562,2025-07-22,UPI,Successful,4239.58
PAY14563,ORD14563,2025-07-21,Net Banking,Successful,1623.89
PAY14564,ORD14564,2025-08-18,UPI,Successful,131549.74
PAY14565,ORD14565,2025-02-28,Net Banking,Successful,18556.58
PAY14566,ORD14566,2025-12-28,Debit Card,Successful,1038.02
PAY14567,ORD14567,2025-04-15,UPI,Successful,86722.38
PAY14568,ORD14568,2025-03-20,UPI,Successful,8758.44
PAY14569,ORD14569,2025-04-13,UPI,Refunded,4400.14
PAY14570,ORD14570,2025-07-27,Debit Card,Successful,5190.44
PAY14571,ORD14571,2025-05-03,Credit Card,Successful,6630.61
PAY14572,ORD14572,2025-05-03,Debit Card,Successful,16690.65
PAY14573,ORD14573,2025-02-15,Cash on Delivery,Pending,12267.68
PAY14574,ORD14574,2025-01-09,Credit Card,Successful,116415.64
PAY14575,ORD14575,2025-06-08,Credit Card,Successful,50934.05
PAY14576,ORD14576,2025-02-05,Credit Card,Successful,3405.78
PAY14577,ORD14577,2025-08-06,Debit Card,Successful,49271.36
PAY14578,ORD14578,2025-09-16,Cash on Delivery,Successful,25921.27
PAY14579,ORD14579,2025-11-10,Cash on Delivery,Successful,25029.43
PAY14580,ORD14580,2025-12-08,Credit Card,Failed,56575.77
PAY14581,ORD14581,2025-08-18,Debit Card,Successful,2743.84
PAY14582,ORD14582,2025-05-10,UPI,Successful,75034.87
PAY14583,ORD14583,2025-06-08,Cash on Delivery,Failed,9855.57
PAY14584,ORD14584,2025-04-30,Credit Card,Successful,2417.95
PAY14585,ORD14585,2025-08-29,Debit Card,Successful,7272.77
PAY14586,ORD14586,2025-12-26,Credit Card,Successful,10014.18
PAY14587,ORD14587,2025-01-16,Debit Card,Successful,13906.33
PAY14588,ORD14588,2025-07-17,UPI,Successful,4387.51
PAY14589,ORD14589,2025-10-21,Credit Card,Successful,1685.82
PAY14590,ORD14590,2025-06-06,Cash on Delivery,Successful,4967.95
PAY14591,ORD14591,2025-11-26,Cash on Delivery,Successful,7306.11
PAY14592,ORD14592,2025-04-26,Debit Card,Successful,26433.31
PAY14593,ORD14593,2025-12-02,UPI,Successful,32608.35
PAY14594,ORD14594,2025-07-28,UPI,Refunded,17364.22
PAY14595,ORD14595,2025-07-05,Net Banking,Failed,7544.39
PAY14596,ORD14596,2025-04-16,Net Banking,Successful,13557.46
PAY14597,ORD14597,2025-01-10,Cash on Delivery,Successful,3088.69
PAY14598,ORD14598,2025-01-09,UPI,Pending,138663.45
PAY14599,ORD14599,2025-05-05,Debit Card,Failed,15605.06
PAY14600,ORD14600,2025-04-20,Debit Card,Successful,52844.03
PAY14601,ORD14601,2025-04-08,Credit Card,Successful,58883.54
PAY14602,ORD14602,2025-07-24,Cash on Delivery,Successful,1341.56
PAY14603,ORD14603,2025-08-07,Net Banking,Successful,53716.06
PAY14604,ORD14604,2025-08-14,Cash on Delivery,Successful,43488.2
PAY14605,ORD14605,2025-10-05,Net Banking,Successful,4253.98
PAY14606,ORD14606,2025-11-01,Credit Card,Successful,4277.37
PAY14607,ORD14607,2025-06-25,Credit Card,Successful,5476.32
PAY14608,ORD14608,2025-05-20,Cash on Delivery,Successful,128456.92
PAY14609,ORD14609,2025-07-24,Net Banking,Successful,4215.76
PAY14610,ORD14610,2025-11-09,Net Banking,Successful,3328.65
PAY14611,ORD14611,2025-01-05,Credit Card,Successful,4589.54
PAY14612,ORD14612,2025-05-30,Debit Card,Successful,28614.74
PAY14613,ORD14613,2025-02-21,Credit Card,Successful,3231.0
PAY14614,ORD14614,2025-12-04,Net Banking,Successful,34270.5
PAY14615,ORD14615,2025-10-13,Cash on Delivery,Refunded,5807.46
PAY14616,ORD14616,2025-10-27,Credit Card,Successful,8637.19
PAY14617,ORD14617,2025-02-03,UPI,Successful,2079.28
PAY14618,ORD14618,2025-11-21,Cash on Delivery,Successful,7565.85
PAY14619,ORD14619,2025-10-09,Debit Card,Successful,6485.99
PAY14620,ORD14620,2025-08-20,Cash on Delivery,Successful,30710.53
PAY14621,ORD14621,2025-12-15,Net Banking,Successful,155850.48
PAY14622,ORD14622,2025-07-13,Net Banking,Successful,93473.64
PAY14623,ORD14623,2025-07-24,Cash on Delivery,Successful,39550.63
PAY14624,ORD14624,2025-11-12,UPI,Successful,7084.5
PAY14625,ORD14625,2025-01-14,Net Banking,Refunded,161415.95
PAY14626,ORD14626,2025-04-17,UPI,Successful,11679.38
PAY14627,ORD14627,2025-05-03,Debit Card,Successful,2670.87
PAY14628,ORD14628,2025-09-10,UPI ,Successful,3116.17
PAY14629,ORD14629,2025-05-18,Cash on Delivery,Successful,29594.02
PAY14630,ORD14630,2025-12-06,UPI,Successful,432.26
PAY14631,ORD14631,2025-09-26,Cash on Delivery,Successful,58074.93
PAY14632,ORD14632,2025-07-10,Debit Card,Failed,2981.29
PAY14633,ORD14633,2025-01-16,Credit Card,Successful,254993.97
PAY14634,ORD14634,2025-06-22,Credit Card,Pending,17465.91
PAY14635,ORD14635,2025-05-10,Net Banking,Successful,7784.41
PAY14636,ORD14636,2025-05-06,Credit Card,Successful,1484.14
PAY14637,ORD14637,2025-10-04,Credit Card,Successful,2491.61
PAY14638,ORD14638,2025-03-30,Net Banking,Successful,24525.85
PAY14639,ORD14639,2025-10-25,Cash on Delivery,Successful,12455.31
PAY14640,ORD14640,2025-10-06,Cash on Delivery,Refunded,11823.62
PAY14641,ORD14641,2025-05-25,Net Banking,Failed,905.59
PAY14642,ORD14642,2025-10-30,Cash on Delivery,Failed,4301.88
PAY14643,ORD14643,2025-09-19,Debit Card,Successful,2030.52
PAY14644,ORD14644,2025-04-29,Debit Card,Successful,5721.78
PAY14645,ORD14645,2025-09-24,Net Banking,Pending,18667.71
PAY14646,ORD14646,2025-01-26,Credit Card,Successful,18688.43
PAY14647,ORD14647,2025-08-28,Cash on Delivery,Successful,24493.94
PAY14648,ORD14648,2025-10-21,Net Banking,Successful,12045.86
PAY14649,ORD14649,2025-10-10,Net Banking,Successful,2917.17
PAY14650,ORD14650,2025-08-20,Debit Card,Successful,101941.54
PAY14651,ORD14651,2025-01-05,Debit Card,Successful,37938.61
PAY14652,ORD14652,2025-04-03,Net Banking,Successful,11788.87
PAY14653,ORD14653,2025-10-30,Debit Card,Successful,5908.38
PAY14654,ORD14654,2025-11-05,Cash on Delivery,Successful,62978.07
PAY14655,ORD14655,2025-05-30,Net Banking,Refunded,2133.91
PAY14656,ORD14656,2025-11-18,UPI,Successful,129920.12
PAY14657,ORD14657,2025-11-20,Cash on Delivery,Successful,2312.46
PAY14658,ORD14658,2025-09-21,Cash on Delivery,Failed,8659.37
PAY14659,ORD14659,2025-07-07,Cash on Delivery,Successful,27408.69
PAY14660,ORD14660,2025-04-29,Credit Card,Successful,16599.24
PAY14661,ORD14661,2025-11-19,Net Banking,Successful,105427.43
PAY14662,ORD14662,2025-09-11,UPI,Successful,2478.91
PAY14663,ORD14663,2025-05-12,UPI,Pending,27344.07
PAY14664,ORD14664,2025-11-30,Cash on Delivery,Failed,57049.9
PAY14665,ORD14665,2025-02-01,Net Banking,Successful,148943.05
PAY14666,ORD14666,2025-05-09,UPI,Successful,45951.04
PAY14667,ORD14667,2025-10-27,Debit Card,Successful,2173.34
PAY14668,ORD14668,2025-09-21,Credit Card,Successful,116567.67
PAY14669,ORD14669,2025-10-25,UPI,Successful,3812.88
PAY14670,ORD14670,2025-10-07,Debit Card,Successful,5572.17
PAY14671,ORD14671,2025-08-18,Debit Card,Successful,10681.9
PAY14672,ORD14672,2025-10-20,Cash on Delivery,Successful,7692.14
PAY14673,ORD14673,2025-11-30,Net Banking,Successful,25368.82
PAY14674,ORD14674,2025-04-14,Debit Card,Successful,240938.55
PAY14675,ORD14675,2025-06-27,Credit Card,Successful,9241.83
PAY14676,ORD14676,2025-07-19,Net Banking,Successful,1728.37
PAY14677,ORD14677,2025-07-24,Credit Card, Successful ,54479.96
PAY14678,ORD14678,2025-07-14,UPI,Successful,40712.22
PAY14679,ORD14679,2025-05-24,Credit Card,Successful,4644.72
PAY14680,ORD14680,2025-06-15,Cash on Delivery,Refunded,9270.39
PAY14681,ORD14681,2025-02-02,Debit Card,Successful,25886.22
PAY14682,ORD14682,2025-12-05,UPI,Successful,20292.42
PAY14683,ORD14683,2025-12-12,Debit Card,Successful,30324.18
PAY14684,ORD14684,2025-12-10,Debit Card,Refunded,1000.47
PAY14685,ORD14685,2025-01-16,Debit Card,Successful,20345.37
PAY14686,ORD14686,2025-07-30,UPI,Successful,55030.87
PAY14687,ORD14687,2025-07-30,Credit Card,Successful,3302.26
PAY14688,ORD14688,2025-08-05,Net Banking,Successful,35422.88
PAY14689,ORD14689,2025-04-03,Net Banking,Successful,14217.9
PAY14690,ORD14690,2025-12-16,Credit Card,Successful,7553.29
PAY14691,ORD14691,2025-10-05,UPI,Refunded,51402.22
PAY14692,ORD14692,2025-06-22,Debit Card,Successful,6670.82
PAY14693,ORD14693,2025-09-04,Credit Card,Successful,5793.17
PAY14694,ORD14694,2025-08-03,UPI,Successful,84441.63
PAY14695,ORD14695,2025-04-20,UPI,Successful,6511.34
PAY14696,ORD14696,2025-04-23,UPI,Successful,7414.73
PAY14697,ORD14697,2025-02-26,Credit Card,Refunded,3813.65
PAY14698,ORD14698,2025-05-22,Credit Card,Successful,39127.59
PAY14699,ORD14699,2025-08-08,UPI,Successful,52585.75
PAY14700,ORD14700,2025-05-21,Credit Card,Successful,25308.43
PAY14701,ORD14701,2025-09-17,Debit Card,Successful,208896.51
PAY14702,ORD14702,2025-12-19,UPI,Refunded,1150.78
PAY14703,ORD14703,2025-10-06,Credit Card,Failed,16999.5
PAY14704,ORD14704,2025-02-03,UPI,Successful,4170.27
PAY14705,ORD14705,2025-07-30,Net Banking,Successful,19925.91
PAY14706,ORD14706,2025-12-20,Cash on Delivery,Successful,1378.94
PAY14707,ORD14707,2025-08-03,Cash on Delivery,Successful,109303.3
PAY14708,ORD14708,2025-10-29,UPI,Successful,53846.46
PAY14709,ORD14709,2025-09-19,Cash on Delivery,Successful,1390.37
PAY14710,ORD14710,2025-09-06,Net Banking,Successful,32409.52
PAY14711,ORD14711,2025-07-11,Upi,Successful,5087.46
PAY14712,ORD14712,2025-01-06,UPI,Successful,20220.14
PAY14713,ORD14713,2025-04-26,Net Banking,Failed,4941.58
PAY14714,ORD14714,2025-09-18,Debit Card,Successful,26813.69
PAY14715,ORD14715,2025-08-17,Credit Card ,Refunded,2565.86
PAY14716,ORD14716,2025-03-19,Cash on Delivery,Successful,4085.03
PAY14717,ORD14717,2025-03-07,Debit Card,Successful,130519.48
PAY14718,ORD14718,2025-12-24,Credit Card,Successful,27250.62
PAY14719,ORD14719,2025-06-11,UPI,Successful,4531.09
PAY14720,ORD14720,2025-02-22,Credit Card,Successful,5032.16
PAY14721,ORD14721,2025-06-26,UPI,Successful,10540.36
PAY14722,ORD14722,2025-11-11,Debit Card,Pending,13188.84
PAY14723,ORD14723,2025-02-03,Cash on Delivery,Successful,9515.67
PAY14724,ORD14724,2025-02-06,Debit Card,Successful,10849.1
PAY14725,ORD14725,2025-12-09,Credit Card,Successful,24768.46
PAY14726,ORD14726,2025-08-27,Net Banking,Successful,7579.05
PAY14727,ORD14727,2025-04-14,Debit Card,Successful,868.22
PAY14728,ORD14728,2025-11-12,Debit Card,Successful,9106.19
PAY14729,ORD14729,2025-01-26,Credit Card,Successful,47164.38
PAY14730,ORD14730,2025-03-14,Net Banking,Failed,61760.73
PAY14731,ORD14731,2025-09-19,Net Banking,Successful,13175.68
PAY14732,ORD14732,2025-02-26,UPI,Successful,68608.43
PAY14733,ORD14733,2025-10-21,Debit Card,Successful,64279.77
PAY14734,ORD14734,2025-03-26,UPI,Successful,128387.2
PAY14735,ORD14735,2025-12-18,Debit Card,Refunded,23449.92
PAY14736,ORD14736,2025-12-31,UPI,Failed,2037.28
PAY14737,ORD14737,2025-01-19,Credit Card ,Successful,39880.64
PAY14738,ORD14738,2025-11-25,UPI,Refunded,27702.61
PAY14739,ORD14739,2025-12-09,Debit Card,Successful,25723.59
PAY14740,ORD14740,2025-06-20,Cash on Delivery,Failed,1319.67
PAY14741,ORD14741,2025-10-05,UPI,Successful,3791.84
PAY14742,ORD14742,2025-08-26,Net Banking,Successful,6626.11
PAY14743,ORD14743,2025-07-11,Net Banking,Failed,29703.06
PAY14744,ORD14744,2025-02-01,Cash on Delivery,Successful,14726.07
PAY14745,ORD14745,2025-06-11,Credit Card,Pending,4696.6
PAY14746,ORD14746,2025-05-29,Credit Card ,Successful,88665.48
PAY14747,ORD14747,2025-06-03,Net Banking,Successful,11991.67
PAY14748,ORD14748,2025-11-18,Net Banking,Successful,59177.83
PAY14749,ORD14749,2025-09-15,Debit Card,Successful,3178.33
PAY14750,ORD14750,2025-08-28,Credit Card,Failed,8752.79
PAY14751,ORD14751,2025-08-10,Net Banking,Successful,11156.6
PAY14752,ORD14752,2025-04-27,Credit Card,Pending,1985.18
PAY14753,ORD14753,2025-07-29,Net Banking,Successful,14258.49
PAY14754,ORD14754,2025-09-22,Net Banking,Successful,2722.1
PAY14755,ORD14755,2025-06-25,UPI,Failed,16453.91
PAY14756,ORD14756,30-10-2025,Cash on Delivery,Successful,65149.37
PAY14757,ORD14757,2025-02-14,Cash on Delivery,Successful,11613.52
PAY14758,ORD14758,2025-09-08,Debit Card,Successful,11140.58
PAY14759,ORD14759,2025-03-30,Net Banking,Successful,10209.9
PAY14760,ORD14760,2025-01-27,UPI,Successful,98008.37
PAY14761,ORD14761,2025-11-04,Net Banking,Successful,3724.28
PAY14762,ORD14762,2025-06-08,Cash on Delivery,Successful,2045.95
PAY14763,ORD14763,2025-10-20,Cash on Delivery,Successful,3339.25
PAY14764,ORD14764,2025-01-13,Cash on Delivery,Successful,150729.82
PAY14765,ORD14765,2025-03-13,Net Banking,Successful,39480.77
PAY14766,ORD14766,2025-07-02,Debit Card,Successful,4198.02
PAY14767,ORD14767,2025-02-25,Credit Card ,Successful,3208.46
PAY14768,ORD14768,2025-02-17,Net Banking,Successful,48099.73
PAY14769,ORD14769,2025-12-09,Net Banking,Successful,12077.05
PAY14770,ORD14770,2025-05-12,Credit Card,Refunded,55928.85
PAY14771,ORD14771,2025-12-31,Credit Card,Successful,6360.54
PAY14772,ORD14772,2025-10-16,Credit Card,Successful,13307.21
PAY14773,ORD14773,2025-03-27,UPI,Successful,13375.16
PAY14774,ORD14774,2025-03-17,Credit Card,Failed,216770.6
PAY14775,ORD14775,2025-08-18,Debit Card,Successful,2941.85
PAY14776,ORD14776,2025-03-03,Credit Card,Successful,53386.72
PAY14777,ORD14777,2025-07-12,Cash on Delivery,Successful,15268.04
PAY14778,ORD14778,2025-08-07,Credit Card,Pending,54540.75
PAY14779,ORD14779,2025-03-19,Credit Card,Successful,4473.46
PAY14780,ORD14780,2025-03-19,UPI,Successful,32857.53
PAY14781,ORD14781,2025-03-20,Net Banking,Successful,80415.8
PAY14782,ORD14782,2025-04-23,Credit Card,Successful,3622.02
PAY14783,ORD14783,2025-03-20,Cash on Delivery,Successful,34167.76
PAY14784,ORD14784,2025-01-20,UPI,Successful,129568.28
PAY14785,ORD14785,2025-06-29,UPI,Successful,35954.61
PAY14786,ORD14786,2025-08-01,Cash on Delivery,Failed,13655.77
PAY14787,ORD14787,2025-09-11,Cash on Delivery,Successful,81161.25
PAY14788,ORD14788,2025-08-14,Debit Card,Successful,9151.4
PAY14789,ORD14789,2025-01-25,Debit Card,Successful,5413.34
PAY14790,ORD14790,2025-10-17,Net Banking,Successful,5306.7
PAY14791,ORD14791,2025-09-05,Credit Card,Pending,199916.77
PAY14792,ORD14792,2025-04-30,Cash on Delivery,Successful,69885.31
PAY14793,ORD14793,2025-03-08,Debit Card,Successful,3021.46
PAY14794,ORD14794,2025-10-12,UPI,Successful,9374.25
PAY14795,ORD14795,2025-08-23,UPI,Successful,8043.06
PAY14796,ORD14796,2025-09-01,Credit Card,Failed,30700.46
PAY14797,ORD14797,2025-12-13,Cash on Delivery,Failed,16857.11
PAY14798,ORD14798,2025-06-29,Credit Card,Refunded,4155.05
PAY14799,ORD14799,2025-11-13,Net Banking,Successful,61749.17
PAY14800,ORD14800,2025-08-30,Net Banking,Successful,61633.9
PAY14801,ORD14801,2025-09-14,UPI,Successful,30879.71
PAY14802,ORD14802,2025-06-18,UPI,Successful,11255.02
PAY14803,ORD14803,2025-07-04,Debit Card,Successful,16196.19
PAY14804,ORD14804,2025-03-03,Credit Card,Successful,759.07
PAY14805,ORD14805,2025-03-13,Debit Card,Successful,3312.95
PAY14806,ORD14806,2025-04-16,Debit Card,Successful,49569.54
PAY14807,ORD14807,2025-05-17,Cash on Delivery,Successful,2354.95
PAY14808,ORD14808,2025-11-28,UPI,Successful,17244.77
PAY14809,ORD14809,2025-10-22,Cash on Delivery,Successful,19566.62
PAY14810,ORD14810,2025-02-10,Credit Card,Successful,25446.96
PAY14811,ORD14811,2025-04-01,Debit Card,Successful,70424.81
PAY14812,ORD14812,2025-01-05,Cash on Delivery,Successful,789.54
PAY14813,ORD14813,2025-05-13,Credit Card,Successful,3507.94
PAY14814,ORD14814,2025-10-20,Net Banking,Pending,58778.22
PAY14815,ORD14815,2025-01-23,Debit Card,Successful,73824.15
PAY14816,ORD14816,2025-08-10,Debit Card,Successful,63039.73
PAY14817,ORD14817,2025-10-30,Net Banking,Successful,1502.11
PAY14818,ORD14818,2025-04-10,Credit Card,Successful,173855.9
PAY14819,ORD14819,2025-10-05,UPI,Successful,1520.58
PAY14820,ORD14820,2025-06-04,Credit Card,Successful,3204.56
PAY14821,ORD14821,2025-10-29,Net Banking,Successful,1062.68
PAY14822,ORD14822,2025-03-14,Net Banking,Successful,1440.82
PAY14823,ORD14823,2025-03-30,Cash on Delivery,Successful,16241.81
PAY14824,ORD14824,2025-09-17,Debit Card,Successful,14311.98
PAY14825,ORD14825,2025-11-29,Credit Card,Successful,2202.37
PAY14826,ORD14826,2025-05-02,Net Banking,Successful,8584.03
PAY14827,ORD14827,2025-08-30,Net Banking,Successful,3417.93
PAY14828,ORD14828,2025-03-16,UPI ,Successful,110981.86
PAY14829,ORD14829,2025-07-09,Net Banking,Successful,11161.74
PAY14830,ORD14830,2025-11-16,Debit Card,Successful,4485.59
PAY14831,ORD14831,2025-07-18,Credit Card,Successful,9929.33
PAY14832,ORD14832,2025-04-30,Net Banking,Successful,15431.65
PAY14833,ORD14833,2025-01-27,Net Banking,Successful,168659.8
PAY14834,ORD14834,2025-05-29,Net Banking,Successful,167852.08
PAY14835,ORD14835,2025-05-09,Cash on Delivery,Refunded,3117.49
PAY14836,ORD14836,2025-09-13,UPI,Successful,2446.16
PAY14837,ORD14837,2025-01-16,UPI,Successful,21599.71
PAY14838,ORD14838,2025-09-14,Credit Card,Successful,8556.03
PAY14839,ORD14839,2025-09-15,Debit Card,Successful,12608.73
PAY14840,ORD14840,2025-10-10,Credit Card,Successful,21418.42
PAY14841,ORD14841,2025-03-03,UPI,Successful,49785.43
PAY14842,ORD14842,2025-12-19,Cash on Delivery,Successful,4043.16
PAY14843,ORD14843,2025-06-18,Cash on Delivery,Successful,1036.3
PAY14844,ORD14844,2025-10-30,Cash on Delivery,Successful,4638.91
PAY14845,ORD14845,2025-06-28,Debit Card,Successful,8611.42
PAY14846,ORD14846,2025-12-11,Net Banking,Successful,83983.64
PAY14847,ORD14847,2025-09-12,Credit Card,Refunded,40720.43
PAY14848,ORD14848,2025-08-17,Net Banking,Successful,5018.82
PAY14849,ORD14849,2025-12-25,UPI,Successful,4294.75
PAY14850,ORD14850,2025-06-02,UPI,Successful,3974.3
PAY14851,ORD14851,2025-11-08,UPI,Successful,28444.17
PAY14852,ORD14852,2025-10-01,Debit Card,Successful,3397.57
PAY14853,ORD14853,2025-04-20,UPI,Successful,184274.84
PAY14854,ORD14854,2025-09-09,Credit Card,Successful,9576.22
PAY14855,ORD14855,2025-03-08,Net Banking,Successful,7679.18
PAY14856,ORD14856,2025-03-22,Debit Card,Failed,72309.22
PAY14857,ORD14857,2025-11-13,Net Banking,Successful,35993.06
PAY14858,ORD14858,2025-06-13,Debit Card,Successful,56038.06
PAY14859,ORD14859,2025-04-15,Credit Card,Successful,10190.3
PAY14860,ORD14860,2025-01-26,Credit Card,Successful,137821.85
PAY14861,ORD14861,2025-05-27,Net Banking,Successful,3334.63
PAY14862,ORD14862,2025-06-21,Debit Card,Failed,23254.27
PAY14863,ORD14863,2025-09-06,Upi,Successful,1708.34
PAY14864,ORD14864,2025-04-09,Cash on Delivery,Successful,71723.81
PAY14865,ORD14865,2025-02-27,Net Banking,Successful,25541.28
PAY14866,ORD14866,2025-11-14,Debit Card,Successful,2689.7
PAY14867,ORD14867,2025-01-18,UPI,Successful,97952.52
PAY14868,ORD14868,2025-10-26,Debit Card,Successful,5559.22
PAY14869,ORD14869,2025-05-23,Net Banking,Failed,297953.6
PAY14870,ORD14870,07/01/2025,Cash on Delivery,Failed,5824.41
PAY14871,ORD14871,2025-02-20,Debit Card,Successful,106553.52
PAY14872,ORD14872,2025-08-24,Debit Card,Successful,61721.99
PAY14873,ORD14873,2025-08-04,Cash on Delivery,Successful,116847.84
PAY14874,ORD14874,2025-04-15,Net Banking,Failed,12720.83
PAY14875,ORD14875,2025-01-06,Debit Card,Successful,143877.88
PAY14876,ORD14876,2025-06-10,UPI,Successful,11321.75
PAY14877,ORD14877,2025-06-25,Debit Card,Successful,28066.63
PAY14878,ORD14878,2025-05-25,UPI,Successful,23108.25
PAY14879,ORD14879,2025-07-09,Credit Card,Successful,74798.95
PAY14880,ORD14880,2025-04-20,Debit Card,Successful,6801.17
PAY14881,ORD14881,2025-03-27,Debit Card,Successful,21870.75
PAY14882,ORD14882,2025-06-26,Debit Card,Successful,5255.25
PAY14883,ORD14883,2025-03-17,UPI,Successful,9364.62
PAY14884,ORD14884,2025-05-21,Net Banking,Successful,5341.84
PAY14885,ORD14885,2025-03-03,Net Banking,Successful,3784.46
PAY14886,ORD14886,2025-07-13,Net Banking,Successful,19844.54
PAY14887,ORD14887,2025-02-07,Credit Card,Successful,5988.78
PAY14888,ORD14888,2025-08-02,Net Banking,Successful,26024.28
PAY14889,ORD14889,2025-01-24,Cash on Delivery,Successful,30456.53
PAY14890,ORD14890,2025-02-19,UPI,Successful,12348.32
PAY14891,ORD14891,2025-06-27,UPI,Refunded,63149.84
PAY14892,ORD14892,2025-07-11,Cash on Delivery,Successful,1198.75
PAY14893,ORD14893,2025-01-27,Debit Card,Successful,102114.04
PAY14894,ORD14894,2025-09-06,Cash on Delivery,Successful,29191.68
PAY14895,ORD14895,2025-10-22,Cash on Delivery,Successful,1906.62
PAY14896,ORD14896,2025-09-17,Cash on Delivery,Refunded,8925.25
PAY14897,ORD14897,2025-08-30,Cash on Delivery,Successful,96316.12
PAY14898,ORD14898,2025-12-06,Net Banking,Successful,40351.92
PAY14899,ORD14899,2025-02-09,UPI,Successful,51392.2
PAY14900,ORD14900,2025-05-18,UPI,Successful,4747.27
PAY14901,ORD14901,2025-07-20,Debit Card,Successful,169792.96
PAY14902,ORD14902,2025-03-08,Net Banking,Successful,66672.83
PAY14903,ORD14903,2025-09-09,Credit Card,Successful,25563.32
PAY14904,ORD14904,2025-03-06,Cash on Delivery,Successful,205262.86
PAY14905,ORD14905,2025-02-05,Net Banking,Successful,3385.94
PAY14906,ORD14906,2025-10-20,UPI,Successful,135008.71
PAY14907,ORD14907,2025-11-27,UPI,Successful,61355.76
PAY14908,ORD14908,2025-10-07,Cash on Delivery,Successful,9502.14
PAY14909,ORD14909,2025-12-08,Cash on Delivery,Successful,4418.11
PAY14910,ORD14910,2025-11-08,Cash on Delivery,Successful,58995.15
PAY14911,ORD14911,2025-06-17,UPI,Successful,13121.4
PAY14912,ORD14912,2025-02-22,UPI,Successful,3990.35
PAY14913,ORD14913,2025-05-20,Cash on Delivery,Successful,136831.26
PAY14914,ORD14914,2025-07-29,Credit Card,Successful,1112.43
PAY14915,ORD14915,2025-05-05,Net Banking,Successful,35967.5
PAY14916,ORD14916,2025-11-21,Credit Card,Successful,106378.72
PAY14917,ORD14917,2025-01-06,Debit Card,Successful,1142.29
PAY14918,ORD14918,2025-01-10,Net Banking,Failed,5660.08
PAY14919,ORD14919,2025-01-21,UPI,Successful,5725.67
PAY14920,ORD14920,2025-02-20,Credit Card,Successful,28132.93
PAY14921,ORD14921,2025-11-14,Debit Card,Successful,3558.62
PAY14922,ORD14922,2025-05-06,Debit Card,Successful,1754.15
PAY14923,ORD14923,2025-10-12,UPI,Successful,4630.24
PAY14924,ORD14924,2025-09-05,Debit Card,Refunded,16506.6
PAY14925,ORD14925,2025-01-04,Credit Card,Successful,10536.91
PAY14926,ORD14926,2025-09-26,Debit Card,Successful,99270.95
PAY14927,ORD14927,2025-10-23,UPI,Successful,139402.51
PAY14928,ORD14928,2025-12-03,Credit Card,Successful,133779.21
PAY14929,ORD14929,2025-12-15,Credit Card,Successful,6613.42
PAY14930,ORD14930,2025-07-05,Credit Card,Refunded,10387.92
PAY14931,ORD14931,2025-06-15,Cash on Delivery,Successful,1779.08
PAY14932,ORD14932,2025-08-04,Net Banking,Successful,4597.95
PAY14933,ORD14933,2025-05-05,Debit Card,Failed,12975.81
PAY14934,ORD14934,2025-09-28,Cash on Delivery,Successful,24389.4
PAY14935,ORD14935,2025-10-01,Credit Card,Successful,48625.41
PAY14936,ORD14936,2025-08-25,Net Banking,Successful,21271.48
PAY14937,ORD14937,2025-10-31,Cash on Delivery,Successful,3978.03
PAY14938,ORD14938,2025-02-23,Cash on Delivery,Successful,12381.54
PAY14939,ORD14939,2025-08-01,Net Banking,Successful,4583.58
PAY14940,ORD14940,2025-10-10,Cash on Delivery,Failed,14214.87
PAY14941,ORD14941,2025-06-30,Debit Card,Successful,20237.97
PAY14942,ORD14942,2025-10-28,Credit Card,Failed,4253.45
PAY14943,ORD14943,2025-10-07,Net Banking,Successful,41709.1
PAY14944,ORD14944,2025-11-21,UPI,Pending,36192.06
PAY14945,ORD14945,2025-01-27,Debit Card,Failed,51688.9
PAY14946,ORD14946,2025-06-24,Cash on Delivery,Failed,182056.84
PAY14947,ORD14947,2025-08-31,UPI,Successful,59487.39
PAY14948,ORD14948,2025-11-29,Debit Card,Successful,3496.96
PAY14949,ORD14949,2025-06-12,Net Banking,Successful,5563.48
PAY14950,ORD14950,2025-02-21,Cash on Delivery,Successful,6754.08
PAY14951,ORD14951,2025-01-04,Credit Card,Successful,30194.2
PAY14952,ORD14952,2025-03-24,UPI,Successful,1524.66
PAY14953,ORD14953,2025-07-28,Net Banking,Successful,5889.92
PAY14954,ORD14954,2025-04-02,Net Banking,Successful,1501.51
PAY14955,ORD14955,2025-11-30,Cash on Delivery,Successful,6891.77
PAY14956,ORD14956,2025-03-30,Cash on Delivery,Successful,8071.11
PAY14957,ORD14957,2025-05-04,Debit Card,Successful,20975.36
PAY14958,ORD14958,31-10-2025,Cash on Delivery,Successful,68765.66
PAY14959,ORD14959,2025-02-12,UPI,Refunded,67623.22
PAY14960,ORD14960,2025-04-03,Credit Card,Successful,226031.9
PAY14961,ORD14961,2025-11-02,UPI,Successful,5028.74
PAY14962,ORD14962,2025-09-19,Debit Card,Failed,11774.59
PAY14963,ORD14963,2025-04-01,UPI,Successful,58077.21
PAY14964,ORD14964,2025-11-02,Debit Card,Failed,11997.26
PAY14965,ORD14965,2025-10-14,Cash on Delivery,Successful,872.87
PAY14966,ORD14966,2025-02-08,Debit Card,Successful,12086.01
PAY14967,ORD14967,2025-11-18,Debit Card,Successful,4564.89
PAY14968,ORD14968,2025-08-09,Net Banking,Successful,13100.12
PAY14969,ORD14969,2025-02-13,UPI,Refunded,6132.73
PAY14970,ORD14970,2025-08-25,Credit Card,Successful,15016.1
PAY14971,ORD14971,2025-11-27,Credit Card,Failed,4536.39
PAY14972,ORD14972,2025-06-26,Debit Card,Successful,62999.9
PAY14973,ORD14973,2025-04-11,UPI,Successful,2086.07
PAY14974,ORD14974,2025-08-01,Credit Card,Successful,31192.01
PAY14975,ORD14975,2025-03-07,Cash on Delivery,Successful,143991.44
PAY14976,ORD14976,2025-06-16,Debit Card,Failed,73116.83
PAY14977,ORD14977,2025-03-18,Debit Card,Successful,2761.54
PAY14978,ORD14978,2025-08-06,Net Banking,Successful,4655.97
PAY14979,ORD14979,2025-02-05,Credit Card,Successful,102384.32
PAY14980,ORD14980,2025-10-04,Cash on Delivery,Successful,4171.24
PAY14981,ORD14981,2025-04-05,Net Banking,Successful,55139.06
PAY14982,ORD14982,2025-09-03,Credit Card,Successful,1432.19
PAY14983,ORD14983,2025-09-27,Credit Card,Successful,23027.65
PAY14984,ORD14984,2025-02-09,Credit Card,Successful,26979.06
PAY14985,ORD14985,2025-03-27,Cash on Delivery,Successful,96385.33
PAY14986,ORD14986,2025-05-16,Credit Card,Successful,3585.34
PAY14987,ORD14987,2025-12-16,Credit Card,Successful,170732.3
PAY14988,ORD14988,2025-03-07,Debit Card,Successful,255678.34
PAY14989,ORD14989,2025-02-09,Credit Card ,Successful,1343.94
PAY14990,ORD14990,24/11/2025,Debit Card,Successful,3792.72
PAY14991,ORD14991,2025-04-02,Debit Card,Successful,32040.95
PAY14992,ORD14992,2025-12-27,Cash on Delivery,Successful,33689.98
PAY14993,ORD14993,2025-10-29,Debit Card,Successful,11909.5
PAY14994,ORD14994,2025-02-04,UPI,Successful,7188.54
PAY14995,ORD14995,2025-03-01,Cash on Delivery,Successful,5070.11
PAY14996,ORD14996,2025-01-15,Cash on Delivery,Successful,8708.61
PAY14997,ORD14997,2025-11-18,Net Banking,Successful,69052.65
PAY14998,ORD14998,2025-12-22,Cash on Delivery,Successful,1008.7
PAY14999,ORD14999,2025-01-12,Net Banking,Failed,776.07
PAY15000,ORD15000,2025-02-24,UPI,Successful,11415.26
