order_id,customer_id,order_date,order_status
ORD00001,C00501,2025-12-29,Completed
ORD00002,C02313,2025-09-02,Completed
ORD00003,C02072,2025-02-15,Completed
ORD00004,C01939,2025-03-20,Completed
ORD00005,C02478,2025-07-28,Completed
ORD00006,C00708,2025-10-11,Completed
ORD00007,C00713,2025-02-28,Completed
ORD00008,C02479,2025-04-30,Completed
ORD00009,C04116,2025-12-30,Completed
ORD00010,C03875,2025-02-05,Completed
ORD00011,C01756,2025-11-04,Pending
ORD00012,C03543,2025-12-21,Completed
ORD00013,C03783,2025-08-07,Completed
ORD00014,C03408,2025-02-14,Completed
ORD00015,C04044,2025-05-03,Completed
ORD00016,C01053,2025-03-01,Pending
ORD00017,C00955,2025-03-19,Completed
ORD00018,C01356,2025-11-14,Completed
ORD00019,C01670,2025-09-15,Completed
ORD00020,C01834,2025-01-21,Completed
ORD00021,C02376,2025-10-31,Completed
ORD00022,C04592,2025-01-18,Completed
ORD00023,C04307,2025-11-05,Completed
ORD00024,C04556,2025-10-07,Cancelled
ORD00025,C04328,2025-12-31,Completed
ORD00026,C04739,2025-07-14,Cancelled
ORD00027,C03377,2025-06-04,Completed
ORD00028,C01293,2025-04-07,Completed
ORD00029,C04689,2025-02-25,Cancelled
ORD00030,C04717,2025-10-30,Completed
ORD00031,C04204,2025-03-20,Completed
ORD00032,C01778,2025-04-09,Completed
ORD00033,C03216,2025-10-15,Returned
ORD00034,C01695,2025-02-18,Completed
ORD00035,C01242,2025-04-30,Pending
ORD00036,C03532,2025-11-17,Completed
ORD00037,C04007,2025-01-28,Completed
ORD00038,C00567,2025-09-05,Completed
ORD00039,C00093,2025-12-02,Completed
ORD00040,C04489,2025-10-16,Completed
ORD00041,C00944,2025-09-17,Pending
ORD00042,C03926,2025-05-29,Completed
ORD00043,C02631,2025-01-16,Completed
ORD00044,C01960,2025-04-16,Completed
ORD00045,C00188,2025-05-08,Completed
ORD00046,C02159,2025-10-31,Completed
ORD00047,C03522,2025-01-15,Completed
ORD00048,C00628,2025-05-12,Completed
ORD00049,C03890,2025-07-20,Completed
ORD00050,C00476,2025-09-11,Completed
ORD00051,C02841,2025-12-27,Completed
ORD00052,C02934,2025-12-29,Cancelled
ORD00053,C03763,2025-03-19,Completed
ORD00054,C00617,2025-07-13,Pending
ORD00055,C01712,2025-03-02,Completed
ORD00056,C00214,2025-04-11,Cancelled
ORD00057,C04076,2025-11-25,Completed
ORD00058,C00630,2025-02-17,Cancelled
ORD00059,C00450,2025-06-11,Pending
ORD00060,C03601,2025-01-16,Completed
ORD00061,C04697,2025-11-10,Completed
ORD00062,C01686,2025-01-31,Completed
ORD00063,C03269,2025-08-25,Completed
ORD00064,C00112,2025-06-26,Completed
ORD00065,C04977,2025-05-24,Completed
ORD00066,C04893,2025-07-23,Completed
ORD00067,C04953,2025-05-06,Returned
ORD00068,C01122,2025-05-07,Completed
ORD00069,C03779,2025-01-31,Completed
ORD00070,C04040,2025-02-25,Pending
ORD00071,C02608,2025-09-25,Completed
ORD00072,C00217,2025-10-24,Completed
ORD00073,C00539,2025-05-21,Cancelled
ORD00074,C00398,2025-10-14,Completed
ORD00075,C01622,2025-05-08,Completed
ORD00076,C01772,2025-06-02,Completed
ORD00077,C00251,2025-07-27,Completed
ORD00078,C04379,2025-09-09,Completed
ORD00079,C02338,2025-12-23,Completed
ORD00080,C04311,2025-10-10,Completed
ORD00081,C01402,2025-05-05,Completed
ORD00082,C02745,2025-11-04,Returned
ORD00083,C00043,2025-10-23,Completed
ORD00084,C01528,2025-03-14,Completed
ORD00085,C02663,2025-10-05,Cancelled
ORD00086,C01159,2025-12-18,Completed
ORD00087,C04509,2025-06-22,Pending
ORD00088,C02248,2025-07-02,Completed
ORD00089,C00923,2025-04-19,Completed
ORD00090,C00937,2025-10-22,Completed
ORD00091,C00197,2025-04-20,Completed
ORD00092,C04255,2025-03-26,Pending
ORD00093,C01927,2025-08-08,Completed
ORD00094,C04446,2025-10-15,Completed
ORD00095,C04488,2025-12-30,Completed
ORD00096,C01602,2025-07-22,Completed
ORD00097,C01578,2025-03-16,Completed
ORD00098,C04358,2025-01-09,Completed
ORD00099,C02115,2025-12-22,Completed
ORD00100,C03369,2025-05-11,Completed
ORD00101,C02983,2025-09-23,Completed
ORD00102,C03386,2025-08-04,Completed
ORD00103,C04238,2025-08-09,Returned
ORD00104,C03929,2025-12-31,Completed
ORD00105,C00805,2025-07-21,Completed
ORD00106,C04024,2025-02-15,Completed
ORD00107,C00317,2025-07-24,Completed
ORD00108,C00866,2025-08-23,Completed
ORD00109,C02828,2025-03-28,Completed
ORD00110,C03624,2025-09-04,Completed
ORD00111,C00306,2025-03-04,Completed
ORD00112,C02936,2025-09-20,Completed
ORD00113,C00040,2025-09-20,Completed
ORD00114,C00909,2025-05-18,Completed
ORD00115,C00652,2025-07-09,Completed
ORD00116,C01461,2025-10-06,Completed
ORD00117,C02553,2025-12-31,Completed
ORD00118,C03107,2025-02-05,Completed
ORD00119,C03393,2025-10-03,Completed
ORD00120,C00969,2025-02-22,Completed
ORD00121,C03168,2025-01-16,Completed
ORD00122,C03073,2025-02-08,Completed
ORD00123,C04231,2025-11-08,Completed
ORD00124,C03275,2025-01-12,Completed
ORD00125,C02800,2025-06-23,Returned
ORD00126,C02209,2025-07-14,Completed
ORD00127,C02116,2025-03-31,Returned
ORD00128,C03263,2025-09-14,Completed
ORD00129,C03112,2025-09-17,Pending
ORD00130,C02093,2025-04-29,Completed
ORD00131,C03704,2025-02-15,Completed
ORD00132,C00224,2025-04-12,Completed
ORD00133,C02234,2025-11-20,Cancelled
ORD00134,C02579,2025-05-24,Completed
ORD00135,C04642,2025-07-01,Cancelled
ORD00136,C03361,2025-08-06,Completed
ORD00137,C00073,2025-04-29,Completed
ORD00138,C00707,2025-02-17,Completed
ORD00139,C03389,2025-11-26,Completed
ORD00140,C01247,2025-09-12,Pending
ORD00141,C01228,2025-04-23,Completed
ORD00142,C03084,2025-10-28,Completed
ORD00143,C02188,2025-12-18,Completed
ORD00144,C00811,2025-11-30,Returned
ORD00145,C03646,2025-04-17,Completed
ORD00146,C04345,2025-04-29,Completed
ORD00147,C03012,2025-12-03,Completed
ORD00148,C04759,2025-06-16,Cancelled
ORD00149,C03695,2025-01-11,Completed
ORD00150,C01587,2025-05-13,Completed
ORD00151,C04953,2025-10-21,Completed
ORD00152,C03330,2025-12-16,Completed
ORD00153,C00272,2025-10-06,Completed
ORD00154,C00571,2025-04-07,Completed
ORD00155,C02127,2025-01-10,Completed
ORD00156,C02254,2025-09-28,Completed
ORD00157,C02064,2025-10-15,Completed
ORD00158,C01547,2025-08-31,Completed
ORD00159,C00278,2025-01-08,Cancelled
ORD00160,C03441,2025-03-30,Completed
ORD00161,C04673,2025-06-19,Returned
ORD00162,C04722,2025-06-21,Returned
ORD00163,C01017,2025-06-06,Completed
ORD00164,C04866,2025-07-01,Completed
ORD00165,C02336,2025-11-10,Pending
ORD00166,C03172,2025-08-08,Completed
ORD00167,C02698,2025-05-31,Completed
ORD00168,C00693,2025-12-23,Completed
ORD00169,C02898,2025-08-11,Completed
ORD00170,C03889,2025-06-25,Completed
ORD00171,C04101,2025-01-04,Completed
ORD00172,C00920,2025-08-01,Pending
ORD00173,C00548,2025-11-28,Completed
ORD00174,C01677,2025-05-19,Completed
ORD00175,C03777,2025-10-24,Cancelled
ORD00176,C02332,2025-12-23,Pending
ORD00177,C02613,2025-10-27,Completed
ORD00178,C01919,2025-06-10,Cancelled
ORD00179,C00963,2025-07-29,Returned
ORD00180,C01744,2025-10-10,Completed
ORD00181,C01330,2025-08-05,Completed
ORD00182,C04214,2025-11-07,Completed
ORD00183,C00747,2025-12-18,Cancelled
ORD00184,C00379,2025-01-28,Completed
ORD00185,C03646,2025-01-07,Completed
ORD00186,C04557,2025-02-22,Completed
ORD00187,C02326,2025-11-22,Cancelled
ORD00188,C02768,2025-08-18,Completed
ORD00189,C00614,2025-05-03,Completed
ORD00190,C02217,2025-10-17,Completed
ORD00191,C04583,2025-05-25,Completed
ORD00192,C02363,2025-03-30,Completed
ORD00193,C02009,2025-06-10,Returned
ORD00194,C02873,2025-03-18,Completed
ORD00195,C01655,2025-11-24,Completed
ORD00196,C03960,2025-03-28,Cancelled
ORD00197,C04382,2025-08-30,Returned
ORD00198,C02943,2025-07-27,Cancelled
ORD00199,C04030,2025-10-21,Completed
ORD00200,C01022,2025-12-04,Completed
ORD00201,C00396,2025-03-12,Completed
ORD00202,C02669,2025-07-13,Completed
ORD00203,C03739,2025-12-31,Completed
ORD00204,C00786,2025-02-12,Completed
ORD00205,C04241,2025-10-14,Completed
ORD00206,C00531,2025-09-26,Completed
ORD00207,C00308,2025-12-12,Completed
ORD00208,C04871,2025-05-23,Completed
ORD00209,C00017,2025-09-07,Returned
ORD00210,C04726,2025-03-03,Completed
ORD00211,C03413,2025-03-03,Completed
ORD00212,C02464,2025-07-25,Completed
ORD00213,C02086,2025-07-15,Returned
ORD00214,C00670,2025-02-22,Completed
ORD00215,C04136,2025-05-04,Completed
ORD00216,C04724,2025-08-23,Completed
ORD00217,C02486,2025-03-30,Returned
ORD00218,C02474,2025-09-08,Completed
ORD00219,C04229,2025-10-07,Cancelled
ORD00220,C02757,2025-12-30,Completed
ORD00221,C01976,2025-09-12,Returned
ORD00222,C03956,2025-05-30,Returned
ORD00223,C04060,2025-08-23,Completed
ORD00224,C00463,2025-08-29,Completed
ORD00225,C04592,2025-03-03,Completed
ORD00226,C01205,2025-06-24,Completed
ORD00227,C01414,2025-06-21,Completed
ORD00228,C01285,2025-02-14,Pending
ORD00229,C04546,2025-01-16,Completed
ORD00230,C01339,2025-03-26,Completed
ORD00231,C03958,2025-10-20,Completed
ORD00232,C00495,2025-11-11,Completed
ORD00233,C03325,2025-07-30,Returned
ORD00234,C00160,2025-03-17,Completed
ORD00235,C03526,2025-07-04,Returned
ORD00236,C01666,2025-10-09,Completed
ORD00237,C04679,2025-11-28,Completed
ORD00238,C03764,2025-02-02,Completed
ORD00239,C02519,2025-07-26,Pending
ORD00240,C04339,2025-03-10,Completed
ORD00241,C00010,2025-01-08,Completed
ORD00242,C03870,2025-01-05,Pending
ORD00243,C04864,2025-01-11,Completed
ORD00244,C00383,2025-05-06,Completed
ORD00245,C04262,2025-02-01,Completed
ORD00246,C04196,2025-08-02,Returned
ORD00247,C03561,2025-10-24,Completed
ORD00248,C01346,2025-01-19,Completed
ORD00249,C00288,2025-10-20,Completed
ORD00250,C01922,2025-05-20,Completed
ORD00251,C02223,2025-11-01,Completed
ORD00252,C03566,2025-09-09,Returned
ORD00253,C02495,2025-10-04,Completed
ORD00254,C03354,2025-12-17,Completed
ORD00255,C03358,2025-06-27,Completed
ORD00256,C03890,2025-05-27,Cancelled
ORD00257,C02204,2025-06-24,Completed
ORD00258,C02595,2025-08-15,Completed
ORD00259,C03499,2025-08-30,Completed
ORD00260,C02953,2025-12-13,Completed
ORD00261,C00736,2025-11-03,Completed
ORD00262,C01313,2025-09-15,Completed
ORD00263,C03660,2025-10-28,Completed
ORD00264,C04083,2025-09-02,Completed
ORD00265,C02868,2025-01-02,Completed
ORD00266,C01588,2025-06-07,Completed
ORD00267,C01085,2025-03-18,Completed
ORD00268,C01523,2025-08-12,Completed
ORD00269,C03254,2025-11-10,Completed
ORD00270,C00478,2025-04-21,Completed
ORD00271,C03187,2025-12-06,Completed
ORD00272,C02829,2025-03-29,Completed
ORD00273,C03632,2025-04-25,Completed
ORD00274,C00083,2025-11-10,Returned
ORD00275,C00271,2025-08-25,Pending
ORD00276,C02113,2025-01-21,Returned
ORD00277,C03122,2025-04-27,Completed
ORD00278,C00709,2025-08-10,Completed
ORD00279,C02809,2025-03-17,Cancelled
ORD00280,C01217,2025-05-20,Completed
ORD00281,C03275,2025-09-03,Completed
ORD00282,C01001,2025-03-06,Completed
ORD00283,C04571,2025-04-13,Completed
ORD00284,C04709,2025-10-31,Completed
ORD00285,C00507,2025-07-03,Completed
ORD00286,C03273,2025-07-28,Completed
ORD00287,C01712,2025-04-10,Completed
ORD00288,C04036,2025-08-11,Completed
ORD00289,C01779,2025-05-13,Completed
ORD00290,C01225,2025-09-30,Completed
ORD00291,C03279,2025-03-23,Pending
ORD00292,C04257,2025-04-29,Completed
ORD00293,C01146,2025-04-23,Completed
ORD00294,C01448,2025-04-06,Completed
ORD00295,C04750,2025-04-17,Completed
ORD00296,C00290,2025-04-30,Completed
ORD00297,C03863,2025-12-24,Returned
ORD00298,C00436,2025-01-04,Completed
ORD00299,C04785,2025-06-09,Completed
ORD00300,C01701,2025-05-09,Completed
ORD00301,C01675,2025-08-17,Completed
ORD00302,C02189,2025-04-12,Completed
ORD00303,C01911,2025-04-11,Cancelled
ORD00304,C01015,2025-11-20,Completed
ORD00305,C04403,2025-09-21,Completed
ORD00306,C04370,2025-05-24,Completed
ORD00307,C03266,2025-11-21,Pending
ORD00308,C00676,2025-03-07,Completed
ORD00309,C03989,2025-10-08,Completed
ORD00310,C00104,2025-05-18,Completed
ORD00311,C01796,2025-08-14,Completed
ORD00312,C04854,2025-09-26,Returned
ORD00313,C03045,2025-12-18,Cancelled
ORD00314,C00932,2025-09-02,Completed
ORD00315,C04681,2025-12-04,Completed
ORD00316,C04427,2025-01-09,Cancelled
ORD00317,C03164,2025-06-01,Completed
ORD00318,C02921,2025-06-07,Completed
ORD00319,C01181,2025-02-19,Completed
ORD00320,C04010,2025-12-07,Returned
ORD00321,C04419,2025-04-24,Completed
ORD00322,C01289,2025-08-11,Completed
ORD00323,C00247,2025-06-15,Completed
ORD00324,C01192,2025-11-19,Completed
ORD00325,C01624,2025-11-28,Completed
ORD00326,C03512,2025-09-25,Completed
ORD00327,C02971,2025-11-12,Completed
ORD00328,C02156,2025-03-09,Completed
ORD00329,C04556,2025-04-20,Completed
ORD00330,C04688,2025-01-20,Completed
ORD00331,C04942,2025-08-22,Completed
ORD00332,C04975,2025-08-28,Cancelled
ORD00333,C04243,2025-04-22,Cancelled
ORD00334,C01731,2025-02-11,Cancelled
ORD00335,C03050,2025-01-12,Completed
ORD00336,C01352,2025-02-18,Completed
ORD00337,C04177,2025-07-11,Pending
ORD00338,C04765,2025-12-12,Completed
ORD00339,C02830,2025-07-05,Pending
ORD00340,C00662,2025-12-15,Cancelled
ORD00341,C00245,2025-03-07,Completed
ORD00342,C00096,2025-07-22,Completed
ORD00343,C03559,2025-11-29,Completed
ORD00344,C03317,2025-11-23,Cancelled
ORD00345,C00302,2025-07-26,Cancelled
ORD00346,C03750,2025-04-25,Completed
ORD00347,C04049,2025-08-02,Completed
ORD00348,C00767,2025-06-02,Completed
ORD00349,C04727,2025-12-14,Completed
ORD00350,C03511,2025-05-07,Completed
ORD00351,C04584,2025-10-26,Completed
ORD00352,C00730,2025-01-01,Completed
ORD00353,C04324,2025-06-21,Completed
ORD00354,C02543,2025-03-17,Completed
ORD00355,C03123,2025-03-28,Completed
ORD00356,C00846,2025-06-16,Completed
ORD00357,C04637,2025-07-25,Completed
ORD00358,C03619,2025-06-01,Completed
ORD00359,C04693,2025-12-13,Completed
ORD00360,C01867,2025-11-02,Completed
ORD00361,C02107,2025-11-11,Completed
ORD00362,C04887,2025-05-28,Completed
ORD00363,C01648,2025-10-12,Completed
ORD00364,C02850,2025-06-14,Pending
ORD00365,C02343,2025-08-01,Completed
ORD00366,C03568,2025-12-06,Cancelled
ORD00367,C03015,2025-04-12,Completed
ORD00368,C03850,2025-01-30,Completed
ORD00369,C04019,2025-04-22,Completed
ORD00370,C00439,2025-03-18,Returned
ORD00371,C00746,2025-01-09,Cancelled
ORD00372,C01200,2025-08-28,Completed
ORD00373,C03115,2025-12-10,Completed
ORD00374,C01815,2025-12-16,Pending
ORD00375,C01375,2025-06-29,Returned
ORD00376,C03200,2025-12-03,Completed
ORD00377,C01679,2025-12-27,Completed
ORD00378,C01393,2025-04-15,Completed
ORD00379,C04137,2025-08-20,Completed
ORD00380,C04623,2025-04-20,Completed
ORD00381,C00536,2025-08-07,Cancelled
ORD00382,C03207,2025-01-03,Completed
ORD00383,C04754,2025-03-05,Completed
ORD00384,C04942,2025-01-06,Completed
ORD00385,C04496,2025-09-23,Completed
ORD00386,C03247,2025-01-12,Pending
ORD00387,C03624,2025-04-17,Pending
ORD00388,C01264,2025-07-31,Completed
ORD00389,C02493,2025-08-18,Pending
ORD00390,C04569,2025-10-20,Completed
ORD00391,C01620,2025-12-07,Completed
ORD00392,C04212,2025-07-02,Completed
ORD00393,C02975,2025-11-19,Completed
ORD00394,C00749,2025-09-05,Completed
ORD00395,C00478,2025-11-12,Cancelled
ORD00396,C00191,2025-11-03,Completed
ORD00397,C04061,2025-02-19,Completed
ORD00398,C02398,2025-12-29,Cancelled
ORD00399,C02997,2025-11-23,Completed
ORD00400,C00881,2025-01-08,Completed
ORD00401,C02868,2025-09-09,Completed
ORD00402,C02228,2025-08-03,Completed
ORD00403,C04708,2025-06-03,Completed
ORD00404,C04045,2025-04-20,Cancelled
ORD00405,C01916,2025-10-04,Completed
ORD00406,C04499,2025-01-30,Pending
ORD00407,C02668,2025-03-08,Completed
ORD00408,C04691,2025-01-16,Cancelled
ORD00409,C02718,2025-07-19,Completed
ORD00410,C02825,2025-02-14,Completed
ORD00411,C01568,2025-08-15,Completed
ORD00412,C02482,2025-08-19,Completed
ORD00413,C00742,2025-10-31,Completed
ORD00414,C04422,2025-09-15,Completed
ORD00415,C03646,2025-05-21,Completed
ORD00416,C02163,2025-07-01,Completed
ORD00417,C04967,2025-07-26,Completed
ORD00418,C02613,2025-11-13,Completed
ORD00419,C04124,2025-01-21,Completed
ORD00420,C01293,2025-06-15,Completed
ORD00421,C01228,2025-05-03,Completed
ORD00422,C04191,2025-10-20,Cancelled
ORD00423,C04848,2025-12-11,Completed
ORD00424,C02298,2025-07-21,Completed
ORD00425,C01355,2025-05-16,Completed
ORD00426,C02443,2025-04-29,Completed
ORD00427,C02058,2025-09-28,Completed
ORD00428,C04874,2025-06-18,Completed
ORD00429,C00919,2025-04-06,Completed
ORD00430,C02914,2025-07-19,Completed
ORD00431,C01927,2025-09-16,Completed
ORD00432,C00521,2025-01-03,Completed
ORD00433,C04473,2025-01-24,Completed
ORD00434,C02705,2025-06-08,Completed
ORD00435,C02382,2025-07-15,Completed
ORD00436,C00006,2025-06-03,Completed
ORD00437,C00481,2025-04-19,Completed
ORD00438,C03297,2025-05-13,Completed
ORD00439,C02263,2025-08-24,Completed
ORD00440,C04775,2025-03-04,Cancelled
ORD00441,C00672,2025-08-07,Completed
ORD00442,C01526,2025-04-01,Completed
ORD00443,C02770,2025-01-23,Pending
ORD00444,C01948,2025-10-22,Cancelled
ORD00445,C03319,2025-12-24,Completed
ORD00446,C02877,2025-10-10,Completed
ORD00447,C04119,2025-12-31,Returned
ORD00448,C00575,2025-11-23,Completed
ORD00449,C00364,2025-01-22,Completed
ORD00450,C01005,2025-06-10,Completed
ORD00451,C04934,2025-04-24,Completed
ORD00452,C01776,2025-07-10,Completed
ORD00453,C04455,2025-08-01,Returned
ORD00454,C03286,2025-01-01,Completed
ORD00455,C01831,2025-09-21,Completed
ORD00456,C02586,2025-01-01,Pending
ORD00457,C00213,2025-03-27,Completed
ORD00458,C02775,2025-09-04,Completed
ORD00459,C04249,2025-01-06,Completed
ORD00460,C00256,2025-02-05,Completed
ORD00461,C02411,2025-07-01,Completed
ORD00462,C00776,2025-10-05,Completed
ORD00463,C03071,2025-10-14,Completed
ORD00464,C03153,2025-12-01,Completed
ORD00465,C04897,2025-06-01,Completed
ORD00466,C04655,2025-10-24,Completed
ORD00467,C01554,2025-07-25,Completed
ORD00468,C03062,2025-01-19,Completed
ORD00469,C02753,2025-03-03,Completed
ORD00470,C00778,2025-12-10,Returned
ORD00471,C04859,2025-04-24,Completed
ORD00472,C03374,2025-09-30,Completed
ORD00473,C00668,2025-09-14,Completed
ORD00474,C04035,2025-02-09,Completed
ORD00475,C00064,2025-10-02,Completed
ORD00476,C02550,2025-11-09,Completed
ORD00477,C04895,2025-04-15,Returned
ORD00478,C01335,2025-10-13,Returned
ORD00479,C02996,2025-01-09,Completed
ORD00480,C00831,2025-11-04,Completed
ORD00481,C00686,2025-03-20,Completed
ORD00482,C01803,2025-04-17,Completed
ORD00483,C00609,2025-04-10,Completed
ORD00484,C04723,2025-06-30,Completed
ORD00485,C01105,2025-01-22,Completed
ORD00486,C02173,2025-01-22,Cancelled
ORD00487,C00428,2025-04-20,Completed
ORD00488,C00599,2025-08-30,Completed
ORD00489,C02976,2025-09-25,Completed
ORD00490,C02858,2025-07-17,Completed
ORD00491,C03678,2025-05-11,Completed
ORD00492,C00057,2025-07-18,Completed
ORD00493,C00871,2025-02-04,Cancelled
ORD00494,C01486,2025-08-01,Returned
ORD00495,C01076,2025-01-17,Cancelled
ORD00496,C01881,2025-01-31,Completed
ORD00497,C04849,2025-07-09,Completed
ORD00498,C03518,2025-06-12,Completed
ORD00499,C00765,2025-03-28,Completed
ORD00500,C00966,2025-10-11,Completed
ORD00501,C00394,2025-11-26,Completed
ORD00502,C04441,2025-02-11,Completed
ORD00503,C01080,2025-12-09,Returned
ORD00504,C01885,2025-12-14,Completed
ORD00505,C04987,2025-04-24,Completed
ORD00506,C00486,2025-04-04,Completed
ORD00507,C02926,2025-10-26,Pending
ORD00508,C04162,2025-09-11,Completed
ORD00509,C01112,2025-01-31,Completed
ORD00510,C01235,2025-04-24,Completed
ORD00511,C02331,2025-12-06,Completed
ORD00512,C04916,2025-08-09,Completed
ORD00513,C04137,2025-12-25,Completed
ORD00514,C00864,2025-01-11,Completed
ORD00515,C03170,2025-11-21,Completed
ORD00516,C04676,2025-07-27,Completed
ORD00517,C00397,2025-05-28,Completed
ORD00518,C00253,2025-06-26,Completed
ORD00519,C00730,2025-02-03,Completed
ORD00520,C00402,2025-04-22,Completed
ORD00521,C00049,2025-09-23,Completed
ORD00522,C03318,2025-05-21,Pending
ORD00523,C00846,2025-12-19,Completed
ORD00524,C00110,2025-05-10,Completed
ORD00525,C03335,2025-01-22,Completed
ORD00526,C00618,2025-12-21,Completed
ORD00527,C04093,2025-02-22,Completed
ORD00528,C00313,2025-10-10,Completed
ORD00529,C02238,2025-08-06,Completed
ORD00530,C02668,2025-05-15,Completed
ORD00531,C04637,2025-06-30,Completed
ORD00532,C03310,2025-01-06,Completed
ORD00533,C02724,2025-09-14,Completed
ORD00534,C03392,2025-03-09,Cancelled
ORD00535,C03742,2025-05-15,Completed
ORD00536,C03264,2025-08-10,Completed
ORD00537,C04568,2025-04-23,Cancelled
ORD00538,C04476,2025-06-28,Completed
ORD00539,C00333,2025-09-07,Completed
ORD00540,C01161,2025-11-08,Completed
ORD00541,C00641,2025-06-06,Completed
ORD00542,C00132,2025-05-29,Completed
ORD00543,C02942,2025-08-21,Cancelled
ORD00544,C03630,2025-08-09,Completed
ORD00545,C02591,2025-04-08,Cancelled
ORD00546,C04372,2025-05-28,Completed
ORD00547,C03328,2025-07-19,Completed
ORD00548,C00702,2025-11-04,Completed
ORD00549,C01600,2025-01-23,Completed
ORD00550,C03201,2025-05-27,Completed
ORD00551,C01139,2025-09-26,Completed
ORD00552,C03284,2025-03-05,Completed
ORD00553,C02405,2025-12-11,Returned
ORD00554,C03075,2025-09-23,Completed
ORD00555,C04772,2025-01-08,Completed
ORD00556,C03174,2025-03-08,Completed
ORD00557,C03654,2025-07-18,Completed
ORD00558,C00991,2025-07-19,Completed
ORD00559,C01124,2025-10-04,Completed
ORD00560,C03567,2025-01-05,Pending
ORD00561,C01554,2025-06-07,Completed
ORD00562,C04277,2025-03-07,Completed
ORD00563,C03277,2025-10-08,Completed
ORD00564,C03384,2025-09-05,Cancelled
ORD00565,C00377,2025-03-05,Completed
ORD00566,C03028,2025-07-13,Completed
ORD00567,C04077,2025-09-09,Cancelled
ORD00568,C02420,2025-01-23,Completed
ORD00569,C00516,2025-07-06,Completed
ORD00570,C01083,2025-04-16,Completed
ORD00571,C01209,2025-06-15,Completed
ORD00572,C02241,2025-04-02,Completed
ORD00573,C02787,2025-03-19,Completed
ORD00574,C03198,2025-01-18,Completed
ORD00575,C04269,2025-06-14,Returned
ORD00576,C04281,2025-11-14,Completed
ORD00577,C04917,2025-07-19,Completed
ORD00578,C03708,2025-04-03,Completed
ORD00579,C02966,2025-01-29,Completed
ORD00580,C01231,2025-01-05,Completed
ORD00581,C02949,2025-04-27,Completed
ORD00582,C01632,2025-02-14,Completed
ORD00583,C00976,2025-09-21,Completed
ORD00584,C03044,2025-07-31,Completed
ORD00585,C02699,2025-11-10,Completed
ORD00586,C01884,2025-05-28,Cancelled
ORD00587,C01224,2025-05-05,Completed
ORD00588,C01040,2025-12-31,Completed
ORD00589,C00055,2025-11-06,Completed
ORD00590,C01204,2025-10-24,Completed
ORD00591,C02115,2025-04-26,Returned
ORD00592,C00893,2025-05-22,Returned
ORD00593,C00616,2025-05-24,Completed
ORD00594,C04410,2025-09-06,Completed
ORD00595,C01823,2025-05-16,Cancelled
ORD00596,C01613,2025-12-15,Completed
ORD00597,C03815,2025-09-04,Completed
ORD00598,C04457,2025-03-19,Cancelled
ORD00599,C02489,2025-01-24,Pending
ORD00600,C01218,2025-02-19,Completed
ORD00601,C03499,2025-09-29,Completed
ORD00602,C01869,2025-02-17,Completed
ORD00603,C04032,2025-11-15,Completed
ORD00604,C04236,2025-02-11,Completed
ORD00605,C00894,2025-12-01,Completed
ORD00606,C00350,2025-12-15,Completed
ORD00607,C03137,2025-03-19,Completed
ORD00608,C01333,2025-07-29,Completed
ORD00609,C03795,2025-09-23,Pending
ORD00610,C03566,2025-04-22,Cancelled
ORD00611,C02724,2025-07-05,Completed
ORD00612,C03879,2025-08-20,Completed
ORD00613,C02842,2025-03-07,Completed
ORD00614,C01747,2025-12-26,Completed
ORD00615,C04115,2025-09-25,Completed
ORD00616,C01178,2025-04-11,Pending
ORD00617,C04047,2025-11-17,Completed
ORD00618,C02577,2025-06-09,Completed
ORD00619,C01522,2025-03-07,Completed
ORD00620,C02638,2025-04-14,Completed
ORD00621,C00957,2025-02-04,Completed
ORD00622,C04313,2025-12-14,Completed
ORD00623,C01529,2025-10-11,Completed
ORD00624,C02713,2025-01-24,Completed
ORD00625,C02063,2025-06-22,Completed
ORD00626,C01888,2025-10-11,Returned
ORD00627,C04320,2025-04-06,Completed
ORD00628,C03865,2025-03-23,Completed
ORD00629,C02147,2025-08-14,Completed
ORD00630,C03874,2025-08-11,Completed
ORD00631,C03104,2025-12-29,Completed
ORD00632,C04361,2025-03-07,Completed
ORD00633,C04473,2025-09-11,Completed
ORD00634,C02630,2025-12-28,Returned
ORD00635,C04101,2025-08-17,Completed
ORD00636,C01060,2025-01-29,Completed
ORD00637,C03872,2025-06-10,Completed
ORD00638,C00592,2025-12-17,Completed
ORD00639,C03196,2025-10-12,Completed
ORD00640,C04950,2025-04-08,Completed
ORD00641,C03043,2025-12-30,Completed
ORD00642,C03246,2025-03-07,Completed
ORD00643,C00283,2025-09-04,Completed
ORD00644,C00674,2025-05-12,Completed
ORD00645,C01802,2025-01-02,Completed
ORD00646,C00998,2025-01-08,Completed
ORD00647,C00669,2025-05-23,Completed
ORD00648,C02913,2025-03-14,Completed
ORD00649,C04895,2025-07-15,Completed
ORD00650,C02888,2025-12-29,Completed
ORD00651,C02555,2025-05-19,Completed
ORD00652,C01750,2025-02-05,Completed
ORD00653,C03923,2025-02-19,Completed
ORD00654,C02969,2025-04-27,Completed
ORD00655,C01991,2025-05-22,Completed
ORD00656,C03694,2025-03-26,Completed
ORD00657,C03541,2025-11-12,Completed
ORD00658,C00234,2025-02-17,Completed
ORD00659,C00375,2025-04-16,Completed
ORD00660,C02479,2025-04-26,Completed
ORD00661,C02471,2025-11-04,Completed
ORD00662,C04066,2025-07-06,Returned
ORD00663,C04447,2025-12-25,Completed
ORD00664,C04519,2025-07-31,Completed
ORD00665,C00564,2025-09-29,Completed
ORD00666,C04150,2025-02-17,Completed
ORD00667,C04193,2025-07-26,Completed
ORD00668,C01072,2025-03-01,Completed
ORD00669,C04692,2025-10-30,Completed
ORD00670,C04089,2025-11-07,Completed
ORD00671,C01781,2025-08-22,Completed
ORD00672,C01799,2025-09-21,Completed
ORD00673,C04023,2025-05-28,Completed
ORD00674,C00369,2025-04-18,Completed
ORD00675,C00963,2025-03-24,Completed
ORD00676,C01526,2025-04-28,Completed
ORD00677,C02634,2025-05-16,Completed
ORD00678,C00336,2025-08-13,Completed
ORD00679,C02375,2025-08-19,Completed
ORD00680,C00964,2025-06-09,Returned
ORD00681,C04304,2025-04-22,Completed
ORD00682,C04552,2025-08-26,Completed
ORD00683,C03767,2025-08-30,Returned
ORD00684,C04067,2025-05-11,Completed
ORD00685,C03761,2025-01-10,Completed
ORD00686,C03299,2025-07-17,Completed
ORD00687,C02894,2025-07-25,Completed
ORD00688,C00031,2025-12-11,Completed
ORD00689,C03094,2025-03-13,Completed
ORD00690,C04503,2025-03-21,Completed
ORD00691,C01483,2025-12-18,Cancelled
ORD00692,C04414,2025-03-07,Completed
ORD00693,C04760,2025-04-19,Completed
ORD00694,C03403,2025-10-03,Completed
ORD00695,C03939,2025-10-12,Completed
ORD00696,C03608,2025-03-10,Completed
ORD00697,C02142,2025-12-29,Completed
ORD00698,C04905,2025-04-16,Completed
ORD00699,C00091,2025-06-03,Returned
ORD00700,C02951,2025-11-26,Completed
ORD00701,C03530,2025-10-19,Completed
ORD00702,C00301,2025-07-25,Completed
ORD00703,C03253,2025-01-17,Completed
ORD00704,C04449,2025-06-30,Completed
ORD00705,C00775,2025-04-04,Completed
ORD00706,C02068,2025-12-01,Completed
ORD00707,C01685,2025-06-24,Completed
ORD00708,C02271,2025-10-24,Completed
ORD00709,C00751,2025-02-27,Completed
ORD00710,C02534,2025-08-10,Completed
ORD00711,C00804,2025-03-20,Completed
ORD00712,C01486,2025-03-02,Completed
ORD00713,C03186,2025-05-01,Completed
ORD00714,C04566,2025-12-16,Completed
ORD00715,C03882,2025-12-29,Completed
ORD00716,C02515,2025-10-14,Returned
ORD00717,C01848,2025-07-12,Completed
ORD00718,C04334,2025-02-18,Completed
ORD00719,C03366,2025-06-23,Completed
ORD00720,C02865,2025-07-05,Returned
ORD00721,C04526,2025-11-17,Returned
ORD00722,C03050,2025-10-21,Completed
ORD00723,C01368,2025-02-07,Completed
ORD00724,C02022,2025-09-13,Completed
ORD00725,C01617,2025-02-23,Completed
ORD00726,C03360,2025-04-10,Cancelled
ORD00727,C03227,2025-06-22,Completed
ORD00728,C04068,2025-04-01,Completed
ORD00729,C03275,2025-08-25,Completed
ORD00730,C04258,2025-09-10,Completed
ORD00731,C03999,2025-07-07,Completed
ORD00732,C01718,2025-07-04,Completed
ORD00733,C03483,2025-02-06,Completed
ORD00734,C02529,2025-02-15,Completed
ORD00735,C02105,2025-11-01,Completed
ORD00736,C04791,2025-06-27,Completed
ORD00737,C04550,2025-01-13,Completed
ORD00738,C04460,2025-06-02,Completed
ORD00739,C03542,2025-09-09,Completed
ORD00740,C01573,2025-04-13,Completed
ORD00741,C04972,2025-01-07,Cancelled
ORD00742,C04015,2025-07-27,Completed
ORD00743,C02977,2025-01-15,Completed
ORD00744,C00770,2025-02-08,Completed
ORD00745,C01835,2025-11-09,Completed
ORD00746,C02739,2025-06-07,Completed
ORD00747,C00002,2025-06-07,Completed
ORD00748,C01503,2025-04-12,Completed
ORD00749,C02058,2025-09-13,Completed
ORD00750,C01281,2025-02-08,Completed
ORD00751,C04793,2025-11-06,Completed
ORD00752,C00713,2025-01-02,Returned
ORD00753,C04298,2025-07-21,Completed
ORD00754,C03150,2025-05-09,Completed
ORD00755,C04962,2025-01-10,Completed
ORD00756,C04939,2025-10-20,Completed
ORD00757,C02807,2025-09-04,Completed
ORD00758,C04345,2025-12-05,Completed
ORD00759,C03125,2025-08-21,Completed
ORD00760,C04689,2025-07-15,Completed
ORD00761,C01894,2025-07-18,Completed
ORD00762,C01487,2025-01-19,Completed
ORD00763,C03231,2025-03-02,Completed
ORD00764,C01485,2025-04-10,Completed
ORD00765,C01485,2025-08-10,Completed
ORD00766,C01833,2025-12-12,Completed
ORD00767,C00469,2025-07-06,Completed
ORD00768,C03170,2025-10-18,Completed
ORD00769,C03595,2025-03-23,Completed
ORD00770,C02975,2025-11-14,Completed
ORD00771,C00849,2025-12-07,Pending
ORD00772,C02983,2025-07-05,Cancelled
ORD00773,C03637,2025-11-13,Completed
ORD00774,C01286,2025-09-08,Completed
ORD00775,C00059,2025-03-02,Completed
ORD00776,C02750,2025-06-07,Cancelled
ORD00777,C00786,2025-08-27,Cancelled
ORD00778,C04089,2025-04-16,Completed
ORD00779,C01499,2025-07-31,Completed
ORD00780,C04803,2025-08-06,Completed
ORD00781,C02788,2025-07-28,Completed
ORD00782,C04521,2025-12-19,Completed
ORD00783,C04509,2025-08-04,Pending
ORD00784,C00515,2025-01-18,Pending
ORD00785,C04291,2025-06-25,Cancelled
ORD00786,C04956,2025-08-31,Completed
ORD00787,C02841,2025-09-14,Completed
ORD00788,C03923,2025-10-30,Completed
ORD00789,C01742,2025-12-23,Completed
ORD00790,C03365,2025-05-21,Completed
ORD00791,C04065,2025-01-27,Completed
ORD00792,C03135,2025-04-13,Completed
ORD00793,C04015,2025-07-22,Completed
ORD00794,C03476,2025-06-29,Completed
ORD00795,C03226,2025-05-16,Returned
ORD00796,C02743,2025-09-23,Completed
ORD00797,C03173,2025-07-17,Completed
ORD00798,C02125,2025-10-26,Completed
ORD00799,C02172,2025-08-15,Pending
ORD00800,C00642,2025-06-28,Completed
ORD00801,C01955,2025-05-21,Completed
ORD00802,C02071,2025-06-13,Cancelled
ORD00803,C00296,2025-11-23,Completed
ORD00804,C02075,2025-01-13,Pending
ORD00805,C02987,2025-05-04,Completed
ORD00806,C04057,2025-03-28,Completed
ORD00807,C00046,2025-10-14,Returned
ORD00808,C02236,2025-12-14,Pending
ORD00809,C04295,2025-11-09,Completed
ORD00810,C02580,2025-04-27,Cancelled
ORD00811,C02120,2025-06-20,Completed
ORD00812,C01942,2025-08-14,Completed
ORD00813,C02291,2025-10-11,Completed
ORD00814,C03949,2025-09-26,Completed
ORD00815,C03069,2025-04-28,Completed
ORD00816,C01769,2025-04-12,Returned
ORD00817,C04372,2025-07-10,Completed
ORD00818,C04755,2025-04-07,Completed
ORD00819,C04974,2025-03-03,Completed
ORD00820,C03335,2025-11-04,Completed
ORD00821,C02482,2025-09-26,Completed
ORD00822,C02267,2025-01-15,Completed
ORD00823,C01814,2025-08-23,Completed
ORD00824,C00454,2025-05-21,Completed
ORD00825,C02882,2025-01-01,Returned
ORD00826,C03165,2025-04-22,Completed
ORD00827,C02110,2025-01-16,Completed
ORD00828,C00847,2025-01-24,Returned
ORD00829,C01157,2025-07-28,Completed
ORD00830,C04232,2025-04-28,Completed
ORD00831,C03703,2025-11-20,Completed
ORD00832,C03538,2025-04-16,Completed
ORD00833,C02387,2025-07-22,Completed
ORD00834,C02304,2025-11-28,Completed
ORD00835,C02183,2025-12-21,Completed
ORD00836,C03538,2025-01-20,Completed
ORD00837,C01790,2025-03-11,Completed
ORD00838,C01611,2025-10-20,Completed
ORD00839,C03888,2025-05-16,Completed
ORD00840,C02750,2025-11-01,Completed
ORD00841,C00440,2025-12-29,Pending
ORD00842,C04716,2025-05-26,Completed
ORD00843,C00438,2025-02-15,Completed
ORD00844,C01467,2025-11-18,Completed
ORD00845,C03574,2025-01-23,Completed
ORD00846,C04369,2025-02-26,Cancelled
ORD00847,C04886,2025-06-17,Completed
ORD00848,C03210,2025-06-03,Completed
ORD00849,C02150,2025-10-31,Completed
ORD00850,C03898,2025-10-17,Completed
ORD00851,C03845,2025-04-14,Completed
ORD00852,C01609,2025-05-01,Completed
ORD00853,C03499,2025-02-14,Completed
ORD00854,C02062,2025-04-21,Completed
ORD00855,C03664,2025-12-02,Completed
ORD00856,C02209,2025-12-28,Completed
ORD00857,C04327,2025-10-30,Completed
ORD00858,C02797,2025-01-12,Completed
ORD00859,C01503,2025-07-29,Completed
ORD00860,C01522,2025-08-28,Completed
ORD00861,C03306,2025-09-28,Completed
ORD00862,C02738,2025-08-10,Pending
ORD00863,C03854,2025-01-31,Completed
ORD00864,C00698,2025-11-22,Returned
ORD00865,C04439,2025-12-15,Completed
ORD00866,C01311,2025-11-04,Completed
ORD00867,C01960,2025-07-24,Completed
ORD00868,C01790,2025-10-19,Completed
ORD00869,C01044,2025-04-07,Completed
ORD00870,C03783,2025-05-10,Completed
ORD00871,C04901,2025-11-27,Completed
ORD00872,C04268,2025-06-02,Cancelled
ORD00873,C00840,2025-12-25,Returned
ORD00874,C01697,2025-05-08,Completed
ORD00875,C03369,2025-09-14,Completed
ORD00876,C00074,2025-06-21,Cancelled
ORD00877,C04138,2025-01-06,Completed
ORD00878,C04742,2025-02-03,Pending
ORD00879,C00368,2025-11-18,Pending
ORD00880,C03314,2025-11-25,Completed
ORD00881,C00976,2025-01-16,Completed
ORD00882,C02190,2025-01-21,Completed
ORD00883,C00294,2025-08-21,Completed
ORD00884,C01680,2025-10-03,Cancelled
ORD00885,C02469,2025-08-14,Completed
ORD00886,C02203,2025-09-20,Completed
ORD00887,C00088,2025-04-27,Completed
ORD00888,C04240,2025-06-29,Completed
ORD00889,C01746,2025-08-10,Completed
ORD00890,C02333,2025-12-20,Cancelled
ORD00891,C00060,2025-05-30,Completed
ORD00892,C01060,2025-09-03,Completed
ORD00893,C04212,2025-01-30,Completed
ORD00894,C00082,2025-04-07,Completed
ORD00895,C03701,2025-10-11,Completed
ORD00896,C02006,2025-12-06,Completed
ORD00897,C02100,2025-05-06,Returned
ORD00898,C00678,2025-08-08,Completed
ORD00899,C04254,2025-06-16,Pending
ORD00900,C04118,2025-05-17,Completed
ORD00901,C02189,2025-01-22,Cancelled
ORD00902,C04604,2025-12-04,Completed
ORD00903,C02585,2025-10-28,Completed
ORD00904,C00197,2025-04-13,Completed
ORD00905,C00276,2025-08-25,Completed
ORD00906,C03046,2025-08-12,Completed
ORD00907,C02804,2025-03-21,Completed
ORD00908,C00444,2025-03-05,Pending
ORD00909,C02963,2025-03-23,Completed
ORD00910,C00310,2025-03-08,Completed
ORD00911,C04900,2025-12-04,Completed
ORD00912,C03295,2025-07-15,Completed
ORD00913,C01794,2025-01-11,Completed
ORD00914,C01353,2025-05-06,Completed
ORD00915,C03274,2025-06-30,Completed
ORD00916,C00027,2025-05-06,Completed
ORD00917,C03606,2025-11-02,Returned
ORD00918,C04860,2025-03-02,Completed
ORD00919,C02255,2025-01-31,Completed
ORD00920,C03793,2025-04-17,Completed
ORD00921,C00211,2025-03-02,Completed
ORD00922,C04992,2025-07-02,Completed
ORD00923,C00766,2025-10-13,Completed
ORD00924,C00036,2025-01-12,Completed
ORD00925,C01049,2025-04-13,Completed
ORD00926,C04356,2025-03-13,Returned
ORD00927,C00320,2025-12-21,Completed
ORD00928,C04237,2025-03-06,Completed
ORD00929,C02466,2025-09-28,Completed
ORD00930,C00267,2025-10-18,Completed
ORD00931,C00459,2025-06-27,Completed
ORD00932,C04348,2025-05-28,Returned
ORD00933,C03673,2025-04-22,Completed
ORD00934,C02941,2025-08-16,Pending
ORD00935,C03977,2025-11-04,Completed
ORD00936,C01676,2025-10-28,Completed
ORD00937,C01232,2025-05-19,Returned
ORD00938,C02700,2025-11-23,Cancelled
ORD00939,C02683,2025-05-02,Completed
ORD00940,C00860,2025-07-11,Completed
ORD00941,C04390,2025-03-22,Completed
ORD00942,C01191,2025-12-14,Completed
ORD00943,C04221,2025-03-12,Completed
ORD00944,C02249,2025-03-09,Completed
ORD00945,C02909,2025-02-20,Completed
ORD00946,C02813,2025-04-05,Completed
ORD00947,C02992,2025-11-28,Completed
ORD00948,C03431,2025-09-28,Completed
ORD00949,C00650,2025-06-22,Completed
ORD00950,C04848,2025-01-22,Completed
ORD00951,C00440,2025-09-20,Completed
ORD00952,C04712,2025-08-05,Returned
ORD00953,C02690,2025-06-05,Completed
ORD00954,C04111,2025-08-21,Completed
ORD00955,C00847,2025-12-12,Completed
ORD00956,C00123,2025-12-29,
ORD00957,C02410,2025-09-20,Completed
ORD00958,C02308,2025-10-27,Returned
ORD00959,C00944,2025-06-16,Returned
ORD00960,C00250,2025-09-19,Completed
ORD00961,C01116,2025-12-02,Completed
ORD00962,C02361,2025-07-28,Returned
ORD00963,C02380,2025-01-22,Completed
ORD00964,C02724,2025-01-14,Completed
ORD00965,C03384,2025-11-01,Completed
ORD00966,C02840,2025-06-30,Completed
ORD00967,C01724,2025-07-08,Completed
ORD00968,C04165,2025-09-19,Completed
ORD00969,C00508,2025-09-17,Pending
ORD00970,C01099,2025-12-06,Completed
ORD00971,C03659,2025-08-13,Pending
ORD00972,C02702,2025-06-03,Completed
ORD00973,C03703,2025-11-18,Completed
ORD00974,C04040,2025-05-20,Completed
ORD00975,C04706,2025-04-03,Completed
ORD00976,C02326,2025-12-29,Completed
ORD00977,C01034,2025-04-22,Completed
ORD00978,C03665,2025-03-17,Completed
ORD00979,C04808,2025-05-08,Completed
ORD00980,C04884,2025-08-29,Completed
ORD00981,C00316,2025-01-09,Completed
ORD00982,C00509,2025-12-30,Completed
ORD00983,C02712,2025-07-06,Cancelled
ORD00984,C02329,2025-10-08,Completed
ORD00985,C04663,2025-12-19,Returned
ORD00986,C03409,2025-08-25,Completed
ORD00987,C00865,2025-08-12,Completed
ORD00988,C01087,2025-04-12,Cancelled
ORD00989,C04618,2025-06-24,Completed
ORD00990,C04003,2025-03-02,Completed
ORD00991,C02703,2025-07-06,Completed
ORD00992,C01811,2025-06-25,Completed
ORD00993,C01383,2025-08-19,Completed
ORD00994,C03660,2025-05-15,Completed
ORD00995,C00171,2025-07-12,Completed
ORD00996,C01016,2025-03-21,Pending
ORD00997,C01254,2025-09-09,Completed
ORD00998,C03955,2025-07-23,Completed
ORD00999,C01617,2025-02-02,Completed
ORD01000,C03014,2025-02-27,Cancelled
ORD01001,C01655,2025-05-22,Completed
ORD01002,C04067,2025-11-23,Completed
ORD01003,C00458,2025-06-23,Completed
ORD01004,C02987,2025-06-22,Completed
ORD01005,C01972,2025-05-29,Completed
ORD01006,C02914,2025-11-15,Completed
ORD01007,C02979,2025-08-11,
ORD01008,C01008,2025-08-06,Completed
ORD01009,C01759,2025-04-15,Completed
ORD01010,C03963,2025-12-25,Pending
ORD01011,C03397,2025-08-01,Completed
ORD01012,C00443,2025-10-14,Completed
ORD01013,C02918,2025-01-04,Completed
ORD01014,C04756,2025-02-16,Completed
ORD01015,C04119,2025-08-02,Pending
ORD01016,C00417,2025-05-31,Completed
ORD01017,C00651,2025-08-31,Completed
ORD01018,C03036,2025-06-18,Cancelled
ORD01019,C03863,2025-10-14,Completed
ORD01020,C01300,2025-02-17,Completed
ORD01021,C04744,2025-08-22,Completed
ORD01022,C01897,2025-04-25,Completed
ORD01023,C04555,2025-07-16,Completed
ORD01024,C01988,2025-02-05,Cancelled
ORD01025,C03443,2025-01-19,Completed
ORD01026,C04717,2025-09-23,Completed
ORD01027,C04476,2025-06-29,Cancelled
ORD01028,C00201,2025-02-15,Completed
ORD01029,C03020,2025-07-10,Pending
ORD01030,C04521,2025-04-11,Completed
ORD01031,C00642,2025-02-17,Completed
ORD01032,C03027,2025-04-15,Completed
ORD01033,C00359,2025-03-24,Completed
ORD01034,C02336,2025-01-25,Completed
ORD01035,C01556,2025-12-18,Cancelled
ORD01036,C01945,2025-12-29,Completed
ORD01037,C04675,2025-08-10,Completed
ORD01038,C04095,2025-10-28,Completed
ORD01039,C01516,2025-01-02,Cancelled
ORD01040,C01935,2025-10-06,Completed
ORD01041,C03667,2025-09-23,Completed
ORD01042,C00515,2025-10-14,Completed
ORD01043,C01731,2025-09-28,Completed
ORD01044,C02322,2025-08-19,Completed
ORD01045,C00814,2025-07-31,Pending
ORD01046,C03710,2025-08-10,Completed
ORD01047,C02036,2025-05-20,Completed
ORD01048,C00065,2025-10-06,Completed
ORD01049,C02450,2025-09-20,Returned
ORD01050,C00760,2025-04-06,Completed
ORD01051,C01527,2025-07-27,Completed
ORD01052,C02393,2025-09-04,Completed
ORD01053,C01220,2025-07-31,Cancelled
ORD01054,C02252,2025-01-16,Completed
ORD01055,C03794,2025-11-28,Completed
ORD01056,C01591,2025-12-17,Pending
ORD01057,C01364,2025-09-11,Completed
ORD01058,C03557,2025-07-28,Completed
ORD01059,C03624,2025-11-01,Cancelled
ORD01060,C02681,2025-09-23,Completed
ORD01061,C04503,2025-08-31,Completed
ORD01062,C02477,2025-05-20,Completed
ORD01063,C04641,2025-03-28,Completed
ORD01064,C03180,2025-09-27,Completed
ORD01065,C00724,2025-06-06,Completed
ORD01066,C03146,2025-11-09,Completed
ORD01067,C04662,2025-11-12,Returned
ORD01068,C02744,2025-05-08,Completed
ORD01069,C02680,2025-06-19,Completed
ORD01070,C03305,2025-06-09,Cancelled
ORD01071,C01182,2025-04-11,Completed
ORD01072,C02287,2025-01-06,Completed
ORD01073,C03104,2025-10-26,Pending
ORD01074,C00092,2025-10-12,Completed
ORD01075,C03073,2025-05-18,Pending
ORD01076,C04827,2025-07-18,Completed
ORD01077,C03427,2025-12-08,Completed
ORD01078,C00524,2025-03-04,Cancelled
ORD01079,C04406,2025-04-04,Completed
ORD01080,C04724,2025-03-16,Completed
ORD01081,C01118,2025-05-17,Completed
ORD01082,C04590,2025-09-09,Completed
ORD01083,C01522,2025-01-27,Completed
ORD01084,C03832,2025-04-17,Completed
ORD01085,C03982,2025-12-28,Completed
ORD01086,C02211,2025-01-28,Completed
ORD01087,C00527,2025-04-15,Completed
ORD01088,C03389,2025-09-09,Completed
ORD01089,C04267,2025-06-17,Completed
ORD01090,C04108,2025-05-06,Completed
ORD01091,C02175,2025-06-18,Completed
ORD01092,C04786,2025-07-17,Cancelled
ORD01093,C02667,2025-12-12,Pending
ORD01094,C03682,2025-12-06,Completed
ORD01095,C03047,2025-08-24,Completed
ORD01096,C03157,2025-10-15,Cancelled
ORD01097,C00018,2025-01-28,Completed
ORD01098,C02764,2025-02-04,Returned
ORD01099,C01080,2025-07-22,Completed
ORD01100,C03924,2025-11-30,Completed
ORD01101,C02140,2025-11-24,Completed
ORD01102,C04929,2025-05-16,Completed
ORD01103,C03394,2025-04-25,Completed
ORD01104,C03825,2025-01-19,Completed
ORD01105,C03368,2025-02-24,Completed
ORD01106,C03559,2025-07-01,Completed
ORD01107,C02059,2025-05-10,Completed
ORD01108,C00347,2025-02-01,Completed
ORD01109,C01237,2025-02-14,Cancelled
ORD01110,C04179,2025-08-09,Completed
ORD01111,C02049,2025-08-22,Returned
ORD01112,C00818,2025-07-08,Completed
ORD01113,C00416,2025-05-08,Completed
ORD01114,C00679,2025-11-20,Completed
ORD01115,C00760,2025-10-20,Completed
ORD01116,C02848,2025-12-10,Cancelled
ORD01117,C00178,2025-06-24,Completed
ORD01118,C03065,2025-11-18,Completed
ORD01119,C01929,2025-04-25,Completed
ORD01120,C04484,2025-06-13,Completed
ORD01121,C04452,2025-02-14,Completed
ORD01122,C02156,2025-04-07,Completed
ORD01123,C01523,2025-12-30,Completed
ORD01124,C04102,2025-09-01,Completed
ORD01125,C03365,2025-12-30,Completed
ORD01126,C01526,2025-09-08,Cancelled
ORD01127,C04842,2025-12-21,Returned
ORD01128,C00391,2025-05-23,Completed
ORD01129,C01698,2025-04-15,Completed
ORD01130,C00785,2025-01-01,Completed
ORD01131,C00333,2025-09-16,Completed
ORD01132,C00635,2025-09-09,Completed
ORD01133,C00313,2025-07-06,Completed
ORD01134,C01040,2025-11-05,Completed
ORD01135,C04332,2025-05-17,Completed
ORD01136,C03762,2025-12-02,Pending
ORD01137,C02421,2025-10-25,Pending
ORD01138,C03330,2025-07-05,Completed
ORD01139,C04904,2025-01-11,Completed
ORD01140,C01088,2025-08-31,Completed
ORD01141,C01477,2025-06-29,Completed
ORD01142,C03517,2025-02-18,Completed
ORD01143,C02376,2025-04-21,Completed
ORD01144,C04128,2025-04-10,Completed
ORD01145,C02557,2025-01-04,Completed
ORD01146,C03965,2025-09-03,Returned
ORD01147,C03001,2025-03-05,Completed
ORD01148,C00329,2025-08-08,Completed
ORD01149,C00089,2025-11-01,Pending
ORD01150,C01255,2025-03-13,Completed
ORD01151,C03289,2025-10-09,Completed
ORD01152,C03734,2025-05-28,Completed
ORD01153,C01648,2025-08-24,Completed
ORD01154,C02315,2025-08-17,Completed
ORD01155,C01270,2025-01-23,Completed
ORD01156,C02014,2025-02-12,Completed
ORD01157,C01035,2025-08-16,Completed
ORD01158,C02040,2025-02-14,Completed
ORD01159,C03390,2025-08-06,Completed
ORD01160,C02879,2025-07-23,Completed
ORD01161,C01438,2025-04-24,Completed
ORD01162,C03291,2025-02-14,Completed
ORD01163,C02915,2025-06-23,Completed
ORD01164,C00182,2025-08-03,Pending
ORD01165,C01193,2025-05-09,Completed
ORD01166,C02670,2025-06-19,Completed
ORD01167,C01228,2025-08-04,Completed
ORD01168,C01138,2025-01-28,Cancelled
ORD01169,C01983,2025-07-27,Completed
ORD01170,C03876,2025-01-30,Completed
ORD01171,C03725,2025-06-10,Completed
ORD01172,C00064,2025-01-04,Completed
ORD01173,C03577,2025-10-09,Completed
ORD01174,C00342,2025-08-07,Completed
ORD01175,C00023,2025-06-13,Completed
ORD01176,C00623,2025-02-06,Completed
ORD01177,C00682,2025-12-24,Completed
ORD01178,C00749,2025-07-16,Completed
ORD01179,C04906,2025-04-14,Completed
ORD01180,C01974,2025-07-06,Completed
ORD01181,C04706,2025-04-28,Pending
ORD01182,C01896,2025-01-09,Completed
ORD01183,C03036,2025-05-20,Completed
ORD01184,C02310,2025-10-26,Returned
ORD01185,C02619,2025-02-11,Completed
ORD01186,C02711,2025-08-31,Completed
ORD01187,C03624,2025-10-25,Completed
ORD01188,C01543,2025-03-16,Completed
ORD01189,C04326,2025-04-27,Completed
ORD01190,C01212,2025-05-19,Completed
ORD01191,C03244,2025-12-16,Completed
ORD01192,C03378,2025-09-28,Completed
ORD01193,C02711,2025-02-26,Completed
ORD01194,C00202,2025-03-15,Returned
ORD01195,C00283,2025-06-05,Completed
ORD01196,C00531,2025-06-15,Returned
ORD01197,C02497,2025-10-06,Completed
ORD01198,C00269,2025-06-11,Completed
ORD01199,C00409,2025-11-07,Completed
ORD01200,C01560,2025-05-26,Completed
ORD01201,C02991,2025-05-07,Completed
ORD01202,C03414,2025-04-14,Pending
ORD01203,C01951,2025-01-04,Completed
ORD01204,C03949,2025-12-29,Pending
ORD01205,C03018,2025-12-25,Completed
ORD01206,C01586,2025-08-27,Returned
ORD01207,C00434,2025-01-02,Completed
ORD01208,C04426,2025-05-25,Completed
ORD01209,C03323,2025-05-15,Completed
ORD01210,C03694,2025-08-18,Completed
ORD01211,C01202,2025-02-19,Completed
ORD01212,C00088,2025-05-19,Completed
ORD01213,C00504,2025-02-26,Completed
ORD01214,C02794,2025-12-27,Returned
ORD01215,C01390,2025-10-10,Cancelled
ORD01216,C01835,2025-04-19,Completed
ORD01217,C04632,2025-08-29,Completed
ORD01218,C03679,2025-11-25,Completed
ORD01219,C03065,2025-07-14,Completed
ORD01220,C00889,2025-08-21,Completed
ORD01221,C04958,2025-08-16,Completed
ORD01222,C00302,2025-07-01,Completed
ORD01223,C00774,2025-09-10,Returned
ORD01224,C01940,2025-12-19,Pending
ORD01225,C04611,2025-05-03,Completed
ORD01226,C00567,2025-01-30,Cancelled
ORD01227,C02844,2025-07-05,Completed
ORD01228,C00688,2025-07-13,Completed
ORD01229,C04491,2025-04-07,Completed
ORD01230,C00604,2025-09-07,Completed
ORD01231,C01736,2025-07-12,Completed
ORD01232,C04093,2025-01-15,Completed
ORD01233,C04933,2025-05-12,Returned
ORD01234,C02458,2025-01-23,Completed
ORD01235,C02871,2025-12-27,Returned
ORD01236,C02425,2025-07-01,Completed
ORD01237,C02737,2025-10-20,Completed
ORD01238,C03020,2025-08-28,Completed
ORD01239,C04076,2025-07-15,Completed
ORD01240,C00055,2025-10-23,Completed
ORD01241,C03211,2025-04-03,Completed
ORD01242,C03842,2025-10-03,Cancelled
ORD01243,C02625,2025-08-06,Completed
ORD01244,C01494,2025-08-19,Completed
ORD01245,C04760,2025-12-05,Completed
ORD01246,C03365,2025-01-14,Pending
ORD01247,C01055,2025-11-20,Cancelled
ORD01248,C03138,2025-02-03,Completed
ORD01249,C04597,2025-08-12,Completed
ORD01250,C00164,2025-03-02,Completed
ORD01251,C04968,2025-04-23,Completed
ORD01252,C00027,2025-10-28,Cancelled
ORD01253,C00558,2025-10-29,Completed
ORD01254,C04684,2025-01-02,Completed
ORD01255,C00551,2025-12-01,Completed
ORD01256,C00402,2025-01-26,Completed
ORD01257,C01114,2025-09-13,Cancelled
ORD01258,C03328,2025-12-08,Completed
ORD01259,C04321,2025-01-13,Completed
ORD01260,C04292,2025-08-25,Completed
ORD01261,C04022,2025-09-11,Completed
ORD01262,C00694,2025-05-23,Cancelled
ORD01263,C04823,2025-08-26,Completed
ORD01264,C03160,2025-09-17,Completed
ORD01265,C00824,2025-02-23,Completed
ORD01266,C02752,2025-08-07,Cancelled
ORD01267,C04915,2025-07-25,Completed
ORD01268,C03556,2025-01-15,Completed
ORD01269,C03684,2025-04-14,Completed
ORD01270,C02605,2025-11-01,Completed
ORD01271,C03198,2025-12-23,Completed
ORD01272,C00919,2025-10-31,Completed
ORD01273,C01224,2025-01-19,Completed
ORD01274,C00985,2025-04-15,Completed
ORD01275,C03288,2025-05-03,Returned
ORD01276,C04661,2025-12-06,Completed
ORD01277,C02313,2025-09-29,Cancelled
ORD01278,C04996,2025-03-31,Completed
ORD01279,C00368,2025-01-25,Completed
ORD01280,C02924,2025-02-24,Completed
ORD01281,C03826,2025-05-17,Returned
ORD01282,C04301,2025-08-02,Completed
ORD01283,C03874,2025-04-07,Completed
ORD01284,C04435,2025-03-03,Completed
ORD01285,C01071,2025-02-27,Completed
ORD01286,C04069,2025-05-15,Completed
ORD01287,C03681,2025-05-25,Completed
ORD01288,C03696,2025-11-07,Completed
ORD01289,C03063,2025-11-11,Completed
ORD01290,C02729,2025-12-02,Completed
ORD01291,C02515,2025-04-21,Completed
ORD01292,C01927,2025-07-10,Completed
ORD01293,C04952,2025-10-24,Completed
ORD01294,C03848,2025-03-05,Completed
ORD01295,C02873,2025-03-16,Pending
ORD01296,C00296,2025-02-11,Completed
ORD01297,C01640,2025-02-01,Returned
ORD01298,C03113,2025-05-11,Completed
ORD01299,C04735,2025-03-05,Completed
ORD01300,C03126,2025-09-09,Completed
ORD01301,C04730,2025-02-15,Completed
ORD01302,C03443,2025-10-27,Completed
ORD01303,C01550,2025-04-18,Completed
ORD01304,C01958,2025-12-14,Completed
ORD01305,C01744,2025-11-18,Completed
ORD01306,C02010,2025-10-12,Completed
ORD01307,C04562,2025-04-21,Completed
ORD01308,C02630,2025-11-25,Completed
ORD01309,C04345,2025-03-09,Completed
ORD01310,C03912,2025-07-11,Completed
ORD01311,C01929,2025-06-18,Completed
ORD01312,C01458,2025-08-05,Cancelled
ORD01313,C01407,2025-01-28,Completed
ORD01314,C04901,2025-12-12,Completed
ORD01315,C04497,2025-09-09,Completed
ORD01316,C03933,2025-09-16,Completed
ORD01317,C00932,2025-04-06,Completed
ORD01318,C01292,2025-07-26,Completed
ORD01319,C04828,2025-04-11,Completed
ORD01320,C03018,2025-03-04,Completed
ORD01321,C01891,2025-10-20,Completed
ORD01322,C01045,2025-03-12,Completed
ORD01323,C01811,2025-02-12,Completed
ORD01324,C03770,2025-09-19,Completed
ORD01325,C02750,2025-01-05,Completed
ORD01326,C04651,2025-11-30,Completed
ORD01327,C03600,2025-07-11,Pending
ORD01328,C00455,2025-06-11,Completed
ORD01329,C03952,2025-12-21,Cancelled
ORD01330,C04055,2025-09-05,Pending
ORD01331,C04609,2025-02-10,Completed
ORD01332,C02463,2025-04-15,Completed
ORD01333,C01029,2025-12-09,Completed
ORD01334,C01735,2025-06-04,Cancelled
ORD01335,C02616,2025-04-16,Completed
ORD01336,C02029,2025-09-15,Returned
ORD01337,C00627,2025-02-05,Cancelled
ORD01338,C02707,2025-09-11,Completed
ORD01339,C00260,2025-10-28,Completed
ORD01340,C03764,2025-03-22,Completed
ORD01341,C02226,2025-09-21,Completed
ORD01342,C01541,2025-07-14,Completed
ORD01343,C03057,2025-08-19,Cancelled
ORD01344,C02887,2025-08-02,Completed
ORD01345,C02102,2025-04-11,Completed
ORD01346,C04724,2025-02-21,Completed
ORD01347,C04390,2025-07-13,Completed
ORD01348,C00040,2025-09-24,Completed
ORD01349,C02584,2025-06-16,Completed
ORD01350,C03275,2025-10-21,Pending
ORD01351,C02231,2025-04-27,Pending
ORD01352,C04745,2025-11-26,Completed
ORD01353,C02180,2025-02-24,Completed
ORD01354,C00553,2025-01-09,Completed
ORD01355,C01196,2025-09-07,Pending
ORD01356,C04858,2025-08-31,Completed
ORD01357,C01581,2025-06-28,Completed
ORD01358,C04789,2025-03-18,Completed
ORD01359,C00012,2025-02-24,Completed
ORD01360,C00582,2025-09-16,Completed
ORD01361,C03406,2025-11-09,Completed
ORD01362,C00931,2025-04-20,Completed
ORD01363,C04803,2025-05-06,Completed
ORD01364,C03673,2025-06-14,Completed
ORD01365,C04331,2025-06-07,Completed
ORD01366,C00636,2025-02-21,Completed
ORD01367,C02662,2025-09-13,Completed
ORD01368,C01546,2025-06-03,Completed
ORD01369,C03027,2025-07-22,Completed
ORD01370,C00758,2025-07-30,Completed
ORD01371,C01322,2025-07-16,Completed
ORD01372,C02474,2025-06-21,Completed
ORD01373,C02326,2025-08-02,Completed
ORD01374,C00027,2025-04-02,Completed
ORD01375,C01889,2025-06-24,Returned
ORD01376,C02054,2025-07-19,Completed
ORD01377,C01390,2025-03-15,Cancelled
ORD01378,C02048,2025-10-19,Completed
ORD01379,C00033,2025-09-08,Completed
ORD01380,C03644,2025-05-07,Cancelled
ORD01381,C02418,2025-04-28,Completed
ORD01382,C03154,2025-07-16,Completed
ORD01383,C02790,2025-05-13,Completed
ORD01384,C00407,2025-12-05,Completed
ORD01385,C03418,2025-01-26,Completed
ORD01386,C04676,2025-09-27,Completed
ORD01387,C00422,2025-08-15,Completed
ORD01388,C02929,2025-02-25,Completed
ORD01389,C01556,2025-06-22,Completed
ORD01390,C00611,2025-05-13,Completed
ORD01391,C00700,2025-04-01,Completed
ORD01392,C01397,2025-03-26,Completed
ORD01393,C00875,2025-09-07,Completed
ORD01394,C03272,2025-02-04,Completed
ORD01395,C04216,2025-01-22,Completed
ORD01396,C02765,2025-08-12,Completed
ORD01397,C00704,2025-09-28,Returned
ORD01398,C02751,2025-05-19,Completed
ORD01399,C01571,2025-04-22,Cancelled
ORD01400,C01615,2025-08-11,Completed
ORD01401,C02947,2025-01-07,Completed
ORD01402,C04243,2025-06-24,Completed
ORD01403,C00552,2025-06-18,Completed
ORD01404,C02618,2025-10-10,Completed
ORD01405,C03599,2025-11-28,Completed
ORD01406,C00811,2025-12-08,Completed
ORD01407,C03879,2025-10-08,Completed
ORD01408,C04636,2025-01-31,Returned
ORD01409,C02697,2025-04-01,Returned
ORD01410,C02491,2025-10-31,Completed
ORD01411,C01395,2025-02-13,Completed
ORD01412,C00952,2025-11-26,Cancelled
ORD01413,C00841,2025-11-30,Completed
ORD01414,C01311,2025-10-20,Completed
ORD01415,C04978,2025-05-19,Completed
ORD01416,C00925,2025-05-29,Completed
ORD01417,C02329,2025-01-04,Pending
ORD01418,C00689,2025-04-21,Completed
ORD01419,C02965,2025-12-22,Returned
ORD01420,C03251,2025-10-23,Completed
ORD01421,C01553,2025-10-25,Completed
ORD01422,C02331,2025-03-28,Completed
ORD01423,C02634,2025-03-20,Completed
ORD01424,C00989,2025-03-25,Returned
ORD01425,C00251,2025-02-25,Completed
ORD01426,C02474,2025-01-22,Completed
ORD01427,C00424,2025-11-14,Completed
ORD01428,C02480,2025-12-26,Completed
ORD01429,C03571,2025-11-13,Completed
ORD01430,C04207,2025-09-24,Completed
ORD01431,C03304,2025-07-06,Completed
ORD01432,C02436,2025-10-06,Completed
ORD01433,C04444,2025-03-17,Completed
ORD01434,C01529,2025-11-04,Completed
ORD01435,C02026,2025-12-05,Completed
ORD01436,C03745,2025-12-09,Completed
ORD01437,C04970,2025-02-22,Completed
ORD01438,C02558,2025-05-20,Cancelled
ORD01439,C04725,2025-03-05,Completed
ORD01440,C01568,2025-03-18,Returned
ORD01441,C00932,2025-10-14,Cancelled
ORD01442,C00209,2025-02-18,Completed
ORD01443,C01563,2025-02-01,Completed
ORD01444,C02578,2025-03-12,Completed
ORD01445,C00839,2025-07-03,Completed
ORD01446,C04372,2025-03-29,Completed
ORD01447,C02375,2025-04-04,Completed
ORD01448,C02054,2025-01-07,Returned
ORD01449,C01028,2025-03-17,Returned
ORD01450,C02063,2025-07-22,Completed
ORD01451,C03220,2025-09-02,Completed
ORD01452,C01989,2025-03-22,Completed
ORD01453,C01143,2025-06-10,Completed
ORD01454,C02074,2025-03-23,Completed
ORD01455,C04399,2025-08-06,Completed
ORD01456,C00323,2025-08-18,Completed
ORD01457,C03153,2025-01-16,Completed
ORD01458,C01103,2025-11-13,Returned
ORD01459,C01622,2025-11-30,Completed
ORD01460,C04834,2025-10-02,Completed
ORD01461,C03495,2025-12-29,Completed
ORD01462,C03849,2025-06-04,Completed
ORD01463,C04417,2025-12-25,Completed
ORD01464,C03988,2025-03-10,Completed
ORD01465,C00326,2025-08-18,Cancelled
ORD01466,C02770,2025-04-02,Completed
ORD01467,C00425,2025-01-11,Completed
ORD01468,C01792,2025-12-24,Completed
ORD01469,C03035,2025-02-07,Completed
ORD01470,C04902,2025-09-10,Completed
ORD01471,C02324,2025-08-25,Completed
ORD01472,C02824,2025-05-22,Completed
ORD01473,C03542,2025-06-27,Completed
ORD01474,C00531,2025-08-12,Pending
ORD01475,C04357,2025-10-31,Cancelled
ORD01476,C01699,2025-10-31,Completed
ORD01477,C03977,2025-08-11,Pending
ORD01478,C01917,2025-10-25,Completed
ORD01479,C02614,2025-12-25,Completed
ORD01480,C01799,2025-10-12,Cancelled
ORD01481,C00848,2025-10-10,Completed
ORD01482,C04189,2025-10-23,Completed
ORD01483,C03124,2025-11-28,Completed
ORD01484,C01364,2025-08-24,Completed
ORD01485,C03494,2025-09-22,Completed
ORD01486,C03917,2025-01-21,Completed
ORD01487,C01480,2025-11-30,Completed
ORD01488,C02886,2025-08-22,Pending
ORD01489,C01893,2025-02-10,Completed
ORD01490,C04933,2025-07-08,Completed
ORD01491,C01928,2025-02-06,Completed
ORD01492,C03493,2025-12-16,Completed
ORD01493,C04860,2025-04-06,Cancelled
ORD01494,C00663,2025-11-30,Completed
ORD01495,C02612,2025-05-08,Completed
ORD01496,C03831,2025-01-30,Completed
ORD01497,C00057,2025-08-29,Cancelled
ORD01498,C00028,2025-09-11,Completed
ORD01499,C03072,2025-01-04,Returned
ORD01500,C04576,2025-10-10,Pending
ORD01501,C02438,2025-10-17,Completed
ORD01502,C04734,2025-11-09,Completed
ORD01503,C03273,2025-04-12,Completed
ORD01504,C03737,2025-07-13,Completed
ORD01505,C03410,2025-12-27,Completed
ORD01506,C01027,2025-02-06,Completed
ORD01507,C04480,2025-01-06,Completed
ORD01508,C04742,2025-07-03,Completed
ORD01509,C02108,2025-10-10,Completed
ORD01510,C02941,2025-05-23,Pending
ORD01511,C01404,2025-03-25,Completed
ORD01512,C04774,2025-06-20,Completed
ORD01513,C00826,2025-04-11,Completed
ORD01514,C00284,2025-06-17,Completed
ORD01515,C00552,2025-06-29,Completed
ORD01516,C00789,2025-10-25,Completed
ORD01517,C01706,2025-12-04,Cancelled
ORD01518,C02904,2025-02-26,Pending
ORD01519,C00816,2025-01-14,Completed
ORD01520,C03365,2025-09-12,Completed
ORD01521,C02807,2025-02-24,Cancelled
ORD01522,C01888,2025-08-08,Completed
ORD01523,C03293,2025-07-02,Returned
ORD01524,C04960,2025-01-06,Completed
ORD01525,C00250,2025-05-09,Completed
ORD01526,C04025,2025-05-02,Completed
ORD01527,C01167,2025-03-14,Completed
ORD01528,C02137,2025-03-10,Completed
ORD01529,C03989,2025-09-15,Completed
ORD01530,C00324,2025-12-30,Completed
ORD01531,C01414,2025-04-21,Completed
ORD01532,C04465,2025-02-27,Completed
ORD01533,C04227,2025-02-11,Completed
ORD01534,C00518,2025-09-27,Completed
ORD01535,C04672,2025-04-28,Completed
ORD01536,C02517,2025-12-12,Completed
ORD01537,C02623,2025-03-13,Completed
ORD01538,C00579,2025-03-24,Completed
ORD01539,C02599,2025-10-25,Completed
ORD01540,C02001,2025-09-12,Completed
ORD01541,C00577,2025-02-14,Completed
ORD01542,C04968,2025-04-16,Completed
ORD01543,C00862,2025-01-09,Completed
ORD01544,C04128,2025-07-26,Completed
ORD01545,C01973,2025-01-28,Completed
ORD01546,C02739,2025-10-25,Completed
ORD01547,C00216,2025-01-14,Completed
ORD01548,C04363,2025-02-18,Completed
ORD01549,C00154,2025-05-05,Returned
ORD01550,C03421,2025-06-02,Completed
ORD01551,C03050,2025-02-17,Cancelled
ORD01552,C00307,2025-01-23,Completed
ORD01553,C00555,2025-09-14,Completed
ORD01554,C02495,2025-02-08,Returned
ORD01555,C02072,2025-01-13,Completed
ORD01556,C00715,2025-08-18,Completed
ORD01557,C01104,2025-09-23,Completed
ORD01558,C03463,2025-02-02,Completed
ORD01559,C04507,2025-08-29,Completed
ORD01560,C03651,2025-11-25,Completed
ORD01561,C01570,2025-04-05,Pending
ORD01562,C00527,2025-05-25,Completed
ORD01563,C04970,2025-10-21,Completed
ORD01564,C00089,2025-04-18,Cancelled
ORD01565,C01052,2025-01-11,Completed
ORD01566,C01538,2025-11-26,Completed
ORD01567,C04060,2025-05-11,Completed
ORD01568,C01679,2025-06-07,Completed
ORD01569,C01063,2025-02-23,Completed
ORD01570,C03370,2025-07-04,Completed
ORD01571,C00369,2025-01-11,Completed
ORD01572,C03237,2025-01-01,Completed
ORD01573,C00099,2025-11-19,Completed
ORD01574,C00906,2025-04-13,Completed
ORD01575,C01921,2025-06-22,Completed
ORD01576,C02736,2025-08-22,Completed
ORD01577,C02486,2025-03-10,Completed
ORD01578,C03870,2025-03-17,Cancelled
ORD01579,C01048,2025-12-14,Completed
ORD01580,C04889,2025-07-02,Completed
ORD01581,C03804,2025-03-08,Cancelled
ORD01582,C00698,2025-09-08,Completed
ORD01583,C00629,2025-12-30,Completed
ORD01584,C04915,2025-10-14,Completed
ORD01585,C04541,2025-09-12,Returned
ORD01586,C04537,2025-08-21,Completed
ORD01587,C03470,2025-09-01,Returned
ORD01588,C03588,2025-07-09,Completed
ORD01589,C01784,2025-09-14,Completed
ORD01590,C03807,2025-12-03,Completed
ORD01591,C01056,2025-04-20,Completed
ORD01592,C04400,2025-02-13,Completed
ORD01593,C04701,2025-04-25,Completed
ORD01594,C03740,2025-11-26,Completed
ORD01595,C01317,2025-01-22,Completed
ORD01596,C04151,2025-09-01,Completed
ORD01597,C00319,2025-05-21,Completed
ORD01598,C00958,2025-10-28,Completed
ORD01599,C02614,2025-06-24,Returned
ORD01600,C04107,2025-07-29,Completed
ORD01601,C00693,2025-11-27,Returned
ORD01602,C03738,2025-04-25,Completed
ORD01603,C00930,2025-10-03,Completed
ORD01604,C00251,2025-09-13,Completed
ORD01605,C03300,2025-06-09,Returned
ORD01606,C00329,2025-05-07,Completed
ORD01607,C00877,2025-06-28,Completed
ORD01608,C02614,2025-09-19,Completed
ORD01609,C01579,2025-10-19,Completed
ORD01610,C04419,2025-11-23,Completed
ORD01611,C01954,2025-12-05,Completed
ORD01612,C01149,2025-01-17,Completed
ORD01613,C02285,2025-06-06,Completed
ORD01614,C01567,2025-05-01,Completed
ORD01615,C01497,2025-08-18,Completed
ORD01616,C04617,2025-06-11,Completed
ORD01617,C00255,2025-07-30,Completed
ORD01618,C04232,2025-06-10,Completed
ORD01619,C03737,2025-01-05,Completed
ORD01620,C00447,2025-08-28,Completed
ORD01621,C00612,2025-07-01,Completed
ORD01622,C03758,2025-10-14,Cancelled
ORD01623,C02287,2025-04-06,Completed
ORD01624,C02838,2025-07-03,Cancelled
ORD01625,C02853,2025-06-22,Pending
ORD01626,C01795,2025-12-11,Completed
ORD01627,C02188,2025-05-25,Pending
ORD01628,C00296,2025-08-19,Pending
ORD01629,C04229,2025-12-29,Completed
ORD01630,C03385,2025-08-22,Completed
ORD01631,C04124,2025-09-27,Completed
ORD01632,C04816,2025-03-26,Cancelled
ORD01633,C01110,2025-02-24,Pending
ORD01634,C00257,2025-01-20,Completed
ORD01635,C01146,2025-12-14,Cancelled
ORD01636,C00075,2025-05-22,Completed
ORD01637,C02543,2025-09-11,Pending
ORD01638,C00558,2025-03-05,Completed
ORD01639,C02418,2025-07-26,Completed
ORD01640,C03634,2025-07-07,Cancelled
ORD01641,C04029,2025-10-03,Cancelled
ORD01642,C00128,2025-05-24,Completed
ORD01643,C00189,2025-12-22,Completed
ORD01644,C04522,2025-08-07,Completed
ORD01645,C03961,2025-02-11,Completed
ORD01646,C03428,2025-05-12,Completed
ORD01647,C01221,2025-08-10,Completed
ORD01648,C02395,2025-06-03,Completed
ORD01649,C00486,2025-12-23,Completed
ORD01650,C04612,2025-10-08,Completed
ORD01651,C03851,2025-02-12,Completed
ORD01652,C00129,2025-03-02,Completed
ORD01653,C03795,2025-08-27,Pending
ORD01654,C00113,2025-04-29,Completed
ORD01655,C01287,2025-06-17,Completed
ORD01656,C00386,2025-12-21,Completed
ORD01657,C02407,2025-04-25,Pending
ORD01658,C00239,2025-08-26,Completed
ORD01659,C01103,2025-06-07,Completed
ORD01660,C03467,2025-09-29,Completed
ORD01661,C03956,2025-12-03,Completed
ORD01662,C04922,2025-12-14,Completed
ORD01663,C01752,2025-11-24,Pending
ORD01664,C00468,2025-05-14,Completed
ORD01665,C04206,2025-02-21,Completed
ORD01666,C03624,2025-11-16,Completed
ORD01667,C04098,2025-10-30,Completed
ORD01668,C01170,2025-05-14,Completed
ORD01669,C04700,2025-03-24,Completed
ORD01670,C03827,2025-01-12,Completed
ORD01671,C04321,2025-03-04,Completed
ORD01672,C01570,2025-01-31,Completed
ORD01673,C04192,2025-08-07,Pending
ORD01674,C02363,2025-05-06,Completed
ORD01675,C02028,2025-02-12,Completed
ORD01676,C02927,2025-12-19,Completed
ORD01677,C03045,2025-02-19,Completed
ORD01678,C01022,2025-03-27,Completed
ORD01679,C03009,2025-11-01,Completed
ORD01680,C03889,2025-01-30,Completed
ORD01681,C02014,2025-05-19,Completed
ORD01682,C03771,2025-05-19,Completed
ORD01683,C01267,2025-07-01,Completed
ORD01684,C03843,2025-06-01,Completed
ORD01685,C02709,2025-04-18,Completed
ORD01686,C01132,2025-06-11,Completed
ORD01687,C01269,2025-04-16,Completed
ORD01688,C00599,2025-06-22,Completed
ORD01689,C00895,2025-11-23,Completed
ORD01690,C00931,2025-10-31,Completed
ORD01691,C01127,2025-01-15,Completed
ORD01692,C00095,2025-09-08,Completed
ORD01693,C02031,2025-07-25,Cancelled
ORD01694,C04777,2025-04-15,Completed
ORD01695,C00271,2025-07-04,Completed
ORD01696,C01447,2025-02-08,Cancelled
ORD01697,C02534,2025-05-16,Completed
ORD01698,C03473,2025-08-13,Cancelled
ORD01699,C02002,2025-07-07,Completed
ORD01700,C04592,2025-05-16,Cancelled
ORD01701,C01115,2025-06-11,Pending
ORD01702,C03477,2025-03-03,Completed
ORD01703,C03354,2025-02-25,Cancelled
ORD01704,C02562,2025-12-09,Pending
ORD01705,C04677,2025-11-09,Completed
ORD01706,C02213,2025-03-14,Completed
ORD01707,C00699,2025-10-01,Completed
ORD01708,C02699,2025-06-11,Completed
ORD01709,C03593,2025-06-12,Completed
ORD01710,C01264,2025-07-25,Completed
ORD01711,C01043,2025-11-25,Completed
ORD01712,C03021,2025-01-31,Completed
ORD01713,C00873,2025-05-19,Completed
ORD01714,C04756,2025-12-03,Completed
ORD01715,C00258,2025-04-04,Completed
ORD01716,C01095,2025-04-10,Completed
ORD01717,C04548,2025-07-09,Completed
ORD01718,C01885,2025-06-28,Completed
ORD01719,C00459,2025-12-22,Completed
ORD01720,C02731,2025-11-27,Completed
ORD01721,C04162,2025-09-23,Completed
ORD01722,C02754,2025-01-15,Completed
ORD01723,C02590,2025-01-24,Completed
ORD01724,C04166,2025-02-15,Completed
ORD01725,C03696,2025-04-19,Completed
ORD01726,C02124,2025-05-31,Completed
ORD01727,C02934,2025-04-03,Completed
ORD01728,C03878,2025-09-10,Completed
ORD01729,C03953,2025-05-10,Completed
ORD01730,C02241,2025-10-17,Completed
ORD01731,C02168,2025-10-28,Completed
ORD01732,C00278,2025-06-06,Completed
ORD01733,C02313,2025-01-28,Completed
ORD01734,C03562,2025-01-05,Completed
ORD01735,C04656,2025-09-30,Completed
ORD01736,C01112,2025-07-19,Completed
ORD01737,C04476,2025-08-11,Completed
ORD01738,C03748,2025-07-06,Completed
ORD01739,C01704,2025-09-12,Completed
ORD01740,C04864,2025-04-27,Completed
ORD01741,C02881,2025-11-30,Completed
ORD01742,C03112,2025-01-11,Completed
ORD01743,C00825,2025-03-13,Completed
ORD01744,C00182,2025-05-11,Completed
ORD01745,C03833,2025-03-22,Completed
ORD01746,C02075,2025-07-01,Returned
ORD01747,C01623,2025-11-05,Completed
ORD01748,C00357,2025-02-17,Pending
ORD01749,C03557,2025-01-31,Completed
ORD01750,C01824,2025-03-14,Completed
ORD01751,C02072,2025-08-28,Completed
ORD01752,C03608,2025-10-16,Completed
ORD01753,C03254,2025-03-11,Completed
ORD01754,C00854,2025-12-28,Completed
ORD01755,C02431,2025-04-14,Completed
ORD01756,C03230,2025-01-30,Completed
ORD01757,C01079,2025-07-10,Completed
ORD01758,C01894,2025-12-15,Cancelled
ORD01759,C04789,2025-06-02,Completed
ORD01760,C04895,2025-09-18,Completed
ORD01761,C02119,2025-05-17,Completed
ORD01762,C03768,2025-10-13,Completed
ORD01763,C02929,2025-03-21,Cancelled
ORD01764,C01989,2025-08-07,Completed
ORD01765,C04091,2025-10-30,Completed
ORD01766,C04669,2025-08-01,Returned
ORD01767,C02151,2025-06-22,Completed
ORD01768,C04953,2025-12-24,Pending
ORD01769,C02903,2025-12-31,Completed
ORD01770,C02901,2025-08-22,Returned
ORD01771,C04154,2025-03-01,Completed
ORD01772,C03676,2025-04-09,Returned
ORD01773,C00895,2025-09-10,Returned
ORD01774,C02359,2025-12-15,Returned
ORD01775,C01178,2025-08-13,Returned
ORD01776,C00873,2025-09-28,Completed
ORD01777,C01088,2025-03-16,Cancelled
ORD01778,C02293,2025-01-13,Completed
ORD01779,C01748,2025-11-04,Completed
ORD01780,C03229,2025-12-07,Completed
ORD01781,C03898,2025-07-18,Completed
ORD01782,C03782,2025-07-29,Completed
ORD01783,C00250,2025-12-08,Completed
ORD01784,C00332,2025-05-23,Returned
ORD01785,C03191,2025-06-22,Cancelled
ORD01786,C03004,2025-02-20,Completed
ORD01787,C01339,2025-10-10,Completed
ORD01788,C01896,2025-09-16,Completed
ORD01789,C01006,2025-01-09,Completed
ORD01790,C00054,2025-03-11,Returned
ORD01791,C01076,2025-09-30,Returned
ORD01792,C04941,2025-03-24,Completed
ORD01793,C03907,2025-11-29,Completed
ORD01794,C02774,2025-10-28,Completed
ORD01795,C01391,2025-09-27,Returned
ORD01796,C01105,2025-08-15,Pending
ORD01797,C03441,2025-09-09,Completed
ORD01798,C02236,2025-04-04,Completed
ORD01799,C01722,2025-06-12,Returned
ORD01800,C02171,2025-04-22,Pending
ORD01801,C01878,2025-11-24,Completed
ORD01802,C01586,2025-03-10,Returned
ORD01803,C03609,2025-09-24,Completed
ORD01804,C04981,2025-08-03,Pending
ORD01805,C04739,2025-04-06,Completed
ORD01806,C02824,2025-03-03,Completed
ORD01807,C00098,2025-03-12,Completed
ORD01808,C00012,2025-09-08,Completed
ORD01809,C01353,2025-02-04,Completed
ORD01810,C01587,2025-11-18,Completed
ORD01811,C02060,2025-12-23,Completed
ORD01812,C03157,2025-10-19,Cancelled
ORD01813,C03135,2025-06-25,Completed
ORD01814,C04070,2025-02-04,Completed
ORD01815,C02921,2025-09-01,Completed
ORD01816,C00913,2025-01-14,Completed
ORD01817,C01487,2025-01-03,Completed
ORD01818,C04652,2025-10-14,Completed
ORD01819,C00537,2025-10-12,Completed
ORD01820,C01819,2025-01-16,Cancelled
ORD01821,C04656,2025-07-05,Completed
ORD01822,C03902,2025-11-15,Completed
ORD01823,C01909,2025-08-28,Completed
ORD01824,C01866,2025-02-23,Completed
ORD01825,C03903,2025-04-09,Completed
ORD01826,C00702,2025-06-09,Completed
ORD01827,C02785,2025-01-27,Pending
ORD01828,C01310,2025-12-17,Cancelled
ORD01829,C03719,2025-12-09,Completed
ORD01830,C04969,2025-11-24,Returned
ORD01831,C00220,2025-09-27,Completed
ORD01832,C03375,2025-10-06,Returned
ORD01833,C00152,2025-01-01,Completed
ORD01834,C00482,2025-08-30,Completed
ORD01835,C01416,2025-01-15,Completed
ORD01836,C03913,2025-02-13,Completed
ORD01837,C00994,2025-09-25,Completed
ORD01838,C02288,2025-06-27,Completed
ORD01839,C02010,2025-11-02,Cancelled
ORD01840,C02649,2025-10-19,Completed
ORD01841,C00310,2025-03-09,Completed
ORD01842,C01718,2025-02-08,Completed
ORD01843,C04228,2025-08-26,Completed
ORD01844,C00942,2025-08-24,Completed
ORD01845,C03650,2025-11-14,Completed
ORD01846,C01620,2025-03-27,Completed
ORD01847,C00113,2025-10-10,Completed
ORD01848,C04411,2025-01-30,Completed
ORD01849,C00025,2025-11-06,Completed
ORD01850,C00550,2025-08-27,Completed
ORD01851,C00097,2025-03-28,Returned
ORD01852,C02292,2025-03-04,Completed
ORD01853,C00197,2025-01-25,Completed
ORD01854,C04205,2025-11-17,Completed
ORD01855,C03467,2025-09-10,Cancelled
ORD01856,C02864,2025-09-22,Returned
ORD01857,C03970,2025-06-16,Completed
ORD01858,C04434,2025-06-23,Completed
ORD01859,C04815,2025-06-23,Completed
ORD01860,C00795,2025-06-05,Completed
ORD01861,C00354,2025-06-01,Returned
ORD01862,C03586,2025-04-01,Completed
ORD01863,C03202,2025-07-31,Completed
ORD01864,C02387,2025-12-13,Completed
ORD01865,C01049,2025-08-17,Completed
ORD01866,C04110,2025-08-08,Completed
ORD01867,C00856,2025-10-04,Completed
ORD01868,C02360,2025-12-20,Completed
ORD01869,C00323,2025-06-07,Completed
ORD01870,C04534,2025-05-19,Pending
ORD01871,C02654,2025-01-24,Cancelled
ORD01872,C02124,2025-07-25,Completed
ORD01873,C00869,2025-09-07,Completed
ORD01874,C02137,2025-12-06,Completed
ORD01875,C02424,2025-11-06,Completed
ORD01876,C04703,2025-05-27,Completed
ORD01877,C03488,2025-07-13,Completed
ORD01878,C02101,2025-01-18,Completed
ORD01879,C04555,2025-12-14,Completed
ORD01880,C03437,2025-10-16,Completed
ORD01881,C02949,2025-09-30,Completed
ORD01882,C03658,2025-05-19,Completed
ORD01883,C00618,2025-02-14,Completed
ORD01884,C03239,2025-11-27,Completed
ORD01885,C03750,2025-11-25,Completed
ORD01886,C03513,2025-05-29,Completed
ORD01887,C04129,2025-08-18,Completed
ORD01888,C01935,2025-12-01,Completed
ORD01889,C03687,2025-10-03,Completed
ORD01890,C02598,2025-04-21,Completed
ORD01891,C03873,2025-01-27,Completed
ORD01892,C01312,2025-05-23,Completed
ORD01893,C01743,2025-02-26,Completed
ORD01894,C02179,2025-07-02,Cancelled
ORD01895,C04896,2025-09-25,Completed
ORD01896,C02120,2025-05-07,Completed
ORD01897,C04478,2025-01-08,Completed
ORD01898,C03608,2025-01-02,Completed
ORD01899,C00322,2025-09-05,Completed
ORD01900,C04827,2025-04-13,Completed
ORD01901,C02823,2025-02-04,Completed
ORD01902,C03663,2025-07-11,Completed
ORD01903,C04751,2025-04-02,Completed
ORD01904,C04830,2025-03-13,Pending
ORD01905,C00412,2025-04-23,Cancelled
ORD01906,C01303,2025-08-29,Completed
ORD01907,C02805,2025-09-12,Completed
ORD01908,C01155,2025-07-06,Completed
ORD01909,C03964,2025-04-05,Completed
ORD01910,C01265,2025-05-08,Completed
ORD01911,C00221,2025-10-10,Pending
ORD01912,C02797,2025-08-23,
ORD01913,C04145,2025-10-22,Completed
ORD01914,C04809,2025-02-28,Completed
ORD01915,C01918,2025-03-14,Returned
ORD01916,C02499,2025-04-03,Completed
ORD01917,C03182,2025-07-14,Completed
ORD01918,C00057,2025-10-25,Completed
ORD01919,C00007,2025-06-20,Completed
ORD01920,C04405,2025-04-19,Completed
ORD01921,C04963,2025-01-24,Returned
ORD01922,C01684,2025-01-16,Completed
ORD01923,C02201,2025-02-07,Completed
ORD01924,C03324,2025-06-23,Cancelled
ORD01925,C01549,2025-03-06,Completed
ORD01926,C04224,2025-06-15,Completed
ORD01927,C04392,2025-05-17,Completed
ORD01928,C04933,2025-08-16,Returned
ORD01929,C03615,2025-01-15,Returned
ORD01930,C04083,2025-01-23,Completed
ORD01931,C00361,2025-01-13,Completed
ORD01932,C02232,2025-07-13,Completed
ORD01933,C02278,2025-05-03,Completed
ORD01934,C03647,2025-01-17,Completed
ORD01935,C02276,2025-10-30,Completed
ORD01936,C04000,2025-06-08,Completed
ORD01937,C01614,2025-07-18,Completed
ORD01938,C03586,2025-02-12,Cancelled
ORD01939,C03126,2025-05-03,Completed
ORD01940,C03756,2025-08-12,Completed
ORD01941,C00650,2025-07-03,Completed
ORD01942,C04013,2025-06-04,Completed
ORD01943,C02663,2025-05-11,Completed
ORD01944,C04110,2025-08-12,Completed
ORD01945,C00999,2025-09-26,Completed
ORD01946,C02380,2025-10-04,Returned
ORD01947,C04092,2025-06-07,Completed
ORD01948,C02246,2025-03-29,Completed
ORD01949,C04145,2025-07-05,Completed
ORD01950,C00521,2025-05-09,Completed
ORD01951,C04951,2025-09-15,Completed
ORD01952,C03852,2025-03-30,Completed
ORD01953,C01698,2025-12-29,Completed
ORD01954,C04686,2025-03-30,Completed
ORD01955,C01320,2025-03-11,Completed
ORD01956,C01793,2025-10-23,Completed
ORD01957,C04294,2025-03-23,Completed
ORD01958,C02573,2025-10-16,Completed
ORD01959,C00118,2025-08-25,Returned
ORD01960,C01007,2025-04-19,Completed
ORD01961,C00056,2025-05-29,Returned
ORD01962,C02238,2025-09-19,Completed
ORD01963,C02877,2025-08-03,Completed
ORD01964,C03957,2025-02-06,Completed
ORD01965,C02179,2025-02-26,Returned
ORD01966,C03807,2025-11-29,Returned
ORD01967,C03112,2025-07-19,Completed
ORD01968,C02431,2025-06-11,Completed
ORD01969,C04490,2025-10-29,Completed
ORD01970,C04725,2025-02-13,Completed
ORD01971,C03293,2025-12-18,Returned
ORD01972,C02541,2025-07-09,Completed
ORD01973,C03283,2025-09-09,Cancelled
ORD01974,C03688,2025-07-24,Completed
ORD01975,C03882,2025-08-10,Completed
ORD01976,C03284,2025-05-09,Completed
ORD01977,C03229,2025-01-24,Completed
ORD01978,C02891,2025-03-06,Completed
ORD01979,C04098,2025-12-10,Returned
ORD01980,C02802,2025-11-25,Completed
ORD01981,C04802,2025-08-12,Completed
ORD01982,C02700,2025-06-14,Completed
ORD01983,C00579,2025-09-09,Completed
ORD01984,C00509,2025-05-28,Completed
ORD01985,C04402,2025-09-23,Completed
ORD01986,C04336,2025-03-10,Completed
ORD01987,C04574,2025-09-14,Completed
ORD01988,C01177,2025-08-28,Completed
ORD01989,C02451,2025-05-22,Completed
ORD01990,C01365,2025-01-03,Completed
ORD01991,C00631,2025-12-18,Returned
ORD01992,C04539,2025-07-05,Cancelled
ORD01993,C00333,2025-08-01,Completed
ORD01994,C01395,2025-11-01,Completed
ORD01995,C03830,2025-12-14,Completed
ORD01996,C04311,2025-08-10,Cancelled
ORD01997,C02258,2025-01-18,Completed
ORD01998,C03113,2025-09-03,Completed
ORD01999,C02501,2025-08-01,Completed
ORD02000,C01657,2025-10-27,Completed
ORD02001,C02014,2025-03-25,Completed
ORD02002,C02105,2025-05-07,Completed
ORD02003,C01590,2025-02-15,Completed
ORD02004,C01556,2025-10-18,Completed
ORD02005,C01981,2025-01-11,Completed
ORD02006,C00889,2025-02-27,Completed
ORD02007,C02154,2025-12-09,Completed
ORD02008,C03281,2025-07-01,Completed
ORD02009,C04111,2025-09-30,Completed
ORD02010,C02811,2025-09-25,Completed
ORD02011,C02620,2025-07-10,Completed
ORD02012,C02372,2025-07-02,Completed
ORD02013,C04666,2025-07-21,Completed
ORD02014,C02815,2025-02-08,Completed
ORD02015,C01580,2025-07-30,Completed
ORD02016,C03748,2025-05-10,Completed
ORD02017,C03726,2025-12-29,Completed
ORD02018,C01730,2025-06-12,Completed
ORD02019,C03712,2025-10-20,Completed
ORD02020,C01637,2025-11-29,Completed
ORD02021,C03738,2025-12-31,Completed
ORD02022,C01979,2025-06-18,Completed
ORD02023,C03256,2025-08-06,Completed
ORD02024,C03540,2025-05-07,Cancelled
ORD02025,C01666,2025-10-05,Returned
ORD02026,C04712,2025-07-01,Returned
ORD02027,C04401,2025-08-12,Cancelled
ORD02028,C02051,2025-02-04,Completed
ORD02029,C04374,2025-03-14,Completed
ORD02030,C03171,2025-01-24,Cancelled
ORD02031,C01005,2025-11-04,Completed
ORD02032,C04778,2025-02-26,Pending
ORD02033,C03541,2025-03-08,Completed
ORD02034,C03479,2025-11-05,Completed
ORD02035,C03855,2025-08-04,Returned
ORD02036,C01378,2025-10-31,Completed
ORD02037,C03223,2025-12-17,Completed
ORD02038,C02327,2025-03-12,Completed
ORD02039,C04303,2025-07-05,Completed
ORD02040,C03976,2025-10-30,Completed
ORD02041,C01567,2025-08-11,Completed
ORD02042,C04626,2025-11-07,Completed
ORD02043,C00742,2025-01-03,Completed
ORD02044,C04051,2025-02-09,Completed
ORD02045,C00477,2025-12-14,Completed
ORD02046,C02563,2025-12-13,Completed
ORD02047,C00074,2025-04-07,Completed
ORD02048,C03721,2025-03-23,Completed
ORD02049,C01054,2025-03-05,Pending
ORD02050,C02993,2025-11-23,Completed
ORD02051,C04687,2025-01-22,Completed
ORD02052,C02245,2025-06-30,Returned
ORD02053,C03136,2025-03-29,Completed
ORD02054,C02218,2025-08-02,Cancelled
ORD02055,C01499,2025-03-19,Completed
ORD02056,C00769,2025-07-20,Completed
ORD02057,C03482,2025-07-28,Completed
ORD02058,C01932,2025-11-05,Completed
ORD02059,C02891,2025-01-19,Completed
ORD02060,C01276,2025-05-28,Completed
ORD02061,C01078,2025-07-16,Completed
ORD02062,C02647,2025-05-04,Cancelled
ORD02063,C04412,2025-02-16,Completed
ORD02064,C00119,2025-05-01,Completed
ORD02065,C04052,2025-06-10,Completed
ORD02066,C04877,2025-09-27,Completed
ORD02067,C00537,2025-12-11,Completed
ORD02068,C01308,2025-02-01,Completed
ORD02069,C02320,2025-09-28,Completed
ORD02070,C01554,2025-06-27,Completed
ORD02071,C03997,2025-05-24,Completed
ORD02072,C00119,2025-11-04,Completed
ORD02073,C02022,2025-04-05,Completed
ORD02074,C00444,2025-10-27,Completed
ORD02075,C04629,2025-11-08,Completed
ORD02076,C00201,2025-03-13,Completed
ORD02077,C02211,2025-01-03,Completed
ORD02078,C01657,2025-02-14,Completed
ORD02079,C00099,2025-08-28,Completed
ORD02080,C00789,2025-12-09,Completed
ORD02081,C01425,2025-05-01,Cancelled
ORD02082,C02692,2025-12-26,Cancelled
ORD02083,C01979,2025-03-08,Pending
ORD02084,C04006,2025-09-01,Completed
ORD02085,C01808,2025-09-08,Completed
ORD02086,C02905,2025-06-25,Completed
ORD02087,C03612,2025-07-23,Completed
ORD02088,C03585,2025-03-07,Completed
ORD02089,C02925,2025-09-01,Completed
ORD02090,C02766,2025-06-14,Completed
ORD02091,C04567,2025-02-24,Completed
ORD02092,C03836,2025-02-19,Completed
ORD02093,C03192,2025-07-28,Completed
ORD02094,C00867,2025-06-23,Cancelled
ORD02095,C02024,2025-10-25,Completed
ORD02096,C04728,2025-03-07,Completed
ORD02097,C02182,2025-04-02,Completed
ORD02098,C00418,2025-03-13,Completed
ORD02099,C02833,2025-01-31,Cancelled
ORD02100,C00805,2025-04-17,Completed
ORD02101,C01824,2025-11-22,Completed
ORD02102,C04665,2025-01-26,Completed
ORD02103,C01292,2025-08-30,Completed
ORD02104,C04421,2025-11-10,Cancelled
ORD02105,C02708,2025-09-16,Completed
ORD02106,C02360,2025-08-17,Completed
ORD02107,C01548,2025-04-21,Returned
ORD02108,C04629,2025-02-05,Completed
ORD02109,C04940,2025-11-06,Completed
ORD02110,C01811,2025-08-19,Completed
ORD02111,C04920,2025-02-26,Completed
ORD02112,C03618,2025-06-27,Completed
ORD02113,C01986,2025-10-18,Returned
ORD02114,C02971,2025-06-11,Completed
ORD02115,C00718,2025-05-28,Completed
ORD02116,C00691,2025-02-15,Completed
ORD02117,C01532,2025-04-01,Completed
ORD02118,C03208,2025-12-01,Returned
ORD02119,C02665,2025-11-03,Completed
ORD02120,C00376,2025-01-02,Returned
ORD02121,C02262,2025-05-09,Completed
ORD02122,C03227,2025-05-09,Completed
ORD02123,C03214,2025-05-17,Completed
ORD02124,C02057,2025-04-18,Completed
ORD02125,C04616,2025-08-03,Completed
ORD02126,C00762,2025-05-10,Completed
ORD02127,C01281,2025-12-20,Pending
ORD02128,C00062,2025-11-20,Completed
ORD02129,C03797,2025-11-19,Completed
ORD02130,C01353,2025-08-15,Completed
ORD02131,C04098,2025-05-03,Completed
ORD02132,C01288,2025-08-25,Completed
ORD02133,C00385,2025-11-18,Completed
ORD02134,C03654,2025-10-07,Completed
ORD02135,C03952,2025-02-24,Completed
ORD02136,C04929,2025-04-22,Completed
ORD02137,C04428,2025-07-10,Completed
ORD02138,C00324,2025-01-08,Completed
ORD02139,C04817,2025-01-23,Completed
ORD02140,C03466,2025-04-19,Completed
ORD02141,C01152,2025-06-25,Completed
ORD02142,C03475,2025-11-27,Completed
ORD02143,C03654,2025-06-19,Completed
ORD02144,C03298,2025-07-09,Completed
ORD02145,C03385,2025-03-03,Completed
ORD02146,C01358,2025-10-11,Cancelled
ORD02147,C02532,2025-08-25,Cancelled
ORD02148,C00228,2025-05-04,Completed
ORD02149,C02247,2025-08-04,Completed
ORD02150,C01775,2025-04-23,Completed
ORD02151,C02352,2025-07-13,Completed
ORD02152,C03385,2025-09-28,Completed
ORD02153,C00533,2025-06-21,Completed
ORD02154,C03366,2025-04-13,Completed
ORD02155,C00992,2025-08-27,Completed
ORD02156,C04056,2025-04-15,Completed
ORD02157,C00557,2025-09-21,Completed
ORD02158,C00887,2025-09-13,Completed
ORD02159,C04661,2025-12-12,Completed
ORD02160,C02941,2025-12-27,Completed
ORD02161,C02957,2025-10-24,Completed
ORD02162,C02681,2025-07-30,Completed
ORD02163,C00343,2025-11-24,Pending
ORD02164,C01874,2025-12-28,Completed
ORD02165,C03668,2025-06-11,Completed
ORD02166,C01494,2025-10-19,Completed
ORD02167,C02229,2025-09-22,Completed
ORD02168,C01145,2025-02-15,Completed
ORD02169,C04620,2025-03-23,Completed
ORD02170,C01048,2025-06-16,Completed
ORD02171,C02176,2025-06-23,Completed
ORD02172,C03932,2025-10-28,Completed
ORD02173,C03017,2025-04-12,Completed
ORD02174,C01069,2025-04-28,Completed
ORD02175,C03249,2025-07-31,Completed
ORD02176,C02237,2025-02-05,Completed
ORD02177,C01180,2025-08-08,Completed
ORD02178,C01754,2025-01-30,Completed
ORD02179,C03866,2025-01-24,Completed
ORD02180,C00635,2025-04-23,Completed
ORD02181,C01272,2025-04-02,Completed
ORD02182,C04584,2025-03-15,Completed
ORD02183,C00133,2025-11-14,Pending
ORD02184,C01641,2025-07-05,Completed
ORD02185,C01218,2025-06-09,Cancelled
ORD02186,C01559,2025-11-07,Completed
ORD02187,C01362,2025-11-07,Completed
ORD02188,C03026,2025-01-17,Completed
ORD02189,C02504,2025-10-18,Completed
ORD02190,C01091,2025-10-13,Completed
ORD02191,C00210,2025-08-24,Completed
ORD02192,C04847,2025-06-18,Completed
ORD02193,C04944,2025-01-28,Completed
ORD02194,C03833,2025-10-03,Completed
ORD02195,C02409,2025-09-13,Completed
ORD02196,C03752,2025-12-18,Completed
ORD02197,C00197,2025-01-26,Completed
ORD02198,C04144,2025-03-21,Completed
ORD02199,C02486,2025-07-24,Completed
ORD02200,C03213,2025-07-13,Completed
ORD02201,C02529,2025-12-19,Completed
ORD02202,C01819,2025-08-09,Cancelled
ORD02203,C00040,2025-12-15,Completed
ORD02204,C02534,2025-04-18,Completed
ORD02205,C03347,2025-09-16,Completed
ORD02206,C02917,2025-01-09,Completed
ORD02207,C02679,2025-06-21,Completed
ORD02208,C01481,2025-06-21,Completed
ORD02209,C03500,2025-03-26,Completed
ORD02210,C03906,2025-04-05,Completed
ORD02211,C03116,2025-10-17,Pending
ORD02212,C01199,2025-04-18,Pending
ORD02213,C01170,2025-06-17,Completed
ORD02214,C01302,2025-09-07,Completed
ORD02215,C02492,2025-07-31,Completed
ORD02216,C04963,2025-12-31,Completed
ORD02217,C03880,2025-01-29,Returned
ORD02218,C02216,2025-08-28,Completed
ORD02219,C01577,2025-12-11,Cancelled
ORD02220,C01974,2025-05-10,Completed
ORD02221,C02060,2025-08-09,Completed
ORD02222,C03259,2025-02-23,Completed
ORD02223,C02896,2025-02-21,Completed
ORD02224,C04912,2025-07-17,Completed
ORD02225,C04480,2025-01-25,Completed
ORD02226,C04205,2025-07-22,Completed
ORD02227,C04114,2025-10-09,Completed
ORD02228,C04260,2025-12-23,Completed
ORD02229,C03858,2025-11-12,Completed
ORD02230,C02227,2025-05-09,Completed
ORD02231,C02088,2025-01-10,Pending
ORD02232,C02014,2025-12-15,Pending
ORD02233,C02951,2025-02-12,Completed
ORD02234,C03500,2025-11-15,Returned
ORD02235,C02655,2025-08-02,Completed
ORD02236,C01881,2025-12-08,Completed
ORD02237,C02238,2025-01-25,Completed
ORD02238,C04426,2025-04-27,Returned
ORD02239,C01928,2025-02-21,Completed
ORD02240,C02029,2025-10-06,Completed
ORD02241,C00994,2025-07-22,Completed
ORD02242,C01562,2025-05-18,Completed
ORD02243,C03448,2025-10-27,Completed
ORD02244,C01108,2025-11-27,Completed
ORD02245,C04047,2025-09-10,Completed
ORD02246,C02030,2025-11-20,Completed
ORD02247,C04515,2025-01-02,Completed
ORD02248,C01293,2025-03-23,Completed
ORD02249,C00629,2025-07-17,Completed
ORD02250,C00785,2025-09-14,Pending
ORD02251,C03007,2025-04-03,Completed
ORD02252,C00049,2025-11-18,Completed
ORD02253,C01970,2025-10-24,Completed
ORD02254,C02981,2025-03-19,Completed
ORD02255,C00600,2025-04-10,Completed
ORD02256,C03236,2025-11-23,Pending
ORD02257,C01777,2025-12-14,Completed
ORD02258,C02385,2025-01-03,Completed
ORD02259,C04533,2025-04-01,Completed
ORD02260,C01376,2025-09-06,Completed
ORD02261,C01504,2025-05-06,Completed
ORD02262,C04500,2025-11-01,Completed
ORD02263,C03965,2025-04-06,Completed
ORD02264,C00921,2025-04-04,Completed
ORD02265,C02849,2025-11-06,Completed
ORD02266,C02007,2025-02-20,Cancelled
ORD02267,C03740,2025-09-06,Completed
ORD02268,C02624,2025-07-24,Completed
ORD02269,C00113,2025-01-04,Returned
ORD02270,C00047,2025-12-20,Completed
ORD02271,C04767,2025-11-24,Pending
ORD02272,C00649,2025-08-26,Completed
ORD02273,C02808,2025-04-19,Pending
ORD02274,C01427,2025-05-31,Completed
ORD02275,C04339,2025-05-03,Completed
ORD02276,C01792,2025-09-19,Pending
ORD02277,C03941,2025-02-28,Completed
ORD02278,C00596,2025-06-10,Completed
ORD02279,C04038,2025-06-05,Completed
ORD02280,C00945,2025-02-28,Completed
ORD02281,C00480,2025-12-20,Completed
ORD02282,C03705,2025-01-06,Completed
ORD02283,C03954,2025-03-14,Completed
ORD02284,C01527,2025-01-17,Completed
ORD02285,C00437,2025-01-24,Completed
ORD02286,C01945,2025-12-03,Returned
ORD02287,C04258,2025-01-05,Completed
ORD02288,C01656,2025-05-25,Completed
ORD02289,C04653,2025-11-25,Completed
ORD02290,C01465,2025-04-15,Completed
ORD02291,C00928,2025-07-14,Cancelled
ORD02292,C00104,2025-01-13,Completed
ORD02293,C04918,2025-12-30,Completed
ORD02294,C01458,2025-05-16,Returned
ORD02295,C00624,2025-10-07,Completed
ORD02296,C01138,2025-12-16,Returned
ORD02297,C02870,2025-04-06,Returned
ORD02298,C03694,2025-07-16,Completed
ORD02299,C02957,2025-03-17,Cancelled
ORD02300,C00352,2025-03-25,Completed
ORD02301,C01805,2025-02-27,Completed
ORD02302,C03578,2025-08-28,Completed
ORD02303,C02838,2025-05-29,Completed
ORD02304,C04335,2025-04-21,Completed
ORD02305,C03165,2025-09-10,Cancelled
ORD02306,C00218,2025-02-21,Pending
ORD02307,C00684,2025-07-25,Completed
ORD02308,C04142,2025-02-26,Completed
ORD02309,C03548,2025-08-28,Returned
ORD02310,C04400,2025-07-30,Returned
ORD02311,C01112,2025-11-03,Completed
ORD02312,C01471,2025-06-13,Completed
ORD02313,C02729,2025-04-07,Completed
ORD02314,C03253,2025-05-12,Pending
ORD02315,C01387,2025-08-10,Completed
ORD02316,C01916,2025-01-09,Completed
ORD02317,C01402,2025-01-21,Completed
ORD02318,C04698,2025-06-03,Completed
ORD02319,C03960,2025-12-18,Completed
ORD02320,C01710,2025-11-25,Completed
ORD02321,C02318,2025-12-11,Completed
ORD02322,C02958,2025-04-12,Completed
ORD02323,C04984,2025-09-25,Completed
ORD02324,C00609,2025-02-01,Cancelled
ORD02325,C02808,2025-01-15,Completed
ORD02326,C02641,2025-06-13,Completed
ORD02327,C04323,2025-05-13,Completed
ORD02328,C02621,2025-03-25,Completed
ORD02329,C02386,2025-07-31,Completed
ORD02330,C03659,2025-02-01,Completed
ORD02331,C04068,2025-09-16,Completed
ORD02332,C03574,2025-08-20,Completed
ORD02333,C04032,2025-01-26,Returned
ORD02334,C00057,2025-10-14,Cancelled
ORD02335,C01862,2025-01-13,Cancelled
ORD02336,C03683,2025-07-21,Completed
ORD02337,C02410,2025-01-21,Completed
ORD02338,C04178,2025-04-29,Completed
ORD02339,C02685,2025-01-04,Completed
ORD02340,C04076,2025-03-25,Completed
ORD02341,C01369,2025-08-21,Cancelled
ORD02342,C04874,2025-08-15,Completed
ORD02343,C01127,2025-10-08,Completed
ORD02344,C04627,2025-01-14,Completed
ORD02345,C04483,2025-05-01,Completed
ORD02346,C00090,2025-07-04,Completed
ORD02347,C00738,2025-03-22,Completed
ORD02348,C01584,2025-05-11,Completed
ORD02349,C03500,2025-04-11,Completed
ORD02350,C04376,2025-01-16,Completed
ORD02351,C04887,2025-01-21,Completed
ORD02352,C00242,2025-04-02,Completed
ORD02353,C00340,2025-07-25,Completed
ORD02354,C00527,2025-02-03,Cancelled
ORD02355,C03843,2025-11-23,Returned
ORD02356,C02238,2025-09-01,Completed
ORD02357,C00727,2025-08-24,Completed
ORD02358,C03219,2025-05-20,Completed
ORD02359,C02881,2025-08-14,Completed
ORD02360,C03569,2025-09-19,Completed
ORD02361,C03323,2025-04-10,Completed
ORD02362,C00734,2025-03-25,Completed
ORD02363,C00459,2025-08-18,Returned
ORD02364,C04950,2025-01-13,Completed
ORD02365,C02440,2025-10-06,Cancelled
ORD02366,C00658,2025-05-07,Completed
ORD02367,C04270,2025-03-03,Completed
ORD02368,C00512,2025-03-05,Completed
ORD02369,C02248,2025-06-21,Returned
ORD02370,C03334,2025-09-13,Cancelled
ORD02371,C03295,2025-08-26,Completed
ORD02372,C03409,2025-02-06,Completed
ORD02373,C02772,2025-03-08,Completed
ORD02374,C04625,2025-07-24,Returned
ORD02375,C00238,2025-02-19,Completed
ORD02376,C00320,2025-10-18,Completed
ORD02377,C00775,2025-08-19,Completed
ORD02378,C02511,2025-06-19,Completed
ORD02379,C03959,2025-08-27,Pending
ORD02380,C00329,2025-03-08,Completed
ORD02381,C01685,2025-10-12,Completed
ORD02382,C02061,2025-12-27,Completed
ORD02383,C01885,2025-06-06,Completed
ORD02384,C04136,2025-03-25,Completed
ORD02385,C03772,2025-12-03,Completed
ORD02386,C02643,2025-04-08,Returned
ORD02387,C01219,2025-01-31,Completed
ORD02388,C02895,2025-11-22,Completed
ORD02389,C01496,2025-09-30,Completed
ORD02390,C04294,2025-10-16,Completed
ORD02391,C03886,2025-05-01,Completed
ORD02392,C04113,2025-09-13,Completed
ORD02393,C03757,2025-03-29,Completed
ORD02394,C04979,2025-04-08,Completed
ORD02395,C02781,2025-12-25,Completed
ORD02396,C00131,2025-03-25,Returned
ORD02397,C02089,2025-01-16,Completed
ORD02398,C01989,2025-10-22,Completed
ORD02399,C03285,2025-12-07,Completed
ORD02400,C01602,2025-11-07,Completed
ORD02401,C02526,2025-07-16,Completed
ORD02402,C04373,2025-05-27,Completed
ORD02403,C01109,2025-12-13,Completed
ORD02404,C02036,2025-10-27,Completed
ORD02405,C01905,2025-06-13,Returned
ORD02406,C03219,2025-12-13,Completed
ORD02407,C01073,2025-12-30,Completed
ORD02408,C04939,2025-02-09,Completed
ORD02409,C04530,2025-08-02,Cancelled
ORD02410,C03719,2025-07-27,Completed
ORD02411,C01275,2025-08-31,Completed
ORD02412,C02732,2025-04-26,Completed
ORD02413,C02554,2025-01-02,Completed
ORD02414,C01295,2025-01-29,Completed
ORD02415,C03368,2025-08-06,Completed
ORD02416,C02014,2025-05-19,Pending
ORD02417,C00485,2025-03-01,Completed
ORD02418,C01092,2025-02-17,Completed
ORD02419,C03264,2025-12-20,Completed
ORD02420,C02093,2025-12-19,Completed
ORD02421,C01451,2025-08-01,Completed
ORD02422,C03287,2025-03-29,Completed
ORD02423,C04560,2025-08-03,Completed
ORD02424,C01779,2025-04-10,Completed
ORD02425,C03764,2025-01-17,Completed
ORD02426,C02261,2025-05-17,Completed
ORD02427,C02975,2025-03-02,Returned
ORD02428,C02511,2025-04-15,Completed
ORD02429,C02380,2025-03-17,Completed
ORD02430,C00635,2025-02-23,Completed
ORD02431,C02782,2025-05-16,Completed
ORD02432,C02171,2025-05-31,Completed
ORD02433,C02724,2025-09-02,Cancelled
ORD02434,C02367,2025-03-27,Pending
ORD02435,C00664,2025-11-20,Completed
ORD02436,C04354,2025-06-03,Completed
ORD02437,C02460,2025-07-13,Completed
ORD02438,C04143,2025-02-26,Completed
ORD02439,C00612,2025-03-24,Completed
ORD02440,C00912,2025-03-04,Completed
ORD02441,C02238,2025-09-09,Cancelled
ORD02442,C01423,2025-05-09,Cancelled
ORD02443,C03174,2025-05-28,Completed
ORD02444,C04806,2025-11-02,Completed
ORD02445,C03623,2025-03-30,Completed
ORD02446,C03613,2025-04-15,Completed
ORD02447,C01757,2025-11-30,Completed
ORD02448,C04328,2025-09-11,Completed
ORD02449,C04669,2025-03-02,Completed
ORD02450,C01965,2025-01-02,Completed
ORD02451,C03807,2025-06-11,Completed
ORD02452,C02139,2025-07-08,Cancelled
ORD02453,C00617,2025-09-28,Completed
ORD02454,C02278,2025-09-03,Completed
ORD02455,C01454,2025-12-18,Completed
ORD02456,C00400,2025-06-23,Completed
ORD02457,C04569,2025-03-29,Completed
ORD02458,C02657,2025-04-11,Completed
ORD02459,C00211,2025-09-15,Completed
ORD02460,C01150,2025-05-09,Completed
ORD02461,C02457,2025-05-03,Pending
ORD02462,C03920,2025-10-01,Completed
ORD02463,C03146,2025-03-28,Completed
ORD02464,C01685,2025-01-25,Completed
ORD02465,C00582,2025-05-18,Completed
ORD02466,C03406,2025-01-07,Completed
ORD02467,C03447,2025-10-30,Completed
ORD02468,C00936,2025-01-14,Completed
ORD02469,C04874,2025-11-17,Completed
ORD02470,C01986,2025-08-17,Completed
ORD02471,C04974,2025-02-22,Completed
ORD02472,C00524,2025-09-23,Completed
ORD02473,C04897,2025-12-25,Completed
ORD02474,C00303,2025-07-17,Completed
ORD02475,C00074,2025-08-06,Completed
ORD02476,C02182,2025-08-13,Completed
ORD02477,C02868,2025-10-25,Completed
ORD02478,C00839,2025-02-25,Completed
ORD02479,C02609,2025-01-02,Completed
ORD02480,C01565,2025-02-11,Completed
ORD02481,C00362,2025-01-01,Completed
ORD02482,C00432,2025-04-06,Completed
ORD02483,C01353,2025-10-13,Completed
ORD02484,C04433,2025-08-01,Completed
ORD02485,C01859,2025-11-24,Completed
ORD02486,C00925,2025-03-30,Completed
ORD02487,C04540,2025-07-20,Completed
ORD02488,C02165,2025-12-26,Completed
ORD02489,C04490,2025-06-01,Completed
ORD02490,C03047,2025-01-19,Completed
ORD02491,C03237,2025-07-14,Completed
ORD02492,C04953,2025-11-22,Pending
ORD02493,C03709,2025-09-16,Completed
ORD02494,C01343,2025-01-17,Completed
ORD02495,C00553,2025-05-27,Completed
ORD02496,C02280,2025-05-19,Completed
ORD02497,C02109,2025-07-20,Completed
ORD02498,C03897,2025-04-25,Completed
ORD02499,C01390,2025-05-07,Returned
ORD02500,C04369,2025-08-05,Completed
ORD02501,C02900,2025-10-24,Completed
ORD02502,C01390,2025-09-23,Returned
ORD02503,C02639,2025-11-03,Returned
ORD02504,C04913,2025-05-20,Completed
ORD02505,C02652,2025-12-04,Completed
ORD02506,C03579,2025-04-20,Pending
ORD02507,C04013,2025-12-26,Pending
ORD02508,C04988,2025-09-15,Completed
ORD02509,C04859,2025-04-28,Completed
ORD02510,C02786,2025-06-10,Completed
ORD02511,C03915,2025-10-22,Completed
ORD02512,C04922,2025-11-25,Completed
ORD02513,C01712,2025-07-19,Completed
ORD02514,C03560,2025-01-09,Completed
ORD02515,C02555,2025-11-17,Completed
ORD02516,C00331,2025-07-08,Completed
ORD02517,C01790,2025-11-06,Completed
ORD02518,C04387,2025-02-22,Completed
ORD02519,C00037,2025-05-24,Completed
ORD02520,C04668,2025-01-29,Completed
ORD02521,C02794,2025-08-11,Returned
ORD02522,C00209,2025-03-10,Completed
ORD02523,C02913,2025-10-10,Completed
ORD02524,C03358,2025-11-13,Completed
ORD02525,C03139,2025-08-06,Returned
ORD02526,C00124,2025-11-13,Completed
ORD02527,C01733,2025-07-02,Completed
ORD02528,C03834,2025-07-21,Completed
ORD02529,C03983,2025-06-17,Completed
ORD02530,C01405,2025-02-14,Completed
ORD02531,C00726,2025-09-14,Completed
ORD02532,C01062,2025-07-19,Completed
ORD02533,C01121,2025-07-14,Completed
ORD02534,C02341,2025-02-23,Completed
ORD02535,C00192,2025-03-08,Completed
ORD02536,C02829,2025-10-26,Completed
ORD02537,C00499,2025-09-14,Completed
ORD02538,C04969,2025-11-21,Completed
ORD02539,C02635,2025-07-27,Completed
ORD02540,C01970,2025-06-22,Completed
ORD02541,C02265,2025-11-25,Completed
ORD02542,C03856,2025-08-21,Pending
ORD02543,C04840,2025-06-19,Completed
ORD02544,C03664,2025-08-02,Cancelled
ORD02545,C02970,2025-06-15,Completed
ORD02546,C01831,2025-09-06,Completed
ORD02547,C04589,2025-06-30,Returned
ORD02548,C01268,2025-06-19,Completed
ORD02549,C01397,2025-03-29,Completed
ORD02550,C04513,2025-05-29,Completed
ORD02551,C03752,2025-10-31,Completed
ORD02552,C00421,2025-02-12,Cancelled
ORD02553,C04029,2025-06-16,Pending
ORD02554,C01392,2025-03-22,Completed
ORD02555,C04825,2025-11-21,Completed
ORD02556,C02243,2025-10-16,Cancelled
ORD02557,C03508,2025-06-17,Completed
ORD02558,C01713,2025-11-16,Completed
ORD02559,C04067,2025-05-11,Cancelled
ORD02560,C04791,2025-10-16,Completed
ORD02561,C00433,2025-03-14,Completed
ORD02562,C01836,2025-12-07,Completed
ORD02563,C02781,2025-05-18,Completed
ORD02564,C03586,2025-01-01,Completed
ORD02565,C04590,2025-05-15,Pending
ORD02566,C00735,2025-06-25,Completed
ORD02567,C00673,2025-03-07,Completed
ORD02568,C01176,2025-08-01,Completed
ORD02569,C02621,2025-08-29,Completed
ORD02570,C01814,2025-12-22,Completed
ORD02571,C02792,2025-02-05,Returned
ORD02572,C01653,2025-12-12,Completed
ORD02573,C03950,2025-07-12,Returned
ORD02574,C02029,2025-06-20,Completed
ORD02575,C02330,2025-08-02,Completed
ORD02576,C02559,2025-03-08,Returned
ORD02577,C03559,2025-03-27,Completed
ORD02578,C02222,2025-01-31,Completed
ORD02579,C02902,2025-03-14,Completed
ORD02580,C03260,2025-05-06,Completed
ORD02581,C02159,2025-07-28,Completed
ORD02582,C00565,2025-09-27,Completed
ORD02583,C04082,2025-09-27,Completed
ORD02584,C01548,2025-08-18,Completed
ORD02585,C04271,2025-04-02,Cancelled
ORD02586,C03133,2025-06-28,Completed
ORD02587,C01545,2025-12-04,Completed
ORD02588,C04159,2025-01-22,Completed
ORD02589,C00839,2025-12-31,Completed
ORD02590,C00541,2025-09-04,Completed
ORD02591,C03151,2025-01-25,Completed
ORD02592,C01658,2025-12-13,Completed
ORD02593,C00501,2025-09-16,Completed
ORD02594,C02392,2025-05-25,Completed
ORD02595,C04335,2025-11-29,Completed
ORD02596,C02047,2025-08-03,Cancelled
ORD02597,C03522,2025-01-28,Cancelled
ORD02598,C01481,2025-12-13,Completed
ORD02599,C04956,2025-04-12,Completed
ORD02600,C01823,2025-08-30,Completed
ORD02601,C04427,2025-01-25,Returned
ORD02602,C01298,2025-12-17,Completed
ORD02603,C00258,2025-10-25,Completed
ORD02604,C03404,2025-09-06,Returned
ORD02605,C03385,2025-09-13,Completed
ORD02606,C03800,2025-08-21,Completed
ORD02607,C03409,2025-06-25,Pending
ORD02608,C03737,2025-07-13,Completed
ORD02609,C02926,2025-06-28,Cancelled
ORD02610,C02711,2025-11-13,Completed
ORD02611,C01705,2025-05-09,Completed
ORD02612,C00908,2025-11-11,Completed
ORD02613,C02049,2025-04-14,Completed
ORD02614,C00910,2025-02-25,Completed
ORD02615,C01145,2025-07-15,
ORD02616,C01674,2025-10-21,Completed
ORD02617,C03044,2025-04-16,Completed
ORD02618,C00404,2025-10-03,Completed
ORD02619,C01109,2025-04-09,Cancelled
ORD02620,C02044,2025-04-07,Cancelled
ORD02621,C00674,2025-04-16,Completed
ORD02622,C00573,2025-06-09,Cancelled
ORD02623,C04261,2025-06-11,Completed
ORD02624,C00234,2025-08-26,Completed
ORD02625,C01174,2025-07-12,Completed
ORD02626,C00143,2025-08-10,Completed
ORD02627,C03462,2025-01-08,Completed
ORD02628,C03605,2025-05-25,Returned
ORD02629,C00870,2025-06-13,Completed
ORD02630,C01011,2025-06-02,Completed
ORD02631,C04154,2025-09-02,Completed
ORD02632,C01288,2025-02-24,Completed
ORD02633,C02341,2025-10-15,Completed
ORD02634,C02089,2025-12-05,Completed
ORD02635,C03713,2025-12-23,Completed
ORD02636,C03716,2025-05-08,Completed
ORD02637,C01428,2025-10-26,Completed
ORD02638,C00440,2025-08-12,Completed
ORD02639,C02681,2025-09-02,Completed
ORD02640,C02826,2025-03-27,Cancelled
ORD02641,C00276,2025-03-22,Completed
ORD02642,C02960,2025-09-17,Completed
ORD02643,C01690,2025-08-21,Completed
ORD02644,C00915,2025-03-24,Completed
ORD02645,C04475,2025-04-03,Completed
ORD02646,C02167,2025-09-29,Pending
ORD02647,C04583,2025-11-05,Completed
ORD02648,C04848,2025-12-09,Completed
ORD02649,C04829,2025-06-03,Completed
ORD02650,C02935,2025-02-12,Completed
ORD02651,C02735,2025-11-16,Completed
ORD02652,C00551,2025-12-28,Returned
ORD02653,C04784,2025-05-22,Completed
ORD02654,C03225,2025-12-03,Completed
ORD02655,C02446,2025-08-10,Completed
ORD02656,C02634,2025-03-15,Completed
ORD02657,C04786,2025-01-04,Completed
ORD02658,C02113,2025-02-07,Completed
ORD02659,C01392,2025-06-05,Completed
ORD02660,C04312,2025-07-12,Completed
ORD02661,C04411,2025-07-07,Completed
ORD02662,C02095,2025-09-10,Completed
ORD02663,C00567,2025-09-15,Completed
ORD02664,C03850,2025-09-07,Completed
ORD02665,C02840,2025-01-24,Completed
ORD02666,C02468,2025-07-12,Completed
ORD02667,C00357,2025-11-12,Cancelled
ORD02668,C01872,2025-08-05,Completed
ORD02669,C01174,2025-11-25,Completed
ORD02670,C00365,2025-03-07,Completed
ORD02671,C00229,2025-01-30,Cancelled
ORD02672,C02537,2025-12-08,Completed
ORD02673,C03781,2025-09-05,Returned
ORD02674,C00266,2025-11-22,Completed
ORD02675,C01977,2025-05-19,Returned
ORD02676,C03469,2025-01-22,Cancelled
ORD02677,C02034,2025-02-24,Completed
ORD02678,C00801,2025-04-24,Cancelled
ORD02679,C02442,2025-01-07,Pending
ORD02680,C03993,2025-10-28,Completed
ORD02681,C01045,2025-12-17,Pending
ORD02682,C00720,2025-07-17,Completed
ORD02683,C02868,2025-09-04,Completed
ORD02684,C01454,2025-09-07,Completed
ORD02685,C02365,2025-11-28,Completed
ORD02686,C04120,2025-12-31,Cancelled
ORD02687,C01649,2025-03-06,Pending
ORD02688,C04601,2025-07-24,Completed
ORD02689,C04114,2025-06-23,Completed
ORD02690,C02909,2025-12-15,Completed
ORD02691,C03465,2025-07-20,Completed
ORD02692,C04163,2025-02-05,Completed
ORD02693,C02938,2025-08-28,Completed
ORD02694,C02664,2025-07-06,Completed
ORD02695,C03412,2025-02-11,Completed
ORD02696,C03397,2025-10-14,Completed
ORD02697,C02471,2025-01-23,Completed
ORD02698,C01963,2025-08-04,Pending
ORD02699,C01958,2025-07-18,Completed
ORD02700,C03337,2025-11-24,Completed
ORD02701,C02799,2025-10-19,Completed
ORD02702,C02569,2025-03-03,Returned
ORD02703,C03386,2025-03-01,Completed
ORD02704,C01795,2025-04-17,Completed
ORD02705,C02738,2025-08-01,Completed
ORD02706,C01535,2025-03-09,Completed
ORD02707,C03043,2025-02-08,Completed
ORD02708,C01218,2025-07-11,Completed
ORD02709,C04973,2025-07-26,Completed
ORD02710,C04862,2025-03-07,Completed
ORD02711,C01191,2025-11-25,Returned
ORD02712,C03520,2025-10-18,Completed
ORD02713,C02556,2025-10-13,Pending
ORD02714,C03178,2025-10-24,Completed
ORD02715,C04534,2025-06-05,Completed
ORD02716,C03947,2025-10-20,Pending
ORD02717,C04158,2025-11-18,Completed
ORD02718,C03346,2025-04-12,Completed
ORD02719,C04683,2025-08-06,Completed
ORD02720,C00479,2025-06-27,Completed
ORD02721,C04053,2025-11-18,Completed
ORD02722,C02129,2025-12-29,Completed
ORD02723,C03185,2025-10-20,Completed
ORD02724,C01479,2025-06-27,Completed
ORD02725,C00644,2025-08-05,Completed
ORD02726,C01091,2025-05-01,Completed
ORD02727,C00988,2025-03-10,Completed
ORD02728,C02307,2025-07-27,Completed
ORD02729,C00082,2025-02-26,Completed
ORD02730,C03199,2025-04-15,Completed
ORD02731,C04964,2025-02-16,Completed
ORD02732,C04116,2025-08-06,Completed
ORD02733,C03824,2025-12-16,Cancelled
ORD02734,C00140,2025-09-26,Completed
ORD02735,C02834,2025-04-26,Completed
ORD02736,C00037,2025-08-04,Completed
ORD02737,C01424,2025-04-09,Completed
ORD02738,C03386,2025-04-07,Completed
ORD02739,C03418,2025-08-29,Completed
ORD02740,C02891,2025-09-09,Completed
ORD02741,C03062,2025-07-20,Completed
ORD02742,C02371,2025-03-27,Pending
ORD02743,C04981,2025-09-24,Completed
ORD02744,C00532,2025-01-01,Completed
ORD02745,C00069,2025-12-30,Completed
ORD02746,C01779,2025-03-23,Completed
ORD02747,C01665,2025-01-10,Completed
ORD02748,C01045,2025-06-07,Pending
ORD02749,C04291,2025-03-31,Returned
ORD02750,C03642,2025-06-05,Cancelled
ORD02751,C03121,2025-04-16,Pending
ORD02752,C02662,2025-03-07,Cancelled
ORD02753,C01879,2025-06-24,Completed
ORD02754,C00663,2025-03-01,Completed
ORD02755,C04218,2025-12-20,Pending
ORD02756,C01240,2025-01-07,Completed
ORD02757,C04425,2025-01-02,Cancelled
ORD02758,C03517,2025-12-11,Returned
ORD02759,C04774,2025-06-18,Completed
ORD02760,C03384,2025-03-13,Cancelled
ORD02761,C00550,2025-10-15,Completed
ORD02762,C01638,2025-11-29,Cancelled
ORD02763,C00525,2025-12-30,Completed
ORD02764,C00770,2025-12-02,Completed
ORD02765,C04117,2025-02-10,Completed
ORD02766,C03969,2025-11-05,Completed
ORD02767,C01713,2025-11-23,Completed
ORD02768,C03473,2025-07-17,Completed
ORD02769,C01873,2025-07-20,Cancelled
ORD02770,C02489,2025-09-03,Completed
ORD02771,C04155,2025-02-07,Cancelled
ORD02772,C02018,2025-03-23,Completed
ORD02773,C02674,2025-10-25,Completed
ORD02774,C02293,2025-06-22,Completed
ORD02775,C01577,2025-04-13,Cancelled
ORD02776,C04026,2025-11-09,Completed
ORD02777,C01418,2025-12-08,Cancelled
ORD02778,C04926,2025-05-23,Completed
ORD02779,C01843,2025-09-09,Completed
ORD02780,C01792,2025-06-26,Completed
ORD02781,C01622,2025-12-08,Pending
ORD02782,C00882,2025-12-04,Completed
ORD02783,C01273,2025-12-30,Completed
ORD02784,C02810,2025-03-06,Cancelled
ORD02785,C03672,2025-12-19,Completed
ORD02786,C03397,2025-08-20,Completed
ORD02787,C04769,2025-11-20,Completed
ORD02788,C00389,2025-05-08,Completed
ORD02789,C03025,2025-07-26,Completed
ORD02790,C03726,2025-10-12,Completed
ORD02791,C03737,2025-02-04,Completed
ORD02792,C03261,2025-06-18,Completed
ORD02793,C02327,2025-11-15,Completed
ORD02794,C04439,2025-11-06,Completed
ORD02795,C04101,2025-07-02,Completed
ORD02796,C04911,2025-09-16,Completed
ORD02797,C04159,2025-09-15,Completed
ORD02798,C00033,2025-02-07,Completed
ORD02799,C00990,2025-05-22,Completed
ORD02800,C03825,2025-08-15,Completed
ORD02801,C03389,2025-05-18,Completed
ORD02802,C00732,2025-05-06,Completed
ORD02803,C00696,2025-07-29,Completed
ORD02804,C03609,2025-07-31,Completed
ORD02805,C01128,2025-09-18,Completed
ORD02806,C01097,2025-12-27,Pending
ORD02807,C03169,2025-02-25,Completed
ORD02808,C02686,2025-12-03,Completed
ORD02809,C04617,2025-12-08,Completed
ORD02810,C01074,2025-10-16,Completed
ORD02811,C04604,2025-05-15,Completed
ORD02812,C02429,2025-04-08,Cancelled
ORD02813,C02098,2025-06-13,Completed
ORD02814,C03935,2025-07-29,Completed
ORD02815,C00630,2025-05-02,Completed
ORD02816,C04392,2025-08-12,Completed
ORD02817,C02785,2025-01-09,Pending
ORD02818,C00279,2025-12-29,Completed
ORD02819,C00741,2025-12-24,Completed
ORD02820,C04869,2025-06-27,Returned
ORD02821,C03280,2025-08-16,Completed
ORD02822,C01537,2025-03-14,Completed
ORD02823,C04623,2025-12-23,Cancelled
ORD02824,C02987,2025-10-30,Pending
ORD02825,C01543,2025-07-16,Completed
ORD02826,C00959,2025-10-24,Pending
ORD02827,C02333,2025-02-14,Completed
ORD02828,C03766,2025-01-16,Completed
ORD02829,C03137,2025-02-24,Completed
ORD02830,C02681,2025-12-10,Completed
ORD02831,C03357,2025-01-18,Returned
ORD02832,C04351,2025-09-10,Completed
ORD02833,C00341,2025-08-13,Completed
ORD02834,C00006,2025-12-09,Completed
ORD02835,C00239,2025-04-25,Completed
ORD02836,C01759,2025-10-09,Completed
ORD02837,C00821,2025-02-04,Completed
ORD02838,C00094,2025-10-23,Completed
ORD02839,C03498,2025-07-22,Completed
ORD02840,C03512,2025-04-23,Completed
ORD02841,C01343,2025-01-09,Completed
ORD02842,C03636,2025-04-25,Completed
ORD02843,C02050,2025-09-15,Completed
ORD02844,C03075,2025-07-05,Completed
ORD02845,C03957,2025-01-01,Completed
ORD02846,C00825,2025-10-24,Completed
ORD02847,C00021,2025-06-27,Completed
ORD02848,C02671,2025-09-09,Completed
ORD02849,C01588,2025-10-29,Completed
ORD02850,C04007,2025-09-02,Completed
ORD02851,C02603,2025-05-14,Completed
ORD02852,C03692,2025-04-14,Completed
ORD02853,C01999,2025-02-08,Completed
ORD02854,C02059,2025-11-02,Completed
ORD02855,C04837,2025-06-24,Completed
ORD02856,C03488,2025-10-09,Cancelled
ORD02857,C04364,2025-09-11,Pending
ORD02858,C01975,2025-12-05,Completed
ORD02859,C02899,2025-09-22,Completed
ORD02860,C03513,2025-10-01,Completed
ORD02861,C00477,2025-03-24,Completed
ORD02862,C01740,2025-02-18,Completed
ORD02863,C04832,2025-04-01,Completed
ORD02864,C03438,2025-03-07,Completed
ORD02865,C02230,2025-09-11,Pending
ORD02866,C04165,2025-01-25,Cancelled
ORD02867,C00268,2025-10-16,Completed
ORD02868,C04225,2025-01-27,Completed
ORD02869,C00116,2025-02-16,Pending
ORD02870,C02408,2025-07-17,Completed
ORD02871,C02585,2025-11-08,Completed
ORD02872,C00107,2025-01-21,Completed
ORD02873,C00577,2025-10-24,Cancelled
ORD02874,C00456,2025-01-18,Completed
ORD02875,C01718,2025-09-23,Completed
ORD02876,C02624,2025-05-12,Completed
ORD02877,C03613,2025-12-30,Completed
ORD02878,C02532,2025-09-12,Completed
ORD02879,C01999,2025-07-25,Pending
ORD02880,C04690,2025-04-29,Completed
ORD02881,C00266,2025-10-11,Completed
ORD02882,C02264,2025-02-23,Completed
ORD02883,C00880,2025-10-22,Completed
ORD02884,C02605,2025-10-22,Completed
ORD02885,C04079,2025-02-04,Completed
ORD02886,C01795,2025-03-15,Completed
ORD02887,C01648,2025-01-07,Completed
ORD02888,C02407,2025-03-06,Cancelled
ORD02889,C04437,2025-11-23,Completed
ORD02890,C01435,2025-07-03,Completed
ORD02891,C00556,2025-02-23,Completed
ORD02892,C04776,2025-12-02,Completed
ORD02893,C01609,2025-06-30,Completed
ORD02894,C02460,2025-01-08,Completed
ORD02895,C02407,2025-03-27,Cancelled
ORD02896,C04731,2025-05-25,Completed
ORD02897,C01487,2025-06-10,Completed
ORD02898,C03674,2025-11-15,Completed
ORD02899,C04831,2025-01-19,Returned
ORD02900,C01870,2025-03-13,Completed
ORD02901,C04570,2025-10-05,Returned
ORD02902,C03668,2025-12-14,Completed
ORD02903,C03836,2025-07-19,Completed
ORD02904,C00298,2025-11-20,Completed
ORD02905,C01355,2025-09-26,Completed
ORD02906,C02623,2025-02-06,Completed
ORD02907,C02538,2025-01-09,Cancelled
ORD02908,C01741,2025-10-16,Completed
ORD02909,C03854,2025-10-09,Completed
ORD02910,C04373,2025-08-25,Completed
ORD02911,C02378,2025-12-09,Returned
ORD02912,C01593,2025-01-11,Completed
ORD02913,C00819,2025-09-19,Completed
ORD02914,C03338,2025-05-03,Completed
ORD02915,C04657,2025-12-07,Completed
ORD02916,C03668,2025-12-28,Completed
ORD02917,C01478,2025-07-17,Pending
ORD02918,C03129,2025-05-05,Completed
ORD02919,C01367,2025-01-03,Completed
ORD02920,C01003,2025-06-28,Completed
ORD02921,C04582,2025-02-10,Completed
ORD02922,C02669,2025-03-02,Completed
ORD02923,C01829,2025-02-23,Completed
ORD02924,C03850,2025-09-18,Completed
ORD02925,C00463,2025-06-24,Completed
ORD02926,C03679,2025-07-27,Completed
ORD02927,C04042,2025-02-06,Completed
ORD02928,C01119,2025-12-27,Cancelled
ORD02929,C04577,2025-10-10,Completed
ORD02930,C01105,2025-01-18,Completed
ORD02931,C00484,2025-03-21,Completed
ORD02932,C03637,2025-06-13,Completed
ORD02933,C02211,2025-01-18,Completed
ORD02934,C04125,2025-11-16,Pending
ORD02935,C01522,2025-05-02,Cancelled
ORD02936,C00106,2025-04-18,Completed
ORD02937,C00107,2025-07-13,Completed
ORD02938,C04005,2025-09-29,Completed
ORD02939,C00908,2025-11-01,Cancelled
ORD02940,C01391,2025-05-17,Pending
ORD02941,C04892,2025-08-30,Cancelled
ORD02942,C01434,2025-07-13,Completed
ORD02943,C02799,2025-08-27,Completed
ORD02944,C01552,2025-07-27,Completed
ORD02945,C04721,2025-08-01,Completed
ORD02946,C02120,2025-12-24,Completed
ORD02947,C00777,2025-12-22,Pending
ORD02948,C02533,2025-06-11,Completed
ORD02949,C03708,2025-07-02,Pending
ORD02950,C01456,2025-07-01,Completed
ORD02951,C02462,2025-06-02,Cancelled
ORD02952,C04246,2025-09-30,Completed
ORD02953,C02648,2025-03-13,Returned
ORD02954,C03435,2025-12-02,Completed
ORD02955,C04698,2025-01-25,Returned
ORD02956,C00922,2025-09-24,Completed
ORD02957,C00854,2025-02-22,Completed
ORD02958,C02578,2025-08-10,Completed
ORD02959,C02046,2025-04-29,Completed
ORD02960,C02821,2025-02-08,Completed
ORD02961,C03768,2025-08-08,Completed
ORD02962,C03445,2025-09-11,Completed
ORD02963,C03017,2025-01-31,Cancelled
ORD02964,C03390,2025-09-30,Completed
ORD02965,C04985,2025-10-06,Completed
ORD02966,C04129,2025-04-18,Completed
ORD02967,C04776,2025-04-25,Completed
ORD02968,C03555,2025-06-15,Returned
ORD02969,C00496,2025-04-01,Pending
ORD02970,C03973,2025-06-13,Completed
ORD02971,C03509,2025-01-27,Completed
ORD02972,C02452,2025-06-26,Completed
ORD02973,C01661,2025-12-19,Completed
ORD02974,C01693,2025-10-04,Completed
ORD02975,C01235,2025-05-06,Completed
ORD02976,C02946,2025-03-12,Completed
ORD02977,C02630,2025-08-20,Completed
ORD02978,C02778,2025-02-09,Completed
ORD02979,C02763,2025-08-29,Completed
ORD02980,C01094,2025-07-26,Completed
ORD02981,C04387,2025-10-06,Completed
ORD02982,C01660,2025-03-27,Completed
ORD02983,C01191,2025-08-26,Completed
ORD02984,C03093,2025-02-26,Cancelled
ORD02985,C04304,2025-12-10,Completed
ORD02986,C01317,2025-12-19,Completed
ORD02987,C03096,2025-10-24,Completed
ORD02988,C02056,2025-09-04,Completed
ORD02989,C01474,2025-04-21,Completed
ORD02990,C03846,2025-01-13,Completed
ORD02991,C04559,2025-06-26,Cancelled
ORD02992,C02287,2025-08-29,Completed
ORD02993,C03637,2025-12-22,Completed
ORD02994,C03386,2025-09-27,Completed
ORD02995,C04676,2025-04-07,Completed
ORD02996,C01270,2025-04-02,Returned
ORD02997,C04686,2025-05-24,Completed
ORD02998,C01440,2025-12-26,Completed
ORD02999,C01143,2025-09-19,Pending
ORD03000,C00008,2025-07-20,
ORD03001,C02856,2025-05-04,Cancelled
ORD03002,C04750,2025-05-09,Completed
ORD03003,C00777,2025-09-14,Completed
ORD03004,C02250,2025-06-24,Completed
ORD03005,C02280,2025-02-02,Completed
ORD03006,C01346,2025-06-12,Completed
ORD03007,C04341,2025-05-03,Completed
ORD03008,C02141,2025-01-02,Completed
ORD03009,C01903,2025-06-27,Completed
ORD03010,C01841,2025-01-15,Completed
ORD03011,C01299,2025-09-16,Completed
ORD03012,C03532,2025-09-01,Completed
ORD03013,C02674,2025-12-08,Completed
ORD03014,C00075,2025-06-07,Completed
ORD03015,C04748,2025-10-07,Completed
ORD03016,C02952,2025-08-15,Completed
ORD03017,C03495,2025-09-15,Completed
ORD03018,C03578,2025-12-01,Completed
ORD03019,C00757,2025-04-10,Completed
ORD03020,C03004,2025-01-31,Completed
ORD03021,C03423,2025-03-30,Completed
ORD03022,C03341,2025-10-02,Completed
ORD03023,C03162,2025-05-30,Completed
ORD03024,C01723,2025-06-02,Completed
ORD03025,C03168,2025-01-26,Cancelled
ORD03026,C04292,2025-10-03,Completed
ORD03027,C01728,2025-01-11,Completed
ORD03028,C01393,2025-07-05,Completed
ORD03029,C03600,2025-04-01,Completed
ORD03030,C04899,2025-11-30,Completed
ORD03031,C02372,2025-07-22,Completed
ORD03032,C01749,2025-07-21,Completed
ORD03033,C00640,2025-07-23,Completed
ORD03034,C02000,2025-01-09,Completed
ORD03035,C02405,2025-07-18,Completed
ORD03036,C00845,2025-08-29,Completed
ORD03037,C03229,2025-03-19,Completed
ORD03038,C00117,2025-05-01,Completed
ORD03039,C03320,2025-06-09,Completed
ORD03040,C00403,2025-09-21,Completed
ORD03041,C04093,2025-05-25,Completed
ORD03042,C00662,2025-11-20,Completed
ORD03043,C03549,2025-05-03,Completed
ORD03044,C01824,2025-12-15,Completed
ORD03045,C01874,2025-02-18,Completed
ORD03046,C00803,2025-07-18,Completed
ORD03047,C01925,2025-07-12,Completed
ORD03048,C01466,2025-03-15,Completed
ORD03049,C02246,2025-07-05,Completed
ORD03050,C02507,2025-02-07,Completed
ORD03051,C00022,2025-10-01,Completed
ORD03052,C02714,2025-08-21,Completed
ORD03053,C03100,2025-03-19,Completed
ORD03054,C04710,2025-06-30,Completed
ORD03055,C00853,2025-11-21,Completed
ORD03056,C04190,2025-06-09,Completed
ORD03057,C03498,2025-02-10,Completed
ORD03058,C03135,2025-08-01,Pending
ORD03059,C00359,2025-12-04,Completed
ORD03060,C01497,2025-07-19,Completed
ORD03061,C02427,2025-08-03,Completed
ORD03062,C00145,2025-11-23,Completed
ORD03063,C03623,2025-05-15,Completed
ORD03064,C02749,2025-04-13,Completed
ORD03065,C00868,2025-07-14,Completed
ORD03066,C02559,2025-05-23,Completed
ORD03067,C00196,2025-08-02,Completed
ORD03068,C04028,2025-10-07,Completed
ORD03069,C02359,2025-06-13,Completed
ORD03070,C01810,2025-03-17,Completed
ORD03071,C03528,2025-06-28,Completed
ORD03072,C01456,2025-12-16,Completed
ORD03073,C01253,2025-04-19,Pending
ORD03074,C04300,2025-10-20,Completed
ORD03075,C02839,2025-05-17,Pending
ORD03076,C02083,2025-01-08,Completed
ORD03077,C00625,2025-02-04,Cancelled
ORD03078,C00126,2025-12-18,Completed
ORD03079,C01406,2025-11-12,Completed
ORD03080,C03071,2025-01-13,Completed
ORD03081,C01998,2025-12-05,Cancelled
ORD03082,C00210,2025-06-27,Completed
ORD03083,C00250,2025-08-06,Completed
ORD03084,C03642,2025-02-18,Completed
ORD03085,C04431,2025-06-23,Completed
ORD03086,C01822,2025-12-03,Completed
ORD03087,C01000,2025-09-13,Pending
ORD03088,C00661,2025-05-11,Completed
ORD03089,C04710,2025-06-12,Completed
ORD03090,C02093,2025-02-03,Completed
ORD03091,C04612,2025-10-10,Cancelled
ORD03092,C01359,2025-05-30,Pending
ORD03093,C04744,2025-04-02,Completed
ORD03094,C00048,2025-04-03,Completed
ORD03095,C04497,2025-02-06,Completed
ORD03096,C01483,2025-01-25,Completed
ORD03097,C04805,2025-12-15,Completed
ORD03098,C01137,2025-02-26,Completed
ORD03099,C03216,2025-10-08,Completed
ORD03100,C00985,2025-03-22,Completed
ORD03101,C04975,2025-08-09,Completed
ORD03102,C02738,2025-01-24,Completed
ORD03103,C00468,2025-09-02,Returned
ORD03104,C01868,2025-12-31,Completed
ORD03105,C02282,2025-11-04,Completed
ORD03106,C01898,2025-11-04,Completed
ORD03107,C01955,2025-01-28,Completed
ORD03108,C01383,2025-07-07,Completed
ORD03109,C01380,2025-09-07,Completed
ORD03110,C04919,2025-07-23,Completed
ORD03111,C01964,2025-10-15,Completed
ORD03112,C04144,2025-05-25,Completed
ORD03113,C00388,2025-12-14,Completed
ORD03114,C03948,2025-11-25,Completed
ORD03115,C02907,2025-05-12,Completed
ORD03116,C04884,2025-10-27,Completed
ORD03117,C02180,2025-03-21,Returned
ORD03118,C04606,2025-07-02,Returned
ORD03119,C04298,2025-01-10,Completed
ORD03120,C01842,2025-01-14,Completed
ORD03121,C03366,2025-11-24,Completed
ORD03122,C00787,2025-05-28,Completed
ORD03123,C03371,2025-12-02,Completed
ORD03124,C01049,2025-10-30,Cancelled
ORD03125,C00384,2025-09-21,Completed
ORD03126,C00167,2025-06-20,Completed
ORD03127,C02232,2025-12-10,Completed
ORD03128,C04060,2025-12-05,Completed
ORD03129,C02741,2025-10-27,Completed
ORD03130,C02581,2025-03-02,Completed
ORD03131,C01027,2025-04-19,Completed
ORD03132,C04000,2025-03-29,Completed
ORD03133,C00487,2025-11-11,Completed
ORD03134,C03960,2025-05-10,Completed
ORD03135,C02107,2025-08-29,Completed
ORD03136,C01897,2025-10-18,Completed
ORD03137,C00588,2025-08-30,Cancelled
ORD03138,C03969,2025-05-09,Returned
ORD03139,C00081,2025-01-16,Completed
ORD03140,C02099,2025-07-02,Completed
ORD03141,C04325,2025-12-14,Completed
ORD03142,C02270,2025-09-29,Completed
ORD03143,C02700,2025-12-12,Completed
ORD03144,C01705,2025-09-03,Completed
ORD03145,C02279,2025-11-03,Completed
ORD03146,C03317,2025-07-13,Completed
ORD03147,C03625,2025-03-11,Completed
ORD03148,C03226,2025-07-13,Returned
ORD03149,C00476,2025-05-30,Completed
ORD03150,C02158,2025-02-23,Completed
ORD03151,C00055,2025-10-13,Completed
ORD03152,C04451,2025-01-01,Completed
ORD03153,C03575,2025-09-22,Completed
ORD03154,C01727,2025-09-14,Completed
ORD03155,C01261,2025-07-02,Completed
ORD03156,C04371,2025-12-14,Completed
ORD03157,C02311,2025-01-03,Completed
ORD03158,C01770,2025-10-25,Completed
ORD03159,C02991,2025-03-01,Completed
ORD03160,C00150,2025-03-12,Completed
ORD03161,C04979,2025-12-29,Completed
ORD03162,C03958,2025-08-14,Completed
ORD03163,C01085,2025-12-20,Completed
ORD03164,C03431,2025-10-15,Completed
ORD03165,C04579,2025-01-27,Completed
ORD03166,C00809,2025-08-07,Completed
ORD03167,C03280,2025-08-29,Returned
ORD03168,C00570,2025-08-24,Completed
ORD03169,C01225,2025-05-14,Cancelled
ORD03170,C04535,2025-02-04,Completed
ORD03171,C02772,2025-05-05,Completed
ORD03172,C03158,2025-05-18,Completed
ORD03173,C04996,2025-09-21,Completed
ORD03174,C01804,2025-01-06,Completed
ORD03175,C02932,2025-05-04,Completed
ORD03176,C03004,2025-03-11,Returned
ORD03177,C03254,2025-01-22,Completed
ORD03178,C04402,2025-06-27,Completed
ORD03179,C01482,2025-11-04,Completed
ORD03180,C03834,2025-05-02,Completed
ORD03181,C00248,2025-02-17,Completed
ORD03182,C02081,2025-11-14,Completed
ORD03183,C04005,2025-06-05,Completed
ORD03184,C02696,2025-05-20,Returned
ORD03185,C04010,2025-04-14,Cancelled
ORD03186,C03683,2025-08-26,Completed
ORD03187,C02257,2025-10-29,Completed
ORD03188,C00327,2025-10-22,Completed
ORD03189,C03759,2025-10-01,Completed
ORD03190,C04942,2025-06-08,Completed
ORD03191,C03190,2025-06-22,Completed
ORD03192,C03927,2025-08-19,Completed
ORD03193,C04994,2025-07-17,Completed
ORD03194,C00257,2025-12-06,Completed
ORD03195,C02055,2025-01-11,Completed
ORD03196,C03852,2025-04-16,Completed
ORD03197,C04436,2025-10-25,Completed
ORD03198,C00420,2025-09-23,Pending
ORD03199,C00166,2025-05-31,Completed
ORD03200,C04071,2025-06-10,Completed
ORD03201,C02277,2025-04-20,Completed
ORD03202,C03882,2025-03-24,Completed
ORD03203,C04120,2025-12-05,Completed
ORD03204,C03739,2025-12-05,Completed
ORD03205,C00560,2025-12-13,Returned
ORD03206,C03477,2025-10-23,Completed
ORD03207,C00827,2025-07-18,Completed
ORD03208,C04148,2025-08-25,Completed
ORD03209,C01898,2025-07-30,Completed
ORD03210,C02525,2025-02-05,Completed
ORD03211,C00263,2025-05-16,Completed
ORD03212,C02719,2025-08-14,Completed
ORD03213,C03438,2025-08-19,Completed
ORD03214,C01192,2025-07-17,Completed
ORD03215,C03909,2025-12-22,Completed
ORD03216,C04500,2025-02-04,Completed
ORD03217,C01177,2025-10-28,Completed
ORD03218,C01362,2025-09-09,Pending
ORD03219,C04606,2025-11-16,Cancelled
ORD03220,C04375,2025-09-18,Completed
ORD03221,C01349,2025-05-13,Completed
ORD03222,C04772,2025-02-02,Completed
ORD03223,C03313,2025-01-14,Completed
ORD03224,C04341,2025-05-30,Completed
ORD03225,C02849,2025-12-13,Completed
ORD03226,C02743,2025-07-08,Completed
ORD03227,C03811,2025-04-27,Completed
ORD03228,C02279,2025-04-20,Completed
ORD03229,C03411,2025-04-15,Completed
ORD03230,C04339,2025-06-14,Completed
ORD03231,C04633,2025-07-26,Completed
ORD03232,C00179,2025-09-10,
ORD03233,C03566,2025-11-15,Completed
ORD03234,C02092,2025-10-08,Returned
ORD03235,C00783,2025-05-19,Pending
ORD03236,C02503,2025-01-02,Completed
ORD03237,C00485,2025-05-20,Completed
ORD03238,C03642,2025-07-09,Completed
ORD03239,C00370,2025-03-18,Completed
ORD03240,C01008,2025-01-27,Returned
ORD03241,C03464,2025-06-09,Pending
ORD03242,C00331,2025-08-16,Pending
ORD03243,C04975,2025-09-06,Completed
ORD03244,C04787,2025-07-30,Completed
ORD03245,C01322,2025-04-01,Returned
ORD03246,C04603,2025-09-15,Cancelled
ORD03247,C02705,2025-06-06,Completed
ORD03248,C03715,2025-04-16,Pending
ORD03249,C02191,2025-05-13,Completed
ORD03250,C03977,2025-10-22,Returned
ORD03251,C04909,2025-03-18,Completed
ORD03252,C00942,2025-11-25,Completed
ORD03253,C03936,2025-12-20,Completed
ORD03254,C03368,2025-07-28,Completed
ORD03255,C02636,2025-05-22,Completed
ORD03256,C03001,2025-09-18,Completed
ORD03257,C04590,2025-12-26,Cancelled
ORD03258,C01994,2025-12-08,Completed
ORD03259,C00549,2025-01-31,Returned
ORD03260,C02643,2025-04-07,Completed
ORD03261,C01171,2025-07-01,Cancelled
ORD03262,C04835,2025-01-29,Completed
ORD03263,C04060,2025-08-24,Completed
ORD03264,C04574,2025-06-15,Completed
ORD03265,C03288,2025-01-02,Pending
ORD03266,C00876,2025-09-01,Completed
ORD03267,C01839,2025-12-25,Completed
ORD03268,C02107,2025-02-01,Completed
ORD03269,C02869,2025-07-13,Completed
ORD03270,C00383,2025-05-31,Completed
ORD03271,C01647,2025-02-20,Completed
ORD03272,C03251,2025-09-11,Completed
ORD03273,C02885,2025-03-17,Completed
ORD03274,C00005,2025-08-13,Completed
ORD03275,C01276,2025-08-18,Completed
ORD03276,C03840,2025-02-22,Completed
ORD03277,C03523,2025-04-20,Returned
ORD03278,C02669,2025-01-05,Completed
ORD03279,C02422,2025-04-02,Returned
ORD03280,C03757,2025-03-22,Completed
ORD03281,C04977,2025-01-13,Cancelled
ORD03282,C02410,2025-04-18,Completed
ORD03283,C04488,2025-11-19,Completed
ORD03284,C03991,2025-07-28,Completed
ORD03285,C03258,2025-03-11,Completed
ORD03286,C03592,2025-01-18,Completed
ORD03287,C02849,2025-06-09,Completed
ORD03288,C00589,2025-07-22,Completed
ORD03289,C01902,2025-10-22,Completed
ORD03290,C02610,2025-09-19,Completed
ORD03291,C03449,2025-05-20,Completed
ORD03292,C01034,2025-06-21,Completed
ORD03293,C00444,2025-05-25,Completed
ORD03294,C03829,2025-09-20,Completed
ORD03295,C00368,2025-12-16,Completed
ORD03296,C03571,2025-11-14,Completed
ORD03297,C03202,2025-12-22,Completed
ORD03298,C02624,2025-12-30,Returned
ORD03299,C02875,2025-01-17,Cancelled
ORD03300,C01514,2025-07-21,Completed
ORD03301,C01947,2025-05-12,Completed
ORD03302,C03861,2025-04-26,Completed
ORD03303,C01107,2025-03-21,Pending
ORD03304,C00455,2025-12-31,Completed
ORD03305,C03145,2025-08-13,Completed
ORD03306,C03326,2025-06-15,Completed
ORD03307,C00035,2025-06-16,Completed
ORD03308,C01465,2025-05-23,Completed
ORD03309,C00934,2025-12-21,Completed
ORD03310,C04631,2025-05-23,Completed
ORD03311,C02744,2025-04-25,Returned
ORD03312,C01366,2025-09-14,Pending
ORD03313,C03559,2025-02-07,Completed
ORD03314,C04507,2025-12-07,Completed
ORD03315,C02996,2025-10-11,Completed
ORD03316,C01965,2025-09-23,Completed
ORD03317,C02728,2025-08-20,Completed
ORD03318,C01531,2025-03-01,Completed
ORD03319,C03098,2025-08-16,Completed
ORD03320,C04589,2025-07-17,Completed
ORD03321,C02924,2025-06-20,Completed
ORD03322,C01093,2025-07-29,Completed
ORD03323,C02583,2025-03-03,Completed
ORD03324,C03609,2025-01-06,Returned
ORD03325,C02850,2025-12-07,Completed
ORD03326,C04078,2025-01-05,Completed
ORD03327,C01282,2025-11-15,Completed
ORD03328,C00296,2025-10-15,Completed
ORD03329,C04355,2025-09-10,Completed
ORD03330,C02370,2025-02-17,Completed
ORD03331,C01565,2025-06-25,Cancelled
ORD03332,C04807,2025-10-26,Returned
ORD03333,C04475,2025-10-29,Completed
ORD03334,C01420,2025-06-12,Completed
ORD03335,C03254,2025-11-02,Completed
ORD03336,C03270,2025-05-07,Completed
ORD03337,C03530,2025-01-13,Completed
ORD03338,C03137,2025-11-28,Completed
ORD03339,C02743,2025-12-07,Completed
ORD03340,C00516,2025-07-07,Completed
ORD03341,C03954,2025-10-28,Pending
ORD03342,C03660,2025-12-22,Completed
ORD03343,C00619,2025-10-27,Completed
ORD03344,C03889,2025-09-24,Completed
ORD03345,C04817,2025-06-21,Completed
ORD03346,C00549,2025-03-30,Completed
ORD03347,C01622,2025-05-17,Pending
ORD03348,C02058,2025-06-21,Completed
ORD03349,C00163,2025-12-09,Completed
ORD03350,C04035,2025-08-05,Cancelled
ORD03351,C01307,2025-02-27,Completed
ORD03352,C02203,2025-08-02,Pending
ORD03353,C00731,2025-07-23,Completed
ORD03354,C03086,2025-02-09,Completed
ORD03355,C01219,2025-12-25,Completed
ORD03356,C02748,2025-05-08,Completed
ORD03357,C01157,2025-03-07,Cancelled
ORD03358,C02144,2025-08-19,Completed
ORD03359,C04179,2025-02-18,Completed
ORD03360,C00879,2025-05-19,Completed
ORD03361,C00886,2025-03-27,Completed
ORD03362,C03627,2025-02-07,Completed
ORD03363,C04575,2025-10-02,Completed
ORD03364,C00357,2025-10-12,Completed
ORD03365,C02057,2025-05-07,Completed
ORD03366,C02475,2025-10-11,Cancelled
ORD03367,C00979,2025-03-11,Completed
ORD03368,C04222,2025-02-26,Completed
ORD03369,C04928,2025-05-08,Completed
ORD03370,C00117,2025-09-24,Completed
ORD03371,C02652,2025-09-21,Completed
ORD03372,C04856,2025-11-08,Completed
ORD03373,C02701,2025-12-02,Completed
ORD03374,C00343,2025-10-07,Completed
ORD03375,C02194,2025-01-09,Completed
ORD03376,C01775,2025-05-25,Returned
ORD03377,C00207,2025-06-24,Completed
ORD03378,C04530,2025-02-27,Cancelled
ORD03379,C00396,2025-06-23,Completed
ORD03380,C01814,2025-06-24,Cancelled
ORD03381,C04246,2025-12-03,Completed
ORD03382,C04845,2025-10-30,Completed
ORD03383,C01511,2025-02-24,Pending
ORD03384,C01933,2025-02-05,Completed
ORD03385,C03367,2025-12-26,Completed
ORD03386,C04657,2025-06-05,Completed
ORD03387,C00181,2025-03-12,Completed
ORD03388,C00616,2025-03-24,Completed
ORD03389,C03524,2025-08-18,Completed
ORD03390,C02116,2025-03-15,Completed
ORD03391,C00941,2025-03-18,Returned
ORD03392,C02841,2025-10-17,Completed
ORD03393,C01558,2025-07-23,Pending
ORD03394,C01301,2025-01-27,
ORD03395,C02192,2025-11-15,Completed
ORD03396,C04588,2025-05-15,Completed
ORD03397,C02630,2025-11-03,Completed
ORD03398,C01411,2025-07-19,Completed
ORD03399,C04741,2025-03-18,Completed
ORD03400,C02005,2025-04-25,Completed
ORD03401,C02128,2025-08-10,Completed
ORD03402,C03419,2025-12-18,Completed
ORD03403,C04059,2025-03-03,Pending
ORD03404,C03438,2025-07-20,Completed
ORD03405,C04023,2025-09-20,Completed
ORD03406,C00791,2025-04-19,Completed
ORD03407,C02339,2025-10-22,Completed
ORD03408,C02830,2025-01-30,Completed
ORD03409,C01927,2025-09-14,Completed
ORD03410,C03245,2025-05-29,Cancelled
ORD03411,C00823,2025-07-23,Completed
ORD03412,C02882,2025-01-21,Completed
ORD03413,C03159,2025-03-15,Returned
ORD03414,C04617,2025-06-15,Completed
ORD03415,C01067,2025-03-07,Completed
ORD03416,C00189,2025-08-30,Completed
ORD03417,C02222,2025-10-10,Completed
ORD03418,C03159,2025-05-11,Completed
ORD03419,C01527,2025-07-31,Completed
ORD03420,C01783,2025-12-09,Completed
ORD03421,C02983,2025-07-05,Completed
ORD03422,C02059,2025-06-14,Completed
ORD03423,C03252,2025-03-02,Completed
ORD03424,C00110,2025-12-19,Completed
ORD03425,C04129,2025-04-13,Completed
ORD03426,C02011,2025-06-09,Completed
ORD03427,C04245,2025-04-23,Completed
ORD03428,C02223,2025-11-21,Completed
ORD03429,C01154,2025-12-12,Completed
ORD03430,C03882,2025-09-21,Completed
ORD03431,C02891,2025-10-17,Completed
ORD03432,C04178,2025-03-05,Completed
ORD03433,C01409,2025-01-08,Completed
ORD03434,C03139,2025-07-10,Completed
ORD03435,C01607,2025-04-02,Completed
ORD03436,C04899,2025-08-01,Completed
ORD03437,C03756,2025-08-12,Cancelled
ORD03438,C01338,2025-03-13,Completed
ORD03439,C03395,2025-10-03,Completed
ORD03440,C00680,2025-03-31,Completed
ORD03441,C02790,2025-04-29,Completed
ORD03442,C01006,2025-09-30,Completed
ORD03443,C04976,2025-12-27,Pending
ORD03444,C02822,2025-06-23,Completed
ORD03445,C03853,2025-10-15,Pending
ORD03446,C00269,2025-03-24,Completed
ORD03447,C04211,2025-01-10,Completed
ORD03448,C03723,2025-09-12,Completed
ORD03449,C00220,2025-08-04,Completed
ORD03450,C04621,2025-06-01,Completed
ORD03451,C00146,2025-03-10,Pending
ORD03452,C03167,2025-12-05,Pending
ORD03453,C04681,2025-05-27,Completed
ORD03454,C03726,2025-04-25,Pending
ORD03455,C02989,2025-12-08,Completed
ORD03456,C02274,2025-02-18,Cancelled
ORD03457,C02310,2025-12-23,Completed
ORD03458,C00600,2025-01-16,Pending
ORD03459,C01778,2025-04-06,Completed
ORD03460,C01014,2025-09-28,Completed
ORD03461,C03498,2025-08-28,Completed
ORD03462,C00410,2025-08-06,Completed
ORD03463,C03985,2025-05-12,Completed
ORD03464,C03950,2025-11-27,Completed
ORD03465,C01113,2025-01-27,Returned
ORD03466,C00800,2025-02-10,Cancelled
ORD03467,C00504,2025-06-01,Completed
ORD03468,C04517,2025-04-28,Completed
ORD03469,C02051,2025-05-07,Returned
ORD03470,C03837,2025-10-13,Completed
ORD03471,C03230,2025-01-10,Completed
ORD03472,C04475,2025-08-17,Completed
ORD03473,C03897,2025-11-14,Pending
ORD03474,C02833,2025-11-26,Completed
ORD03475,C01544,2025-05-25,Completed
ORD03476,C01092,2025-06-16,Completed
ORD03477,C04846,2025-04-26,Completed
ORD03478,C01063,2025-03-10,Completed
ORD03479,C01050,2025-07-04,Pending
ORD03480,C04035,2025-09-02,Completed
ORD03481,C01487,2025-08-22,Completed
ORD03482,C02067,2025-07-05,Completed
ORD03483,C02778,2025-01-25,Completed
ORD03484,C00874,2025-12-04,Completed
ORD03485,C04306,2025-06-26,Completed
ORD03486,C00764,2025-02-21,Completed
ORD03487,C04312,2025-06-08,Completed
ORD03488,C00286,2025-04-27,Returned
ORD03489,C03101,2025-04-08,Completed
ORD03490,C01887,2025-10-26,Completed
ORD03491,C04377,2025-09-08,Completed
ORD03492,C04142,2025-06-02,Completed
ORD03493,C00130,2025-12-08,Completed
ORD03494,C03786,2025-06-19,Cancelled
ORD03495,C04816,2025-10-14,Completed
ORD03496,C03019,2025-12-06,Completed
ORD03497,C04867,2025-06-09,Completed
ORD03498,C03890,2025-01-29,Completed
ORD03499,C04721,2025-12-26,Returned
ORD03500,C02003,2025-12-16,Completed
ORD03501,C01456,2025-09-27,Completed
ORD03502,C01978,2025-03-08,Cancelled
ORD03503,C00448,2025-03-18,Completed
ORD03504,C02544,2025-07-28,Completed
ORD03505,C03439,2025-12-31,Cancelled
ORD03506,C03885,2025-10-31,Completed
ORD03507,C03372,2025-08-16,Cancelled
ORD03508,C03705,2025-09-26,Cancelled
ORD03509,C00560,2025-09-24,Pending
ORD03510,C04666,2025-09-22,Completed
ORD03511,C01764,2025-08-01,Pending
ORD03512,C00643,2025-04-26,Completed
ORD03513,C02668,2025-11-13,Returned
ORD03514,C02381,2025-11-23,Completed
ORD03515,C04799,2025-03-11,Returned
ORD03516,C00530,2025-02-28,Returned
ORD03517,C04590,2025-06-21,Pending
ORD03518,C03590,2025-03-30,Completed
ORD03519,C02722,2025-11-19,Completed
ORD03520,C00716,2025-11-13,Completed
ORD03521,C03774,2025-04-20,Completed
ORD03522,C03993,2025-10-20,Completed
ORD03523,C01128,2025-07-25,Cancelled
ORD03524,C01612,2025-09-16,Completed
ORD03525,C03106,2025-06-30,Completed
ORD03526,C04610,2025-11-15,Completed
ORD03527,C03808,2025-10-19,Completed
ORD03528,C03922,2025-10-11,Completed
ORD03529,C01260,2025-03-11,Completed
ORD03530,C00361,2025-10-09,Returned
ORD03531,C01011,2025-01-12,Completed
ORD03532,C00799,2025-05-11,Completed
ORD03533,C04134,2025-07-28,Cancelled
ORD03534,C03410,2025-11-02,Completed
ORD03535,C03237,2025-04-04,Completed
ORD03536,C00703,2025-06-14,Completed
ORD03537,C02649,2025-10-28,Completed
ORD03538,C00883,2025-05-10,Completed
ORD03539,C00351,2025-10-17,Returned
ORD03540,C03257,2025-08-16,Completed
ORD03541,C00115,2025-12-06,Completed
ORD03542,C00065,2025-01-01,Returned
ORD03543,C02173,2025-11-20,Completed
ORD03544,C04218,2025-12-22,Completed
ORD03545,C01503,2025-05-20,Completed
ORD03546,C01430,2025-09-05,Cancelled
ORD03547,C02401,2025-12-21,Completed
ORD03548,C03229,2025-08-05,Completed
ORD03549,C01053,2025-11-14,Completed
ORD03550,C04230,2025-04-12,Completed
ORD03551,C02829,2025-02-28,Completed
ORD03552,C01019,2025-10-28,Completed
ORD03553,C01273,2025-06-19,Completed
ORD03554,C01475,2025-12-01,Completed
ORD03555,C02098,2025-04-16,Pending
ORD03556,C01926,2025-06-17,Completed
ORD03557,C03540,2025-08-26,Completed
ORD03558,C03666,2025-12-15,Completed
ORD03559,C04078,2025-08-16,Completed
ORD03560,C02054,2025-03-08,Completed
ORD03561,C02743,2025-09-30,Completed
ORD03562,C02644,2025-01-25,Completed
ORD03563,C00571,2025-01-05,Completed
ORD03564,C04836,2025-08-13,Completed
ORD03565,C00755,2025-05-12,Completed
ORD03566,C03853,2025-09-02,Completed
ORD03567,C01494,2025-09-19,Completed
ORD03568,C03383,2025-02-13,Cancelled
ORD03569,C04723,2025-11-02,Completed
ORD03570,C03944,2025-05-16,Completed
ORD03571,C03220,2025-12-29,Completed
ORD03572,C04950,2025-09-12,Cancelled
ORD03573,C02237,2025-08-31,Completed
ORD03574,C00739,2025-08-24,Completed
ORD03575,C01395,2025-05-29,Pending
ORD03576,C01887,2025-07-08,Completed
ORD03577,C03467,2025-09-14,Cancelled
ORD03578,C02007,2025-01-26,Completed
ORD03579,C01259,2025-06-28,Pending
ORD03580,C01616,2025-07-18,Completed
ORD03581,C03046,2025-03-15,Completed
ORD03582,C02670,2025-09-30,Completed
ORD03583,C03111,2025-09-08,Completed
ORD03584,C02623,2025-01-06,Completed
ORD03585,C04590,2025-02-17,Pending
ORD03586,C00454,2025-12-05,Completed
ORD03587,C01441,2025-09-25,Cancelled
ORD03588,C01835,2025-12-01,Completed
ORD03589,C02438,2025-08-25,Completed
ORD03590,C02196,2025-08-01,Pending
ORD03591,C00590,2025-04-04,Cancelled
ORD03592,C03104,2025-02-15,Completed
ORD03593,C04993,2025-12-24,Completed
ORD03594,C04977,2025-04-15,Cancelled
ORD03595,C03317,2025-12-10,Completed
ORD03596,C00880,2025-10-21,Completed
ORD03597,C01443,2025-08-14,Completed
ORD03598,C03232,2025-12-24,Completed
ORD03599,C02095,2025-04-25,Completed
ORD03600,C00314,2025-10-26,Completed
ORD03601,C00522,2025-11-19,Completed
ORD03602,C02760,2025-07-21,Completed
ORD03603,C01784,2025-01-09,Completed
ORD03604,C03227,2025-04-13,Completed
ORD03605,C01189,2025-12-31,Completed
ORD03606,C00441,2025-07-03,Cancelled
ORD03607,C00633,2025-07-19,Completed
ORD03608,C00463,2025-08-17,Completed
ORD03609,C03788,2025-12-31,Cancelled
ORD03610,C00455,2025-06-03,Completed
ORD03611,C00886,2025-02-16,Completed
ORD03612,C02982,2025-04-11,Cancelled
ORD03613,C03903,2025-11-20,Cancelled
ORD03614,C02019,2025-11-06,Completed
ORD03615,C02990,2025-03-23,Completed
ORD03616,C01337,2025-11-01,Completed
ORD03617,C04758,2025-10-06,Completed
ORD03618,C03610,2025-08-24,Completed
ORD03619,C00502,2025-06-21,Completed
ORD03620,C02443,2025-09-22,Completed
ORD03621,C04791,2025-01-19,Completed
ORD03622,C00731,2025-04-04,Cancelled
ORD03623,C04816,2025-11-06,Completed
ORD03624,C04989,2025-11-04,Completed
ORD03625,C02668,2025-05-30,Returned
ORD03626,C04499,2025-04-04,Completed
ORD03627,C00078,2025-01-26,Cancelled
ORD03628,C01043,2025-10-21,Completed
ORD03629,C01777,2025-12-23,Completed
ORD03630,C01738,2025-03-07,Completed
ORD03631,C04173,2025-10-20,Completed
ORD03632,C03859,2025-05-15,Completed
ORD03633,C00162,2025-03-22,Completed
ORD03634,C02046,2025-08-11,Pending
ORD03635,C04465,2025-10-02,Completed
ORD03636,C00621,2025-07-04,Completed
ORD03637,C03949,2025-02-12,Cancelled
ORD03638,C01110,2025-11-08,Completed
ORD03639,C04312,2025-05-17,Completed
ORD03640,C03068,2025-02-02,Returned
ORD03641,C04837,2025-06-30,Completed
ORD03642,C00697,2025-08-31,Completed
ORD03643,C02987,2025-06-22,Completed
ORD03644,C04916,2025-03-22,Completed
ORD03645,C01804,2025-12-21,Completed
ORD03646,C02962,2025-03-08,Cancelled
ORD03647,C04480,2025-06-15,Completed
ORD03648,C04017,2025-12-09,Completed
ORD03649,C03582,2025-04-10,Completed
ORD03650,C01240,2025-03-17,Completed
ORD03651,C01453,2025-11-08,Completed
ORD03652,C01930,2025-07-02,Completed
ORD03653,C04450,2025-08-13,Completed
ORD03654,C04079,2025-02-23,Completed
ORD03655,C01589,2025-06-29,Completed
ORD03656,C03359,2025-06-03,Completed
ORD03657,C01284,2025-07-30,Completed
ORD03658,C02538,2025-09-13,Completed
ORD03659,C03379,2025-05-22,Cancelled
ORD03660,C02949,2025-06-14,Completed
ORD03661,C03727,2025-12-17,Completed
ORD03662,C04260,2025-05-06,Completed
ORD03663,C00081,2025-03-04,Completed
ORD03664,C02896,2025-12-17,Completed
ORD03665,C04312,2025-10-07,Completed
ORD03666,C04423,2025-09-03,Completed
ORD03667,C03303,2025-06-08,Completed
ORD03668,C00210,2025-12-13,Completed
ORD03669,C04448,2025-02-26,Cancelled
ORD03670,C00099,2025-06-13,Completed
ORD03671,C00087,2025-02-25,Completed
ORD03672,C04605,2025-11-25,Completed
ORD03673,C03445,2025-09-07,Completed
ORD03674,C04030,2025-05-14,Completed
ORD03675,C04093,2025-08-11,Completed
ORD03676,C04820,2025-04-19,Completed
ORD03677,C04354,2025-10-08,Completed
ORD03678,C03088,2025-04-10,Completed
ORD03679,C02423,2025-07-18,Pending
ORD03680,C02708,2025-05-05,Completed
ORD03681,C01917,2025-06-03,Completed
ORD03682,C03627,2025-05-22,Pending
ORD03683,C04703,2025-07-29,Completed
ORD03684,C01628,2025-09-03,Completed
ORD03685,C01212,2025-03-21,Cancelled
ORD03686,C03526,2025-03-29,Completed
ORD03687,C00938,2025-11-12,Completed
ORD03688,C02826,2025-01-01,Completed
ORD03689,C01791,2025-09-06,Completed
ORD03690,C01694,2025-10-09,Completed
ORD03691,C04086,2025-05-06,Completed
ORD03692,C02566,2025-01-26,Completed
ORD03693,C01349,2025-03-01,Completed
ORD03694,C02374,2025-01-05,Completed
ORD03695,C00032,2025-05-10,Completed
ORD03696,C01070,2025-08-02,Completed
ORD03697,C03918,2025-11-25,Completed
ORD03698,C03499,2025-03-25,Completed
ORD03699,C00623,2025-05-19,Completed
ORD03700,C04813,2025-09-07,Completed
ORD03701,C01936,2025-07-29,Completed
ORD03702,C00132,2025-10-20,Completed
ORD03703,C02598,2025-10-25,Completed
ORD03704,C04969,2025-10-13,Completed
ORD03705,C03597,2025-06-02,Completed
ORD03706,C01900,2025-07-19,Completed
ORD03707,C02989,2025-04-15,Completed
ORD03708,C03615,2025-11-27,Completed
ORD03709,C04319,2025-06-29,Completed
ORD03710,C03690,2025-06-03,Completed
ORD03711,C04880,2025-12-16,Cancelled
ORD03712,C02838,2025-12-02,Completed
ORD03713,C03709,2025-03-01,Completed
ORD03714,C00928,2025-11-20,Completed
ORD03715,C04385,2025-05-10,Completed
ORD03716,C02163,2025-11-04,Completed
ORD03717,C00529,2025-08-11,Completed
ORD03718,C04625,2025-06-13,Completed
ORD03719,C02777,2025-09-03,Completed
ORD03720,C03912,2025-09-02,Completed
ORD03721,C02275,2025-05-02,Completed
ORD03722,C01293,2025-02-10,Completed
ORD03723,C01821,2025-09-17,Completed
ORD03724,C04221,2025-08-22,Completed
ORD03725,C03025,2025-07-16,Completed
ORD03726,C00667,2025-10-08,Completed
ORD03727,C04611,2025-09-23,Completed
ORD03728,C02721,2025-07-11,Completed
ORD03729,C04855,2025-12-09,Completed
ORD03730,C01810,2025-03-06,Returned
ORD03731,C01536,2025-11-01,Completed
ORD03732,C00234,2025-01-31,Completed
ORD03733,C04827,2025-01-07,Returned
ORD03734,C02349,2025-06-29,Returned
ORD03735,C00929,2025-08-13,Completed
ORD03736,C03112,2025-06-14,Completed
ORD03737,C02985,2025-05-26,Completed
ORD03738,C02643,2025-10-18,Completed
ORD03739,C04683,2025-04-25,Completed
ORD03740,C02482,2025-04-05,Completed
ORD03741,C03349,2025-03-06,Cancelled
ORD03742,C03845,2025-02-22,Completed
ORD03743,C01544,2025-11-09,Completed
ORD03744,C02024,2025-01-29,Pending
ORD03745,C03330,2025-06-22,Completed
ORD03746,C01657,2025-07-10,Completed
ORD03747,C03019,2025-11-10,Completed
ORD03748,C02571,2025-10-27,Cancelled
ORD03749,C04438,2025-01-11,Completed
ORD03750,C03244,2025-03-22,Completed
ORD03751,C01523,2025-12-27,Completed
ORD03752,C04870,2025-07-26,Completed
ORD03753,C04304,2025-09-08,Completed
ORD03754,C04005,2025-11-19,Completed
ORD03755,C03856,2025-09-16,Cancelled
ORD03756,C04523,2025-03-16,Pending
ORD03757,C03901,2025-04-08,Completed
ORD03758,C03481,2025-05-07,Completed
ORD03759,C04817,2025-08-29,Completed
ORD03760,C01799,2025-10-25,Cancelled
ORD03761,C04223,2025-05-07,Completed
ORD03762,C03153,2025-07-30,Completed
ORD03763,C04664,2025-09-13,Cancelled
ORD03764,C04665,2025-09-13,Completed
ORD03765,C02670,2025-06-21,Completed
ORD03766,C00453,2025-12-18,Cancelled
ORD03767,C02395,2025-05-23,Completed
ORD03768,C00380,2025-08-16,Returned
ORD03769,C01151,2025-11-04,Completed
ORD03770,C01287,2025-11-09,Returned
ORD03771,C00223,2025-12-18,Completed
ORD03772,C00142,2025-08-15,Completed
ORD03773,C01895,2025-12-30,Completed
ORD03774,C01209,2025-07-27,Completed
ORD03775,C01211,2025-08-18,Completed
ORD03776,C01298,2025-06-26,Completed
ORD03777,C03161,2025-05-02,Completed
ORD03778,C02725,2025-11-15,Completed
ORD03779,C00643,2025-06-29,Completed
ORD03780,C04095,2025-03-03,Completed
ORD03781,C03759,2025-08-15,Completed
ORD03782,C01666,2025-10-27,Completed
ORD03783,C03624,2025-03-26,Completed
ORD03784,C02587,2025-10-11,Completed
ORD03785,C04836,2025-10-11,Completed
ORD03786,C00281,2025-09-17,Cancelled
ORD03787,C04103,2025-06-05,Completed
ORD03788,C04054,2025-06-18,Returned
ORD03789,C02584,2025-04-13,Cancelled
ORD03790,C04511,2025-01-02,Completed
ORD03791,C01604,2025-07-20,Completed
ORD03792,C03910,2025-03-14,Completed
ORD03793,C04273,2025-04-22,Completed
ORD03794,C03039,2025-01-18,Pending
ORD03795,C03715,2025-12-24,Completed
ORD03796,C02861,2025-02-12,Completed
ORD03797,C00373,2025-07-29,Completed
ORD03798,C03404,2025-08-18,Completed
ORD03799,C00532,2025-03-07,Completed
ORD03800,C00875,2025-06-12,Completed
ORD03801,C04486,2025-05-05,Completed
ORD03802,C03686,2025-01-15,Completed
ORD03803,C03961,2025-09-24,Completed
ORD03804,C01839,2025-08-19,Completed
ORD03805,C04561,2025-03-21,Completed
ORD03806,C02366,2025-10-21,Completed
ORD03807,C02541,2025-02-13,Completed
ORD03808,C03876,2025-02-22,Completed
ORD03809,C01978,2025-01-02,Completed
ORD03810,C01575,2025-10-17,Completed
ORD03811,C04336,2025-07-10,Completed
ORD03812,C01768,2025-01-18,Completed
ORD03813,C04582,2025-05-14,Cancelled
ORD03814,C04112,2025-04-15,Completed
ORD03815,C04227,2025-03-05,Completed
ORD03816,C03630,2025-03-24,Completed
ORD03817,C04389,2025-07-22,Completed
ORD03818,C02753,2025-12-08,Completed
ORD03819,C00377,2025-07-24,Completed
ORD03820,C03939,2025-07-10,Completed
ORD03821,C04622,2025-07-02,Completed
ORD03822,C01995,2025-06-17,Completed
ORD03823,C00824,2025-01-02,Completed
ORD03824,C03621,2025-09-04,Cancelled
ORD03825,C01072,2025-07-01,Completed
ORD03826,C02406,2025-01-21,Completed
ORD03827,C02689,2025-12-19,Pending
ORD03828,C04368,2025-11-30,Completed
ORD03829,C04114,2025-10-08,Completed
ORD03830,C00212,2025-11-18,Completed
ORD03831,C02623,2025-06-16,Completed
ORD03832,C03667,2025-03-19,Completed
ORD03833,C02807,2025-09-06,Completed
ORD03834,C02392,2025-07-04,Completed
ORD03835,C01221,2025-01-24,Completed
ORD03836,C00175,2025-03-20,Completed
ORD03837,C00936,2025-01-09,Completed
ORD03838,C00702,2025-07-09,Completed
ORD03839,C03825,2025-06-05,Completed
ORD03840,C02005,2025-03-01,Completed
ORD03841,C03105,2025-01-08,Completed
ORD03842,C00974,2025-08-08,Pending
ORD03843,C00939,2025-02-14,Completed
ORD03844,C03005,2025-11-19,Completed
ORD03845,C03578,2025-02-15,Completed
ORD03846,C02331,2025-01-09,Returned
ORD03847,C02257,2025-08-14,Cancelled
ORD03848,C02919,2025-01-24,Completed
ORD03849,C00340,2025-06-09,Completed
ORD03850,C04522,2025-06-04,Completed
ORD03851,C04537,2025-10-28,Completed
ORD03852,C01066,2025-11-17,Completed
ORD03853,C00190,2025-07-27,Completed
ORD03854,C00305,2025-11-30,Completed
ORD03855,C02541,2025-11-07,Completed
ORD03856,C01983,2025-06-20,Completed
ORD03857,C02854,2025-12-23,Cancelled
ORD03858,C04147,2025-01-21,Cancelled
ORD03859,C01846,2025-12-02,Completed
ORD03860,C01730,2025-10-15,Completed
ORD03861,C03306,2025-05-30,Completed
ORD03862,C01148,2025-03-26,Completed
ORD03863,C02973,2025-06-16,Pending
ORD03864,C04178,2025-02-19,Completed
ORD03865,C00315,2025-09-26,Returned
ORD03866,C01810,2025-05-01,Completed
ORD03867,C00530,2025-06-01,Cancelled
ORD03868,C01508,2025-05-14,Completed
ORD03869,C03334,2025-07-25,Returned
ORD03870,C02030,2025-12-10,Completed
ORD03871,C00289,2025-01-21,Returned
ORD03872,C00286,2025-05-14,Completed
ORD03873,C01735,2025-10-30,Returned
ORD03874,C04496,2025-01-10,Completed
ORD03875,C04507,2025-10-06,Returned
ORD03876,C03418,2025-09-11,Completed
ORD03877,C01358,2025-06-11,Completed
ORD03878,C02471,2025-01-06,Cancelled
ORD03879,C04714,2025-07-12,Completed
ORD03880,C03585,2025-01-27,Completed
ORD03881,C04748,2025-09-15,Completed
ORD03882,C01727,2025-02-07,Completed
ORD03883,C00114,2025-10-30,Completed
ORD03884,C00948,2025-07-23,Completed
ORD03885,C04369,2025-10-15,Completed
ORD03886,C01826,2025-01-10,Completed
ORD03887,C04470,2025-05-31,Completed
ORD03888,C04938,2025-02-25,Cancelled
ORD03889,C01480,2025-10-09,Completed
ORD03890,C02989,2025-01-28,Completed
ORD03891,C03122,2025-05-10,Completed
ORD03892,C02140,2025-07-29,Completed
ORD03893,C01258,2025-07-09,Completed
ORD03894,C01898,2025-02-27,Completed
ORD03895,C02861,2025-04-23,Completed
ORD03896,C00885,2025-03-07,Completed
ORD03897,C03297,2025-10-31,Completed
ORD03898,C03707,2025-07-22,Completed
ORD03899,C01326,2025-10-27,Completed
ORD03900,C04082,2025-11-24,Completed
ORD03901,C02532,2025-09-08,Completed
ORD03902,C02981,2025-01-20,Completed
ORD03903,C00491,2025-11-20,Completed
ORD03904,C04142,2025-11-12,Completed
ORD03905,C00981,2025-08-27,Completed
ORD03906,C01807,2025-02-15,Pending
ORD03907,C02760,2025-09-11,Completed
ORD03908,C03476,2025-01-19,Completed
ORD03909,C01414,2025-07-15,Completed
ORD03910,C02172,2025-05-10,Completed
ORD03911,C00718,2025-08-02,Completed
ORD03912,C00303,2025-05-16,Completed
ORD03913,C00859,2025-07-09,Completed
ORD03914,C03524,2025-05-14,Completed
ORD03915,C02827,2025-12-16,Cancelled
ORD03916,C04098,2025-11-21,Completed
ORD03917,C04912,2025-08-01,Returned
ORD03918,C04883,2025-05-27,Returned
ORD03919,C03024,2025-05-12,Completed
ORD03920,C04697,2025-02-28,Completed
ORD03921,C03793,2025-10-13,Completed
ORD03922,C02084,2025-11-01,Completed
ORD03923,C03974,2025-08-08,Completed
ORD03924,C00172,2025-11-05,Completed
ORD03925,C04486,2025-04-09,Completed
ORD03926,C02020,2025-11-01,Completed
ORD03927,C02665,2025-03-26,Completed
ORD03928,C01423,2025-09-01,Cancelled
ORD03929,C03416,2025-01-02,Returned
ORD03930,C03981,2025-05-25,Cancelled
ORD03931,C00992,2025-06-09,Completed
ORD03932,C02143,2025-05-19,Completed
ORD03933,C01396,2025-08-11,Cancelled
ORD03934,C01016,2025-04-08,Completed
ORD03935,C01567,2025-05-25,Completed
ORD03936,C02667,2025-06-30,Completed
ORD03937,C03158,2025-02-14,Completed
ORD03938,C01618,2025-03-15,Completed
ORD03939,C01249,2025-02-15,Completed
ORD03940,C04370,2025-05-11,Completed
ORD03941,C02950,2025-06-26,Completed
ORD03942,C00073,2025-10-22,Cancelled
ORD03943,C02881,2025-05-20,Completed
ORD03944,C02966,2025-03-14,Completed
ORD03945,C02780,2025-01-04,Completed
ORD03946,C03293,2025-10-05,Completed
ORD03947,C00506,2025-09-19,Completed
ORD03948,C04306,2025-03-30,Returned
ORD03949,C00109,2025-08-13,Completed
ORD03950,C03857,2025-02-06,Completed
ORD03951,C03206,2025-04-07,Completed
ORD03952,C02514,2025-01-17,Cancelled
ORD03953,C01511,2025-12-03,Completed
ORD03954,C01736,2025-09-08,Completed
ORD03955,C00863,2025-05-08,Completed
ORD03956,C03332,2025-08-29,Completed
ORD03957,C03698,2025-05-07,Completed
ORD03958,C01267,2025-07-29,Completed
ORD03959,C03677,2025-08-17,Returned
ORD03960,C03519,2025-08-13,Completed
ORD03961,C03559,2025-11-11,Completed
ORD03962,C04151,2025-09-18,Completed
ORD03963,C04757,2025-11-21,Completed
ORD03964,C03153,2025-10-03,Completed
ORD03965,C03751,2025-05-31,Completed
ORD03966,C01238,2025-10-22,Completed
ORD03967,C02200,2025-11-07,Completed
ORD03968,C01589,2025-02-07,Completed
ORD03969,C03417,2025-09-08,Completed
ORD03970,C04055,2025-03-22,Returned
ORD03971,C03304,2025-07-29,Completed
ORD03972,C02136,2025-12-30,Completed
ORD03973,C00038,2025-12-18,Completed
ORD03974,C01884,2025-07-27,Cancelled
ORD03975,C03463,2025-08-13,Cancelled
ORD03976,C04108,2025-04-18,Pending
ORD03977,C01530,2025-01-17,Completed
ORD03978,C00620,2025-07-23,Completed
ORD03979,C01691,2025-02-24,Completed
ORD03980,C03688,2025-11-02,Completed
ORD03981,C02798,2025-05-05,Completed
ORD03982,C00338,2025-04-17,Completed
ORD03983,C04375,2025-04-24,Completed
ORD03984,C01636,2025-02-22,Cancelled
ORD03985,C02613,2025-12-07,Returned
ORD03986,C00786,2025-09-20,Completed
ORD03987,C00864,2025-07-23,Completed
ORD03988,C02291,2025-10-04,Completed
ORD03989,C01291,2025-05-08,Completed
ORD03990,C01108,2025-10-03,Completed
ORD03991,C00977,2025-11-02,Completed
ORD03992,C04103,2025-09-28,Cancelled
ORD03993,C02994,2025-04-10,Completed
ORD03994,C00904,2025-07-01,Completed
ORD03995,C01975,2025-10-16,Completed
ORD03996,C04458,2025-02-18,Completed
ORD03997,C03971,2025-05-06,Completed
ORD03998,C00710,2025-06-12,Completed
ORD03999,C00692,2025-01-12,Cancelled
ORD04000,C03094,2025-08-07,Completed
ORD04001,C04097,2025-08-04,Completed
ORD04002,C01931,2025-07-14,Completed
ORD04003,C00489,2025-05-29,Completed
ORD04004,C00311,2025-03-14,Completed
ORD04005,C01431,2025-03-15,Completed
ORD04006,C04051,2025-10-10,Completed
ORD04007,C04958,2025-03-09,Completed
ORD04008,C02760,2025-02-23,Completed
ORD04009,C04508,2025-12-23,Completed
ORD04010,C03492,2025-11-25,Completed
ORD04011,C02005,2025-06-22,Completed
ORD04012,C03407,2025-03-06,Completed
ORD04013,C00495,2025-09-29,Completed
ORD04014,C00272,2025-02-09,Completed
ORD04015,C03933,2025-11-11,Completed
ORD04016,C04067,2025-11-30,Completed
ORD04017,C03234,2025-03-11,Returned
ORD04018,C04289,2025-02-02,Completed
ORD04019,C04624,2025-11-10,Completed
ORD04020,C02899,2025-04-05,Completed
ORD04021,C04350,2025-07-22,Completed
ORD04022,C03066,2025-01-26,Completed
ORD04023,C01757,2025-08-03,Completed
ORD04024,C00762,2025-07-20,Completed
ORD04025,C01344,2025-02-28,Completed
ORD04026,C00344,2025-08-15,Completed
ORD04027,C03859,2025-04-11,Completed
ORD04028,C04305,2025-12-18,Completed
ORD04029,C00678,2025-05-24,Pending
ORD04030,C01620,2025-10-24,Completed
ORD04031,C01598,2025-11-13,Completed
ORD04032,C04938,2025-03-21,Completed
ORD04033,C00427,2025-06-24,Returned
ORD04034,C03205,2025-04-01,Completed
ORD04035,C00325,2025-09-04,Completed
ORD04036,C01453,2025-11-30,Returned
ORD04037,C04035,2025-05-27,Completed
ORD04038,C02674,2025-12-01,Completed
ORD04039,C04288,2025-10-01,Completed
ORD04040,C01408,2025-02-02,Completed
ORD04041,C01379,2025-08-25,Completed
ORD04042,C04366,2025-03-02,Completed
ORD04043,C01427,2025-03-20,Completed
ORD04044,C01698,2025-03-30,Completed
ORD04045,C04710,2025-08-21,Cancelled
ORD04046,C01431,2025-06-17,Completed
ORD04047,C00305,2025-02-27,Completed
ORD04048,C04856,2025-12-10,Cancelled
ORD04049,C02039,2025-10-09,Cancelled
ORD04050,C02423,2025-09-08,Pending
ORD04051,C03014,2025-05-30,Completed
ORD04052,C00699,2025-09-17,Completed
ORD04053,C03292,2025-06-09,Completed
ORD04054,C04917,2025-05-18,Completed
ORD04055,C04474,2025-01-27,Completed
ORD04056,C03896,2025-11-19,Completed
ORD04057,C01423,2025-05-19,Pending
ORD04058,C03511,2025-04-21,Completed
ORD04059,C03368,2025-11-03,Completed
ORD04060,C01984,2025-09-02,Completed
ORD04061,C02945,2025-11-23,Cancelled
ORD04062,C02995,2025-11-28,Completed
ORD04063,C02295,2025-06-22,Completed
ORD04064,C01999,2025-10-04,Completed
ORD04065,C02957,2025-01-20,Completed
ORD04066,C04095,2025-08-26,Completed
ORD04067,C04761,2025-01-28,Returned
ORD04068,C01543,2025-03-01,Completed
ORD04069,C01187,2025-02-18,Completed
ORD04070,C00638,2025-04-27,Pending
ORD04071,C02971,2025-10-28,Returned
ORD04072,C04099,2025-01-02,Completed
ORD04073,C01581,2025-04-18,Completed
ORD04074,C00902,2025-07-11,Cancelled
ORD04075,C03446,2025-10-25,Completed
ORD04076,C02168,2025-01-10,Completed
ORD04077,C00400,2025-02-12,Completed
ORD04078,C03324,2025-01-16,Completed
ORD04079,C01638,2025-04-17,Completed
ORD04080,C01521,2025-01-04,Completed
ORD04081,C01363,2025-03-31,Completed
ORD04082,C00447,2025-12-18,Completed
ORD04083,C01697,2025-02-09,Completed
ORD04084,C02264,2025-03-08,Pending
ORD04085,C03165,2025-07-24,Completed
ORD04086,C01894,2025-03-01,Completed
ORD04087,C00775,2025-05-30,Completed
ORD04088,C04504,2025-03-21,Completed
ORD04089,C00864,2025-01-04,Completed
ORD04090,C03895,2025-02-13,Cancelled
ORD04091,C03678,2025-03-03,Completed
ORD04092,C04769,2025-06-01,Completed
ORD04093,C03811,2025-05-09,Completed
ORD04094,C02740,2025-02-26,Completed
ORD04095,C04692,2025-07-05,Completed
ORD04096,C04540,2025-02-07,Completed
ORD04097,C00096,2025-01-03,Pending
ORD04098,C02726,2025-07-31,Pending
ORD04099,C03613,2025-04-30,Completed
ORD04100,C02934,2025-03-22,Completed
ORD04101,C01851,2025-07-06,Completed
ORD04102,C03024,2025-02-14,Completed
ORD04103,C03541,2025-05-03,Completed
ORD04104,C01492,2025-05-16,Completed
ORD04105,C01965,2025-11-30,Completed
ORD04106,C01230,2025-12-27,Completed
ORD04107,C04320,2025-07-12,Completed
ORD04108,C00802,2025-01-28,Completed
ORD04109,C03394,2025-06-17,Pending
ORD04110,C03469,2025-01-12,Completed
ORD04111,C02416,2025-10-25,Completed
ORD04112,C01584,2025-07-07,Completed
ORD04113,C03607,2025-08-16,Completed
ORD04114,C00665,2025-12-07,Completed
ORD04115,C04752,2025-01-23,Completed
ORD04116,C03857,2025-02-13,Completed
ORD04117,C02762,2025-04-09,Completed
ORD04118,C01053,2025-09-11,Cancelled
ORD04119,C04041,2025-12-22,Cancelled
ORD04120,C02850,2025-03-25,Completed
ORD04121,C01000,2025-06-11,Completed
ORD04122,C03806,2025-09-25,Completed
ORD04123,C04294,2025-11-01,Returned
ORD04124,C00945,2025-07-25,Returned
ORD04125,C04538,2025-05-08,Completed
ORD04126,C03911,2025-02-24,Completed
ORD04127,C00929,2025-02-17,Completed
ORD04128,C02115,2025-03-25,Returned
ORD04129,C02156,2025-03-01,Completed
ORD04130,C02399,2025-12-26,Completed
ORD04131,C02554,2025-07-06,Completed
ORD04132,C03412,2025-08-14,Completed
ORD04133,C00610,2025-12-11,Completed
ORD04134,C03635,2025-02-08,Returned
ORD04135,C03850,2025-05-16,Completed
ORD04136,C04698,2025-01-01,Cancelled
ORD04137,C03358,2025-07-25,Completed
ORD04138,C02632,2025-06-08,Completed
ORD04139,C00439,2025-10-05,Completed
ORD04140,C03897,2025-01-03,Completed
ORD04141,C02083,2025-01-04,Completed
ORD04142,C00744,2025-09-10,Completed
ORD04143,C00732,2025-08-25,Completed
ORD04144,C03170,2025-02-23,Completed
ORD04145,C00302,2025-02-28,Completed
ORD04146,C01030,2025-08-20,Completed
ORD04147,C04361,2025-04-24,Completed
ORD04148,C04280,2025-11-20,Cancelled
ORD04149,C00720,2025-08-21,Completed
ORD04150,C00243,2025-05-06,Completed
ORD04151,C03852,2025-10-28,Completed
ORD04152,C02930,2025-08-05,Completed
ORD04153,C00101,2025-01-16,Completed
ORD04154,C04668,2025-02-02,Cancelled
ORD04155,C02599,2025-05-29,Completed
ORD04156,C03268,2025-01-30,Returned
ORD04157,C03586,2025-10-11,Completed
ORD04158,C02384,2025-02-08,Completed
ORD04159,C03451,2025-05-24,Completed
ORD04160,C02222,2025-12-19,Completed
ORD04161,C02482,2025-12-05,Returned
ORD04162,C00572,2025-03-04,Completed
ORD04163,C03876,2025-06-12,Completed
ORD04164,C03243,2025-08-12,Completed
ORD04165,C02251,2025-09-28,Completed
ORD04166,C01040,2025-04-28,Completed
ORD04167,C03486,2025-05-31,Completed
ORD04168,C00601,2025-02-10,Completed
ORD04169,C04188,2025-05-14,Completed
ORD04170,C00450,2025-04-25,Completed
ORD04171,C04896,2025-06-28,Completed
ORD04172,C02769,2025-11-11,Completed
ORD04173,C01951,2025-05-23,Cancelled
ORD04174,C03462,2025-07-20,Completed
ORD04175,C01204,2025-02-03,Pending
ORD04176,C04058,2025-05-27,Completed
ORD04177,C02107,2025-06-16,Completed
ORD04178,C01914,2025-02-20,Completed
ORD04179,C02215,2025-10-25,Completed
ORD04180,C00079,2025-08-09,Completed
ORD04181,C02651,2025-11-27,Completed
ORD04182,C00848,2025-02-19,Cancelled
ORD04183,C01747,2025-09-01,Cancelled
ORD04184,C00854,2025-04-25,Cancelled
ORD04185,C02381,2025-11-25,Completed
ORD04186,C01984,2025-11-20,Completed
ORD04187,C00098,2025-09-12,Completed
ORD04188,C04904,2025-12-17,Completed
ORD04189,C03962,2025-10-02,Completed
ORD04190,C04724,2025-12-17,Pending
ORD04191,C02632,2025-08-20,Pending
ORD04192,C03079,2025-01-28,Completed
ORD04193,C04567,2025-09-27,Completed
ORD04194,C00113,2025-05-21,Completed
ORD04195,C02644,2025-11-21,Completed
ORD04196,C02323,2025-09-08,Completed
ORD04197,C04083,2025-05-04,Completed
ORD04198,C02192,2025-12-26,Completed
ORD04199,C03041,2025-12-02,Cancelled
ORD04200,C04987,2025-08-29,Completed
ORD04201,C03540,2025-11-05,Completed
ORD04202,C00283,2025-02-18,Cancelled
ORD04203,C03495,2025-09-15,Pending
ORD04204,C02952,2025-03-21,Completed
ORD04205,C01978,2025-02-09,Cancelled
ORD04206,C03963,2025-06-13,Completed
ORD04207,C02082,2025-01-03,Completed
ORD04208,C01756,2025-08-31,Completed
ORD04209,C00677,2025-03-01,Completed
ORD04210,C02683,2025-11-15,Completed
ORD04211,C04564,2025-10-21,Returned
ORD04212,C03668,2025-05-18,Cancelled
ORD04213,C00147,2025-11-14,Completed
ORD04214,C01386,2025-10-17,Completed
ORD04215,C02684,2025-12-03,Completed
ORD04216,C00267,2025-11-03,Completed
ORD04217,C03958,2025-10-20,Completed
ORD04218,C04114,2025-02-04,Completed
ORD04219,C02187,2025-08-17,Returned
ORD04220,C01256,2025-07-19,Completed
ORD04221,C04140,2025-01-26,Completed
ORD04222,C01684,2025-11-07,Completed
ORD04223,C01409,2025-05-28,Completed
ORD04224,C03490,2025-11-22,Completed
ORD04225,C00741,2025-11-02,Completed
ORD04226,C02207,2025-01-19,Cancelled
ORD04227,C03124,2025-04-01,Returned
ORD04228,C03998,2025-09-20,Cancelled
ORD04229,C00213,2025-09-19,Completed
ORD04230,C00442,2025-07-21,Completed
ORD04231,C01650,2025-02-15,Pending
ORD04232,C01006,2025-03-18,Cancelled
ORD04233,C00965,2025-08-24,Completed
ORD04234,C02722,2025-11-05,Completed
ORD04235,C04542,2025-03-18,Pending
ORD04236,C01313,2025-04-18,Completed
ORD04237,C00667,2025-04-05,Completed
ORD04238,C03197,2025-09-06,Completed
ORD04239,C01123,2025-06-27,Completed
ORD04240,C01755,2025-09-23,Completed
ORD04241,C03514,2025-03-05,Completed
ORD04242,C01433,2025-12-19,Completed
ORD04243,C00952,2025-05-14,Completed
ORD04244,C01553,2025-05-23,Completed
ORD04245,C04070,2025-12-01,Returned
ORD04246,C04052,2025-04-07,Completed
ORD04247,C01652,2025-06-11,Cancelled
ORD04248,C04030,2025-04-30,Returned
ORD04249,C04015,2025-05-11,Completed
ORD04250,C00830,2025-12-13,Completed
ORD04251,C01238,2025-01-07,Completed
ORD04252,C02070,2025-04-05,Completed
ORD04253,C03599,2025-11-01,Completed
ORD04254,C03942,2025-05-14,Completed
ORD04255,C03028,2025-11-29,Completed
ORD04256,C03731,2025-02-03,Completed
ORD04257,C02356,2025-03-15,Completed
ORD04258,C00413,2025-12-06,Completed
ORD04259,C04642,2025-03-11,Cancelled
ORD04260,C02704,2025-04-26,Cancelled
ORD04261,C00018,2025-10-22,Completed
ORD04262,C02941,2025-12-19,Returned
ORD04263,C04485,2025-09-09,Completed
ORD04264,C04980,2025-12-28,Completed
ORD04265,C01833,2025-07-22,Completed
ORD04266,C01493,2025-09-08,Completed
ORD04267,C03772,2025-10-27,Completed
ORD04268,C03718,2025-03-18,Completed
ORD04269,C04265,2025-11-17,Completed
ORD04270,C03460,2025-12-15,Completed
ORD04271,C01046,2025-10-26,Completed
ORD04272,C00697,2025-05-03,Completed
ORD04273,C00850,2025-02-22,Cancelled
ORD04274,C00604,2025-05-03,Cancelled
ORD04275,C01700,2025-01-26,Completed
ORD04276,C00241,2025-09-01,Completed
ORD04277,C01538,2025-07-10,Pending
ORD04278,C00364,2025-04-02,Completed
ORD04279,C03318,2025-10-23,Completed
ORD04280,C04304,2025-05-28,Returned
ORD04281,C00849,2025-03-29,Completed
ORD04282,C01143,2025-03-06,Completed
ORD04283,C01869,2025-03-29,Completed
ORD04284,C04569,2025-09-05,Completed
ORD04285,C04291,2025-06-14,Returned
ORD04286,C03888,2025-01-31,Pending
ORD04287,C04715,2025-06-05,Completed
ORD04288,C04791,2025-02-23,Completed
ORD04289,C03933,2025-01-07,Completed
ORD04290,C02894,2025-10-15,Completed
ORD04291,C04254,2025-04-16,Completed
ORD04292,C01389,2025-03-05,Completed
ORD04293,C00915,2025-08-06,Returned
ORD04294,C04538,2025-04-06,Completed
ORD04295,C03079,2025-11-29,Completed
ORD04296,C04226,2025-01-04,Completed
ORD04297,C04883,2025-04-18,Completed
ORD04298,C00554,2025-07-10,Completed
ORD04299,C01900,2025-02-08,Completed
ORD04300,C04452,2025-06-04,Completed
ORD04301,C04904,2025-10-06,Completed
ORD04302,C02019,2025-10-04,Completed
ORD04303,C01617,2025-08-16,Completed
ORD04304,C02280,2025-11-29,Completed
ORD04305,C01895,2025-10-06,Completed
ORD04306,C00785,2025-04-25,Completed
ORD04307,C03649,2025-02-01,Cancelled
ORD04308,C02050,2025-10-22,Completed
ORD04309,C03242,2025-03-28,Completed
ORD04310,C03001,2025-06-10,Completed
ORD04311,C00256,2025-08-14,Completed
ORD04312,C00125,2025-01-08,Completed
ORD04313,C01906,2025-07-02,Completed
ORD04314,C04160,2025-09-23,Completed
ORD04315,C01675,2025-05-16,Completed
ORD04316,C00829,2025-12-08,Completed
ORD04317,C04188,2025-01-15,Cancelled
ORD04318,C04550,2025-04-02,Completed
ORD04319,C01904,2025-09-22,Completed
ORD04320,C00475,2025-03-11,Returned
ORD04321,C04383,2025-05-24,Completed
ORD04322,C03943,2025-10-30,Completed
ORD04323,C01360,2025-06-24,Completed
ORD04324,C03984,2025-07-01,Completed
ORD04325,C03806,2025-02-05,Completed
ORD04326,C03492,2025-05-31,Completed
ORD04327,C02631,2025-05-01,Completed
ORD04328,C00273,2025-08-17,Pending
ORD04329,C00133,2025-07-15,Completed
ORD04330,C03409,2025-12-15,Completed
ORD04331,C00499,2025-11-27,Cancelled
ORD04332,C03290,2025-04-20,Pending
ORD04333,C01909,2025-02-16,Completed
ORD04334,C04695,2025-02-05,Returned
ORD04335,C03529,2025-12-23,Completed
ORD04336,C00855,2025-10-30,Completed
ORD04337,C02761,2025-04-23,Completed
ORD04338,C04874,2025-05-06,Completed
ORD04339,C01684,2025-02-28,Completed
ORD04340,C02095,2025-12-17,Completed
ORD04341,C01888,2025-09-07,Completed
ORD04342,C00633,2025-08-27,Completed
ORD04343,C01761,2025-09-06,Completed
ORD04344,C01731,2025-01-15,Completed
ORD04345,C00799,2025-10-03,Completed
ORD04346,C01124,2025-01-27,Completed
ORD04347,C02350,2025-07-09,Completed
ORD04348,C01062,2025-01-24,Completed
ORD04349,C01179,2025-02-19,Completed
ORD04350,C01496,2025-05-19,Completed
ORD04351,C02446,2025-03-07,Completed
ORD04352,C03536,2025-10-14,Completed
ORD04353,C03918,2025-05-05,Completed
ORD04354,C02951,2025-06-14,Completed
ORD04355,C03479,2025-06-18,Completed
ORD04356,C04715,2025-12-05,Completed
ORD04357,C00198,2025-06-21,Returned
ORD04358,C01793,2025-07-16,Completed
ORD04359,C00981,2025-03-08,
ORD04360,C03689,2025-03-23,Pending
ORD04361,C00281,2025-11-15,Completed
ORD04362,C03906,2025-10-08,Cancelled
ORD04363,C04959,2025-01-12,Completed
ORD04364,C02571,2025-12-23,Returned
ORD04365,C02629,2025-01-06,Completed
ORD04366,C00809,2025-10-19,Completed
ORD04367,C03395,2025-10-04,Pending
ORD04368,C02155,2025-05-23,Completed
ORD04369,C03568,2025-06-17,Returned
ORD04370,C03660,2025-12-23,Returned
ORD04371,C04413,2025-02-10,Returned
ORD04372,C03664,2025-05-15,Completed
ORD04373,C01520,2025-01-18,Completed
ORD04374,C02133,2025-01-29,Completed
ORD04375,C02962,2025-02-13,Completed
ORD04376,C02670,2025-08-03,Completed
ORD04377,C02299,2025-01-05,Completed
ORD04378,C01428,2025-01-25,Completed
ORD04379,C03225,2025-11-27,Completed
ORD04380,C02589,2025-11-04,Returned
ORD04381,C04889,2025-12-14,Completed
ORD04382,C00291,2025-01-13,Completed
ORD04383,C01836,2025-05-12,Completed
ORD04384,C00643,2025-06-05,Completed
ORD04385,C02860,2025-11-19,Completed
ORD04386,C00428,2025-07-18,Completed
ORD04387,C03922,2025-01-10,Completed
ORD04388,C00592,2025-05-11,Completed
ORD04389,C03551,2025-07-03,Completed
ORD04390,C04253,2025-05-12,Completed
ORD04391,C00402,2025-01-07,Completed
ORD04392,C02407,2025-01-20,Completed
ORD04393,C02400,2025-07-31,Completed
ORD04394,C02940,2025-05-09,Completed
ORD04395,C03785,2025-07-17,Completed
ORD04396,C01729,2025-06-01,Returned
ORD04397,C04387,2025-08-14,Completed
ORD04398,C01396,2025-07-04,Completed
ORD04399,C00156,2025-05-25,Completed
ORD04400,C04760,2025-11-06,Completed
ORD04401,C02311,2025-07-22,Completed
ORD04402,C01103,2025-06-11,Completed
ORD04403,C03458,2025-01-31,Completed
ORD04404,C01577,2025-09-29,Completed
ORD04405,C03855,2025-11-05,Completed
ORD04406,C00649,2025-02-15,Completed
ORD04407,C00919,2025-03-29,Cancelled
ORD04408,C00875,2025-07-16,Completed
ORD04409,C01450,2025-12-15,Cancelled
ORD04410,C03055,2025-01-31,Completed
ORD04411,C00963,2025-07-08,Completed
ORD04412,C02703,2025-11-05,Completed
ORD04413,C02526,2025-05-04,Completed
ORD04414,C02771,2025-01-12,Completed
ORD04415,C00579,2025-09-12,Completed
ORD04416,C00583,2025-11-20,Completed
ORD04417,C02249,2025-09-04,Completed
ORD04418,C03173,2025-04-07,Pending
ORD04419,C00832,2025-11-17,Completed
ORD04420,C01874,2025-03-22,
ORD04421,C02028,2025-03-04,Completed
ORD04422,C03757,2025-07-25,Completed
ORD04423,C00475,2025-03-25,Completed
ORD04424,C02518,2025-07-12,Completed
ORD04425,C03386,2025-09-19,Completed
ORD04426,C02397,2025-05-23,Cancelled
ORD04427,C04864,2025-08-03,Completed
ORD04428,C02994,2025-11-26,Completed
ORD04429,C04973,2025-04-03,Completed
ORD04430,C02526,2025-02-13,Cancelled
ORD04431,C04443,2025-04-27,Completed
ORD04432,C04166,2025-02-04,Completed
ORD04433,C01984,2025-08-16,Completed
ORD04434,C01041,2025-05-20,Pending
ORD04435,C02286,2025-09-10,Returned
ORD04436,C04880,2025-12-30,Completed
ORD04437,C04738,2025-08-23,Pending
ORD04438,C02660,2025-10-22,Completed
ORD04439,C02181,2025-06-03,Completed
ORD04440,C04713,2025-06-06,Completed
ORD04441,C00041,2025-10-22,Cancelled
ORD04442,C02536,2025-07-16,Completed
ORD04443,C04460,2025-05-11,Completed
ORD04444,C01923,2025-10-24,Completed
ORD04445,C02370,2025-10-14,Returned
ORD04446,C04122,2025-09-11,Completed
ORD04447,C00150,2025-11-26,Completed
ORD04448,C01999,2025-09-02,Completed
ORD04449,C03911,2025-08-03,Completed
ORD04450,C04688,2025-08-29,Completed
ORD04451,C03710,2025-09-29,Completed
ORD04452,C02635,2025-05-08,Completed
ORD04453,C01213,2025-06-29,Completed
ORD04454,C04612,2025-02-21,Completed
ORD04455,C03724,2025-03-04,Completed
ORD04456,C01039,2025-10-03,Completed
ORD04457,C03657,2025-06-06,Completed
ORD04458,C03566,2025-08-23,Completed
ORD04459,C03483,2025-12-22,Completed
ORD04460,C00470,2025-12-21,Completed
ORD04461,C00669,2025-10-29,Completed
ORD04462,C04927,2025-04-08,Completed
ORD04463,C01341,2025-07-14,Completed
ORD04464,C01034,2025-06-25,Completed
ORD04465,C01726,2025-02-27,Completed
ORD04466,C03566,2025-10-24,Completed
ORD04467,C00127,2025-09-29,Completed
ORD04468,C03445,2025-08-18,Completed
ORD04469,C04712,2025-03-01,Completed
ORD04470,C03071,2025-12-01,Completed
ORD04471,C01742,2025-10-30,Cancelled
ORD04472,C03406,2025-09-06,Completed
ORD04473,C02483,2025-05-23,Completed
ORD04474,C03912,2025-09-04,Completed
ORD04475,C02226,2025-01-18,Completed
ORD04476,C03689,2025-08-28,Completed
ORD04477,C01105,2025-07-06,
ORD04478,C00150,2025-12-23,Completed
ORD04479,C02949,2025-07-08,Completed
ORD04480,C02098,2025-11-13,Completed
ORD04481,C00294,2025-11-24,Completed
ORD04482,C04410,2025-06-14,Completed
ORD04483,C02653,2025-03-09,Completed
ORD04484,C03191,2025-11-19,Completed
ORD04485,C04020,2025-05-13,Completed
ORD04486,C04503,2025-05-18,Completed
ORD04487,C02758,2025-06-22,Returned
ORD04488,C03879,2025-07-19,Pending
ORD04489,C03359,2025-04-18,Completed
ORD04490,C02772,2025-12-20,Completed
ORD04491,C01506,2025-01-02,Returned
ORD04492,C02736,2025-01-14,Completed
ORD04493,C02798,2025-04-21,Pending
ORD04494,C00081,2025-12-18,Completed
ORD04495,C01316,2025-08-29,Returned
ORD04496,C03852,2025-03-08,Completed
ORD04497,C01171,2025-09-01,Completed
ORD04498,C04685,2025-06-17,Cancelled
ORD04499,C04158,2025-10-12,
ORD04500,C00494,2025-10-12,Completed
ORD04501,C02234,2025-03-22,Returned
ORD04502,C03493,2025-07-26,Completed
ORD04503,C01924,2025-07-29,Completed
ORD04504,C04999,2025-10-04,Completed
ORD04505,C01536,2025-08-26,Completed
ORD04506,C02509,2025-05-16,Completed
ORD04507,C01413,2025-11-25,Pending
ORD04508,C04916,2025-05-27,Completed
ORD04509,C02953,2025-01-24,Completed
ORD04510,C03949,2025-11-05,Completed
ORD04511,C00841,2025-08-10,Completed
ORD04512,C01835,2025-09-02,Completed
ORD04513,C03826,2025-12-15,Completed
ORD04514,C02098,2025-03-13,Completed
ORD04515,C04023,2025-02-24,Completed
ORD04516,C02359,2025-10-16,Completed
ORD04517,C04804,2025-02-27,Completed
ORD04518,C01582,2025-12-15,Completed
ORD04519,C04768,2025-06-20,Completed
ORD04520,C03857,2025-03-30,Completed
ORD04521,C04976,2025-04-01,Completed
ORD04522,C00296,2025-02-20,Completed
ORD04523,C04968,2025-02-07,Completed
ORD04524,C03499,2025-11-10,Completed
ORD04525,C04344,2025-02-01,Completed
ORD04526,C04175,2025-03-14,Completed
ORD04527,C00439,2025-09-02,Cancelled
ORD04528,C00378,2025-01-11,Completed
ORD04529,C00519,2025-04-11,Completed
ORD04530,C02523,2025-10-24,Completed
ORD04531,C01159,2025-04-17,Pending
ORD04532,C03935,2025-06-03,Completed
ORD04533,C01457,2025-08-10,Completed
ORD04534,C01439,2025-05-23,Completed
ORD04535,C02306,2025-02-20,Completed
ORD04536,C00031,2025-02-16,Returned
ORD04537,C03108,2025-12-11,Completed
ORD04538,C02888,2025-11-09,Completed
ORD04539,C00966,2025-03-02,Cancelled
ORD04540,C01430,2025-10-21,Completed
ORD04541,C03445,2025-05-15,Completed
ORD04542,C02026,2025-02-04,Completed
ORD04543,C04444,2025-03-21,Completed
ORD04544,C03786,2025-11-03,Completed
ORD04545,C02156,2025-08-11,Completed
ORD04546,C04835,2025-06-28,Completed
ORD04547,C00673,2025-12-01,Completed
ORD04548,C00226,2025-04-07,Completed
ORD04549,C04612,2025-01-31,Completed
ORD04550,C04938,2025-07-17,Completed
ORD04551,C03545,2025-11-27,Completed
ORD04552,C02080,2025-03-20,Completed
ORD04553,C04702,2025-05-29,Completed
ORD04554,C04569,2025-12-12,Completed
ORD04555,C03946,2025-07-02,Cancelled
ORD04556,C02352,2025-03-23,Completed
ORD04557,C04104,2025-06-03,Completed
ORD04558,C01986,2025-08-31,Returned
ORD04559,C03927,2025-05-04,Completed
ORD04560,C04505,2025-11-19,Pending
ORD04561,C02659,2025-01-28,Returned
ORD04562,C01996,2025-01-05,Returned
ORD04563,C01469,2025-08-18,Completed
ORD04564,C01120,2025-12-17,Completed
ORD04565,C03719,2025-10-22,Completed
ORD04566,C00612,2025-07-25,Completed
ORD04567,C02931,2025-01-24,Completed
ORD04568,C02888,2025-04-12,Completed
ORD04569,C03478,2025-08-16,Completed
ORD04570,C04968,2025-03-16,Completed
ORD04571,C02501,2025-12-12,Pending
ORD04572,C04187,2025-05-06,Cancelled
ORD04573,C03817,2025-03-15,Completed
ORD04574,C04575,2025-08-25,Pending
ORD04575,C03993,2025-10-29,Completed
ORD04576,C04180,2025-12-07,Completed
ORD04577,C04665,2025-05-18,Completed
ORD04578,C00650,2025-03-29,Completed
ORD04579,C03574,2025-08-15,Completed
ORD04580,C04149,2025-09-07,Completed
ORD04581,C02107,2025-09-12,Completed
ORD04582,C03143,2025-11-12,Completed
ORD04583,C00427,2025-05-31,Completed
ORD04584,C03630,2025-07-14,Returned
ORD04585,C01355,2025-11-02,Completed
ORD04586,C03121,2025-06-10,Completed
ORD04587,C02308,2025-02-21,Pending
ORD04588,C02595,2025-09-06,Completed
ORD04589,C00609,2025-12-07,Completed
ORD04590,C00412,2025-03-14,Completed
ORD04591,C02341,2025-01-11,Completed
ORD04592,C00635,2025-12-27,Completed
ORD04593,C03770,2025-02-22,Completed
ORD04594,C00566,2025-03-10,Completed
ORD04595,C02293,2025-05-08,Cancelled
ORD04596,C02036,2025-08-22,Completed
ORD04597,C01475,2025-08-05,Completed
ORD04598,C03587,2025-09-28,Completed
ORD04599,C02385,2025-11-14,Completed
ORD04600,C01819,2025-07-03,Completed
ORD04601,C00246,2025-02-10,Completed
ORD04602,C01717,2025-07-09,Completed
ORD04603,C00517,2025-12-05,Completed
ORD04604,C00249,2025-02-28,Returned
ORD04605,C02649,2025-09-19,Completed
ORD04606,C03026,2025-07-22,Completed
ORD04607,C01846,2025-02-16,Completed
ORD04608,C03909,2025-01-30,Cancelled
ORD04609,C00380,2025-12-24,Returned
ORD04610,C00538,2025-12-07,Cancelled
ORD04611,C03778,2025-05-21,Completed
ORD04612,C01562,2025-02-17,Completed
ORD04613,C02945,2025-08-01,Completed
ORD04614,C04094,2025-04-30,Completed
ORD04615,C01515,2025-02-23,Returned
ORD04616,C03648,2025-04-20,Completed
ORD04617,C01746,2025-05-01,Completed
ORD04618,C03941,2025-11-21,Cancelled
ORD04619,C00363,2025-02-12,Completed
ORD04620,C00801,2025-12-05,Completed
ORD04621,C04635,2025-03-29,Completed
ORD04622,C01282,2025-02-09,Completed
ORD04623,C01295,2025-03-23,Returned
ORD04624,C02139,2025-01-08,Completed
ORD04625,C03408,2025-02-09,Completed
ORD04626,C04295,2025-07-15,Completed
ORD04627,C02212,2025-12-21,Completed
ORD04628,C03493,2025-07-26,Completed
ORD04629,C01402,2025-11-29,Completed
ORD04630,C00697,2025-05-19,Completed
ORD04631,C02797,2025-10-05,Returned
ORD04632,C00340,2025-05-22,Completed
ORD04633,C00684,2025-02-02,Completed
ORD04634,C00254,2025-01-17,Completed
ORD04635,C02777,2025-01-27,Completed
ORD04636,C02588,2025-05-05,Completed
ORD04637,C00922,2025-10-20,Completed
ORD04638,C03330,2025-01-30,Completed
ORD04639,C03948,2025-07-27,Completed
ORD04640,C01561,2025-12-26,Completed
ORD04641,C04051,2025-09-06,Completed
ORD04642,C03581,2025-08-02,Completed
ORD04643,C02682,2025-05-12,Completed
ORD04644,C02723,2025-07-12,Completed
ORD04645,C02596,2025-08-30,Completed
ORD04646,C00068,2025-05-20,Completed
ORD04647,C01471,2025-06-08,Completed
ORD04648,C02138,2025-01-30,Completed
ORD04649,C04839,2025-05-15,Cancelled
ORD04650,C04098,2025-08-01,Pending
ORD04651,C00899,2025-09-09,Completed
ORD04652,C02113,2025-02-24,Returned
ORD04653,C04246,2025-03-23,Completed
ORD04654,C04088,2025-02-25,Completed
ORD04655,C02459,2025-10-15,Completed
ORD04656,C00796,2025-07-15,Completed
ORD04657,C03024,2025-10-12,Completed
ORD04658,C00620,2025-10-18,Completed
ORD04659,C02706,2025-07-01,Completed
ORD04660,C00345,2025-10-13,Completed
ORD04661,C03290,2025-09-09,Returned
ORD04662,C04493,2025-07-15,Completed
ORD04663,C00383,2025-05-15,Completed
ORD04664,C02374,2025-02-16,Completed
ORD04665,C02286,2025-03-12,Completed
ORD04666,C02135,2025-03-16,Pending
ORD04667,C03313,2025-09-10,Completed
ORD04668,C00154,2025-09-29,Completed
ORD04669,C00497,2025-12-25,Completed
ORD04670,C00358,2025-02-03,Completed
ORD04671,C01015,2025-04-27,Completed
ORD04672,C04193,2025-12-03,Completed
ORD04673,C01449,2025-07-30,Completed
ORD04674,C02065,2025-11-13,Completed
ORD04675,C00353,2025-05-31,Completed
ORD04676,C02088,2025-02-02,Completed
ORD04677,C04616,2025-12-07,Completed
ORD04678,C00954,2025-05-31,Completed
ORD04679,C00046,2025-08-16,Completed
ORD04680,C04416,2025-02-10,Completed
ORD04681,C00087,2025-01-23,Completed
ORD04682,C04382,2025-02-09,Completed
ORD04683,C01802,2025-08-07,Completed
ORD04684,C04725,2025-08-30,Completed
ORD04685,C01849,2025-11-02,Pending
ORD04686,C03830,2025-07-20,Completed
ORD04687,C00859,2025-12-16,Completed
ORD04688,C02564,2025-05-09,Completed
ORD04689,C03761,2025-02-12,Completed
ORD04690,C00310,2025-01-15,Completed
ORD04691,C03543,2025-01-08,Completed
ORD04692,C03746,2025-06-28,Pending
ORD04693,C00909,2025-12-30,Pending
ORD04694,C04399,2025-01-04,Completed
ORD04695,C03677,2025-08-31,Completed
ORD04696,C02052,2025-04-02,Completed
ORD04697,C02327,2025-07-08,Completed
ORD04698,C03741,2025-08-12,Completed
ORD04699,C04338,2025-11-17,Completed
ORD04700,C03959,2025-09-04,Completed
ORD04701,C03551,2025-08-08,Completed
ORD04702,C01076,2025-12-19,Completed
ORD04703,C04949,2025-03-23,Completed
ORD04704,C04533,2025-04-30,Completed
ORD04705,C04803,2025-03-02,Completed
ORD04706,C01682,2025-01-06,Completed
ORD04707,C04849,2025-03-19,Completed
ORD04708,C02969,2025-03-23,Completed
ORD04709,C01448,2025-07-06,Completed
ORD04710,C03976,2025-10-01,Completed
ORD04711,C01608,2025-08-05,Completed
ORD04712,C02297,2025-12-19,Completed
ORD04713,C04292,2025-12-14,Completed
ORD04714,C00838,2025-03-29,Cancelled
ORD04715,C00369,2025-06-26,Completed
ORD04716,C04785,2025-05-18,Completed
ORD04717,C03812,2025-11-18,Pending
ORD04718,C03204,2025-10-30,Returned
ORD04719,C04370,2025-10-04,Completed
ORD04720,C00743,2025-04-01,Cancelled
ORD04721,C01354,2025-06-25,Pending
ORD04722,C03318,2025-03-08,Completed
ORD04723,C04360,2025-04-21,Completed
ORD04724,C00787,2025-01-08,Completed
ORD04725,C04422,2025-01-20,Completed
ORD04726,C02931,2025-09-09,Cancelled
ORD04727,C00316,2025-02-05,Completed
ORD04728,C01380,2025-01-25,Returned
ORD04729,C03263,2025-05-04,Completed
ORD04730,C00511,2025-04-26,Completed
ORD04731,C02762,2025-11-13,Completed
ORD04732,C00866,2025-06-12,Completed
ORD04733,C03207,2025-08-13,Completed
ORD04734,C00630,2025-08-12,Returned
ORD04735,C03387,2025-03-19,Completed
ORD04736,C03325,2025-06-27,Completed
ORD04737,C03249,2025-04-09,Completed
ORD04738,C00446,2025-03-09,Pending
ORD04739,C02948,2025-05-05,Completed
ORD04740,C04207,2025-09-07,Completed
ORD04741,C01183,2025-02-01,Completed
ORD04742,C01214,2025-04-02,Completed
ORD04743,C02261,2025-07-04,Completed
ORD04744,C04503,2025-01-11,Completed
ORD04745,C02198,2025-01-10,Completed
ORD04746,C03598,2025-10-14,Completed
ORD04747,C01674,2025-11-29,Completed
ORD04748,C04080,2025-02-19,Completed
ORD04749,C01640,2025-11-22,Completed
ORD04750,C00961,2025-01-29,Completed
ORD04751,C00037,2025-08-12,Completed
ORD04752,C02643,2025-10-04,Completed
ORD04753,C04222,2025-05-28,Completed
ORD04754,C04617,2025-04-29,Completed
ORD04755,C00048,2025-05-22,Completed
ORD04756,C00508,2025-04-26,Returned
ORD04757,C02566,2025-11-29,Returned
ORD04758,C03393,2025-01-01,Returned
ORD04759,C04372,2025-11-08,Returned
ORD04760,C04068,2025-01-20,Completed
ORD04761,C02261,2025-10-17,Cancelled
ORD04762,C02007,2025-08-29,Completed
ORD04763,C00044,2025-05-26,Completed
ORD04764,C03830,2025-11-09,Completed
ORD04765,C02580,2025-10-11,Completed
ORD04766,C00473,2025-05-15,Completed
ORD04767,C00121,2025-03-06,Completed
ORD04768,C04340,2025-10-23,Completed
ORD04769,C01310,2025-08-22,Completed
ORD04770,C02154,2025-07-08,Completed
ORD04771,C01541,2025-01-03,Cancelled
ORD04772,C00392,2025-06-14,Completed
ORD04773,C00410,2025-03-02,Completed
ORD04774,C04469,2025-06-17,Completed
ORD04775,C02691,2025-06-02,Completed
ORD04776,C01719,2025-10-05,Completed
ORD04777,C00002,2025-10-05,Completed
ORD04778,C01475,2025-09-06,Completed
ORD04779,C00200,2025-07-15,Completed
ORD04780,C04183,2025-03-26,Completed
ORD04781,C02667,2025-01-02,Completed
ORD04782,C01342,2025-06-26,Completed
ORD04783,C01833,2025-04-05,Completed
ORD04784,C03035,2025-12-22,Completed
ORD04785,C04393,2025-07-04,Completed
ORD04786,C02619,2025-07-09,Completed
ORD04787,C00960,2025-04-07,Completed
ORD04788,C01287,2025-05-10,Completed
ORD04789,C00661,2025-02-17,Completed
ORD04790,C04530,2025-09-19,Completed
ORD04791,C02831,2025-01-07,Returned
ORD04792,C02961,2025-03-04,Completed
ORD04793,C00987,2025-09-29,Completed
ORD04794,C02190,2025-02-14,Completed
ORD04795,C00201,2025-07-03,Pending
ORD04796,C00759,2025-05-29,Completed
ORD04797,C01042,2025-01-12,Returned
ORD04798,C00027,2025-09-10,Completed
ORD04799,C00342,2025-05-21,Returned
ORD04800,C03062,2025-02-04,Completed
ORD04801,C03505,2025-10-25,Completed
ORD04802,C01744,2025-04-21,Pending
ORD04803,C01262,2025-08-31,Completed
ORD04804,C01192,2025-07-15,Completed
ORD04805,C04684,2025-10-26,Completed
ORD04806,C03671,2025-04-26,Completed
ORD04807,C03814,2025-11-10,Completed
ORD04808,C00345,2025-10-18,Completed
ORD04809,C03029,2025-04-02,Completed
ORD04810,C04938,2025-01-25,Completed
ORD04811,C00420,2025-07-07,Completed
ORD04812,C01628,2025-07-30,Completed
ORD04813,C03596,2025-02-11,Completed
ORD04814,C02472,2025-03-05,Completed
ORD04815,C03910,2025-04-16,Completed
ORD04816,C02434,2025-11-12,Completed
ORD04817,C01122,2025-11-27,Completed
ORD04818,C04385,2025-02-05,Completed
ORD04819,C01818,2025-08-09,Completed
ORD04820,C04740,2025-05-28,Completed
ORD04821,C03529,2025-06-02,Completed
ORD04822,C03503,2025-06-29,Cancelled
ORD04823,C01598,2025-02-13,Cancelled
ORD04824,C02509,2025-06-11,Cancelled
ORD04825,C04884,2025-05-24,Completed
ORD04826,C03447,2025-10-10,Pending
ORD04827,C00962,2025-07-08,Completed
ORD04828,C04449,2025-10-26,Completed
ORD04829,C00892,2025-05-31,Completed
ORD04830,C01907,2025-12-01,Completed
ORD04831,C04376,2025-08-18,Completed
ORD04832,C04511,2025-10-24,Completed
ORD04833,C03366,2025-04-27,Completed
ORD04834,C00380,2025-03-07,Completed
ORD04835,C00065,2025-05-24,Completed
ORD04836,C01722,2025-05-04,Completed
ORD04837,C04245,2025-09-26,Completed
ORD04838,C01961,2025-02-23,Cancelled
ORD04839,C04670,2025-07-17,Completed
ORD04840,C01190,2025-06-16,Completed
ORD04841,C01258,2025-09-11,Completed
ORD04842,C02118,2025-01-03,Completed
ORD04843,C02543,2025-05-06,Pending
ORD04844,C04476,2025-08-11,Completed
ORD04845,C03513,2025-09-21,Completed
ORD04846,C03829,2025-01-21,Completed
ORD04847,C01252,2025-07-19,Completed
ORD04848,C01313,2025-08-26,Completed
ORD04849,C03905,2025-09-17,Completed
ORD04850,C03429,2025-08-07,Completed
ORD04851,C03386,2025-09-15,Completed
ORD04852,C02924,2025-04-16,Completed
ORD04853,C01586,2025-09-29,Completed
ORD04854,C04545,2025-09-27,Completed
ORD04855,C01649,2025-04-08,Completed
ORD04856,C04623,2025-08-24,Completed
ORD04857,C00765,2025-11-08,Completed
ORD04858,C04441,2025-03-28,Completed
ORD04859,C03803,2025-09-13,Completed
ORD04860,C03824,2025-07-05,Completed
ORD04861,C04290,2025-12-21,Completed
ORD04862,C01136,2025-02-23,Completed
ORD04863,C04616,2025-09-17,Cancelled
ORD04864,C03392,2025-04-07,Completed
ORD04865,C03772,2025-09-28,Cancelled
ORD04866,C01425,2025-09-16,Cancelled
ORD04867,C00558,2025-08-05,Completed
ORD04868,C04703,2025-07-18,Completed
ORD04869,C00113,2025-07-13,Pending
ORD04870,C03269,2025-09-16,Cancelled
ORD04871,C04290,2025-02-02,Completed
ORD04872,C03985,2025-10-29,Completed
ORD04873,C02553,2025-03-25,Completed
ORD04874,C01408,2025-10-06,Cancelled
ORD04875,C02182,2025-07-13,Completed
ORD04876,C04126,2025-01-12,Completed
ORD04877,C04473,2025-02-08,Cancelled
ORD04878,C03684,2025-11-02,Completed
ORD04879,C01285,2025-11-20,Completed
ORD04880,C00827,2025-12-07,Completed
ORD04881,C04995,2025-08-22,Completed
ORD04882,C03628,2025-01-05,Completed
ORD04883,C01011,2025-01-22,Completed
ORD04884,C00511,2025-09-29,Completed
ORD04885,C02166,2025-10-14,Returned
ORD04886,C00036,2025-11-13,Completed
ORD04887,C02833,2025-05-13,Completed
ORD04888,C04348,2025-08-22,Completed
ORD04889,C04699,2025-01-23,Completed
ORD04890,C04375,2025-05-07,Completed
ORD04891,C02089,2025-08-02,Completed
ORD04892,C04418,2025-07-13,Cancelled
ORD04893,C03751,2025-11-21,Completed
ORD04894,C03170,2025-01-31,Completed
ORD04895,C00819,2025-04-21,Completed
ORD04896,C04132,2025-12-19,Completed
ORD04897,C03460,2025-12-27,Completed
ORD04898,C03400,2025-06-02,Completed
ORD04899,C02623,2025-11-24,Completed
ORD04900,C04735,2025-09-01,Completed
ORD04901,C02488,2025-04-24,Completed
ORD04902,C00200,2025-09-29,Completed
ORD04903,C04553,2025-01-05,Returned
ORD04904,C01734,2025-08-16,Completed
ORD04905,C01418,2025-11-25,Pending
ORD04906,C02740,2025-12-28,Completed
ORD04907,C03595,2025-02-24,Completed
ORD04908,C03427,2025-09-27,Completed
ORD04909,C04068,2025-01-12,Completed
ORD04910,C00658,2025-06-20,Completed
ORD04911,C03987,2025-10-04,Completed
ORD04912,C00807,2025-05-01,Completed
ORD04913,C03602,2025-04-13,Returned
ORD04914,C00638,2025-05-26,Completed
ORD04915,C00979,2025-09-02,Cancelled
ORD04916,C02771,2025-07-18,Completed
ORD04917,C02213,2025-09-04,Completed
ORD04918,C04934,2025-05-22,Returned
ORD04919,C02065,2025-05-07,Completed
ORD04920,C00912,2025-09-12,Completed
ORD04921,C01303,2025-08-19,Completed
ORD04922,C00320,2025-06-30,Cancelled
ORD04923,C03913,2025-07-29,Completed
ORD04924,C01105,2025-01-17,Completed
ORD04925,C02531,2025-01-08,Completed
ORD04926,C04267,2025-05-21,Returned
ORD04927,C03285,2025-05-10,Completed
ORD04928,C00942,2025-06-20,Completed
ORD04929,C03679,2025-05-31,Completed
ORD04930,C03164,2025-03-13,Completed
ORD04931,C04915,2025-11-11,Returned
ORD04932,C03980,2025-09-19,Cancelled
ORD04933,C02594,2025-08-07,Completed
ORD04934,C01026,2025-06-11,Completed
ORD04935,C02464,2025-03-18,Completed
ORD04936,C02737,2025-10-15,Completed
ORD04937,C03293,2025-08-21,Completed
ORD04938,C04999,2025-04-02,Completed
ORD04939,C04974,2025-01-29,Completed
ORD04940,C01328,2025-03-11,Returned
ORD04941,C03441,2025-08-30,Completed
ORD04942,C02223,2025-01-23,Completed
ORD04943,C00193,2025-02-20,Completed
ORD04944,C02129,2025-02-23,Completed
ORD04945,C04234,2025-03-25,Completed
ORD04946,C01912,2025-10-13,Completed
ORD04947,C04404,2025-09-27,Completed
ORD04948,C01939,2025-11-12,Completed
ORD04949,C01663,2025-10-02,Cancelled
ORD04950,C04963,2025-09-26,Completed
ORD04951,C01130,2025-03-21,Completed
ORD04952,C02072,2025-08-05,Cancelled
ORD04953,C04105,2025-08-04,Completed
ORD04954,C04613,2025-07-31,Completed
ORD04955,C00712,2025-01-31,Completed
ORD04956,C02953,2025-07-25,Completed
ORD04957,C04074,2025-05-18,Cancelled
ORD04958,C04544,2025-01-27,Completed
ORD04959,C02558,2025-04-13,Completed
ORD04960,C00649,2025-12-28,Completed
ORD04961,C04749,2025-03-24,Completed
ORD04962,C01194,2025-09-04,Completed
ORD04963,C02996,2025-01-03,Cancelled
ORD04964,C03267,2025-01-17,Completed
ORD04965,C00633,2025-03-18,Cancelled
ORD04966,C03380,2025-05-27,Completed
ORD04967,C00298,2025-10-27,Completed
ORD04968,C00619,2025-05-26,Completed
ORD04969,C00298,2025-10-18,Completed
ORD04970,C00053,2025-01-25,Completed
ORD04971,C00872,2025-08-09,Completed
ORD04972,C02914,2025-12-07,Completed
ORD04973,C02647,2025-06-08,Completed
ORD04974,C02548,2025-05-08,Completed
ORD04975,C00448,2025-02-19,Completed
ORD04976,C04252,2025-05-18,Completed
ORD04977,C01068,2025-12-02,Returned
ORD04978,C04022,2025-06-02,Pending
ORD04979,C01281,2025-01-03,Cancelled
ORD04980,C02579,2025-04-03,Returned
ORD04981,C01070,2025-06-24,Cancelled
ORD04982,C04505,2025-10-20,Completed
ORD04983,C03750,2025-12-18,Completed
ORD04984,C00463,2025-09-13,Pending
ORD04985,C01625,2025-03-22,Completed
ORD04986,C03373,2025-07-23,Completed
ORD04987,C03276,2025-10-19,Completed
ORD04988,C00376,2025-08-18,Completed
ORD04989,C04360,2025-12-14,Cancelled
ORD04990,C03310,2025-02-03,Completed
ORD04991,C04053,2025-02-17,Completed
ORD04992,C02072,2025-01-01,Completed
ORD04993,C01203,2025-07-03,Completed
ORD04994,C00184,2025-07-28,Completed
ORD04995,C01443,2025-03-17,Completed
ORD04996,C03445,2025-05-12,Completed
ORD04997,C02541,2025-10-22,Cancelled
ORD04998,C02512,2025-12-10,Completed
ORD04999,C02773,2025-03-13,Completed
ORD05000,C02918,2025-02-01,Completed
ORD05001,C01577,2025-05-26,Completed
ORD05002,C04017,2025-12-11,Completed
ORD05003,C00652,2025-02-11,Completed
ORD05004,C00122,2025-03-22,Completed
ORD05005,C03064,2025-12-25,Completed
ORD05006,C02887,2025-04-09,Returned
ORD05007,C04501,2025-10-03,Returned
ORD05008,C04084,2025-06-25,Completed
ORD05009,C04912,2025-11-24,Completed
ORD05010,C04044,2025-06-12,Completed
ORD05011,C01535,2025-01-31,Completed
ORD05012,C00572,2025-12-11,Completed
ORD05013,C02648,2025-03-25,Completed
ORD05014,C01350,2025-04-27,Completed
ORD05015,C00811,2025-07-24,Completed
ORD05016,C01893,2025-01-11,Cancelled
ORD05017,C02017,2025-11-18,Completed
ORD05018,C04941,2025-09-11,Completed
ORD05019,C02288,2025-05-31,Cancelled
ORD05020,C02354,2025-04-27,Completed
ORD05021,C01192,2025-10-31,Returned
ORD05022,C02533,2025-06-26,Cancelled
ORD05023,C03741,2025-09-26,Completed
ORD05024,C04087,2025-12-21,Cancelled
ORD05025,C02314,2025-12-29,Completed
ORD05026,C02417,2025-08-30,Completed
ORD05027,C01061,2025-05-15,Completed
ORD05028,C03223,2025-05-21,
ORD05029,C03939,2025-03-18,Returned
ORD05030,C04178,2025-04-19,Cancelled
ORD05031,C02424,2025-02-22,Completed
ORD05032,C00084,2025-07-29,Completed
ORD05033,C00611,2025-01-12,Completed
ORD05034,C04887,2025-10-21,Completed
ORD05035,C04580,2025-05-30,Completed
ORD05036,C01424,2025-11-11,Completed
ORD05037,C01353,2025-10-24,Completed
ORD05038,C02029,2025-02-03,Completed
ORD05039,C02128,2025-03-09,Completed
ORD05040,C01055,2025-09-15,Completed
ORD05041,C03471,2025-07-02,Completed
ORD05042,C02857,2025-11-06,Completed
ORD05043,C00413,2025-04-03,Completed
ORD05044,C04225,2025-10-31,Completed
ORD05045,C00015,2025-06-25,Returned
ORD05046,C02980,2025-08-29,Completed
ORD05047,C04694,2025-10-18,Completed
ORD05048,C02963,2025-09-28,Pending
ORD05049,C02139,2025-04-28,Completed
ORD05050,C02874,2025-07-13,Completed
ORD05051,C00959,2025-11-30,Completed
ORD05052,C01827,2025-05-27,Completed
ORD05053,C02173,2025-05-21,Completed
ORD05054,C03829,2025-12-21,Completed
ORD05055,C04212,2025-01-11,Completed
ORD05056,C01774,2025-02-06,Returned
ORD05057,C01961,2025-10-30,Completed
ORD05058,C05000,2025-11-29,Completed
ORD05059,C01956,2025-06-15,Completed
ORD05060,C04423,2025-12-02,Completed
ORD05061,C02672,2025-11-14,Completed
ORD05062,C03872,2025-04-18,Cancelled
ORD05063,C01012,2025-03-21,Completed
ORD05064,C01340,2025-02-07,Completed
ORD05065,C00826,2025-02-06,Completed
ORD05066,C03224,2025-06-07,Completed
ORD05067,C01247,2025-02-18,Cancelled
ORD05068,C04186,2025-02-10,Completed
ORD05069,C02098,2025-05-15,Pending
ORD05070,C04062,2025-10-11,Completed
ORD05071,C04782,2025-04-22,Pending
ORD05072,C03805,2025-11-22,Completed
ORD05073,C00425,2025-09-07,Completed
ORD05074,C03031,2025-01-15,Completed
ORD05075,C00206,2025-11-15,Completed
ORD05076,C00164,2025-11-23,Completed
ORD05077,C01067,2025-07-17,Cancelled
ORD05078,C01781,2025-04-05,Completed
ORD05079,C03316,2025-04-02,Completed
ORD05080,C01657,2025-03-08,Completed
ORD05081,C02742,2025-08-20,Completed
ORD05082,C00028,2025-09-11,Completed
ORD05083,C04304,2025-01-27,Completed
ORD05084,C04023,2025-01-21,Completed
ORD05085,C04206,2025-11-15,Pending
ORD05086,C01980,2025-08-14,Completed
ORD05087,C04237,2025-09-13,Completed
ORD05088,C02694,2025-03-25,Returned
ORD05089,C01564,2025-11-14,Completed
ORD05090,C03561,2025-04-10,Completed
ORD05091,C04635,2025-02-25,Completed
ORD05092,C02463,2025-07-05,Completed
ORD05093,C02194,2025-02-25,Cancelled
ORD05094,C04803,2025-10-07,Cancelled
ORD05095,C01840,2025-09-17,Completed
ORD05096,C03706,2025-10-19,Completed
ORD05097,C04320,2025-03-26,Completed
ORD05098,C01203,2025-11-06,Completed
ORD05099,C00825,2025-08-03,Completed
ORD05100,C00858,2025-06-11,Completed
ORD05101,C04730,2025-06-10,Completed
ORD05102,C03946,2025-05-26,Completed
ORD05103,C04452,2025-09-10,Completed
ORD05104,C02959,2025-11-26,Completed
ORD05105,C01835,2025-04-09,Completed
ORD05106,C00579,2025-11-28,Completed
ORD05107,C04704,2025-04-27,Completed
ORD05108,C01747,2025-11-25,Completed
ORD05109,C04056,2025-06-18,Completed
ORD05110,C00521,2025-11-12,Completed
ORD05111,C00777,2025-08-26,Completed
ORD05112,C02956,2025-11-19,Completed
ORD05113,C01168,2025-02-27,Completed
ORD05114,C00168,2025-01-23,Completed
ORD05115,C04086,2025-09-28,Completed
ORD05116,C02521,2025-12-06,Completed
ORD05117,C04613,2025-07-02,Completed
ORD05118,C03802,2025-01-29,Pending
ORD05119,C00041,2025-06-29,Completed
ORD05120,C01026,2025-06-16,Completed
ORD05121,C04201,2025-11-30,Completed
ORD05122,C03456,2025-04-09,Completed
ORD05123,C00023,2025-06-19,Completed
ORD05124,C04063,2025-07-16,Completed
ORD05125,C01706,2025-03-29,Returned
ORD05126,C04558,2025-08-28,Completed
ORD05127,C04715,2025-12-17,Completed
ORD05128,C04080,2025-05-27,Cancelled
ORD05129,C03153,2025-04-06,Completed
ORD05130,C03238,2025-09-21,Cancelled
ORD05131,C03898,2025-06-12,Completed
ORD05132,C00728,2025-02-09,Pending
ORD05133,C02851,2025-03-25,Cancelled
ORD05134,C02132,2025-04-16,Completed
ORD05135,C04031,2025-03-10,Cancelled
ORD05136,C00216,2025-08-16,Completed
ORD05137,C03655,2025-11-05,Completed
ORD05138,C00795,2025-06-08,Cancelled
ORD05139,C02456,2025-05-09,Cancelled
ORD05140,C04987,2025-05-18,Completed
ORD05141,C04864,2025-12-28,Completed
ORD05142,C03077,2025-12-04,Completed
ORD05143,C02586,2025-12-14,Completed
ORD05144,C03149,2025-04-01,Completed
ORD05145,C02153,2025-12-09,Completed
ORD05146,C04530,2025-05-23,Completed
ORD05147,C04708,2025-03-14,Pending
ORD05148,C04040,2025-08-17,Cancelled
ORD05149,C00610,2025-07-01,Completed
ORD05150,C01873,2025-12-07,Completed
ORD05151,C03392,2025-09-28,Completed
ORD05152,C00046,2025-11-28,Completed
ORD05153,C00482,2025-06-14,Cancelled
ORD05154,C00900,2025-10-05,Completed
ORD05155,C02864,2025-02-15,Cancelled
ORD05156,C00972,2025-01-16,Completed
ORD05157,C00735,2025-12-01,Completed
ORD05158,C03560,2025-08-20,Completed
ORD05159,C00156,2025-09-02,Completed
ORD05160,C04744,2025-02-23,Completed
ORD05161,C02276,2025-07-11,Completed
ORD05162,C03520,2025-02-09,Completed
ORD05163,C03344,2025-07-26,Returned
ORD05164,C03762,2025-12-18,Completed
ORD05165,C00079,2025-02-17,Returned
ORD05166,C02728,2025-01-28,Returned
ORD05167,C02215,2025-05-01,Completed
ORD05168,C00013,2025-02-11,Completed
ORD05169,C01519,2025-07-20,Cancelled
ORD05170,C03048,2025-06-25,Completed
ORD05171,C03101,2025-12-22,Completed
ORD05172,C03781,2025-07-09,Completed
ORD05173,C03235,2025-07-05,Pending
ORD05174,C03752,2025-04-09,Returned
ORD05175,C01141,2025-10-29,Cancelled
ORD05176,C03905,2025-09-03,Completed
ORD05177,C00685,2025-01-31,Completed
ORD05178,C00023,2025-08-10,Completed
ORD05179,C02658,2025-11-11,Completed
ORD05180,C01245,2025-05-04,Completed
ORD05181,C00447,2025-11-10,Completed
ORD05182,C03492,2025-12-26,Completed
ORD05183,C00961,2025-06-09,Returned
ORD05184,C03976,2025-11-22,Completed
ORD05185,C03426,2025-02-20,Completed
ORD05186,C02740,2025-04-23,Completed
ORD05187,C01801,2025-01-07,Completed
ORD05188,C01670,2025-06-01,Completed
ORD05189,C04450,2025-11-02,Completed
ORD05190,C04021,2025-12-30,Completed
ORD05191,C00576,2025-11-22,Completed
ORD05192,C01221,2025-10-24,Completed
ORD05193,C00512,2025-10-22,Cancelled
ORD05194,C03096,2025-02-27,Completed
ORD05195,C00461,2025-09-03,Completed
ORD05196,C00414,2025-08-10,Completed
ORD05197,C00998,2025-07-23,Completed
ORD05198,C00448,2025-04-23,Completed
ORD05199,C03766,2025-01-30,Completed
ORD05200,C04721,2025-01-31,Completed
ORD05201,C00971,2025-03-03,Completed
ORD05202,C04704,2025-11-24,Cancelled
ORD05203,C03845,2025-08-15,Completed
ORD05204,C03529,2025-12-12,Completed
ORD05205,C00852,2025-11-01,Completed
ORD05206,C02336,2025-07-31,Completed
ORD05207,C00265,2025-10-18,Completed
ORD05208,C03173,2025-12-11,Completed
ORD05209,C04502,2025-08-25,Completed
ORD05210,C03443,2025-02-05,Completed
ORD05211,C01226,2025-11-06,Completed
ORD05212,C01794,2025-01-10,Cancelled
ORD05213,C04015,2025-10-05,Completed
ORD05214,C02548,2025-12-31,Completed
ORD05215,C03706,2025-10-16,Completed
ORD05216,C04166,2025-09-16,Completed
ORD05217,C02097,2025-04-21,Completed
ORD05218,C02853,2025-11-15,Completed
ORD05219,C04351,2025-07-20,Completed
ORD05220,C03530,2025-04-01,Completed
ORD05221,C02078,2025-09-15,Completed
ORD05222,C01920,2025-01-07,Pending
ORD05223,C00293,2025-10-19,Returned
ORD05224,C03607,2025-02-03,Completed
ORD05225,C02109,2025-09-07,Completed
ORD05226,C04837,2025-07-01,Completed
ORD05227,C00948,2025-04-10,Pending
ORD05228,C01771,2025-07-16,Completed
ORD05229,C01241,2025-12-03,Completed
ORD05230,C00538,2025-06-17,Completed
ORD05231,C03655,2025-09-25,Completed
ORD05232,C02270,2025-01-10,Completed
ORD05233,C01306,2025-10-01,Completed
ORD05234,C02407,2025-07-27,Completed
ORD05235,C04990,2025-11-25,Completed
ORD05236,C01966,2025-08-19,Completed
ORD05237,C03442,2025-06-16,Completed
ORD05238,C04653,2025-05-23,Cancelled
ORD05239,C01374,2025-12-06,Completed
ORD05240,C00867,2025-07-11,Completed
ORD05241,C03345,2025-11-24,Completed
ORD05242,C03844,2025-10-03,Completed
ORD05243,C01825,2025-03-02,Cancelled
ORD05244,C00514,2025-07-06,Completed
ORD05245,C04200,2025-02-08,Returned
ORD05246,C01977,2025-07-15,Completed
ORD05247,C00192,2025-01-14,Completed
ORD05248,C03606,2025-11-01,Completed
ORD05249,C02490,2025-08-10,Returned
ORD05250,C02501,2025-05-25,Completed
ORD05251,C02145,2025-01-31,Pending
ORD05252,C02844,2025-12-16,Completed
ORD05253,C00532,2025-06-18,Completed
ORD05254,C04955,2025-04-25,Completed
ORD05255,C02089,2025-03-21,Completed
ORD05256,C04586,2025-10-17,Completed
ORD05257,C00596,2025-11-15,Cancelled
ORD05258,C01316,2025-08-11,Completed
ORD05259,C04887,2025-01-28,Completed
ORD05260,C04101,2025-08-07,Cancelled
ORD05261,C00410,2025-11-24,Completed
ORD05262,C04282,2025-02-07,Completed
ORD05263,C02526,2025-02-11,Completed
ORD05264,C03496,2025-07-19,Completed
ORD05265,C00843,2025-09-02,Pending
ORD05266,C03823,2025-12-17,Completed
ORD05267,C04992,2025-05-23,Completed
ORD05268,C00017,2025-07-29,Completed
ORD05269,C00411,2025-10-13,Completed
ORD05270,C02805,2025-09-23,Pending
ORD05271,C02824,2025-10-11,Completed
ORD05272,C02295,2025-12-14,Completed
ORD05273,C02089,2025-11-16,Cancelled
ORD05274,C03930,2025-09-06,Returned
ORD05275,C04829,2025-12-26,Completed
ORD05276,C03967,2025-04-01,Completed
ORD05277,C00056,2025-01-18,Completed
ORD05278,C00482,2025-04-12,Completed
ORD05279,C02995,2025-02-03,Pending
ORD05280,C04260,2025-07-31,Completed
ORD05281,C03665,2025-06-27,Completed
ORD05282,C04575,2025-11-08,Completed
ORD05283,C01459,2025-03-19,Cancelled
ORD05284,C02541,2025-11-09,Completed
ORD05285,C03836,2025-08-03,Completed
ORD05286,C00824,2025-11-09,Completed
ORD05287,C04832,2025-06-27,Completed
ORD05288,C01736,2025-04-03,Completed
ORD05289,C00617,2025-11-03,Completed
ORD05290,C00311,2025-02-12,Completed
ORD05291,C01117,2025-07-26,Completed
ORD05292,C01739,2025-05-15,Completed
ORD05293,C01097,2025-03-16,Completed
ORD05294,C03984,2025-12-24,Pending
ORD05295,C03879,2025-01-29,Completed
ORD05296,C02682,2025-10-23,Completed
ORD05297,C01356,2025-08-05,Completed
ORD05298,C01412,2025-05-01,Completed
ORD05299,C02953,2025-07-09,Completed
ORD05300,C01627,2025-12-22,Completed
ORD05301,C02098,2025-10-03,Completed
ORD05302,C00749,2025-05-04,Completed
ORD05303,C00035,2025-03-02,Completed
ORD05304,C02567,2025-11-28,Completed
ORD05305,C03910,2025-07-27,Completed
ORD05306,C02265,2025-02-21,Cancelled
ORD05307,C03037,2025-02-22,Completed
ORD05308,C04471,2025-07-05,Completed
ORD05309,C02036,2025-03-22,Completed
ORD05310,C03855,2025-07-05,Completed
ORD05311,C04131,2025-04-21,Completed
ORD05312,C04055,2025-05-05,Completed
ORD05313,C03792,2025-06-13,Completed
ORD05314,C02620,2025-03-18,Cancelled
ORD05315,C01806,2025-03-17,Completed
ORD05316,C01923,2025-05-09,Returned
ORD05317,C01186,2025-02-19,Returned
ORD05318,C01676,2025-10-19,Completed
ORD05319,C03954,2025-10-22,Completed
ORD05320,C02670,2025-08-12,Completed
ORD05321,C04520,2025-01-04,Completed
ORD05322,C01617,2025-04-25,Completed
ORD05323,C00156,2025-01-07,Completed
ORD05324,C02122,2025-12-20,Completed
ORD05325,C02672,2025-09-25,Completed
ORD05326,C02498,2025-09-23,Completed
ORD05327,C02398,2025-01-22,Completed
ORD05328,C04433,2025-03-23,Completed
ORD05329,C03106,2025-04-06,Completed
ORD05330,C02846,2025-09-25,Completed
ORD05331,C01473,2025-10-23,Completed
ORD05332,C03702,2025-01-12,Pending
ORD05333,C03505,2025-03-22,Completed
ORD05334,C02959,2025-09-17,Completed
ORD05335,C01783,2025-07-14,Completed
ORD05336,C04290,2025-01-31,Completed
ORD05337,C02885,2025-10-03,Completed
ORD05338,C01114,2025-08-03,Completed
ORD05339,C01662,2025-12-28,Cancelled
ORD05340,C00678,2025-07-29,Completed
ORD05341,C03058,2025-01-11,Completed
ORD05342,C00692,2025-07-09,Completed
ORD05343,C01112,2025-11-22,Completed
ORD05344,C00201,2025-04-21,Completed
ORD05345,C00782,2025-05-27,Completed
ORD05346,C03906,2025-06-22,Pending
ORD05347,C03111,2025-12-24,Completed
ORD05348,C04173,2025-12-23,Cancelled
ORD05349,C03453,2025-04-19,Returned
ORD05350,C03995,2025-02-15,Completed
ORD05351,C03602,2025-10-30,Completed
ORD05352,C04401,2025-08-30,Completed
ORD05353,C04301,2025-01-16,Cancelled
ORD05354,C02727,2025-05-08,Completed
ORD05355,C01510,2025-10-04,Completed
ORD05356,C04512,2025-02-08,Completed
ORD05357,C01230,2025-12-02,Pending
ORD05358,C01827,2025-12-04,Completed
ORD05359,C03198,2025-06-19,Completed
ORD05360,C02980,2025-04-10,Pending
ORD05361,C03988,2025-07-19,Completed
ORD05362,C02361,2025-06-20,Completed
ORD05363,C01299,2025-11-17,Completed
ORD05364,C03142,2025-03-21,Completed
ORD05365,C01255,2025-01-07,Completed
ORD05366,C01684,2025-05-24,Pending
ORD05367,C03342,2025-05-12,Cancelled
ORD05368,C02203,2025-03-09,Completed
ORD05369,C04635,2025-12-18,Returned
ORD05370,C03168,2025-03-04,Completed
ORD05371,C04242,2025-01-30,Completed
ORD05372,C00616,2025-10-14,Cancelled
ORD05373,C03081,2025-01-23,Returned
ORD05374,C03544,2025-10-19,Completed
ORD05375,C01659,2025-11-06,Completed
ORD05376,C02155,2025-06-24,Completed
ORD05377,C00303,2025-07-16,Cancelled
ORD05378,C04336,2025-04-13,Completed
ORD05379,C01245,2025-11-12,Completed
ORD05380,C00579,2025-07-15,Completed
ORD05381,C04770,2025-09-22,Returned
ORD05382,C03095,2025-01-08,Completed
ORD05383,C01520,2025-09-06,Completed
ORD05384,C03058,2025-12-25,Completed
ORD05385,C00867,2025-01-30,Completed
ORD05386,C03454,2025-11-30,Completed
ORD05387,C00103,2025-07-04,Completed
ORD05388,C04903,2025-06-20,Cancelled
ORD05389,C03402,2025-04-01,Completed
ORD05390,C00284,2025-12-18,Completed
ORD05391,C03141,2025-11-11,Completed
ORD05392,C00601,2025-03-13,Completed
ORD05393,C02615,2025-03-28,Completed
ORD05394,C04332,2025-10-07,Completed
ORD05395,C04772,2025-12-12,Completed
ORD05396,C04493,2025-09-21,Pending
ORD05397,C04252,2025-07-16,Pending
ORD05398,C00255,2025-09-26,Completed
ORD05399,C00752,2025-01-02,Completed
ORD05400,C00815,2025-05-25,Completed
ORD05401,C01429,2025-04-15,Returned
ORD05402,C03279,2025-01-14,Completed
ORD05403,C03392,2025-09-19,Completed
ORD05404,C04159,2025-11-29,Completed
ORD05405,C04575,2025-12-06,Completed
ORD05406,C02345,2025-05-14,Pending
ORD05407,C02229,2025-04-18,Completed
ORD05408,C01101,2025-02-27,Completed
ORD05409,C01424,2025-08-09,Returned
ORD05410,C04050,2025-09-11,Completed
ORD05411,C01741,2025-10-14,Completed
ORD05412,C00596,2025-10-28,Completed
ORD05413,C04132,2025-01-29,Completed
ORD05414,C01909,2025-09-20,Completed
ORD05415,C01972,2025-01-24,Pending
ORD05416,C04844,2025-08-29,Completed
ORD05417,C04000,2025-06-18,Returned
ORD05418,C03079,2025-09-20,Returned
ORD05419,C02142,2025-04-01,Completed
ORD05420,C04550,2025-03-04,Completed
ORD05421,C00270,2025-02-03,Completed
ORD05422,C03871,2025-05-23,Completed
ORD05423,C01361,2025-11-03,Completed
ORD05424,C01872,2025-02-23,Completed
ORD05425,C01307,2025-07-17,Completed
ORD05426,C03611,2025-06-08,Completed
ORD05427,C00061,2025-04-22,Completed
ORD05428,C01075,2025-12-18,Completed
ORD05429,C00876,2025-03-10,Completed
ORD05430,C04009,2025-09-28,Completed
ORD05431,C03669,2025-01-09,Completed
ORD05432,C01456,2025-12-27,Completed
ORD05433,C01152,2025-09-10,Completed
ORD05434,C04309,2025-10-06,Completed
ORD05435,C00753,2025-02-10,Completed
ORD05436,C02601,2025-11-09,Completed
ORD05437,C00199,2025-08-01,Completed
ORD05438,C00200,2025-05-14,Completed
ORD05439,C03122,2025-06-26,Completed
ORD05440,C03716,2025-03-27,Completed
ORD05441,C00733,2025-10-11,Completed
ORD05442,C00844,2025-01-05,Completed
ORD05443,C02820,2025-04-26,Completed
ORD05444,C00349,2025-01-10,Completed
ORD05445,C03766,2025-11-05,Cancelled
ORD05446,C01482,2025-06-15,Completed
ORD05447,C01848,2025-07-23,Completed
ORD05448,C01392,2025-03-21,Completed
ORD05449,C04451,2025-11-30,Completed
ORD05450,C00616,2025-04-21,Cancelled
ORD05451,C03677,2025-01-17,Completed
ORD05452,C00245,2025-10-17,Cancelled
ORD05453,C04588,2025-02-16,Completed
ORD05454,C02554,2025-01-03,Completed
ORD05455,C02272,2025-07-18,Completed
ORD05456,C03175,2025-02-12,Returned
ORD05457,C01936,2025-07-26,Completed
ORD05458,C03813,2025-09-11,Completed
ORD05459,C04022,2025-03-22,Completed
ORD05460,C02313,2025-07-06,Completed
ORD05461,C04681,2025-10-10,Completed
ORD05462,C03555,2025-04-15,Cancelled
ORD05463,C02875,2025-04-28,Completed
ORD05464,C01695,2025-07-05,Completed
ORD05465,C00918,2025-07-25,Returned
ORD05466,C01536,2025-08-04,Completed
ORD05467,C02667,2025-02-04,Completed
ORD05468,C02559,2025-10-23,Completed
ORD05469,C03096,2025-03-03,Completed
ORD05470,C02001,2025-01-19,Completed
ORD05471,C00612,2025-06-23,Completed
ORD05472,C01696,2025-04-24,Cancelled
ORD05473,C01029,2025-01-16,Completed
ORD05474,C03243,2025-08-15,Completed
ORD05475,C00452,2025-10-28,Completed
ORD05476,C02404,2025-01-01,Completed
ORD05477,C02535,2025-02-17,Completed
ORD05478,C01651,2025-06-23,Completed
ORD05479,C03438,2025-08-01,Completed
ORD05480,C01957,2025-05-02,Completed
ORD05481,C00409,2025-04-24,Completed
ORD05482,C01846,2025-12-05,Completed
ORD05483,C02965,2025-09-04,Completed
ORD05484,C01644,2025-04-24,Completed
ORD05485,C00829,2025-10-29,Completed
ORD05486,C04132,2025-01-10,Returned
ORD05487,C00096,2025-01-15,
ORD05488,C02445,2025-02-22,Completed
ORD05489,C01161,2025-12-16,Completed
ORD05490,C03999,2025-07-04,Completed
ORD05491,C00758,2025-06-08,Completed
ORD05492,C04256,2025-05-04,Cancelled
ORD05493,C00994,2025-05-18,Completed
ORD05494,C02972,2025-01-03,Completed
ORD05495,C01845,2025-10-23,Completed
ORD05496,C03033,2025-07-04,Completed
ORD05497,C02380,2025-07-18,Pending
ORD05498,C02356,2025-11-26,Completed
ORD05499,C00481,2025-02-20,Completed
ORD05500,C00865,2025-11-27,Returned
ORD05501,C00175,2025-03-13,Completed
ORD05502,C01386,2025-01-02,Completed
ORD05503,C03075,2025-06-28,Completed
ORD05504,C04916,2025-09-25,Completed
ORD05505,C04948,2025-01-04,Completed
ORD05506,C00130,2025-11-01,Completed
ORD05507,C03987,2025-06-28,Completed
ORD05508,C03740,2025-06-25,Completed
ORD05509,C04739,2025-03-24,Completed
ORD05510,C03781,2025-08-31,Completed
ORD05511,C02903,2025-01-11,Completed
ORD05512,C03287,2025-02-18,Completed
ORD05513,C01307,2025-12-05,Completed
ORD05514,C04221,2025-11-18,Completed
ORD05515,C01608,2025-11-06,Cancelled
ORD05516,C03534,2025-06-27,Completed
ORD05517,C04407,2025-11-22,Completed
ORD05518,C04089,2025-03-26,Completed
ORD05519,C01165,2025-01-02,Completed
ORD05520,C04553,2025-09-06,Completed
ORD05521,C00245,2025-04-27,Completed
ORD05522,C02781,2025-04-27,Completed
ORD05523,C03997,2025-07-12,Pending
ORD05524,C02420,2025-02-15,Completed
ORD05525,C02388,2025-03-15,Returned
ORD05526,C03843,2025-02-28,Cancelled
ORD05527,C04769,2025-08-13,Completed
ORD05528,C02762,2025-04-22,Completed
ORD05529,C02430,2025-07-06,Completed
ORD05530,C03017,2025-07-01,Completed
ORD05531,C04587,2025-01-27,Completed
ORD05532,C01190,2025-11-18,Cancelled
ORD05533,C00152,2025-08-07,Returned
ORD05534,C04774,2025-06-29,Completed
ORD05535,C03855,2025-04-11,Completed
ORD05536,C03480,2025-05-11,Completed
ORD05537,C03679,2025-12-19,Completed
ORD05538,C04862,2025-05-11,Completed
ORD05539,C03382,2025-11-19,Completed
ORD05540,C00312,2025-11-09,Completed
ORD05541,C04633,2025-09-24,Completed
ORD05542,C02139,2025-06-15,Completed
ORD05543,C04273,2025-03-01,Completed
ORD05544,C03528,2025-12-07,Completed
ORD05545,C03621,2025-01-22,Completed
ORD05546,C01623,2025-08-03,Completed
ORD05547,C03602,2025-06-01,Completed
ORD05548,C04031,2025-01-31,Completed
ORD05549,C00105,2025-03-27,Completed
ORD05550,C02974,2025-03-28,Completed
ORD05551,C02647,2025-04-14,Cancelled
ORD05552,C00658,2025-04-07,Completed
ORD05553,C00765,2025-08-19,Completed
ORD05554,C01528,2025-04-06,Completed
ORD05555,C00231,2025-10-22,Completed
ORD05556,C02451,2025-02-05,Completed
ORD05557,C03031,2025-05-17,Cancelled
ORD05558,C00259,2025-02-19,Completed
ORD05559,C02027,2025-08-18,Completed
ORD05560,C00297,2025-06-29,Completed
ORD05561,C04501,2025-05-18,Completed
ORD05562,C01350,2025-10-11,Completed
ORD05563,C03651,2025-04-07,Completed
ORD05564,C01673,2025-04-19,Pending
ORD05565,C03327,2025-11-13,Completed
ORD05566,C00847,2025-01-14,Pending
ORD05567,C04450,2025-03-25,Completed
ORD05568,C03468,2025-11-30,Cancelled
ORD05569,C02900,2025-08-11,Completed
ORD05570,C01120,2025-02-01,Completed
ORD05571,C02334,2025-07-17,Completed
ORD05572,C03349,2025-09-03,Completed
ORD05573,C02128,2025-08-26,Completed
ORD05574,C02914,2025-07-15,Completed
ORD05575,C02711,2025-01-25,Completed
ORD05576,C02143,2025-06-30,Completed
ORD05577,C00637,2025-11-29,Completed
ORD05578,C02031,2025-10-21,Completed
ORD05579,C04627,2025-03-21,Completed
ORD05580,C03839,2025-01-08,Completed
ORD05581,C04743,2025-03-29,Completed
ORD05582,C03539,2025-03-03,Completed
ORD05583,C01182,2025-09-24,Completed
ORD05584,C02744,2025-02-24,Completed
ORD05585,C01954,2025-09-28,Cancelled
ORD05586,C01255,2025-06-15,Cancelled
ORD05587,C02733,2025-03-14,Completed
ORD05588,C02017,2025-04-06,Cancelled
ORD05589,C04437,2025-07-29,Completed
ORD05590,C04624,2025-03-02,Completed
ORD05591,C01001,2025-10-16,Completed
ORD05592,C00290,2025-06-28,Completed
ORD05593,C04343,2025-04-16,Completed
ORD05594,C00350,2025-06-23,Completed
ORD05595,C00124,2025-08-10,Completed
ORD05596,C01797,2025-01-08,Returned
ORD05597,C04435,2025-04-26,Completed
ORD05598,C01860,2025-10-15,Completed
ORD05599,C02372,2025-01-10,Completed
ORD05600,C03529,2025-11-23,Completed
ORD05601,C03801,2025-07-25,Completed
ORD05602,C01166,2025-12-23,Cancelled
ORD05603,C00534,2025-10-25,Cancelled
ORD05604,C01008,2025-01-09,Completed
ORD05605,C00105,2025-09-08,Completed
ORD05606,C04741,2025-08-23,Completed
ORD05607,C04931,2025-07-01,Completed
ORD05608,C02403,2025-06-06,Completed
ORD05609,C02273,2025-01-13,Completed
ORD05610,C04843,2025-03-01,Completed
ORD05611,C02026,2025-09-19,Completed
ORD05612,C03556,2025-08-30,Completed
ORD05613,C04525,2025-11-26,Completed
ORD05614,C02013,2025-03-01,Pending
ORD05615,C02601,2025-07-10,Completed
ORD05616,C04058,2025-08-06,Completed
ORD05617,C02577,2025-11-03,Completed
ORD05618,C01340,2025-10-16,Completed
ORD05619,C01476,2025-07-29,Completed
ORD05620,C01345,2025-09-01,Completed
ORD05621,C01372,2025-05-16,Completed
ORD05622,C04007,2025-01-22,Completed
ORD05623,C00646,2025-10-20,Cancelled
ORD05624,C00331,2025-06-17,Completed
ORD05625,C03322,2025-06-14,Cancelled
ORD05626,C00895,2025-05-16,Completed
ORD05627,C01914,2025-06-07,Completed
ORD05628,C00173,2025-08-18,Completed
ORD05629,C04247,2025-11-30,Completed
ORD05630,C01232,2025-10-23,Completed
ORD05631,C04154,2025-08-16,Completed
ORD05632,C04484,2025-02-13,Cancelled
ORD05633,C03535,2025-01-18,Completed
ORD05634,C00711,2025-10-26,Completed
ORD05635,C03857,2025-01-04,Completed
ORD05636,C02196,2025-04-06,Completed
ORD05637,C03505,2025-05-04,Completed
ORD05638,C02051,2025-12-05,Completed
ORD05639,C03789,2025-05-08,Completed
ORD05640,C00371,2025-02-04,Completed
ORD05641,C00617,2025-09-27,Completed
ORD05642,C01580,2025-05-28,Completed
ORD05643,C01544,2025-06-26,Cancelled
ORD05644,C03945,2025-03-03,Completed
ORD05645,C04601,2025-03-15,Completed
ORD05646,C01019,2025-02-03,Completed
ORD05647,C02351,2025-08-25,Completed
ORD05648,C01398,2025-01-13,Completed
ORD05649,C01680,2025-05-11,Completed
ORD05650,C04413,2025-09-04,Pending
ORD05651,C01876,2025-06-26,Completed
ORD05652,C00992,2025-05-24,Completed
ORD05653,C02859,2025-08-02,Completed
ORD05654,C03704,2025-04-10,Completed
ORD05655,C00801,2025-07-22,Completed
ORD05656,C04373,2025-06-17,Completed
ORD05657,C01443,2025-07-27,Completed
ORD05658,C01896,2025-08-31,Completed
ORD05659,C00155,2025-01-08,Completed
ORD05660,C04282,2025-11-06,Completed
ORD05661,C01832,2025-10-08,Completed
ORD05662,C00372,2025-03-05,Completed
ORD05663,C04482,2025-12-08,Completed
ORD05664,C03883,2025-09-17,Returned
ORD05665,C00853,2025-07-27,Completed
ORD05666,C03552,2025-01-06,Completed
ORD05667,C04338,2025-01-25,Cancelled
ORD05668,C02168,2025-02-05,Completed
ORD05669,C00310,2025-12-10,Completed
ORD05670,C02305,2025-05-26,Completed
ORD05671,C01513,2025-10-12,Completed
ORD05672,C01397,2025-08-10,Completed
ORD05673,C03829,2025-04-16,Completed
ORD05674,C03093,2025-01-18,Completed
ORD05675,C03748,2025-04-22,Pending
ORD05676,C03555,2025-04-14,Completed
ORD05677,C02146,2025-10-16,Completed
ORD05678,C00768,2025-09-22,Completed
ORD05679,C01557,2025-08-20,Completed
ORD05680,C01243,2025-10-29,Returned
ORD05681,C01651,2025-09-24,Pending
ORD05682,C00057,2025-06-06,Completed
ORD05683,C00056,2025-11-29,Completed
ORD05684,C00027,2025-11-25,Completed
ORD05685,C01883,2025-05-22,Completed
ORD05686,C00918,2025-12-02,Completed
ORD05687,C03292,2025-05-27,Completed
ORD05688,C03379,2025-05-11,Completed
ORD05689,C01515,2025-09-02,Completed
ORD05690,C04595,2025-12-20,Completed
ORD05691,C04547,2025-02-19,Completed
ORD05692,C01916,2025-09-01,Cancelled
ORD05693,C01078,2025-12-24,Completed
ORD05694,C03993,2025-12-23,Pending
ORD05695,C04575,2025-02-22,Completed
ORD05696,C00616,2025-07-06,Completed
ORD05697,C01701,2025-12-04,Completed
ORD05698,C01519,2025-07-06,Cancelled
ORD05699,C04128,2025-10-01,Completed
ORD05700,C00280,2025-03-31,Completed
ORD05701,C01640,2025-07-23,Completed
ORD05702,C00520,2025-07-28,Completed
ORD05703,C01954,2025-05-06,Completed
ORD05704,C02547,2025-02-07,Returned
ORD05705,C03880,2025-09-24,Completed
ORD05706,C03307,2025-01-07,Completed
ORD05707,C04186,2025-09-10,Completed
ORD05708,C04898,2025-01-08,Completed
ORD05709,C01310,2025-07-31,Cancelled
ORD05710,C02056,2025-09-29,Completed
ORD05711,C00582,2025-01-02,Completed
ORD05712,C00249,2025-05-08,Completed
ORD05713,C00722,2025-08-02,Completed
ORD05714,C04400,2025-02-08,Completed
ORD05715,C04351,2025-09-19,Cancelled
ORD05716,C01994,2025-08-16,Completed
ORD05717,C01814,2025-11-05,Cancelled
ORD05718,C04425,2025-06-18,Completed
ORD05719,C04648,2025-04-25,Pending
ORD05720,C00475,2025-10-12,Completed
ORD05721,C01506,2025-08-18,Cancelled
ORD05722,C04235,2025-02-19,Completed
ORD05723,C03488,2025-10-20,Completed
ORD05724,C02048,2025-10-31,Completed
ORD05725,C02008,2025-08-04,Completed
ORD05726,C04232,2025-03-18,Completed
ORD05727,C01429,2025-01-22,Completed
ORD05728,C01372,2025-11-20,Completed
ORD05729,C04192,2025-08-01,Completed
ORD05730,C00701,2025-06-24,Completed
ORD05731,C01305,2025-04-29,Completed
ORD05732,C03186,2025-09-13,Completed
ORD05733,C00241,2025-02-03,Cancelled
ORD05734,C04719,2025-05-24,Completed
ORD05735,C04025,2025-01-20,Completed
ORD05736,C02269,2025-12-27,Completed
ORD05737,C01233,2025-10-15,Completed
ORD05738,C02092,2025-05-31,Completed
ORD05739,C00862,2025-03-23,Cancelled
ORD05740,C04603,2025-04-14,Pending
ORD05741,C03440,2025-03-07,Completed
ORD05742,C04494,2025-08-17,Completed
ORD05743,C04128,2025-06-18,Completed
ORD05744,C01523,2025-04-20,Completed
ORD05745,C04461,2025-11-28,Completed
ORD05746,C03488,2025-12-26,Completed
ORD05747,C03930,2025-04-24,Completed
ORD05748,C03704,2025-08-24,Completed
ORD05749,C00208,2025-12-27,Completed
ORD05750,C01543,2025-11-09,Cancelled
ORD05751,C02719,2025-11-24,Completed
ORD05752,C01968,2025-07-28,Completed
ORD05753,C04662,2025-10-26,Completed
ORD05754,C03496,2025-07-04,Pending
ORD05755,C03888,2025-05-30,Completed
ORD05756,C03383,2025-10-31,Completed
ORD05757,C02057,2025-11-26,Completed
ORD05758,C03402,2025-07-27,Returned
ORD05759,C01997,2025-12-12,Completed
ORD05760,C03897,2025-07-10,Completed
ORD05761,C00702,2025-09-17,Completed
ORD05762,C02897,2025-04-24,Completed
ORD05763,C03948,2025-08-20,Completed
ORD05764,C04063,2025-09-26,Completed
ORD05765,C04611,2025-03-12,Cancelled
ORD05766,C04993,2025-05-22,Completed
ORD05767,C04138,2025-04-30,Completed
ORD05768,C00604,2025-10-02,Cancelled
ORD05769,C04203,2025-12-24,Completed
ORD05770,C03603,2025-05-30,Completed
ORD05771,C04435,2025-10-17,Completed
ORD05772,C01558,2025-11-14,Completed
ORD05773,C00308,2025-05-25,Completed
ORD05774,C02201,2025-05-17,Completed
ORD05775,C00036,2025-04-04,Completed
ORD05776,C03195,2025-09-12,Completed
ORD05777,C00510,2025-03-21,Completed
ORD05778,C03928,2025-09-22,Completed
ORD05779,C02727,2025-10-28,Completed
ORD05780,C04478,2025-02-06,Completed
ORD05781,C00889,2025-01-02,Completed
ORD05782,C03590,2025-07-30,Completed
ORD05783,C01326,2025-10-29,Completed
ORD05784,C00021,2025-04-25,Completed
ORD05785,C00254,2025-06-05,Completed
ORD05786,C04022,2025-05-11,Completed
ORD05787,C01285,2025-08-12,Completed
ORD05788,C04497,2025-01-05,Completed
ORD05789,C03075,2025-06-13,Completed
ORD05790,C00985,2025-01-08,Completed
ORD05791,C03385,2025-02-22,Completed
ORD05792,C04863,2025-08-25,Completed
ORD05793,C04064,2025-09-15,Completed
ORD05794,C01693,2025-12-14,Completed
ORD05795,C01925,2025-03-07,Completed
ORD05796,C02491,2025-01-17,Completed
ORD05797,C03859,2025-07-07,Completed
ORD05798,C02384,2025-04-03,Completed
ORD05799,C00351,2025-02-03,Completed
ORD05800,C03060,2025-08-18,Completed
ORD05801,C02990,2025-06-13,Completed
ORD05802,C02469,2025-09-24,Completed
ORD05803,C01739,2025-11-21,Completed
ORD05804,C04549,2025-02-06,Completed
ORD05805,C04059,2025-12-09,Pending
ORD05806,C00027,2025-06-24,Completed
ORD05807,C00486,2025-06-22,Completed
ORD05808,C03923,2025-04-18,Completed
ORD05809,C02326,2025-03-01,Completed
ORD05810,C04688,2025-07-27,Completed
ORD05811,C00235,2025-08-09,Completed
ORD05812,C00954,2025-07-28,Cancelled
ORD05813,C00548,2025-12-04,Completed
ORD05814,C01587,2025-02-10,Completed
ORD05815,C03101,2025-07-27,Completed
ORD05816,C01348,2025-05-31,Completed
ORD05817,C03069,2025-07-12,Completed
ORD05818,C03794,2025-12-26,Completed
ORD05819,C00749,2025-09-19,Completed
ORD05820,C02404,2025-04-20,Completed
ORD05821,C03171,2025-11-14,Completed
ORD05822,C02689,2025-08-23,Completed
ORD05823,C02966,2025-05-15,Completed
ORD05824,C00137,2025-07-16,Completed
ORD05825,C01561,2025-05-18,Pending
ORD05826,C01480,2025-08-02,Completed
ORD05827,C03054,2025-04-10,Completed
ORD05828,C04300,2025-10-07,Completed
ORD05829,C02542,2025-11-08,Returned
ORD05830,C04824,2025-08-11,Completed
ORD05831,C03279,2025-07-13,Returned
ORD05832,C00412,2025-10-07,Returned
ORD05833,C00945,2025-09-21,Completed
ORD05834,C02624,2025-09-22,Returned
ORD05835,C00297,2025-05-28,Completed
ORD05836,C02369,2025-11-24,Completed
ORD05837,C01581,2025-08-03,Completed
ORD05838,C02506,2025-09-27,Completed
ORD05839,C02131,2025-06-20,Completed
ORD05840,C01132,2025-07-19,Completed
ORD05841,C04619,2025-05-04,Completed
ORD05842,C00464,2025-03-26,Completed
ORD05843,C04976,2025-04-17,Completed
ORD05844,C04921,2025-11-28,Cancelled
ORD05845,C02386,2025-05-31,Completed
ORD05846,C00575,2025-12-18,Completed
ORD05847,C00695,2025-04-12,Completed
ORD05848,C02651,2025-06-19,Completed
ORD05849,C04970,2025-11-09,Completed
ORD05850,C00251,2025-01-21,Completed
ORD05851,C01520,2025-06-25,Completed
ORD05852,C03174,2025-10-13,Completed
ORD05853,C01075,2025-05-08,Completed
ORD05854,C03126,2025-11-25,Completed
ORD05855,C03434,2025-06-28,Completed
ORD05856,C04317,2025-04-12,Completed
ORD05857,C00604,2025-11-28,Cancelled
ORD05858,C03034,2025-02-25,Completed
ORD05859,C02334,2025-02-20,Completed
ORD05860,C03269,2025-09-06,Completed
ORD05861,C03959,2025-07-14,Completed
ORD05862,C04967,2025-07-04,Completed
ORD05863,C01653,2025-03-07,Returned
ORD05864,C01087,2025-05-19,Completed
ORD05865,C03138,2025-09-03,Completed
ORD05866,C03834,2025-02-10,Completed
ORD05867,C03455,2025-08-30,Completed
ORD05868,C02691,2025-08-20,Completed
ORD05869,C00969,2025-03-09,Completed
ORD05870,C04955,2025-06-06,Completed
ORD05871,C02163,2025-12-10,Completed
ORD05872,C01338,2025-10-03,Returned
ORD05873,C02276,2025-06-02,Completed
ORD05874,C04587,2025-09-28,Completed
ORD05875,C03089,2025-10-29,Completed
ORD05876,C03307,2025-10-20,Completed
ORD05877,C00992,2025-05-01,Cancelled
ORD05878,C03184,2025-07-18,Completed
ORD05879,C02209,2025-10-07,Completed
ORD05880,C03494,2025-09-17,Completed
ORD05881,C04777,2025-07-20,Completed
ORD05882,C00067,2025-09-23,Pending
ORD05883,C03924,2025-09-23,Completed
ORD05884,C01901,2025-10-17,Completed
ORD05885,C02434,2025-03-04,Completed
ORD05886,C01961,2025-06-15,Completed
ORD05887,C00313,2025-11-16,Completed
ORD05888,C04997,2025-01-28,Cancelled
ORD05889,C02306,2025-05-30,Completed
ORD05890,C03822,2025-05-23,Completed
ORD05891,C03753,2025-01-28,Completed
ORD05892,C01129,2025-07-05,Completed
ORD05893,C02234,2025-06-25,Returned
ORD05894,C01234,2025-09-03,Completed
ORD05895,C03375,2025-02-02,Completed
ORD05896,C04929,2025-06-21,Completed
ORD05897,C03769,2025-11-29,Completed
ORD05898,C04503,2025-09-01,Completed
ORD05899,C00450,2025-08-22,Completed
ORD05900,C00741,2025-11-11,Completed
ORD05901,C01016,2025-05-10,Completed
ORD05902,C00060,2025-05-03,Completed
ORD05903,C04474,2025-03-28,Completed
ORD05904,C00254,2025-04-27,Completed
ORD05905,C03391,2025-09-25,Completed
ORD05906,C04992,2025-12-19,Completed
ORD05907,C00153,2025-10-14,Cancelled
ORD05908,C03049,2025-10-01,Completed
ORD05909,C03935,2025-08-24,Completed
ORD05910,C03848,2025-07-03,Completed
ORD05911,C00871,2025-04-08,Completed
ORD05912,C01766,2025-11-04,Completed
ORD05913,C01421,2025-06-15,Cancelled
ORD05914,C03702,2025-11-10,Completed
ORD05915,C02495,2025-12-13,Completed
ORD05916,C02006,2025-02-17,Pending
ORD05917,C03926,2025-09-04,Completed
ORD05918,C04250,2025-07-26,Completed
ORD05919,C03329,2025-07-28,Returned
ORD05920,C03602,2025-09-28,Completed
ORD05921,C00574,2025-07-26,Completed
ORD05922,C01856,2025-10-15,Completed
ORD05923,C01701,2025-10-01,Completed
ORD05924,C01981,2025-01-06,Completed
ORD05925,C01167,2025-07-29,Completed
ORD05926,C02483,2025-12-17,Completed
ORD05927,C04225,2025-08-04,Completed
ORD05928,C00224,2025-11-09,Completed
ORD05929,C03297,2025-07-23,Completed
ORD05930,C02268,2025-10-18,Completed
ORD05931,C03707,2025-01-16,Pending
ORD05932,C02563,2025-04-26,Completed
ORD05933,C02433,2025-05-18,Completed
ORD05934,C02103,2025-10-16,Cancelled
ORD05935,C02757,2025-05-28,Completed
ORD05936,C01081,2025-02-25,Cancelled
ORD05937,C03810,2025-07-14,Completed
ORD05938,C00397,2025-10-04,Cancelled
ORD05939,C00258,2025-02-09,Returned
ORD05940,C01447,2025-09-29,Completed
ORD05941,C02045,2025-05-11,Completed
ORD05942,C01340,2025-09-30,Completed
ORD05943,C00194,2025-12-12,Completed
ORD05944,C01335,2025-01-10,Completed
ORD05945,C02017,2025-07-17,Completed
ORD05946,C00213,2025-05-28,Completed
ORD05947,C02908,2025-07-24,Completed
ORD05948,C03493,2025-11-13,Completed
ORD05949,C04905,2025-01-21,Completed
ORD05950,C00653,2025-11-04,Completed
ORD05951,C01790,2025-04-07,Completed
ORD05952,C02590,2025-03-10,Completed
ORD05953,C00120,2025-05-20,Completed
ORD05954,C02567,2025-11-23,Completed
ORD05955,C02680,2025-09-21,Cancelled
ORD05956,C02187,2025-12-22,Completed
ORD05957,C03787,2025-08-05,Completed
ORD05958,C03419,2025-02-17,Cancelled
ORD05959,C01430,2025-09-03,Completed
ORD05960,C04675,2025-04-12,Completed
ORD05961,C01854,2025-05-03,Completed
ORD05962,C03571,2025-11-12,Completed
ORD05963,C01268,2025-01-11,Completed
ORD05964,C04518,2025-05-18,Completed
ORD05965,C02626,2025-08-18,Completed
ORD05966,C03099,2025-02-12,Completed
ORD05967,C01436,2025-10-22,Returned
ORD05968,C02982,2025-01-28,Returned
ORD05969,C03395,2025-05-25,Completed
ORD05970,C00114,2025-04-20,Completed
ORD05971,C04380,2025-06-07,Completed
ORD05972,C03989,2025-05-06,Cancelled
ORD05973,C01480,2025-11-23,Completed
ORD05974,C03020,2025-03-13,Completed
ORD05975,C02095,2025-11-21,Completed
ORD05976,C03027,2025-12-25,Completed
ORD05977,C02306,2025-08-08,Pending
ORD05978,C00521,2025-03-07,Cancelled
ORD05979,C00505,2025-04-23,Pending
ORD05980,C04438,2025-05-24,Returned
ORD05981,C03370,2025-08-21,Cancelled
ORD05982,C01422,2025-08-12,Completed
ORD05983,C02480,2025-12-12,Completed
ORD05984,C00624,2025-11-05,Pending
ORD05985,C04203,2025-11-13,Completed
ORD05986,C04180,2025-11-05,Completed
ORD05987,C02459,2025-12-14,Completed
ORD05988,C02736,2025-04-19,Completed
ORD05989,C02148,2025-04-03,Completed
ORD05990,C03521,2025-03-06,Completed
ORD05991,C03464,2025-11-28,Completed
ORD05992,C04068,2025-12-22,Completed
ORD05993,C00694,2025-05-08,Completed
ORD05994,C02325,2025-12-31,Completed
ORD05995,C02729,2025-02-07,Completed
ORD05996,C02108,2025-01-23,Completed
ORD05997,C02239,2025-11-13,Completed
ORD05998,C04121,2025-06-12,Completed
ORD05999,C03067,2025-12-24,Completed
ORD06000,C01136,2025-12-09,Completed
ORD06001,C00425,2025-06-27,Cancelled
ORD06002,C02583,2025-05-18,Completed
ORD06003,C02879,2025-02-09,Completed
ORD06004,C00488,2025-07-25,Completed
ORD06005,C00190,2025-12-05,Completed
ORD06006,C03529,2025-02-25,Completed
ORD06007,C02858,2025-10-31,Completed
ORD06008,C01791,2025-11-24,Completed
ORD06009,C01275,2025-06-18,Completed
ORD06010,C00009,2025-04-29,Completed
ORD06011,C02586,2025-10-01,Completed
ORD06012,C03102,2025-06-08,Completed
ORD06013,C04882,2025-05-09,Completed
ORD06014,C01047,2025-10-08,Completed
ORD06015,C02625,2025-05-11,Cancelled
ORD06016,C00139,2025-02-01,Completed
ORD06017,C01351,2025-04-18,Completed
ORD06018,C04711,2025-07-01,Completed
ORD06019,C03869,2025-10-14,Completed
ORD06020,C01991,2025-01-08,Completed
ORD06021,C01548,2025-10-25,Completed
ORD06022,C00311,2025-05-03,Pending
ORD06023,C02225,2025-11-21,Returned
ORD06024,C01714,2025-04-06,Pending
ORD06025,C01304,2025-07-18,Completed
ORD06026,C00206,2025-06-19,Cancelled
ORD06027,C02985,2025-12-30,Completed
ORD06028,C02837,2025-07-15,Completed
ORD06029,C04137,2025-06-04,Completed
ORD06030,C04079,2025-07-10,Completed
ORD06031,C02828,2025-08-15,Completed
ORD06032,C01800,2025-04-28,Completed
ORD06033,C01991,2025-11-05,Completed
ORD06034,C02370,2025-04-17,Completed
ORD06035,C00242,2025-10-24,Cancelled
ORD06036,C02877,2025-02-10,Completed
ORD06037,C04134,2025-09-18,Completed
ORD06038,C03645,2025-10-08,Completed
ORD06039,C04348,2025-04-06,Completed
ORD06040,C00124,2025-12-14,Completed
ORD06041,C02787,2025-09-04,Completed
ORD06042,C04176,2025-05-05,Completed
ORD06043,C03652,2025-09-23,Completed
ORD06044,C00100,2025-12-16,Completed
ORD06045,C04595,2025-11-05,Completed
ORD06046,C03541,2025-07-05,Completed
ORD06047,C04822,2025-12-15,Completed
ORD06048,C02396,2025-07-26,Cancelled
ORD06049,C00146,2025-08-19,Pending
ORD06050,C02395,2025-06-24,Completed
ORD06051,C01290,2025-12-09,Completed
ORD06052,C03090,2025-11-24,Completed
ORD06053,C00030,2025-04-18,Completed
ORD06054,C03666,2025-02-20,Completed
ORD06055,C04159,2025-08-17,Completed
ORD06056,C04264,2025-08-20,Completed
ORD06057,C00438,2025-10-24,Completed
ORD06058,C00262,2025-12-07,Completed
ORD06059,C00284,2025-09-06,Completed
ORD06060,C01040,2025-01-24,Completed
ORD06061,C03280,2025-10-27,Completed
ORD06062,C03791,2025-05-28,Completed
ORD06063,C04760,2025-01-11,Completed
ORD06064,C03268,2025-05-13,Completed
ORD06065,C02060,2025-09-03,Completed
ORD06066,C01558,2025-11-11,Completed
ORD06067,C00340,2025-03-18,Completed
ORD06068,C02093,2025-05-18,Completed
ORD06069,C03914,2025-05-01,Completed
ORD06070,C00830,2025-10-21,Completed
ORD06071,C00662,2025-10-05,Cancelled
ORD06072,C00004,2025-03-03,Completed
ORD06073,C01482,2025-01-30,Pending
ORD06074,C01605,2025-07-23,Completed
ORD06075,C01473,2025-11-09,Cancelled
ORD06076,C00590,2025-07-22,Completed
ORD06077,C02070,2025-03-06,Completed
ORD06078,C00677,2025-11-23,Pending
ORD06079,C03214,2025-08-01,Cancelled
ORD06080,C03444,2025-05-21,Completed
ORD06081,C00543,2025-01-15,Returned
ORD06082,C04696,2025-04-23,Completed
ORD06083,C01499,2025-08-15,Completed
ORD06084,C03444,2025-07-07,Completed
ORD06085,C00205,2025-10-06,Completed
ORD06086,C00872,2025-12-17,Pending
ORD06087,C01580,2025-01-06,Cancelled
ORD06088,C00043,2025-02-08,Returned
ORD06089,C03165,2025-02-10,Completed
ORD06090,C04300,2025-04-24,Completed
ORD06091,C00743,2025-06-19,Completed
ORD06092,C04660,2025-01-24,Completed
ORD06093,C04033,2025-06-01,Completed
ORD06094,C03140,2025-07-13,Returned
ORD06095,C02194,2025-04-18,Completed
ORD06096,C04505,2025-07-13,Completed
ORD06097,C02432,2025-03-17,Completed
ORD06098,C01927,2025-02-19,Completed
ORD06099,C04021,2025-03-13,Completed
ORD06100,C01071,2025-06-03,Completed
ORD06101,C02066,2025-05-24,Completed
ORD06102,C00948,2025-01-20,Completed
ORD06103,C00396,2025-07-21,Completed
ORD06104,C03524,2025-08-21,Cancelled
ORD06105,C01941,2025-09-09,Completed
ORD06106,C04329,2025-09-30,Completed
ORD06107,C01348,2025-02-07,Completed
ORD06108,C01002,2025-10-06,Completed
ORD06109,C00323,2025-01-31,Completed
ORD06110,C01319,2025-11-08,Completed
ORD06111,C04127,2025-12-05,Completed
ORD06112,C03858,2025-11-14,Completed
ORD06113,C00381,2025-02-23,Cancelled
ORD06114,C00779,2025-08-22,Completed
ORD06115,C02825,2025-07-20,Completed
ORD06116,C03809,2025-11-23,Cancelled
ORD06117,C03511,2025-06-19,Completed
ORD06118,C03035,2025-08-21,Pending
ORD06119,C02988,2025-08-19,Completed
ORD06120,C00175,2025-04-26,Returned
ORD06121,C01843,2025-07-24,Completed
ORD06122,C03778,2025-06-13,Completed
ORD06123,C04826,2025-05-24,Pending
ORD06124,C04008,2025-11-05,Completed
ORD06125,C00170,2025-10-26,Pending
ORD06126,C04784,2025-11-17,Completed
ORD06127,C03958,2025-09-28,Completed
ORD06128,C04424,2025-07-25,Completed
ORD06129,C01330,2025-04-22,Pending
ORD06130,C00353,2025-10-03,Completed
ORD06131,C02368,2025-06-11,Completed
ORD06132,C01586,2025-05-16,Completed
ORD06133,C00204,2025-05-16,Completed
ORD06134,C04462,2025-03-31,Completed
ORD06135,C03793,2025-01-17,Completed
ORD06136,C00193,2025-03-20,Completed
ORD06137,C03839,2025-06-28,Completed
ORD06138,C02146,2025-08-17,Completed
ORD06139,C01658,2025-12-29,Pending
ORD06140,C03557,2025-05-29,Returned
ORD06141,C00733,2025-08-06,Completed
ORD06142,C04334,2025-03-13,Completed
ORD06143,C00661,2025-02-23,Completed
ORD06144,C01156,2025-11-21,Completed
ORD06145,C00432,2025-04-09,Completed
ORD06146,C04153,2025-03-25,Completed
ORD06147,C03889,2025-03-31,Completed
ORD06148,C01845,2025-12-17,Completed
ORD06149,C00240,2025-10-06,Pending
ORD06150,C00434,2025-05-13,Completed
ORD06151,C00107,2025-10-02,Cancelled
ORD06152,C04224,2025-08-08,Cancelled
ORD06153,C00648,2025-02-24,Completed
ORD06154,C03010,2025-09-15,Completed
ORD06155,C02479,2025-06-05,Returned
ORD06156,C01898,2025-01-31,Completed
ORD06157,C02610,2025-12-15,Pending
ORD06158,C03805,2025-09-05,Completed
ORD06159,C00760,2025-02-21,Completed
ORD06160,C03648,2025-02-24,Returned
ORD06161,C03316,2025-09-22,Completed
ORD06162,C00007,2025-10-17,Completed
ORD06163,C00777,2025-12-04,Completed
ORD06164,C03405,2025-08-08,Completed
ORD06165,C03011,2025-03-07,Completed
ORD06166,C02735,2025-03-19,Completed
ORD06167,C03965,2025-04-14,Cancelled
ORD06168,C03700,2025-02-28,Completed
ORD06169,C00103,2025-08-20,Pending
ORD06170,C00054,2025-07-22,Completed
ORD06171,C03363,2025-09-27,Cancelled
ORD06172,C03549,2025-05-21,Completed
ORD06173,C02517,2025-02-21,Completed
ORD06174,C03873,2025-05-01,Completed
ORD06175,C04972,2025-06-09,Completed
ORD06176,C04500,2025-10-19,Completed
ORD06177,C01569,2025-11-22,Completed
ORD06178,C02391,2025-04-06,Completed
ORD06179,C01413,2025-06-12,Completed
ORD06180,C03640,2025-07-14,Completed
ORD06181,C04776,2025-10-19,Completed
ORD06182,C04025,2025-09-04,Pending
ORD06183,C01812,2025-12-15,Completed
ORD06184,C03064,2025-02-15,Completed
ORD06185,C03161,2025-01-18,Completed
ORD06186,C01320,2025-12-09,Cancelled
ORD06187,C02042,2025-12-03,Completed
ORD06188,C00247,2025-02-21,Completed
ORD06189,C00140,2025-11-11,Completed
ORD06190,C00507,2025-12-14,Completed
ORD06191,C00629,2025-06-29,Cancelled
ORD06192,C00800,2025-11-14,Completed
ORD06193,C03113,2025-12-08,Completed
ORD06194,C01823,2025-03-14,Completed
ORD06195,C00475,2025-11-30,Completed
ORD06196,C03995,2025-09-09,Completed
ORD06197,C02759,2025-10-30,Completed
ORD06198,C00617,2025-12-26,Completed
ORD06199,C02961,2025-11-23,Cancelled
ORD06200,C04986,2025-12-28,Completed
ORD06201,C01884,2025-04-28,Pending
ORD06202,C04138,2025-05-30,Completed
ORD06203,C03224,2025-03-06,Pending
ORD06204,C04749,2025-12-16,Pending
ORD06205,C00142,2025-08-11,Completed
ORD06206,C04486,2025-09-18,Completed
ORD06207,C02629,2025-12-23,Returned
ORD06208,C03348,2025-07-23,Completed
ORD06209,C01582,2025-01-14,Completed
ORD06210,C04384,2025-01-30,Completed
ORD06211,C00687,2025-11-24,Completed
ORD06212,C01766,2025-05-15,Completed
ORD06213,C02246,2025-10-18,Completed
ORD06214,C03338,2025-05-08,Completed
ORD06215,C03565,2025-09-28,Completed
ORD06216,C04279,2025-09-13,Completed
ORD06217,C02039,2025-05-26,Completed
ORD06218,C01188,2025-05-31,Returned
ORD06219,C02135,2025-02-18,Returned
ORD06220,C03477,2025-08-26,Completed
ORD06221,C01182,2025-02-18,Completed
ORD06222,C04021,2025-05-29,Completed
ORD06223,C00169,2025-11-13,Completed
ORD06224,C02344,2025-09-13,Completed
ORD06225,C01069,2025-11-05,Completed
ORD06226,C01647,2025-03-13,Completed
ORD06227,C04328,2025-05-01,Returned
ORD06228,C02473,2025-09-25,Completed
ORD06229,C00199,2025-11-06,Returned
ORD06230,C01412,2025-10-26,Completed
ORD06231,C00854,2025-08-04,Cancelled
ORD06232,C01383,2025-10-14,Returned
ORD06233,C04827,2025-01-21,Completed
ORD06234,C02558,2025-06-28,Completed
ORD06235,C04311,2025-03-21,Completed
ORD06236,C01146,2025-08-13,Completed
ORD06237,C01686,2025-04-25,Completed
ORD06238,C01534,2025-06-22,Completed
ORD06239,C00788,2025-03-08,Cancelled
ORD06240,C04591,2025-08-27,Completed
ORD06241,C03297,2025-04-25,Completed
ORD06242,C00058,2025-05-12,Completed
ORD06243,C03624,2025-05-10,Completed
ORD06244,C03831,2025-08-06,Completed
ORD06245,C01492,2025-03-08,Completed
ORD06246,C03285,2025-11-09,Completed
ORD06247,C04228,2025-06-19,Pending
ORD06248,C00941,2025-07-31,Completed
ORD06249,C01459,2025-02-04,Completed
ORD06250,C03037,2025-02-06,Returned
ORD06251,C00855,2025-05-07,Completed
ORD06252,C01177,2025-11-19,Completed
ORD06253,C02434,2025-06-17,Completed
ORD06254,C03722,2025-01-15,Returned
ORD06255,C02680,2025-01-04,Completed
ORD06256,C00189,2025-07-01,Completed
ORD06257,C02129,2025-12-16,Completed
ORD06258,C04314,2025-01-23,Completed
ORD06259,C03408,2025-08-03,Completed
ORD06260,C04381,2025-08-24,Completed
ORD06261,C02443,2025-02-28,Completed
ORD06262,C04470,2025-12-08,Completed
ORD06263,C00975,2025-04-02,Completed
ORD06264,C03570,2025-01-24,Completed
ORD06265,C04390,2025-05-01,Completed
ORD06266,C02869,2025-11-07,Completed
ORD06267,C04430,2025-04-01,Completed
ORD06268,C01045,2025-05-12,Completed
ORD06269,C01039,2025-05-27,Pending
ORD06270,C04433,2025-10-02,Completed
ORD06271,C03170,2025-01-08,Cancelled
ORD06272,C01549,2025-07-06,Completed
ORD06273,C02534,2025-02-25,Completed
ORD06274,C03473,2025-12-25,Completed
ORD06275,C02552,2025-07-28,Completed
ORD06276,C02147,2025-02-20,Completed
ORD06277,C04741,2025-12-02,Completed
ORD06278,C00268,2025-12-01,Completed
ORD06279,C02400,2025-12-11,Pending
ORD06280,C03789,2025-04-24,Completed
ORD06281,C00652,2025-11-19,Completed
ORD06282,C04727,2025-09-17,Cancelled
ORD06283,C01928,2025-06-10,Completed
ORD06284,C02052,2025-05-25,Completed
ORD06285,C00068,2025-12-12,Completed
ORD06286,C01104,2025-08-23,Completed
ORD06287,C00602,2025-03-11,Completed
ORD06288,C04013,2025-12-24,Completed
ORD06289,C02636,2025-07-17,Cancelled
ORD06290,C04112,2025-06-23,Completed
ORD06291,C04929,2025-01-03,Completed
ORD06292,C00788,2025-12-15,Completed
ORD06293,C02309,2025-05-19,Completed
ORD06294,C04669,2025-05-10,Completed
ORD06295,C04311,2025-01-02,Cancelled
ORD06296,C01576,2025-01-15,Pending
ORD06297,C04407,2025-11-01,Returned
ORD06298,C01311,2025-03-27,Completed
ORD06299,C00367,2025-07-26,Completed
ORD06300,C00794,2025-11-06,Completed
ORD06301,C03188,2025-06-16,Completed
ORD06302,C02421,2025-01-17,Completed
ORD06303,C04629,2025-05-06,Completed
ORD06304,C03448,2025-05-09,Completed
ORD06305,C01039,2025-08-01,Completed
ORD06306,C02614,2025-10-12,Completed
ORD06307,C01061,2025-09-26,Completed
ORD06308,C01382,2025-05-02,Completed
ORD06309,C03153,2025-06-13,Completed
ORD06310,C01462,2025-07-31,Completed
ORD06311,C00110,2025-10-11,Completed
ORD06312,C02991,2025-10-24,Completed
ORD06313,C00211,2025-12-09,Completed
ORD06314,C04307,2025-10-10,Completed
ORD06315,C00111,2025-01-04,Returned
ORD06316,C02027,2025-01-01,Completed
ORD06317,C02722,2025-04-10,Completed
ORD06318,C04408,2025-03-20,Completed
ORD06319,C03255,2025-09-26,Returned
ORD06320,C03925,2025-11-19,Completed
ORD06321,C01267,2025-01-27,Pending
ORD06322,C01562,2025-01-06,Completed
ORD06323,C00578,2025-02-01,Completed
ORD06324,C00513,2025-08-06,Completed
ORD06325,C01394,2025-03-27,Completed
ORD06326,C04836,2025-08-28,Completed
ORD06327,C03208,2025-03-27,Completed
ORD06328,C03001,2025-05-18,Completed
ORD06329,C02855,2025-12-23,Completed
ORD06330,C04739,2025-10-15,Completed
ORD06331,C03649,2025-01-02,Pending
ORD06332,C01040,2025-08-21,Returned
ORD06333,C01099,2025-11-14,Cancelled
ORD06334,C01366,2025-12-22,Completed
ORD06335,C02526,2025-03-21,Cancelled
ORD06336,C04577,2025-07-29,Completed
ORD06337,C02721,2025-10-03,Pending
ORD06338,C01948,2025-06-06,Completed
ORD06339,C01373,2025-12-27,Completed
ORD06340,C01641,2025-10-14,Completed
ORD06341,C04429,2025-09-07,Cancelled
ORD06342,C02207,2025-11-12,Completed
ORD06343,C02877,2025-11-08,Completed
ORD06344,C00435,2025-11-09,Completed
ORD06345,C01882,2025-05-03,Completed
ORD06346,C02976,2025-09-26,Completed
ORD06347,C02855,2025-08-22,Completed
ORD06348,C04223,2025-11-29,Completed
ORD06349,C02151,2025-07-24,Cancelled
ORD06350,C01766,2025-11-28,Completed
ORD06351,C04989,2025-02-19,Completed
ORD06352,C00669,2025-12-06,Completed
ORD06353,C00220,2025-06-29,Completed
ORD06354,C04548,2025-09-07,Completed
ORD06355,C01704,2025-01-10,Returned
ORD06356,C01226,2025-10-28,Completed
ORD06357,C00707,2025-05-20,Returned
ORD06358,C04794,2025-11-04,Cancelled
ORD06359,C00468,2025-12-13,Completed
ORD06360,C02439,2025-02-03,Completed
ORD06361,C03834,2025-10-17,Completed
ORD06362,C01285,2025-11-30,Completed
ORD06363,C01533,2025-08-26,Completed
ORD06364,C04162,2025-11-11,Cancelled
ORD06365,C00786,2025-05-21,Completed
ORD06366,C02157,2025-10-05,Completed
ORD06367,C00582,2025-10-15,Completed
ORD06368,C00992,2025-08-31,Completed
ORD06369,C01325,2025-09-20,Completed
ORD06370,C02763,2025-09-22,Completed
ORD06371,C04392,2025-09-05,Completed
ORD06372,C04808,2025-05-12,Completed
ORD06373,C00362,2025-10-23,Completed
ORD06374,C03448,2025-04-05,Completed
ORD06375,C04234,2025-07-23,Completed
ORD06376,C04425,2025-01-12,Completed
ORD06377,C01519,2025-01-11,Completed
ORD06378,C04567,2025-11-23,Cancelled
ORD06379,C00185,2025-07-02,Completed
ORD06380,C00170,2025-02-11,Completed
ORD06381,C04078,2025-05-27,Completed
ORD06382,C02637,2025-08-17,Completed
ORD06383,C01204,2025-12-03,Completed
ORD06384,C01056,2025-06-19,Completed
ORD06385,C03061,2025-11-22,Completed
ORD06386,C04098,2025-01-13,Returned
ORD06387,C04483,2025-05-18,Completed
ORD06388,C04914,2025-01-07,Completed
ORD06389,C00852,2025-06-23,Cancelled
ORD06390,C04605,2025-02-26,Completed
ORD06391,C01730,2025-07-14,Completed
ORD06392,C02239,2025-12-27,Completed
ORD06393,C02404,2025-11-14,Cancelled
ORD06394,C02339,2025-09-05,Cancelled
ORD06395,C00305,2025-01-03,Completed
ORD06396,C02826,2025-03-01,Completed
ORD06397,C00326,2025-07-21,Cancelled
ORD06398,C03674,2025-03-13,Completed
ORD06399,C02207,2025-08-06,Completed
ORD06400,C02946,2025-08-31,Cancelled
ORD06401,C03970,2025-03-23,Completed
ORD06402,C04364,2025-09-03,Completed
ORD06403,C02367,2025-08-23,Completed
ORD06404,C01990,2025-01-28,Cancelled
ORD06405,C04354,2025-04-19,Completed
ORD06406,C03601,2025-03-09,Cancelled
ORD06407,C04396,2025-11-05,Completed
ORD06408,C00775,2025-12-12,Completed
ORD06409,C00303,2025-12-20,Completed
ORD06410,C02047,2025-05-17,Cancelled
ORD06411,C03770,2025-06-07,Completed
ORD06412,C00660,2025-09-16,Completed
ORD06413,C02164,2025-03-10,Completed
ORD06414,C01262,2025-03-22,Completed
ORD06415,C00127,2025-06-11,Pending
ORD06416,C04618,2025-09-02,Completed
ORD06417,C03742,2025-05-08,Completed
ORD06418,C03545,2025-10-12,Pending
ORD06419,C01534,2025-09-14,Completed
ORD06420,C03098,2025-06-26,Completed
ORD06421,C02949,2025-07-02,Completed
ORD06422,C01137,2025-06-19,Completed
ORD06423,C03389,2025-10-13,Completed
ORD06424,C03148,2025-10-04,Completed
ORD06425,C00201,2025-08-07,Pending
ORD06426,C03150,2025-05-17,Completed
ORD06427,C03908,2025-09-26,Completed
ORD06428,C03284,2025-06-08,Completed
ORD06429,C03875,2025-02-27,Completed
ORD06430,C00369,2025-01-27,Completed
ORD06431,C01440,2025-06-25,Completed
ORD06432,C02140,2025-07-27,Cancelled
ORD06433,C02172,2025-06-24,Completed
ORD06434,C01956,2025-05-27,Completed
ORD06435,C04176,2025-06-28,Completed
ORD06436,C04793,2025-05-16,Completed
ORD06437,C04168,2025-05-27,Completed
ORD06438,C03729,2025-01-04,Completed
ORD06439,C00969,2025-12-19,Returned
ORD06440,C02551,2025-07-10,Completed
ORD06441,C02695,2025-12-08,Pending
ORD06442,C03160,2025-04-19,Pending
ORD06443,C01605,2025-09-04,Completed
ORD06444,C03502,2025-11-05,Completed
ORD06445,C00868,2025-02-03,Completed
ORD06446,C00856,2025-10-30,Completed
ORD06447,C00989,2025-04-12,Completed
ORD06448,C03612,2025-07-06,Cancelled
ORD06449,C02853,2025-06-16,Completed
ORD06450,C02289,2025-03-25,Completed
ORD06451,C04710,2025-09-26,Completed
ORD06452,C01565,2025-05-07,Cancelled
ORD06453,C01244,2025-05-28,Completed
ORD06454,C03771,2025-08-25,Returned
ORD06455,C00714,2025-02-11,Completed
ORD06456,C00048,2025-02-25,Returned
ORD06457,C03092,2025-08-15,Returned
ORD06458,C03775,2025-05-31,Completed
ORD06459,C03105,2025-01-27,Completed
ORD06460,C04469,2025-11-16,Completed
ORD06461,C04859,2025-09-24,Completed
ORD06462,C04945,2025-03-21,Completed
ORD06463,C00814,2025-05-13,Completed
ORD06464,C03405,2025-10-21,Pending
ORD06465,C02223,2025-08-29,Completed
ORD06466,C04952,2025-04-16,Completed
ORD06467,C02505,2025-09-03,Completed
ORD06468,C04234,2025-10-01,Completed
ORD06469,C01739,2025-09-16,Completed
ORD06470,C00668,2025-07-20,Completed
ORD06471,C00743,2025-12-25,Completed
ORD06472,C03937,2025-08-24,Completed
ORD06473,C02516,2025-06-11,Completed
ORD06474,C00457,2025-10-04,Completed
ORD06475,C01549,2025-02-11,Completed
ORD06476,C03394,2025-11-21,Completed
ORD06477,C01332,2025-02-04,Cancelled
ORD06478,C03663,2025-10-16,Returned
ORD06479,C00298,2025-11-24,Completed
ORD06480,C02632,2025-04-10,Cancelled
ORD06481,C00531,2025-03-10,Completed
ORD06482,C00163,2025-07-09,Completed
ORD06483,C04015,2025-06-03,Completed
ORD06484,C01147,2025-11-18,Completed
ORD06485,C02474,2025-06-22,Completed
ORD06486,C03010,2025-10-03,Pending
ORD06487,C03620,2025-08-05,Completed
ORD06488,C02630,2025-07-11,Completed
ORD06489,C00771,2025-11-24,Completed
ORD06490,C03406,2025-09-22,Completed
ORD06491,C01861,2025-01-18,Completed
ORD06492,C04247,2025-05-04,Completed
ORD06493,C01718,2025-02-25,Completed
ORD06494,C01981,2025-06-28,Completed
ORD06495,C02516,2025-02-25,Completed
ORD06496,C01933,2025-05-14,Completed
ORD06497,C04776,2025-03-30,Completed
ORD06498,C01446,2025-07-09,Cancelled
ORD06499,C04230,2025-01-29,Pending
ORD06500,C01484,2025-05-28,Completed
ORD06501,C02616,2025-09-13,Completed
ORD06502,C00833,2025-07-16,Completed
ORD06503,C03812,2025-05-19,Pending
ORD06504,C01702,2025-06-20,Completed
ORD06505,C02319,2025-11-02,Completed
ORD06506,C04214,2025-07-30,Completed
ORD06507,C01097,2025-09-11,Returned
ORD06508,C00449,2025-03-20,Completed
ORD06509,C00817,2025-08-26,Completed
ORD06510,C00273,2025-03-08,Completed
ORD06511,C00609,2025-01-23,Completed
ORD06512,C00024,2025-11-20,Completed
ORD06513,C03178,2025-04-29,Completed
ORD06514,C02243,2025-04-17,Completed
ORD06515,C02293,2025-12-15,Completed
ORD06516,C00017,2025-04-03,Cancelled
ORD06517,C03075,2025-04-17,Completed
ORD06518,C03004,2025-07-23,Completed
ORD06519,C00605,2025-12-30,Completed
ORD06520,C01469,2025-10-31,Completed
ORD06521,C04058,2025-01-20,Completed
ORD06522,C02710,2025-03-19,Completed
ORD06523,C02950,2025-02-15,Completed
ORD06524,C01866,2025-06-29,Completed
ORD06525,C03890,2025-03-08,Cancelled
ORD06526,C01622,2025-12-09,Completed
ORD06527,C04157,2025-07-07,Completed
ORD06528,C02157,2025-12-04,Completed
ORD06529,C04391,2025-07-06,Completed
ORD06530,C03183,2025-01-27,Completed
ORD06531,C01161,2025-05-06,Completed
ORD06532,C02354,2025-12-02,Completed
ORD06533,C01260,2025-03-28,Completed
ORD06534,C00292,2025-06-13,Returned
ORD06535,C02951,2025-05-02,Completed
ORD06536,C03323,2025-02-09,Completed
ORD06537,C01849,2025-11-10,Completed
ORD06538,C00035,2025-05-17,Completed
ORD06539,C04349,2025-11-06,Completed
ORD06540,C03878,2025-07-06,Completed
ORD06541,C01353,2025-04-11,Completed
ORD06542,C00422,2025-09-17,Completed
ORD06543,C00293,2025-07-11,Completed
ORD06544,C04608,2025-12-07,Completed
ORD06545,C01794,2025-06-21,Completed
ORD06546,C02931,2025-07-25,Completed
ORD06547,C04171,2025-07-09,Completed
ORD06548,C04546,2025-02-02,Completed
ORD06549,C01261,2025-10-12,Completed
ORD06550,C01720,2025-11-10,Completed
ORD06551,C03595,2025-06-02,Completed
ORD06552,C03192,2025-10-24,Completed
ORD06553,C00347,2025-01-23,Completed
ORD06554,C02946,2025-09-08,Returned
ORD06555,C01709,2025-04-14,Completed
ORD06556,C00028,2025-08-24,Completed
ORD06557,C01031,2025-07-27,Completed
ORD06558,C03182,2025-01-01,Completed
ORD06559,C02367,2025-01-06,Completed
ORD06560,C02064,2025-08-22,Completed
ORD06561,C00215,2025-02-22,Completed
ORD06562,C02578,2025-01-08,Completed
ORD06563,C03379,2025-12-14,Completed
ORD06564,C02843,2025-06-15,Completed
ORD06565,C04877,2025-11-10,Completed
ORD06566,C00319,2025-11-27,Completed
ORD06567,C02647,2025-10-01,Completed
ORD06568,C04840,2025-09-12,Pending
ORD06569,C01091,2025-03-25,Completed
ORD06570,C01387,2025-05-29,Completed
ORD06571,C00346,2025-05-10,Completed
ORD06572,C00149,2025-02-01,Completed
ORD06573,C01959,2025-12-20,Completed
ORD06574,C04704,2025-02-23,Completed
ORD06575,C03520,2025-10-16,Completed
ORD06576,C00826,2025-05-07,Completed
ORD06577,C01984,2025-06-24,Completed
ORD06578,C00644,2025-12-10,Completed
ORD06579,C02468,2025-03-17,Completed
ORD06580,C01262,2025-10-08,Completed
ORD06581,C00892,2025-03-10,Completed
ORD06582,C01772,2025-03-22,Completed
ORD06583,C03369,2025-12-14,Pending
ORD06584,C00989,2025-05-19,Completed
ORD06585,C01079,2025-11-22,Completed
ORD06586,C02703,2025-06-02,Completed
ORD06587,C01194,2025-05-14,Returned
ORD06588,C04872,2025-03-21,Completed
ORD06589,C02354,2025-05-03,Completed
ORD06590,C01218,2025-04-29,Cancelled
ORD06591,C01078,2025-12-26,Completed
ORD06592,C00124,2025-01-14,Completed
ORD06593,C01563,2025-03-08,Completed
ORD06594,C04313,2025-11-06,Completed
ORD06595,C04462,2025-12-04,Cancelled
ORD06596,C01320,2025-05-16,Cancelled
ORD06597,C01932,2025-06-20,Completed
ORD06598,C04801,2025-09-08,Completed
ORD06599,C00786,2025-04-30,Completed
ORD06600,C01887,2025-03-24,Completed
ORD06601,C02644,2025-07-14,Completed
ORD06602,C03971,2025-07-30,Completed
ORD06603,C04821,2025-05-24,Returned
ORD06604,C04256,2025-05-21,Completed
ORD06605,C04000,2025-07-12,Completed
ORD06606,C00459,2025-10-03,Pending
ORD06607,C04884,2025-08-21,Completed
ORD06608,C04752,2025-07-05,Completed
ORD06609,C03080,2025-02-05,Completed
ORD06610,C00029,2025-10-10,Completed
ORD06611,C00003,2025-11-25,Completed
ORD06612,C00326,2025-11-02,Completed
ORD06613,C03213,2025-05-06,Completed
ORD06614,C03087,2025-01-29,Completed
ORD06615,C03975,2025-04-07,Completed
ORD06616,C02740,2025-08-05,Completed
ORD06617,C01343,2025-08-04,Completed
ORD06618,C04014,2025-04-12,Completed
ORD06619,C01533,2025-10-28,Completed
ORD06620,C02388,2025-06-14,Completed
ORD06621,C04467,2025-10-20,Completed
ORD06622,C03691,2025-08-21,Completed
ORD06623,C04456,2025-04-04,Cancelled
ORD06624,C02464,2025-04-10,Completed
ORD06625,C01280,2025-02-02,Completed
ORD06626,C03541,2025-03-27,Completed
ORD06627,C01311,2025-03-26,Completed
ORD06628,C01316,2025-09-29,Completed
ORD06629,C01613,2025-09-25,Returned
ORD06630,C00678,2025-04-11,Completed
ORD06631,C02666,2025-04-01,Returned
ORD06632,C01339,2025-04-22,Completed
ORD06633,C04927,2025-01-15,Completed
ORD06634,C01185,2025-09-06,Cancelled
ORD06635,C00225,2025-10-25,Returned
ORD06636,C02387,2025-01-22,Returned
ORD06637,C00786,2025-05-23,Completed
ORD06638,C00610,2025-03-29,Completed
ORD06639,C02773,2025-03-24,Completed
ORD06640,C04836,2025-03-21,Completed
ORD06641,C03029,2025-07-18,Completed
ORD06642,C00216,2025-09-25,Cancelled
ORD06643,C04648,2025-04-23,Completed
ORD06644,C01858,2025-12-24,Cancelled
ORD06645,C02855,2025-01-18,Completed
ORD06646,C03400,2025-03-22,Cancelled
ORD06647,C01550,2025-04-11,Cancelled
ORD06648,C03761,2025-05-23,Completed
ORD06649,C02887,2025-04-11,Completed
ORD06650,C04529,2025-04-30,Completed
ORD06651,C04279,2025-08-17,Completed
ORD06652,C04772,2025-07-06,Completed
ORD06653,C00653,2025-11-09,Completed
ORD06654,C02789,2025-05-05,Pending
ORD06655,C00265,2025-10-24,Completed
ORD06656,C02196,2025-06-24,Completed
ORD06657,C03951,2025-07-05,Completed
ORD06658,C02831,2025-01-31,Completed
ORD06659,C01517,2025-06-26,Completed
ORD06660,C01058,2025-04-26,Completed
ORD06661,C01566,2025-01-08,Completed
ORD06662,C03949,2025-01-03,Completed
ORD06663,C03452,2025-02-05,Completed
ORD06664,C03570,2025-11-05,Completed
ORD06665,C04121,2025-06-02,Completed
ORD06666,C03739,2025-05-26,Completed
ORD06667,C02868,2025-03-28,Pending
ORD06668,C00803,2025-05-18,Completed
ORD06669,C02045,2025-07-07,Cancelled
ORD06670,C03120,2025-07-05,Completed
ORD06671,C04555,2025-11-23,Pending
ORD06672,C03122,2025-10-20,Completed
ORD06673,C01142,2025-08-23,Cancelled
ORD06674,C00006,2025-03-30,Completed
ORD06675,C01067,2025-12-13,Cancelled
ORD06676,C03023,2025-11-22,Cancelled
ORD06677,C02165,2025-11-17,Completed
ORD06678,C00906,2025-12-08,Completed
ORD06679,C03015,2025-07-01,Returned
ORD06680,C03363,2025-04-02,Cancelled
ORD06681,C02485,2025-02-06,Completed
ORD06682,C03464,2025-12-04,Completed
ORD06683,C03652,2025-08-04,Cancelled
ORD06684,C04157,2025-01-14,Cancelled
ORD06685,C04667,2025-05-16,Completed
ORD06686,C02565,2025-10-19,Completed
ORD06687,C02476,2025-09-05,Completed
ORD06688,C02035,2025-04-13,Completed
ORD06689,C02185,2025-03-29,Completed
ORD06690,C02662,2025-04-12,Returned
ORD06691,C01277,2025-01-13,Completed
ORD06692,C02623,2025-05-19,Returned
ORD06693,C01843,2025-03-13,Completed
ORD06694,C00551,2025-06-01,Completed
ORD06695,C02445,2025-01-31,Returned
ORD06696,C01702,2025-09-02,Completed
ORD06697,C02829,2025-03-18,Returned
ORD06698,C02184,2025-04-08,Completed
ORD06699,C00353,2025-11-08,Completed
ORD06700,C02746,2025-12-13,Completed
ORD06701,C04371,2025-05-07,Cancelled
ORD06702,C00248,2025-11-13,Returned
ORD06703,C02992,2025-05-04,Returned
ORD06704,C00640,2025-04-06,Completed
ORD06705,C02978,2025-03-25,Returned
ORD06706,C03292,2025-05-22,Completed
ORD06707,C03640,2025-05-25,Completed
ORD06708,C04498,2025-08-26,Completed
ORD06709,C03563,2025-08-13,Cancelled
ORD06710,C03124,2025-05-29,Completed
ORD06711,C01338,2025-09-17,Completed
ORD06712,C01907,2025-01-19,Completed
ORD06713,C00246,2025-08-24,Completed
ORD06714,C00650,2025-01-21,Returned
ORD06715,C00567,2025-01-19,Completed
ORD06716,C01108,2025-05-31,Completed
ORD06717,C04291,2025-01-05,Completed
ORD06718,C03210,2025-11-07,Completed
ORD06719,C02436,2025-03-07,Completed
ORD06720,C00922,2025-09-18,Completed
ORD06721,C02519,2025-10-28,Cancelled
ORD06722,C00162,2025-01-14,Completed
ORD06723,C02099,2025-10-27,Completed
ORD06724,C00448,2025-12-03,Pending
ORD06725,C00506,2025-08-13,Completed
ORD06726,C01576,2025-12-19,Completed
ORD06727,C02404,2025-10-19,Completed
ORD06728,C00253,2025-05-26,Completed
ORD06729,C04923,2025-04-17,Completed
ORD06730,C03394,2025-05-29,Completed
ORD06731,C02171,2025-02-13,Completed
ORD06732,C00602,2025-01-31,Completed
ORD06733,C00329,2025-12-10,Completed
ORD06734,C01696,2025-02-08,Completed
ORD06735,C02851,2025-07-09,Completed
ORD06736,C01778,2025-02-15,Completed
ORD06737,C04278,2025-09-20,Completed
ORD06738,C04503,2025-06-12,Completed
ORD06739,C03171,2025-08-01,Completed
ORD06740,C03528,2025-08-16,Completed
ORD06741,C00949,2025-05-17,Completed
ORD06742,C02170,2025-09-25,Completed
ORD06743,C02831,2025-02-06,Completed
ORD06744,C03303,2025-01-11,Completed
ORD06745,C02877,2025-03-03,Completed
ORD06746,C01078,2025-08-23,Completed
ORD06747,C00424,2025-12-17,Completed
ORD06748,C00533,2025-06-25,Pending
ORD06749,C01887,2025-10-04,Completed
ORD06750,C00941,2025-02-23,Completed
ORD06751,C01001,2025-03-02,Completed
ORD06752,C03559,2025-03-31,Returned
ORD06753,C03858,2025-02-19,Completed
ORD06754,C01703,2025-07-09,Completed
ORD06755,C01580,2025-05-15,Completed
ORD06756,C00293,2025-07-21,Completed
ORD06757,C03456,2025-06-16,Completed
ORD06758,C02087,2025-12-24,Completed
ORD06759,C01531,2025-06-12,Completed
ORD06760,C01765,2025-03-04,Returned
ORD06761,C00296,2025-09-12,Completed
ORD06762,C04090,2025-02-08,Completed
ORD06763,C01193,2025-01-04,Completed
ORD06764,C01189,2025-06-14,Returned
ORD06765,C00261,2025-10-07,Cancelled
ORD06766,C02509,2025-06-14,Returned
ORD06767,C01449,2025-06-03,Completed
ORD06768,C04496,2025-09-22,Completed
ORD06769,C00283,2025-11-09,Completed
ORD06770,C04858,2025-03-07,Completed
ORD06771,C01887,2025-05-01,Completed
ORD06772,C00320,2025-02-20,Cancelled
ORD06773,C00123,2025-10-26,Returned
ORD06774,C04712,2025-05-02,Completed
ORD06775,C04840,2025-02-20,Pending
ORD06776,C02203,2025-01-31,Completed
ORD06777,C04875,2025-11-09,Cancelled
ORD06778,C04138,2025-02-28,Completed
ORD06779,C03701,2025-12-29,Completed
ORD06780,C04811,2025-03-11,Cancelled
ORD06781,C01514,2025-09-22,Completed
ORD06782,C03666,2025-06-06,Returned
ORD06783,C00630,2025-06-21,Returned
ORD06784,C04843,2025-05-12,Completed
ORD06785,C01229,2025-07-02,Completed
ORD06786,C01571,2025-06-02,Returned
ORD06787,C02710,2025-01-23,Completed
ORD06788,C03320,2025-08-07,Completed
ORD06789,C01424,2025-09-03,Completed
ORD06790,C04363,2025-12-30,Completed
ORD06791,C04877,2025-07-21,Completed
ORD06792,C02282,2025-10-08,Completed
ORD06793,C00681,2025-01-20,Completed
ORD06794,C00575,2025-03-29,Completed
ORD06795,C01112,2025-12-24,Completed
ORD06796,C01216,2025-05-19,Completed
ORD06797,C00158,2025-08-07,Completed
ORD06798,C03857,2025-09-12,Completed
ORD06799,C04233,2025-04-30,Cancelled
ORD06800,C03158,2025-08-22,Completed
ORD06801,C04159,2025-02-04,Completed
ORD06802,C04041,2025-01-02,Completed
ORD06803,C01104,2025-05-09,Completed
ORD06804,C04124,2025-11-09,Completed
ORD06805,C02937,2025-02-12,Returned
ORD06806,C01794,2025-04-08,Pending
ORD06807,C00796,2025-07-01,Completed
ORD06808,C04722,2025-04-02,Completed
ORD06809,C04604,2025-04-03,Cancelled
ORD06810,C02040,2025-08-10,Completed
ORD06811,C00688,2025-12-30,Completed
ORD06812,C01344,2025-01-09,Completed
ORD06813,C03656,2025-03-19,Completed
ORD06814,C02666,2025-03-01,Cancelled
ORD06815,C01151,2025-07-15,Cancelled
ORD06816,C03287,2025-01-30,Cancelled
ORD06817,C04606,2025-08-03,Completed
ORD06818,C03468,2025-02-26,Completed
ORD06819,C00164,2025-10-11,Completed
ORD06820,C00014,2025-12-11,Completed
ORD06821,C00221,2025-10-18,Completed
ORD06822,C03912,2025-07-20,Completed
ORD06823,C01773,2025-07-30,Completed
ORD06824,C04331,2025-08-02,Completed
ORD06825,C01694,2025-04-22,Completed
ORD06826,C04879,2025-11-28,Completed
ORD06827,C00361,2025-07-20,Completed
ORD06828,C03313,2025-11-26,Completed
ORD06829,C03508,2025-01-05,Returned
ORD06830,C02789,2025-07-01,Completed
ORD06831,C04311,2025-11-27,Completed
ORD06832,C00303,2025-06-23,Completed
ORD06833,C04985,2025-01-28,Returned
ORD06834,C01787,2025-01-23,Completed
ORD06835,C01531,2025-07-04,Completed
ORD06836,C04838,2025-09-16,Completed
ORD06837,C02880,2025-07-09,Completed
ORD06838,C02417,2025-06-09,Completed
ORD06839,C04793,2025-10-21,Pending
ORD06840,C02359,2025-02-04,Completed
ORD06841,C02141,2025-04-19,Completed
ORD06842,C00540,2025-07-20,Completed
ORD06843,C03046,2025-01-07,Returned
ORD06844,C01476,2025-11-02,Completed
ORD06845,C04788,2025-11-09,Completed
ORD06846,C03607,2025-07-24,Completed
ORD06847,C04762,2025-03-02,Pending
ORD06848,C04135,2025-02-26,Returned
ORD06849,C02544,2025-11-09,Completed
ORD06850,C01725,2025-07-31,Completed
ORD06851,C04276,2025-05-15,Completed
ORD06852,C00118,2025-05-02,Completed
ORD06853,C00768,2025-08-19,Completed
ORD06854,C02287,2025-10-16,Returned
ORD06855,C00767,2025-03-02,Pending
ORD06856,C03918,2025-08-11,Completed
ORD06857,C02727,2025-07-10,Completed
ORD06858,C00333,2025-05-23,Completed
ORD06859,C04045,2025-06-23,Cancelled
ORD06860,C01631,2025-02-23,Completed
ORD06861,C03652,2025-07-01,Cancelled
ORD06862,C01084,2025-04-01,Completed
ORD06863,C02640,2025-01-27,Returned
ORD06864,C04411,2025-05-07,Completed
ORD06865,C03225,2025-01-19,Completed
ORD06866,C04778,2025-01-31,
ORD06867,C03478,2025-09-11,Completed
ORD06868,C04549,2025-08-08,Completed
ORD06869,C02950,2025-07-22,Completed
ORD06870,C03009,2025-04-15,Pending
ORD06871,C02663,2025-02-08,Completed
ORD06872,C02035,2025-05-13,Cancelled
ORD06873,C04046,2025-05-26,Completed
ORD06874,C04903,2025-03-11,Completed
ORD06875,C00009,2025-09-23,Completed
ORD06876,C01400,2025-01-30,Completed
ORD06877,C04471,2025-01-23,Pending
ORD06878,C00212,2025-04-17,Completed
ORD06879,C04422,2025-02-15,Completed
ORD06880,C00948,2025-01-02,Completed
ORD06881,C01174,2025-01-03,Completed
ORD06882,C01248,2025-05-03,Completed
ORD06883,C00794,2025-07-27,Completed
ORD06884,C04893,2025-12-17,Completed
ORD06885,C00202,2025-10-23,Completed
ORD06886,C02847,2025-09-08,Returned
ORD06887,C04262,2025-10-01,Completed
ORD06888,C00933,2025-07-25,Completed
ORD06889,C00692,2025-10-16,Completed
ORD06890,C04086,2025-07-22,Completed
ORD06891,C02560,2025-05-17,Completed
ORD06892,C00394,2025-05-24,Completed
ORD06893,C04834,2025-05-28,Pending
ORD06894,C03266,2025-02-08,Completed
ORD06895,C01158,2025-03-06,Cancelled
ORD06896,C01384,2025-08-27,Cancelled
ORD06897,C03637,2025-03-09,Completed
ORD06898,C00858,2025-01-10,Completed
ORD06899,C02201,2025-11-28,Completed
ORD06900,C01388,2025-07-15,Completed
ORD06901,C01476,2025-09-25,Cancelled
ORD06902,C02477,2025-07-31,Completed
ORD06903,C02713,2025-10-27,Completed
ORD06904,C00746,2025-12-29,Completed
ORD06905,C04815,2025-06-12,Completed
ORD06906,C04432,2025-09-17,Completed
ORD06907,C02050,2025-11-16,Completed
ORD06908,C01780,2025-04-09,Cancelled
ORD06909,C04793,2025-08-19,Completed
ORD06910,C02886,2025-04-08,Completed
ORD06911,C00520,2025-09-30,Completed
ORD06912,C01444,2025-04-30,Completed
ORD06913,C02409,2025-10-12,Completed
ORD06914,C03364,2025-02-13,Completed
ORD06915,C02489,2025-06-05,Completed
ORD06916,C01834,2025-04-25,Cancelled
ORD06917,C03615,2025-04-29,Completed
ORD06918,C00304,2025-11-14,Completed
ORD06919,C04196,2025-06-18,Completed
ORD06920,C02781,2025-04-25,Pending
ORD06921,C03833,2025-11-05,Completed
ORD06922,C03628,2025-07-20,Pending
ORD06923,C01771,2025-02-23,Completed
ORD06924,C01785,2025-12-01,Completed
ORD06925,C01473,2025-12-30,Completed
ORD06926,C00132,2025-01-07,Completed
ORD06927,C02339,2025-10-31,Completed
ORD06928,C03992,2025-10-03,Completed
ORD06929,C01287,2025-04-14,Completed
ORD06930,C03273,2025-12-04,Completed
ORD06931,C02600,2025-02-05,Completed
ORD06932,C00913,2025-08-07,Completed
ORD06933,C03304,2025-01-03,Completed
ORD06934,C04986,2025-07-29,Completed
ORD06935,C00727,2025-01-11,Completed
ORD06936,C03500,2025-06-12,Completed
ORD06937,C03652,2025-09-15,Cancelled
ORD06938,C01312,2025-12-28,Completed
ORD06939,C01061,2025-07-09,Completed
ORD06940,C02954,2025-10-10,Completed
ORD06941,C04724,2025-04-22,Completed
ORD06942,C02701,2025-05-09,Returned
ORD06943,C00341,2025-11-18,Cancelled
ORD06944,C02463,2025-05-31,Completed
ORD06945,C02759,2025-01-10,Cancelled
ORD06946,C01906,2025-10-22,Completed
ORD06947,C03272,2025-04-10,Completed
ORD06948,C01627,2025-05-10,Completed
ORD06949,C03196,2025-11-05,Pending
ORD06950,C00186,2025-09-25,Completed
ORD06951,C02110,2025-05-31,Completed
ORD06952,C04351,2025-07-20,Completed
ORD06953,C01126,2025-11-06,Returned
ORD06954,C03314,2025-06-19,Completed
ORD06955,C01502,2025-12-18,Completed
ORD06956,C01827,2025-02-09,Completed
ORD06957,C01650,2025-01-12,Completed
ORD06958,C00137,2025-08-27,Completed
ORD06959,C00856,2025-11-13,Completed
ORD06960,C02388,2025-12-28,Completed
ORD06961,C04065,2025-09-22,Completed
ORD06962,C00188,2025-02-08,Completed
ORD06963,C00509,2025-09-21,Returned
ORD06964,C01851,2025-05-03,Completed
ORD06965,C02612,2025-02-06,Completed
ORD06966,C04966,2025-09-28,Completed
ORD06967,C04939,2025-11-27,Pending
ORD06968,C02061,2025-06-27,Completed
ORD06969,C00713,2025-09-18,Completed
ORD06970,C01633,2025-09-12,Completed
ORD06971,C04268,2025-02-25,Completed
ORD06972,C04026,2025-12-29,Completed
ORD06973,C01186,2025-06-29,Completed
ORD06974,C03751,2025-06-07,Completed
ORD06975,C04312,2025-03-10,Completed
ORD06976,C01639,2025-11-01,Completed
ORD06977,C00488,2025-11-29,Returned
ORD06978,C00455,2025-08-15,Completed
ORD06979,C03505,2025-08-17,Completed
ORD06980,C02728,2025-06-21,Completed
ORD06981,C00284,2025-06-14,Completed
ORD06982,C02611,2025-09-05,Completed
ORD06983,C03144,2025-01-31,Cancelled
ORD06984,C01802,2025-07-20,Completed
ORD06985,C01712,2025-04-22,Completed
ORD06986,C00557,2025-05-18,Completed
ORD06987,C02075,2025-08-30,Completed
ORD06988,C00693,2025-07-02,Pending
ORD06989,C00764,2025-08-11,Returned
ORD06990,C01835,2025-03-18,Completed
ORD06991,C02589,2025-08-12,Completed
ORD06992,C00528,2025-11-25,Completed
ORD06993,C04165,2025-12-20,Completed
ORD06994,C02167,2025-12-01,Completed
ORD06995,C03413,2025-06-04,Completed
ORD06996,C02802,2025-02-08,Completed
ORD06997,C04322,2025-03-24,Returned
ORD06998,C03684,2025-12-15,Completed
ORD06999,C04059,2025-08-31,Completed
ORD07000,C00493,2025-07-18,Completed
ORD07001,C02134,2025-07-20,Completed
ORD07002,C00656,2025-09-10,Cancelled
ORD07003,C02089,2025-02-14,Completed
ORD07004,C03096,2025-06-06,Completed
ORD07005,C00494,2025-02-01,Returned
ORD07006,C04819,2025-03-21,Completed
ORD07007,C03378,2025-12-13,Completed
ORD07008,C01657,2025-12-13,Completed
ORD07009,C04920,2025-12-02,Completed
ORD07010,C01036,2025-08-17,Completed
ORD07011,C02044,2025-11-17,Completed
ORD07012,C03882,2025-09-02,Completed
ORD07013,C03133,2025-06-18,Completed
ORD07014,C00002,2025-03-10,Completed
ORD07015,C02439,2025-08-30,Pending
ORD07016,C00995,2025-05-25,Completed
ORD07017,C00938,2025-04-09,Completed
ORD07018,C02233,2025-12-04,Completed
ORD07019,C01047,2025-09-30,Cancelled
ORD07020,C01339,2025-08-03,Completed
ORD07021,C03536,2025-06-25,Completed
ORD07022,C04671,2025-04-25,Cancelled
ORD07023,C03084,2025-09-03,Completed
ORD07024,C03183,2025-04-02,Completed
ORD07025,C03030,2025-05-09,Completed
ORD07026,C02118,2025-01-08,Completed
ORD07027,C02499,2025-10-27,Completed
ORD07028,C04180,2025-10-21,Completed
ORD07029,C04957,2025-08-18,Completed
ORD07030,C02933,2025-06-18,Completed
ORD07031,C03272,2025-12-03,Completed
ORD07032,C01389,2025-04-03,Cancelled
ORD07033,C00403,2025-10-24,Completed
ORD07034,C03589,2025-01-18,Completed
ORD07035,C02106,2025-05-14,Completed
ORD07036,C03259,2025-07-03,Completed
ORD07037,C01646,2025-11-09,Cancelled
ORD07038,C00092,2025-02-04,Completed
ORD07039,C03838,2025-07-17,Pending
ORD07040,C04970,2025-03-26,Completed
ORD07041,C00512,2025-05-20,Completed
ORD07042,C04190,2025-10-04,Completed
ORD07043,C01203,2025-09-23,Completed
ORD07044,C00515,2025-06-30,Pending
ORD07045,C04242,2025-04-30,Completed
ORD07046,C02184,2025-04-26,Completed
ORD07047,C01077,2025-10-26,Completed
ORD07048,C03819,2025-05-03,Completed
ORD07049,C02605,2025-06-09,Completed
ORD07050,C01448,2025-05-24,Completed
ORD07051,C01277,2025-11-12,Pending
ORD07052,C02127,2025-10-02,Pending
ORD07053,C00061,2025-06-04,Returned
ORD07054,C03476,2025-09-21,Completed
ORD07055,C03156,2025-12-26,Returned
ORD07056,C04571,2025-11-22,Completed
ORD07057,C00384,2025-10-04,Returned
ORD07058,C03698,2025-07-25,Completed
ORD07059,C02089,2025-12-03,Completed
ORD07060,C03995,2025-03-26,Completed
ORD07061,C03598,2025-08-27,Completed
ORD07062,C00913,2025-06-29,Completed
ORD07063,C04505,2025-08-22,Completed
ORD07064,C03936,2025-10-02,Completed
ORD07065,C02797,2025-07-28,Completed
ORD07066,C03307,2025-03-22,Completed
ORD07067,C04005,2025-04-19,Completed
ORD07068,C03881,2025-02-13,Completed
ORD07069,C04322,2025-09-11,Completed
ORD07070,C00517,2025-05-30,Completed
ORD07071,C01766,2025-02-08,Completed
ORD07072,C00962,2025-07-23,Completed
ORD07073,C03403,2025-03-03,Completed
ORD07074,C01390,2025-06-09,Pending
ORD07075,C03254,2025-11-13,Returned
ORD07076,C04470,2025-09-25,Returned
ORD07077,C04729,2025-11-26,Returned
ORD07078,C03536,2025-09-03,Completed
ORD07079,C01412,2025-02-08,Completed
ORD07080,C01136,2025-04-03,Completed
ORD07081,C03805,2025-10-19,Completed
ORD07082,C01486,2025-03-06,Completed
ORD07083,C04048,2025-07-27,Cancelled
ORD07084,C04523,2025-08-05,Completed
ORD07085,C00348,2025-12-18,Completed
ORD07086,C00840,2025-07-20,Completed
ORD07087,C00754,2025-11-23,Completed
ORD07088,C04251,2025-12-07,Completed
ORD07089,C02944,2025-08-24,Completed
ORD07090,C01155,2025-06-20,Completed
ORD07091,C04398,2025-07-09,Cancelled
ORD07092,C01414,2025-04-09,Completed
ORD07093,C01240,2025-11-02,Completed
ORD07094,C00452,2025-01-14,Completed
ORD07095,C01550,2025-05-30,Pending
ORD07096,C00575,2025-04-25,Pending
ORD07097,C03617,2025-05-03,Completed
ORD07098,C02795,2025-05-18,Completed
ORD07099,C02343,2025-09-02,Pending
ORD07100,C00786,2025-02-03,Completed
ORD07101,C02578,2025-09-23,Cancelled
ORD07102,C01481,2025-02-03,Completed
ORD07103,C00928,2025-10-17,Completed
ORD07104,C00691,2025-08-16,Completed
ORD07105,C04946,2025-01-01,Completed
ORD07106,C00214,2025-08-11,Completed
ORD07107,C03868,2025-12-01,Completed
ORD07108,C04963,2025-04-12,Completed
ORD07109,C01717,2025-02-19,Completed
ORD07110,C02440,2025-06-10,Completed
ORD07111,C04535,2025-04-11,Completed
ORD07112,C03279,2025-06-01,Completed
ORD07113,C02858,2025-06-15,Completed
ORD07114,C01827,2025-07-04,Completed
ORD07115,C01992,2025-12-22,Returned
ORD07116,C01433,2025-02-15,Completed
ORD07117,C00822,2025-03-24,Completed
ORD07118,C02457,2025-12-24,Completed
ORD07119,C03696,2025-06-17,Pending
ORD07120,C04881,2025-02-05,Completed
ORD07121,C04746,2025-10-29,Cancelled
ORD07122,C04959,2025-07-03,Completed
ORD07123,C03679,2025-08-30,Completed
ORD07124,C01905,2025-02-18,Returned
ORD07125,C03933,2025-01-01,Completed
ORD07126,C03512,2025-09-30,Cancelled
ORD07127,C01032,2025-07-09,Completed
ORD07128,C01608,2025-04-06,Completed
ORD07129,C00549,2025-05-17,Completed
ORD07130,C02702,2025-06-06,Completed
ORD07131,C03182,2025-04-09,Completed
ORD07132,C03858,2025-11-12,Completed
ORD07133,C04224,2025-12-18,Completed
ORD07134,C03580,2025-09-14,Completed
ORD07135,C01928,2025-08-03,Completed
ORD07136,C02461,2025-12-09,Completed
ORD07137,C02535,2025-10-24,Completed
ORD07138,C00960,2025-01-16,Cancelled
ORD07139,C03308,2025-04-10,Pending
ORD07140,C01084,2025-07-31,Completed
ORD07141,C01581,2025-10-17,Completed
ORD07142,C00223,2025-07-13,Returned
ORD07143,C00189,2025-05-21,Completed
ORD07144,C04756,2025-05-31,Completed
ORD07145,C04996,2025-03-13,Pending
ORD07146,C00626,2025-02-15,Completed
ORD07147,C01433,2025-05-17,Completed
ORD07148,C02152,2025-04-19,Cancelled
ORD07149,C02796,2025-01-26,Completed
ORD07150,C04933,2025-12-06,Completed
ORD07151,C04436,2025-03-28,Completed
ORD07152,C04718,2025-10-24,Returned
ORD07153,C01697,2025-09-15,Completed
ORD07154,C01101,2025-03-02,Completed
ORD07155,C01134,2025-01-10,Completed
ORD07156,C04192,2025-03-19,Returned
ORD07157,C04851,2025-11-11,Completed
ORD07158,C01573,2025-10-28,Pending
ORD07159,C04881,2025-01-21,Completed
ORD07160,C03024,2025-01-02,Pending
ORD07161,C03011,2025-11-15,Completed
ORD07162,C02442,2025-09-08,Completed
ORD07163,C00645,2025-08-11,Completed
ORD07164,C00499,2025-11-18,Completed
ORD07165,C04202,2025-01-18,Completed
ORD07166,C00313,2025-06-08,Returned
ORD07167,C00253,2025-01-04,Completed
ORD07168,C02213,2025-08-04,Completed
ORD07169,C00139,2025-02-10,Returned
ORD07170,C01644,2025-03-02,Completed
ORD07171,C01731,2025-05-04,Completed
ORD07172,C00008,2025-07-03,Completed
ORD07173,C02147,2025-04-11,Completed
ORD07174,C00839,2025-02-25,Completed
ORD07175,C02819,2025-05-17,Completed
ORD07176,C02723,2025-11-14,Completed
ORD07177,C01066,2025-10-23,Completed
ORD07178,C03883,2025-11-01,Returned
ORD07179,C00883,2025-11-02,Completed
ORD07180,C00387,2025-11-05,Completed
ORD07181,C01925,2025-07-14,Completed
ORD07182,C00539,2025-09-08,Cancelled
ORD07183,C03411,2025-06-12,Returned
ORD07184,C04662,2025-03-07,Completed
ORD07185,C03020,2025-10-21,Completed
ORD07186,C04441,2025-11-21,Completed
ORD07187,C03260,2025-01-13,Completed
ORD07188,C00224,2025-02-08,Completed
ORD07189,C04259,2025-01-07,Completed
ORD07190,C00673,2025-06-24,Completed
ORD07191,C01776,2025-08-02,Completed
ORD07192,C03154,2025-05-30,Completed
ORD07193,C04985,2025-06-03,Completed
ORD07194,C01603,2025-12-02,Completed
ORD07195,C04979,2025-09-10,Completed
ORD07196,C01034,2025-01-31,Completed
ORD07197,C04780,2025-07-31,Completed
ORD07198,C00955,2025-07-10,Completed
ORD07199,C02743,2025-04-14,Completed
ORD07200,C00238,2025-07-03,Completed
ORD07201,C01467,2025-06-26,Completed
ORD07202,C01416,2025-06-07,Cancelled
ORD07203,C04593,2025-10-07,Returned
ORD07204,C04601,2025-11-28,Cancelled
ORD07205,C04420,2025-01-09,Completed
ORD07206,C04882,2025-09-11,Completed
ORD07207,C02169,2025-07-30,Completed
ORD07208,C04517,2025-12-25,Completed
ORD07209,C02644,2025-07-02,Completed
ORD07210,C03314,2025-10-19,Returned
ORD07211,C01723,2025-03-25,Returned
ORD07212,C02317,2025-01-17,Completed
ORD07213,C03691,2025-12-11,Completed
ORD07214,C00818,2025-02-11,Completed
ORD07215,C04635,2025-04-15,Completed
ORD07216,C01631,2025-10-18,Completed
ORD07217,C00013,2025-05-01,Completed
ORD07218,C04745,2025-02-07,Cancelled
ORD07219,C03248,2025-07-24,Completed
ORD07220,C03610,2025-12-18,Completed
ORD07221,C02952,2025-03-21,Completed
ORD07222,C04157,2025-06-20,Cancelled
ORD07223,C04132,2025-07-13,Completed
ORD07224,C00351,2025-05-14,Cancelled
ORD07225,C01550,2025-11-07,Completed
ORD07226,C01183,2025-10-30,Completed
ORD07227,C00268,2025-09-21,Cancelled
ORD07228,C04351,2025-10-28,Completed
ORD07229,C02676,2025-10-04,Completed
ORD07230,C02658,2025-09-05,Completed
ORD07231,C01638,2025-11-08,Returned
ORD07232,C04460,2025-01-24,Completed
ORD07233,C03918,2025-01-13,Completed
ORD07234,C03705,2025-08-30,Completed
ORD07235,C00677,2025-03-20,Completed
ORD07236,C03017,2025-10-10,Completed
ORD07237,C03355,2025-10-18,Cancelled
ORD07238,C02506,2025-09-23,Completed
ORD07239,C01682,2025-12-21,Completed
ORD07240,C03744,2025-05-10,Completed
ORD07241,C03759,2025-10-10,Completed
ORD07242,C01548,2025-05-12,Completed
ORD07243,C04854,2025-06-28,Cancelled
ORD07244,C00964,2025-05-21,Completed
ORD07245,C02617,2025-01-30,Pending
ORD07246,C00589,2025-10-11,Completed
ORD07247,C01989,2025-12-30,Returned
ORD07248,C03165,2025-02-08,Completed
ORD07249,C00275,2025-01-02,Completed
ORD07250,C02263,2025-09-21,Completed
ORD07251,C02494,2025-12-03,Completed
ORD07252,C01108,2025-12-16,Completed
ORD07253,C02055,2025-09-17,Completed
ORD07254,C00069,2025-10-26,Completed
ORD07255,C02666,2025-03-26,Completed
ORD07256,C02678,2025-05-08,Returned
ORD07257,C04688,2025-07-17,Completed
ORD07258,C02648,2025-07-04,Completed
ORD07259,C00642,2025-05-20,Completed
ORD07260,C00829,2025-03-21,Cancelled
ORD07261,C04621,2025-10-05,Completed
ORD07262,C00502,2025-02-02,Completed
ORD07263,C01563,2025-12-05,Completed
ORD07264,C00993,2025-06-20,Completed
ORD07265,C04824,2025-05-11,Completed
ORD07266,C04066,2025-08-09,Completed
ORD07267,C00907,2025-02-19,Completed
ORD07268,C04220,2025-04-30,Completed
ORD07269,C02053,2025-12-27,Completed
ORD07270,C04907,2025-07-27,Pending
ORD07271,C02809,2025-03-11,Cancelled
ORD07272,C03370,2025-02-09,Completed
ORD07273,C01012,2025-07-18,Completed
ORD07274,C04617,2025-06-02,Completed
ORD07275,C00722,2025-12-26,Completed
ORD07276,C00495,2025-01-01,Completed
ORD07277,C00527,2025-03-26,Returned
ORD07278,C01697,2025-04-23,Returned
ORD07279,C00188,2025-03-04,Completed
ORD07280,C03726,2025-10-24,Completed
ORD07281,C02763,2025-07-08,Completed
ORD07282,C03197,2025-11-30,Completed
ORD07283,C02014,2025-04-06,Completed
ORD07284,C04493,2025-11-28,Completed
ORD07285,C03181,2025-09-16,Completed
ORD07286,C00815,2025-05-31,Completed
ORD07287,C02518,2025-05-25,Completed
ORD07288,C01392,2025-03-31,Completed
ORD07289,C00186,2025-09-07,Completed
ORD07290,C04938,2025-11-26,Completed
ORD07291,C02571,2025-04-13,Completed
ORD07292,C04681,2025-11-25,Completed
ORD07293,C02808,2025-11-11,Completed
ORD07294,C00061,2025-11-11,Pending
ORD07295,C02215,2025-03-24,Completed
ORD07296,C00563,2025-08-12,Completed
ORD07297,C01896,2025-07-23,Completed
ORD07298,C02715,2025-08-17,Completed
ORD07299,C01468,2025-02-13,Completed
ORD07300,C04112,2025-09-09,Completed
ORD07301,C03825,2025-05-27,Completed
ORD07302,C00413,2025-07-10,Completed
ORD07303,C00652,2025-06-29,Returned
ORD07304,C03773,2025-10-21,Completed
ORD07305,C00689,2025-07-11,Completed
ORD07306,C02754,2025-02-16,Completed
ORD07307,C02556,2025-10-31,Completed
ORD07308,C03016,2025-03-27,Completed
ORD07309,C03475,2025-05-12,Completed
ORD07310,C02601,2025-03-13,Completed
ORD07311,C00787,2025-09-05,Completed
ORD07312,C01051,2025-10-10,Completed
ORD07313,C01160,2025-05-16,Pending
ORD07314,C04297,2025-09-03,Cancelled
ORD07315,C01406,2025-10-18,Completed
ORD07316,C00490,2025-12-06,Completed
ORD07317,C00185,2025-03-21,Completed
ORD07318,C00624,2025-11-26,Completed
ORD07319,C01412,2025-07-16,Completed
ORD07320,C00872,2025-12-01,Cancelled
ORD07321,C01999,2025-05-15,Completed
ORD07322,C00269,2025-06-09,Completed
ORD07323,C02750,2025-09-09,Completed
ORD07324,C00912,2025-05-06,Completed
ORD07325,C02384,2025-07-05,Pending
ORD07326,C03111,2025-03-12,Returned
ORD07327,C03055,2025-04-27,Completed
ORD07328,C01792,2025-01-31,Completed
ORD07329,C02299,2025-02-03,Completed
ORD07330,C00129,2025-01-08,Completed
ORD07331,C00927,2025-04-18,Completed
ORD07332,C02308,2025-08-06,Completed
ORD07333,C02519,2025-04-05,Completed
ORD07334,C02311,2025-05-08,Completed
ORD07335,C03917,2025-09-15,Cancelled
ORD07336,C00228,2025-07-10,Completed
ORD07337,C01132,2025-03-10,Completed
ORD07338,C03886,2025-01-13,Cancelled
ORD07339,C01040,2025-08-07,Completed
ORD07340,C02505,2025-10-16,Completed
ORD07341,C03273,2025-11-15,Cancelled
ORD07342,C03876,2025-11-10,Completed
ORD07343,C04245,2025-08-19,Returned
ORD07344,C01506,2025-06-29,Completed
ORD07345,C04847,2025-08-12,Cancelled
ORD07346,C02505,2025-02-09,Completed
ORD07347,C01735,2025-06-28,Completed
ORD07348,C03669,2025-12-20,Completed
ORD07349,C02376,2025-11-13,Completed
ORD07350,C03116,2025-08-20,Completed
ORD07351,C03664,2025-12-28,Completed
ORD07352,C01557,2025-04-22,Completed
ORD07353,C03366,2025-09-17,Completed
ORD07354,C00329,2025-08-15,Completed
ORD07355,C00869,2025-11-12,Completed
ORD07356,C04089,2025-06-10,Completed
ORD07357,C02918,2025-11-22,Completed
ORD07358,C01050,2025-01-24,Completed
ORD07359,C00542,2025-03-15,Completed
ORD07360,C00068,2025-05-25,Completed
ORD07361,C01054,2025-12-25,Completed
ORD07362,C04669,2025-04-25,Completed
ORD07363,C01133,2025-04-18,Pending
ORD07364,C04522,2025-02-13,Completed
ORD07365,C01903,2025-04-19,Completed
ORD07366,C03329,2025-02-08,Completed
ORD07367,C03327,2025-11-15,Cancelled
ORD07368,C03864,2025-06-07,Cancelled
ORD07369,C02519,2025-07-31,Completed
ORD07370,C03986,2025-01-21,Completed
ORD07371,C00938,2025-02-27,Completed
ORD07372,C04318,2025-10-24,Completed
ORD07373,C00557,2025-02-26,Completed
ORD07374,C03032,2025-09-10,Completed
ORD07375,C03717,2025-03-07,Completed
ORD07376,C04776,2025-01-31,Completed
ORD07377,C04053,2025-03-02,Cancelled
ORD07378,C03023,2025-09-22,Completed
ORD07379,C00086,2025-04-04,Completed
ORD07380,C02470,2025-03-08,Completed
ORD07381,C03304,2025-04-02,Returned
ORD07382,C02477,2025-06-23,Completed
ORD07383,C04406,2025-05-27,Returned
ORD07384,C03083,2025-10-25,Completed
ORD07385,C03654,2025-02-05,Completed
ORD07386,C03783,2025-11-28,Completed
ORD07387,C04071,2025-06-27,Completed
ORD07388,C04253,2025-12-10,Completed
ORD07389,C02925,2025-11-27,Cancelled
ORD07390,C03765,2025-11-18,Completed
ORD07391,C00553,2025-09-12,Completed
ORD07392,C02115,2025-11-20,Completed
ORD07393,C02287,2025-01-26,Completed
ORD07394,C01280,2025-09-07,Completed
ORD07395,C04170,2025-11-05,Cancelled
ORD07396,C01393,2025-05-22,Completed
ORD07397,C01893,2025-08-15,Completed
ORD07398,C01679,2025-07-27,Completed
ORD07399,C03505,2025-01-27,Completed
ORD07400,C02536,2025-10-03,Pending
ORD07401,C03255,2025-08-23,Completed
ORD07402,C00980,2025-10-03,Completed
ORD07403,C00623,2025-07-28,Completed
ORD07404,C04310,2025-03-28,Returned
ORD07405,C04013,2025-08-14,Cancelled
ORD07406,C01805,2025-06-01,Completed
ORD07407,C03799,2025-05-28,Completed
ORD07408,C03422,2025-08-13,Completed
ORD07409,C02390,2025-07-11,Returned
ORD07410,C01028,2025-08-25,Completed
ORD07411,C01986,2025-11-25,Completed
ORD07412,C00839,2025-11-24,Completed
ORD07413,C04260,2025-02-23,Completed
ORD07414,C03403,2025-09-11,Completed
ORD07415,C02334,2025-03-03,Completed
ORD07416,C02746,2025-05-22,Completed
ORD07417,C02883,2025-06-25,Cancelled
ORD07418,C03590,2025-11-02,Completed
ORD07419,C00245,2025-08-24,Completed
ORD07420,C00500,2025-09-01,Completed
ORD07421,C00453,2025-06-08,Completed
ORD07422,C03058,2025-06-22,Completed
ORD07423,C00220,2025-01-11,Completed
ORD07424,C03973,2025-04-11,Completed
ORD07425,C02148,2025-02-23,Completed
ORD07426,C03857,2025-03-30,Completed
ORD07427,C04815,2025-03-31,Completed
ORD07428,C01503,2025-10-22,Completed
ORD07429,C04541,2025-07-02,Completed
ORD07430,C03669,2025-12-20,Completed
ORD07431,C02117,2025-01-27,Completed
ORD07432,C02999,2025-06-25,Cancelled
ORD07433,C01332,2025-06-17,Completed
ORD07434,C04081,2025-08-29,Completed
ORD07435,C04357,2025-07-01,Completed
ORD07436,C02628,2025-03-21,Cancelled
ORD07437,C03306,2025-06-07,Completed
ORD07438,C02210,2025-04-21,Completed
ORD07439,C02522,2025-03-21,Completed
ORD07440,C01108,2025-03-20,Completed
ORD07441,C01515,2025-03-07,Completed
ORD07442,C02255,2025-02-07,Completed
ORD07443,C03428,2025-05-30,Completed
ORD07444,C03325,2025-01-22,Completed
ORD07445,C01327,2025-07-12,Completed
ORD07446,C01282,2025-02-01,Cancelled
ORD07447,C00876,2025-05-23,Completed
ORD07448,C03780,2025-08-03,Completed
ORD07449,C03369,2025-08-20,Completed
ORD07450,C03598,2025-03-29,Completed
ORD07451,C00275,2025-01-29,Completed
ORD07452,C01955,2025-03-24,Completed
ORD07453,C04694,2025-06-25,Completed
ORD07454,C01599,2025-04-02,Completed
ORD07455,C03068,2025-01-01,Completed
ORD07456,C02846,2025-01-22,Completed
ORD07457,C04656,2025-07-18,Completed
ORD07458,C00930,2025-12-11,Returned
ORD07459,C02751,2025-10-04,Completed
ORD07460,C02077,2025-05-20,Cancelled
ORD07461,C02878,2025-03-06,Completed
ORD07462,C03252,2025-05-09,Completed
ORD07463,C02166,2025-02-06,Completed
ORD07464,C00224,2025-01-18,Cancelled
ORD07465,C01398,2025-01-17,Cancelled
ORD07466,C04668,2025-07-12,Completed
ORD07467,C03309,2025-01-18,Completed
ORD07468,C00480,2025-07-30,Completed
ORD07469,C02007,2025-04-06,Completed
ORD07470,C02971,2025-03-03,Returned
ORD07471,C03820,2025-06-11,Completed
ORD07472,C04935,2025-07-12,Completed
ORD07473,C04836,2025-04-02,Completed
ORD07474,C03341,2025-01-15,Completed
ORD07475,C04285,2025-08-09,Completed
ORD07476,C01920,2025-02-11,Completed
ORD07477,C01736,2025-05-19,Completed
ORD07478,C01471,2025-01-17,Completed
ORD07479,C00383,2025-05-27,Completed
ORD07480,C00645,2025-12-17,Completed
ORD07481,C03731,2025-08-23,Completed
ORD07482,C01360,2025-03-15,Completed
ORD07483,C03824,2025-05-10,Completed
ORD07484,C04895,2025-06-20,Completed
ORD07485,C04641,2025-04-09,Returned
ORD07486,C03279,2025-09-07,Completed
ORD07487,C01347,2025-10-04,Returned
ORD07488,C03257,2025-01-17,Completed
ORD07489,C03983,2025-07-20,Cancelled
ORD07490,C03860,2025-12-08,Completed
ORD07491,C03689,2025-04-20,Completed
ORD07492,C04227,2025-01-30,Completed
ORD07493,C00851,2025-02-02,Completed
ORD07494,C00272,2025-12-01,Completed
ORD07495,C01411,2025-12-18,Completed
ORD07496,C01233,2025-04-17,Completed
ORD07497,C01823,2025-07-06,Completed
ORD07498,C01212,2025-04-18,Completed
ORD07499,C04046,2025-06-21,Completed
ORD07500,C02210,2025-05-27,Completed
ORD07501,C00246,2025-07-23,Cancelled
ORD07502,C01984,2025-11-19,Completed
ORD07503,C02163,2025-05-23,Completed
ORD07504,C04993,2025-07-24,Completed
ORD07505,C02051,2025-07-29,Completed
ORD07506,C02284,2025-02-26,Returned
ORD07507,C01388,2025-08-03,Completed
ORD07508,C03245,2025-07-07,Completed
ORD07509,C02548,2025-03-08,Completed
ORD07510,C04797,2025-05-07,Completed
ORD07511,C04817,2025-10-20,Completed
ORD07512,C00457,2025-03-09,Completed
ORD07513,C02440,2025-12-10,Completed
ORD07514,C00635,2025-07-17,Completed
ORD07515,C00286,2025-06-09,Completed
ORD07516,C03114,2025-02-07,Completed
ORD07517,C01220,2025-11-09,Completed
ORD07518,C03005,2025-05-15,Completed
ORD07519,C00677,2025-10-28,Pending
ORD07520,C00365,2025-05-16,Completed
ORD07521,C04009,2025-08-27,Completed
ORD07522,C01368,2025-11-13,Cancelled
ORD07523,C03396,2025-08-23,Completed
ORD07524,C02705,2025-01-06,Completed
ORD07525,C02633,2025-07-31,Pending
ORD07526,C01380,2025-05-02,Completed
ORD07527,C01531,2025-05-21,Completed
ORD07528,C02200,2025-06-16,Completed
ORD07529,C00079,2025-05-31,Completed
ORD07530,C02927,2025-02-14,Completed
ORD07531,C04794,2025-10-31,Completed
ORD07532,C03315,2025-06-13,Pending
ORD07533,C03219,2025-05-01,Completed
ORD07534,C01525,2025-12-11,Completed
ORD07535,C03975,2025-11-06,Completed
ORD07536,C00946,2025-02-09,Completed
ORD07537,C04168,2025-06-22,Completed
ORD07538,C01473,2025-06-27,Completed
ORD07539,C01404,2025-12-15,Completed
ORD07540,C01463,2025-10-25,Completed
ORD07541,C03322,2025-11-02,Completed
ORD07542,C01144,2025-03-16,Completed
ORD07543,C04972,2025-03-14,Completed
ORD07544,C02022,2025-10-07,Completed
ORD07545,C00580,2025-10-10,Completed
ORD07546,C02707,2025-09-02,Completed
ORD07547,C00710,2025-09-08,Completed
ORD07548,C03067,2025-12-14,Completed
ORD07549,C01326,2025-03-23,Cancelled
ORD07550,C02117,2025-07-06,Completed
ORD07551,C04264,2025-05-01,Completed
ORD07552,C03547,2025-01-08,Completed
ORD07553,C04795,2025-10-14,Completed
ORD07554,C01925,2025-12-06,Completed
ORD07555,C00391,2025-09-21,Completed
ORD07556,C01594,2025-08-30,Completed
ORD07557,C01788,2025-07-20,Completed
ORD07558,C00921,2025-06-30,Completed
ORD07559,C04722,2025-04-04,Completed
ORD07560,C03397,2025-09-25,Completed
ORD07561,C03134,2025-11-26,Completed
ORD07562,C00194,2025-10-05,Completed
ORD07563,C03944,2025-10-29,Completed
ORD07564,C03417,2025-06-21,Completed
ORD07565,C00417,2025-01-13,Completed
ORD07566,C01528,2025-03-15,Completed
ORD07567,C02987,2025-01-07,Completed
ORD07568,C01653,2025-12-21,Completed
ORD07569,C00130,2025-05-24,Completed
ORD07570,C00047,2025-11-13,Completed
ORD07571,C04591,2025-01-19,Completed
ORD07572,C01820,2025-08-20,Completed
ORD07573,C02170,2025-03-14,Cancelled
ORD07574,C00914,2025-04-21,Completed
ORD07575,C02365,2025-08-19,Completed
ORD07576,C04087,2025-10-19,Completed
ORD07577,C04742,2025-03-31,Completed
ORD07578,C01179,2025-12-17,Completed
ORD07579,C04124,2025-11-15,Completed
ORD07580,C04675,2025-06-17,Completed
ORD07581,C01293,2025-09-13,Completed
ORD07582,C01032,2025-11-09,Completed
ORD07583,C02020,2025-07-22,Returned
ORD07584,C04704,2025-09-19,Completed
ORD07585,C01158,2025-06-08,Completed
ORD07586,C03862,2025-03-31,Completed
ORD07587,C00701,2025-11-12,Completed
ORD07588,C04116,2025-02-23,Completed
ORD07589,C03412,2025-02-08,Cancelled
ORD07590,C04106,2025-01-14,Completed
ORD07591,C04147,2025-01-16,Completed
ORD07592,C04377,2025-10-15,Returned
ORD07593,C00512,2025-05-15,Completed
ORD07594,C01703,2025-04-29,Completed
ORD07595,C01450,2025-08-13,Completed
ORD07596,C02202,2025-06-04,Completed
ORD07597,C01041,2025-04-06,Completed
ORD07598,C02945,2025-11-05,Completed
ORD07599,C01115,2025-07-19,Completed
ORD07600,C01906,2025-03-10,Cancelled
ORD07601,C03968,2025-04-02,Completed
ORD07602,C01210,2025-02-22,Completed
ORD07603,C02854,2025-05-02,Completed
ORD07604,C02623,2025-01-26,Pending
ORD07605,C00790,2025-07-20,Completed
ORD07606,C04739,2025-04-07,Pending
ORD07607,C01523,2025-10-18,Completed
ORD07608,C02078,2025-07-05,Completed
ORD07609,C00700,2025-12-27,Cancelled
ORD07610,C03233,2025-06-23,Returned
ORD07611,C00562,2025-08-05,Completed
ORD07612,C04479,2025-07-24,Completed
ORD07613,C02427,2025-10-31,Completed
ORD07614,C00871,2025-04-26,Completed
ORD07615,C04761,2025-08-06,Completed
ORD07616,C00039,2025-06-24,Completed
ORD07617,C02652,2025-03-18,Cancelled
ORD07618,C04711,2025-07-27,Completed
ORD07619,C02498,2025-09-03,Completed
ORD07620,C00766,2025-09-20,Completed
ORD07621,C01739,2025-03-10,Cancelled
ORD07622,C00032,2025-08-21,Completed
ORD07623,C01584,2025-10-21,Completed
ORD07624,C04776,2025-12-30,Completed
ORD07625,C04402,2025-05-15,Completed
ORD07626,C02701,2025-07-06,Completed
ORD07627,C03366,2025-04-22,Completed
ORD07628,C04754,2025-12-22,Cancelled
ORD07629,C04167,2025-06-24,Completed
ORD07630,C03099,2025-08-23,Returned
ORD07631,C03445,2025-11-29,Completed
ORD07632,C02910,2025-11-14,Completed
ORD07633,C04756,2025-02-08,Completed
ORD07634,C03106,2025-07-31,Completed
ORD07635,C03628,2025-07-27,Completed
ORD07636,C01506,2025-03-12,Completed
ORD07637,C03099,2025-05-21,Completed
ORD07638,C04687,2025-12-30,Completed
ORD07639,C02847,2025-12-18,Completed
ORD07640,C02371,2025-05-01,Completed
ORD07641,C00038,2025-05-18,Completed
ORD07642,C02064,2025-03-21,Completed
ORD07643,C04974,2025-02-23,Completed
ORD07644,C01273,2025-08-09,Completed
ORD07645,C00981,2025-09-12,Completed
ORD07646,C03846,2025-05-20,Returned
ORD07647,C02240,2025-03-17,Completed
ORD07648,C01189,2025-02-20,Completed
ORD07649,C02471,2025-03-09,Cancelled
ORD07650,C00883,2025-10-30,Completed
ORD07651,C01572,2025-09-20,Completed
ORD07652,C04722,2025-01-15,Completed
ORD07653,C02109,2025-08-16,Completed
ORD07654,C00852,2025-08-21,Completed
ORD07655,C00827,2025-01-17,Cancelled
ORD07656,C01448,2025-10-30,Completed
ORD07657,C04428,2025-05-02,Returned
ORD07658,C04584,2025-06-17,Completed
ORD07659,C04147,2025-04-16,Completed
ORD07660,C01379,2025-08-31,Returned
ORD07661,C00200,2025-06-02,Completed
ORD07662,C01698,2025-06-15,Completed
ORD07663,C01783,2025-06-12,Cancelled
ORD07664,C03494,2025-04-14,Cancelled
ORD07665,C02415,2025-04-26,Completed
ORD07666,C03601,2025-02-09,Completed
ORD07667,C00529,2025-07-14,Completed
ORD07668,C01603,2025-06-28,Completed
ORD07669,C03656,2025-11-18,Completed
ORD07670,C02937,2025-05-14,Completed
ORD07671,C01992,2025-11-24,Completed
ORD07672,C04145,2025-03-27,Completed
ORD07673,C02480,2025-02-25,Completed
ORD07674,C03361,2025-10-06,Completed
ORD07675,C01153,2025-12-19,Cancelled
ORD07676,C01206,2025-01-17,Completed
ORD07677,C04419,2025-03-10,Completed
ORD07678,C04849,2025-05-11,Completed
ORD07679,C04515,2025-12-19,Completed
ORD07680,C01424,2025-09-20,Completed
ORD07681,C02840,2025-08-24,Completed
ORD07682,C04561,2025-08-02,Completed
ORD07683,C00820,2025-10-16,Cancelled
ORD07684,C04213,2025-02-13,Completed
ORD07685,C01442,2025-07-09,Completed
ORD07686,C04890,2025-11-06,Completed
ORD07687,C00875,2025-06-04,Completed
ORD07688,C02039,2025-08-03,Completed
ORD07689,C00818,2025-04-13,Completed
ORD07690,C04238,2025-08-11,Completed
ORD07691,C01828,2025-08-01,Completed
ORD07692,C02383,2025-07-17,Completed
ORD07693,C03532,2025-02-21,Completed
ORD07694,C00089,2025-06-13,Completed
ORD07695,C01975,2025-04-26,Completed
ORD07696,C00163,2025-09-05,Pending
ORD07697,C01941,2025-07-15,Completed
ORD07698,C00641,2025-03-07,Completed
ORD07699,C02128,2025-09-05,Completed
ORD07700,C03422,2025-11-07,Pending
ORD07701,C03071,2025-05-03,Completed
ORD07702,C01427,2025-02-25,Completed
ORD07703,C04331,2025-11-01,Completed
ORD07704,C00004,2025-12-06,Cancelled
ORD07705,C03178,2025-11-15,Pending
ORD07706,C03696,2025-03-13,Completed
ORD07707,C03492,2025-08-17,Completed
ORD07708,C00432,2025-05-20,Completed
ORD07709,C04544,2025-08-09,Completed
ORD07710,C01601,2025-02-03,Completed
ORD07711,C00867,2025-11-27,Completed
ORD07712,C03636,2025-10-10,Completed
ORD07713,C03705,2025-06-10,Pending
ORD07714,C04573,2025-07-17,Cancelled
ORD07715,C02113,2025-09-09,Completed
ORD07716,C00117,2025-03-01,Completed
ORD07717,C01179,2025-11-23,Completed
ORD07718,C02823,2025-05-07,Completed
ORD07719,C03712,2025-06-21,Completed
ORD07720,C00010,2025-05-14,Completed
ORD07721,C00843,2025-08-11,Completed
ORD07722,C02417,2025-12-28,Completed
ORD07723,C04436,2025-05-20,Completed
ORD07724,C01858,2025-11-05,Completed
ORD07725,C01030,2025-07-13,Completed
ORD07726,C02755,2025-05-25,Completed
ORD07727,C03605,2025-08-03,Completed
ORD07728,C00471,2025-10-25,Completed
ORD07729,C00730,2025-05-13,Completed
ORD07730,C02915,2025-12-04,Pending
ORD07731,C00507,2025-11-12,Completed
ORD07732,C03214,2025-04-11,Completed
ORD07733,C00461,2025-04-22,Completed
ORD07734,C02705,2025-11-27,Completed
ORD07735,C01315,2025-09-17,Pending
ORD07736,C04284,2025-04-06,Completed
ORD07737,C00950,2025-04-18,Completed
ORD07738,C03503,2025-09-06,Completed
ORD07739,C01771,2025-06-08,Completed
ORD07740,C02941,2025-10-02,Returned
ORD07741,C02989,2025-11-13,Completed
ORD07742,C00886,2025-11-07,Completed
ORD07743,C03819,2025-07-29,Completed
ORD07744,C04197,2025-07-05,Completed
ORD07745,C03210,2025-12-27,Cancelled
ORD07746,C04716,2025-03-17,Completed
ORD07747,C02737,2025-12-31,Cancelled
ORD07748,C02210,2025-04-27,Completed
ORD07749,C03335,2025-04-11,Completed
ORD07750,C03320,2025-04-01,Cancelled
ORD07751,C04075,2025-02-19,Completed
ORD07752,C03781,2025-03-01,Completed
ORD07753,C03039,2025-04-19,Completed
ORD07754,C02806,2025-11-02,Pending
ORD07755,C02727,2025-06-27,Completed
ORD07756,C04961,2025-05-18,Completed
ORD07757,C00391,2025-08-06,Cancelled
ORD07758,C04655,2025-09-24,Completed
ORD07759,C02760,2025-09-15,Pending
ORD07760,C01053,2025-11-07,Completed
ORD07761,C04409,2025-07-31,Completed
ORD07762,C00501,2025-11-07,Completed
ORD07763,C03783,2025-12-27,Completed
ORD07764,C04265,2025-06-20,Completed
ORD07765,C02267,2025-03-04,Completed
ORD07766,C04755,2025-04-15,Returned
ORD07767,C02452,2025-04-23,Completed
ORD07768,C02558,2025-10-17,Returned
ORD07769,C00973,2025-05-15,Completed
ORD07770,C00584,2025-07-02,Completed
ORD07771,C02540,2025-01-17,Completed
ORD07772,C03289,2025-08-25,Completed
ORD07773,C01205,2025-06-09,Completed
ORD07774,C04508,2025-07-04,Completed
ORD07775,C02144,2025-01-17,Completed
ORD07776,C00186,2025-07-09,Completed
ORD07777,C03973,2025-11-22,Cancelled
ORD07778,C03812,2025-01-11,Completed
ORD07779,C03017,2025-05-09,Completed
ORD07780,C03531,2025-07-14,Completed
ORD07781,C00410,2025-08-20,Cancelled
ORD07782,C03618,2025-10-20,Completed
ORD07783,C04002,2025-06-14,Completed
ORD07784,C00004,2025-10-26,Completed
ORD07785,C03238,2025-12-27,Completed
ORD07786,C02897,2025-02-20,Completed
ORD07787,C02318,2025-01-12,Completed
ORD07788,C01390,2025-04-27,Completed
ORD07789,C03344,2025-02-22,Completed
ORD07790,C00343,2025-05-20,Completed
ORD07791,C00513,2025-09-13,Completed
ORD07792,C04206,2025-03-20,Completed
ORD07793,C01242,2025-03-13,Completed
ORD07794,C04814,2025-03-15,Completed
ORD07795,C00722,2025-12-25,Completed
ORD07796,C00233,2025-01-03,Completed
ORD07797,C04794,2025-12-19,Completed
ORD07798,C00367,2025-02-02,Returned
ORD07799,C00768,2025-06-05,Completed
ORD07800,C02104,2025-12-12,Completed
ORD07801,C01446,2025-11-12,Completed
ORD07802,C00450,2025-12-29,Completed
ORD07803,C03033,2025-06-14,Completed
ORD07804,C01972,2025-09-04,Completed
ORD07805,C01539,2025-12-22,Completed
ORD07806,C00229,2025-05-10,Completed
ORD07807,C04052,2025-06-26,Completed
ORD07808,C02400,2025-06-10,Completed
ORD07809,C04458,2025-05-25,Completed
ORD07810,C01118,2025-07-15,Completed
ORD07811,C01603,2025-04-18,Completed
ORD07812,C04572,2025-10-06,Completed
ORD07813,C03395,2025-06-25,Completed
ORD07814,C04676,2025-01-22,Completed
ORD07815,C02384,2025-10-15,Completed
ORD07816,C00435,2025-10-14,Completed
ORD07817,C02414,2025-02-15,Completed
ORD07818,C00338,2025-03-02,Completed
ORD07819,C00402,2025-07-27,Cancelled
ORD07820,C02087,2025-12-05,Returned
ORD07821,C02155,2025-10-25,Completed
ORD07822,C01650,2025-07-07,Completed
ORD07823,C04637,2025-05-05,Completed
ORD07824,C00973,2025-09-06,Cancelled
ORD07825,C03966,2025-11-17,Completed
ORD07826,C01671,2025-05-26,Returned
ORD07827,C01915,2025-12-29,Completed
ORD07828,C00348,2025-12-27,Completed
ORD07829,C00910,2025-10-08,Returned
ORD07830,C01245,2025-02-21,Completed
ORD07831,C04353,2025-03-23,Completed
ORD07832,C03137,2025-12-10,Completed
ORD07833,C03554,2025-12-07,Completed
ORD07834,C04662,2025-03-26,Completed
ORD07835,C00550,2025-09-28,Completed
ORD07836,C03780,2025-11-22,Cancelled
ORD07837,C04269,2025-02-28,Cancelled
ORD07838,C00696,2025-12-05,Completed
ORD07839,C04457,2025-02-01,Completed
ORD07840,C01930,2025-10-05,Completed
ORD07841,C01975,2025-07-24,Completed
ORD07842,C03930,2025-01-04,Pending
ORD07843,C01151,2025-12-10,
ORD07844,C03685,2025-11-08,Completed
ORD07845,C01965,2025-07-03,Completed
ORD07846,C02537,2025-05-19,Cancelled
ORD07847,C00523,2025-02-05,Completed
ORD07848,C01551,2025-06-28,Completed
ORD07849,C03698,2025-12-22,Completed
ORD07850,C04288,2025-07-20,Completed
ORD07851,C04849,2025-10-17,Returned
ORD07852,C03213,2025-03-25,Completed
ORD07853,C00137,2025-12-06,Completed
ORD07854,C01897,2025-09-15,Returned
ORD07855,C02150,2025-11-15,Completed
ORD07856,C00472,2025-04-26,Completed
ORD07857,C03891,2025-11-21,Completed
ORD07858,C00617,2025-05-14,Completed
ORD07859,C00083,2025-11-07,Completed
ORD07860,C04928,2025-11-26,Completed
ORD07861,C01567,2025-11-15,Cancelled
ORD07862,C02992,2025-09-03,Completed
ORD07863,C04270,2025-07-12,Completed
ORD07864,C01979,2025-11-11,Completed
ORD07865,C01930,2025-10-23,Completed
ORD07866,C00735,2025-01-13,Completed
ORD07867,C03939,2025-04-26,Completed
ORD07868,C01746,2025-09-24,Completed
ORD07869,C03643,2025-07-16,Completed
ORD07870,C01773,2025-06-01,Completed
ORD07871,C00430,2025-04-02,Cancelled
ORD07872,C02458,2025-10-23,Completed
ORD07873,C03205,2025-09-24,Completed
ORD07874,C04710,2025-12-27,Completed
ORD07875,C01929,2025-10-13,Completed
ORD07876,C04488,2025-06-26,Returned
ORD07877,C02714,2025-04-04,Completed
ORD07878,C00602,2025-01-01,Cancelled
ORD07879,C00917,2025-11-21,Returned
ORD07880,C02984,2025-12-14,Completed
ORD07881,C02481,2025-06-07,Completed
ORD07882,C02540,2025-09-09,Completed
ORD07883,C01157,2025-01-03,Completed
ORD07884,C02221,2025-01-30,Completed
ORD07885,C00859,2025-12-20,Completed
ORD07886,C03820,2025-01-08,Completed
ORD07887,C01104,2025-03-29,Completed
ORD07888,C03704,2025-08-22,Completed
ORD07889,C00448,2025-03-10,Completed
ORD07890,C02058,2025-11-18,Completed
ORD07891,C04339,2025-05-04,Completed
ORD07892,C00610,2025-01-14,Completed
ORD07893,C01442,2025-01-04,Cancelled
ORD07894,C02248,2025-02-24,Returned
ORD07895,C00428,2025-04-28,Completed
ORD07896,C03988,2025-03-09,Completed
ORD07897,C00554,2025-01-29,Completed
ORD07898,C04895,2025-08-21,Completed
ORD07899,C04878,2025-06-24,Completed
ORD07900,C02677,2025-07-02,Completed
ORD07901,C01276,2025-08-09,Completed
ORD07902,C03796,2025-01-29,Cancelled
ORD07903,C00457,2025-09-10,Pending
ORD07904,C04975,2025-08-07,Pending
ORD07905,C01734,2025-04-17,Returned
ORD07906,C00190,2025-04-03,Completed
ORD07907,C02859,2025-02-22,Completed
ORD07908,C03172,2025-08-08,Completed
ORD07909,C04363,2025-11-15,Completed
ORD07910,C01428,2025-03-02,Completed
ORD07911,C04007,2025-05-27,Completed
ORD07912,C01314,2025-02-20,Completed
ORD07913,C01754,2025-06-05,Completed
ORD07914,C04728,2025-06-27,Completed
ORD07915,C01451,2025-11-24,Completed
ORD07916,C03011,2025-07-23,Completed
ORD07917,C03259,2025-03-23,Completed
ORD07918,C04752,2025-03-29,Completed
ORD07919,C02672,2025-11-03,Completed
ORD07920,C04780,2025-10-18,Completed
ORD07921,C02433,2025-02-08,Pending
ORD07922,C02446,2025-09-13,Completed
ORD07923,C01705,2025-08-13,Completed
ORD07924,C01606,2025-08-20,Pending
ORD07925,C04552,2025-12-30,Completed
ORD07926,C02858,2025-08-02,Completed
ORD07927,C04162,2025-07-01,Completed
ORD07928,C03510,2025-06-09,Completed
ORD07929,C03580,2025-08-02,Completed
ORD07930,C02934,2025-12-06,Completed
ORD07931,C04069,2025-09-06,Cancelled
ORD07932,C00037,2025-06-14,Completed
ORD07933,C04594,2025-07-28,Completed
ORD07934,C00429,2025-07-22,Completed
ORD07935,C04908,2025-10-25,Completed
ORD07936,C02295,2025-06-22,Completed
ORD07937,C00815,2025-07-11,Completed
ORD07938,C00043,2025-06-10,Completed
ORD07939,C01126,2025-06-19,Completed
ORD07940,C04122,2025-08-22,Completed
ORD07941,C02543,2025-03-26,Completed
ORD07942,C02150,2025-07-13,Completed
ORD07943,C04093,2025-11-13,Completed
ORD07944,C00380,2025-10-07,Completed
ORD07945,C02453,2025-12-19,Completed
ORD07946,C03337,2025-01-04,Cancelled
ORD07947,C03193,2025-04-23,Completed
ORD07948,C01504,2025-09-16,Completed
ORD07949,C00260,2025-06-01,Completed
ORD07950,C03421,2025-03-14,Pending
ORD07951,C03807,2025-06-19,Completed
ORD07952,C01334,2025-01-15,Completed
ORD07953,C01294,2025-04-03,Completed
ORD07954,C01432,2025-02-26,Completed
ORD07955,C01837,2025-10-15,Completed
ORD07956,C01430,2025-10-25,Cancelled
ORD07957,C02308,2025-05-16,Returned
ORD07958,C03132,2025-03-10,Completed
ORD07959,C03097,2025-05-05,Completed
ORD07960,C00786,2025-05-31,Completed
ORD07961,C03802,2025-05-15,Completed
ORD07962,C03861,2025-11-19,Completed
ORD07963,C02582,2025-12-10,Completed
ORD07964,C01078,2025-12-11,Completed
ORD07965,C02694,2025-05-22,Completed
ORD07966,C04591,2025-11-03,Completed
ORD07967,C04475,2025-06-10,Completed
ORD07968,C01860,2025-06-19,Completed
ORD07969,C02403,2025-10-20,Completed
ORD07970,C04940,2025-12-16,Completed
ORD07971,C00546,2025-08-10,Completed
ORD07972,C02847,2025-04-25,Completed
ORD07973,C04916,2025-12-31,Completed
ORD07974,C01173,2025-03-10,Completed
ORD07975,C03879,2025-11-30,Cancelled
ORD07976,C02636,2025-02-10,Completed
ORD07977,C00058,2025-10-20,Cancelled
ORD07978,C00362,2025-02-03,Completed
ORD07979,C00736,2025-09-12,Cancelled
ORD07980,C02474,2025-10-22,Completed
ORD07981,C02044,2025-02-02,Completed
ORD07982,C00652,2025-05-28,Completed
ORD07983,C03468,2025-05-03,Completed
ORD07984,C03471,2025-01-14,Completed
ORD07985,C04447,2025-11-09,Returned
ORD07986,C00789,2025-01-28,Completed
ORD07987,C00024,2025-05-25,Cancelled
ORD07988,C02640,2025-11-06,Pending
ORD07989,C03191,2025-11-22,Completed
ORD07990,C03706,2025-11-29,Completed
ORD07991,C00505,2025-01-15,Returned
ORD07992,C02967,2025-11-12,Completed
ORD07993,C03007,2025-09-24,Completed
ORD07994,C02145,2025-12-11,Completed
ORD07995,C02930,2025-11-04,Returned
ORD07996,C02233,2025-03-28,Completed
ORD07997,C00135,2025-06-03,Completed
ORD07998,C00137,2025-12-13,Completed
ORD07999,C02412,2025-02-15,Completed
ORD08000,C01532,2025-10-07,Completed
ORD08001,C03335,2025-06-14,Completed
ORD08002,C04672,2025-01-19,Completed
ORD08003,C04483,2025-08-15,Completed
ORD08004,C02658,2025-06-18,Completed
ORD08005,C03058,2025-06-09,Completed
ORD08006,C02741,2025-03-03,Completed
ORD08007,C00395,2025-10-21,Completed
ORD08008,C03752,2025-07-09,Completed
ORD08009,C03817,2025-01-02,Completed
ORD08010,C04746,2025-07-14,Cancelled
ORD08011,C00243,2025-12-16,Completed
ORD08012,C00760,2025-12-10,Completed
ORD08013,C04809,2025-05-22,Completed
ORD08014,C01731,2025-07-06,Completed
ORD08015,C01408,2025-10-05,Completed
ORD08016,C04560,2025-04-15,Completed
ORD08017,C04923,2025-06-10,Pending
ORD08018,C02950,2025-10-29,Completed
ORD08019,C04409,2025-03-23,Completed
ORD08020,C03794,2025-02-01,Cancelled
ORD08021,C03353,2025-10-26,Completed
ORD08022,C01077,2025-03-11,Completed
ORD08023,C04908,2025-12-03,Completed
ORD08024,C03069,2025-07-18,Completed
ORD08025,C02063,2025-11-03,Completed
ORD08026,C03564,2025-01-11,Completed
ORD08027,C01459,2025-09-12,Completed
ORD08028,C01020,2025-01-10,Completed
ORD08029,C01391,2025-12-31,Completed
ORD08030,C02901,2025-02-09,Cancelled
ORD08031,C01127,2025-01-14,Completed
ORD08032,C02121,2025-07-07,Completed
ORD08033,C03144,2025-10-26,Completed
ORD08034,C02739,2025-08-29,Completed
ORD08035,C02138,2025-11-04,Completed
ORD08036,C01595,2025-10-15,Completed
ORD08037,C03467,2025-04-13,Completed
ORD08038,C03905,2025-07-03,Completed
ORD08039,C04194,2025-12-22,Returned
ORD08040,C02201,2025-10-31,Cancelled
ORD08041,C00697,2025-05-05,Returned
ORD08042,C04429,2025-08-31,Returned
ORD08043,C04332,2025-09-12,Completed
ORD08044,C00926,2025-10-15,Completed
ORD08045,C00726,2025-11-19,Cancelled
ORD08046,C00717,2025-03-03,Returned
ORD08047,C01889,2025-04-30,Completed
ORD08048,C04998,2025-06-16,Cancelled
ORD08049,C01310,2025-04-17,Completed
ORD08050,C00769,2025-05-17,Completed
ORD08051,C01364,2025-05-22,Completed
ORD08052,C03623,2025-01-07,Cancelled
ORD08053,C03812,2025-02-20,Completed
ORD08054,C04012,2025-09-15,Completed
ORD08055,C04930,2025-08-02,Completed
ORD08056,C02013,2025-09-19,Completed
ORD08057,C00336,2025-09-20,Returned
ORD08058,C00562,2025-04-09,Cancelled
ORD08059,C01411,2025-03-30,Returned
ORD08060,C00414,2025-09-17,Completed
ORD08061,C01484,2025-01-28,Completed
ORD08062,C02310,2025-09-23,Completed
ORD08063,C01960,2025-06-12,Completed
ORD08064,C04946,2025-09-09,Completed
ORD08065,C04603,2025-02-20,Completed
ORD08066,C02093,2025-10-28,Completed
ORD08067,C03898,2025-02-27,Pending
ORD08068,C00282,2025-05-29,Completed
ORD08069,C02792,2025-11-15,Completed
ORD08070,C00140,2025-01-08,Returned
ORD08071,C01527,2025-09-19,Completed
ORD08072,C01345,2025-03-10,Completed
ORD08073,C00799,2025-09-13,Completed
ORD08074,C01020,2025-10-04,Pending
ORD08075,C01829,2025-11-17,Completed
ORD08076,C01955,2025-09-11,Completed
ORD08077,C02260,2025-04-18,Completed
ORD08078,C00287,2025-04-25,Completed
ORD08079,C02797,2025-12-08,Completed
ORD08080,C04702,2025-03-29,Completed
ORD08081,C00745,2025-09-12,Completed
ORD08082,C01827,2025-05-06,Completed
ORD08083,C04265,2025-02-28,Completed
ORD08084,C03347,2025-09-14,Completed
ORD08085,C01330,2025-01-25,Completed
ORD08086,C02742,2025-03-21,Completed
ORD08087,C03986,2025-11-12,Completed
ORD08088,C04531,2025-07-08,Completed
ORD08089,C03310,2025-03-31,Completed
ORD08090,C00758,2025-07-17,Completed
ORD08091,C00072,2025-11-21,Completed
ORD08092,C03417,2025-03-26,Completed
ORD08093,C04212,2025-03-12,Completed
ORD08094,C01088,2025-05-18,Completed
ORD08095,C03745,2025-12-03,Completed
ORD08096,C03545,2025-05-26,Returned
ORD08097,C02768,2025-12-08,Completed
ORD08098,C03186,2025-03-20,Completed
ORD08099,C01048,2025-03-01,Pending
ORD08100,C02009,2025-06-20,Completed
ORD08101,C00823,2025-02-23,Completed
ORD08102,C02219,2025-05-12,Completed
ORD08103,C03089,2025-10-05,Cancelled
ORD08104,C04752,2025-06-17,Completed
ORD08105,C04833,2025-03-09,Completed
ORD08106,C00677,2025-09-27,Completed
ORD08107,C04168,2025-10-27,Completed
ORD08108,C02102,2025-07-02,Completed
ORD08109,C04784,2025-05-23,Returned
ORD08110,C04865,2025-08-13,Completed
ORD08111,C02882,2025-05-31,Completed
ORD08112,C01202,2025-12-04,Pending
ORD08113,C00452,2025-05-28,Completed
ORD08114,C02054,2025-06-06,Completed
ORD08115,C00883,2025-08-18,Completed
ORD08116,C03375,2025-04-29,Completed
ORD08117,C02107,2025-10-28,Completed
ORD08118,C02154,2025-07-16,Completed
ORD08119,C00827,2025-05-26,Completed
ORD08120,C02119,2025-06-06,Completed
ORD08121,C02975,2025-09-06,Completed
ORD08122,C04234,2025-02-04,Completed
ORD08123,C02607,2025-03-23,Completed
ORD08124,C01103,2025-12-27,Completed
ORD08125,C04185,2025-10-01,Cancelled
ORD08126,C03227,2025-06-02,Completed
ORD08127,C02606,2025-01-09,Completed
ORD08128,C01879,2025-01-13,Completed
ORD08129,C01952,2025-02-12,Completed
ORD08130,C04572,2025-05-31,Completed
ORD08131,C00627,2025-05-02,Completed
ORD08132,C00803,2025-04-25,Pending
ORD08133,C03579,2025-12-26,Completed
ORD08134,C04090,2025-06-24,Completed
ORD08135,C04317,2025-04-23,Completed
ORD08136,C01759,2025-09-07,Completed
ORD08137,C03963,2025-03-09,Pending
ORD08138,C03616,2025-03-04,Completed
ORD08139,C02060,2025-03-19,Completed
ORD08140,C02109,2025-03-01,Completed
ORD08141,C02600,2025-01-01,Returned
ORD08142,C01668,2025-09-27,Cancelled
ORD08143,C01725,2025-05-21,Pending
ORD08144,C00803,2025-04-06,Completed
ORD08145,C03890,2025-03-12,Completed
ORD08146,C01881,2025-08-22,Completed
ORD08147,C00357,2025-08-16,Completed
ORD08148,C00564,2025-11-03,Completed
ORD08149,C02831,2025-04-21,Completed
ORD08150,C00404,2025-12-12,Completed
ORD08151,C03520,2025-05-01,Completed
ORD08152,C01923,2025-11-02,Completed
ORD08153,C04564,2025-12-06,Completed
ORD08154,C04551,2025-09-08,Completed
ORD08155,C01719,2025-04-26,Completed
ORD08156,C01305,2025-02-19,Completed
ORD08157,C04350,2025-06-24,Completed
ORD08158,C01550,2025-11-24,Completed
ORD08159,C02996,2025-07-02,Cancelled
ORD08160,C04474,2025-04-02,Completed
ORD08161,C01855,2025-03-23,Completed
ORD08162,C04321,2025-11-06,Completed
ORD08163,C03028,2025-02-21,Returned
ORD08164,C00500,2025-10-13,Completed
ORD08165,C02840,2025-09-17,Completed
ORD08166,C04739,2025-09-22,Returned
ORD08167,C00765,2025-09-28,Completed
ORD08168,C00817,2025-11-05,Completed
ORD08169,C02215,2025-04-03,Completed
ORD08170,C00984,2025-09-12,Returned
ORD08171,C04590,2025-05-01,Completed
ORD08172,C01106,2025-11-25,Completed
ORD08173,C03373,2025-05-11,Completed
ORD08174,C01643,2025-12-03,Completed
ORD08175,C02615,2025-06-23,Completed
ORD08176,C02529,2025-04-11,Completed
ORD08177,C02325,2025-10-16,Cancelled
ORD08178,C03718,2025-12-31,Completed
ORD08179,C04881,2025-08-16,Completed
ORD08180,C00104,2025-05-19,Completed
ORD08181,C04630,2025-12-12,Completed
ORD08182,C01518,2025-05-30,Completed
ORD08183,C02270,2025-04-11,Completed
ORD08184,C00262,2025-01-13,Completed
ORD08185,C00664,2025-12-15,Returned
ORD08186,C03765,2025-04-26,Completed
ORD08187,C03082,2025-04-09,Completed
ORD08188,C01096,2025-05-31,Cancelled
ORD08189,C01863,2025-01-02,Cancelled
ORD08190,C04226,2025-12-02,Cancelled
ORD08191,C04080,2025-03-29,Completed
ORD08192,C02085,2025-09-03,Completed
ORD08193,C01959,2025-10-21,Returned
ORD08194,C00233,2025-09-06,Completed
ORD08195,C01109,2025-02-12,Completed
ORD08196,C02997,2025-09-11,Completed
ORD08197,C04422,2025-10-29,Completed
ORD08198,C04917,2025-02-09,Completed
ORD08199,C01201,2025-06-05,Completed
ORD08200,C04661,2025-09-15,Cancelled
ORD08201,C01468,2025-08-30,Pending
ORD08202,C01334,2025-05-24,Completed
ORD08203,C02949,2025-04-01,Completed
ORD08204,C03610,2025-07-16,Completed
ORD08205,C04776,2025-11-18,Completed
ORD08206,C02914,2025-03-15,Completed
ORD08207,C01725,2025-02-13,Completed
ORD08208,C04633,2025-08-26,Completed
ORD08209,C04152,2025-10-23,Completed
ORD08210,C00875,2025-08-07,Completed
ORD08211,C02936,2025-01-29,Completed
ORD08212,C04382,2025-01-25,Completed
ORD08213,C03051,2025-05-22,Completed
ORD08214,C00171,2025-03-15,Completed
ORD08215,C03585,2025-07-19,Completed
ORD08216,C00960,2025-12-07,Completed
ORD08217,C01821,2025-02-19,Completed
ORD08218,C01128,2025-06-23,Completed
ORD08219,C03014,2025-02-17,Completed
ORD08220,C00276,2025-01-10,Returned
ORD08221,C03162,2025-07-30,Pending
ORD08222,C04403,2025-06-28,Completed
ORD08223,C02558,2025-05-03,Completed
ORD08224,C03890,2025-11-26,Completed
ORD08225,C04495,2025-05-19,Completed
ORD08226,C00747,2025-12-21,Completed
ORD08227,C02208,2025-07-07,Completed
ORD08228,C00611,2025-07-18,Completed
ORD08229,C00389,2025-04-01,Completed
ORD08230,C01426,2025-10-31,Completed
ORD08231,C04391,2025-03-23,Completed
ORD08232,C03335,2025-04-10,Completed
ORD08233,C01099,2025-06-19,Completed
ORD08234,C00765,2025-03-13,Completed
ORD08235,C04271,2025-01-17,Pending
ORD08236,C01685,2025-02-14,Completed
ORD08237,C01264,2025-07-14,Completed
ORD08238,C01905,2025-08-14,Completed
ORD08239,C02974,2025-01-19,Completed
ORD08240,C03723,2025-12-11,Completed
ORD08241,C04563,2025-03-31,Cancelled
ORD08242,C02871,2025-03-23,Completed
ORD08243,C04717,2025-03-23,Completed
ORD08244,C02305,2025-07-21,Completed
ORD08245,C02283,2025-09-11,Completed
ORD08246,C01824,2025-02-09,Completed
ORD08247,C04931,2025-02-17,Completed
ORD08248,C03036,2025-07-01,Completed
ORD08249,C00439,2025-04-16,Completed
ORD08250,C02772,2025-04-26,Completed
ORD08251,C02312,2025-03-23,Completed
ORD08252,C03613,2025-03-23,Completed
ORD08253,C03580,2025-08-06,Completed
ORD08254,C03146,2025-03-06,Completed
ORD08255,C03354,2025-12-24,Completed
ORD08256,C03194,2025-02-07,Completed
ORD08257,C02492,2025-11-26,Completed
ORD08258,C04818,2025-01-07,Completed
ORD08259,C02914,2025-06-21,Completed
ORD08260,C01170,2025-05-31,Returned
ORD08261,C01399,2025-12-21,Completed
ORD08262,C02950,2025-11-02,Completed
ORD08263,C02136,2025-03-17,Completed
ORD08264,C02368,2025-11-06,Completed
ORD08265,C04362,2025-01-27,Completed
ORD08266,C02227,2025-04-28,Completed
ORD08267,C00681,2025-11-13,Cancelled
ORD08268,C03262,2025-01-21,Cancelled
ORD08269,C01549,2025-05-29,Pending
ORD08270,C04191,2025-11-15,Completed
ORD08271,C01820,2025-02-05,Completed
ORD08272,C03508,2025-01-24,Completed
ORD08273,C02851,2025-07-14,Completed
ORD08274,C01922,2025-10-17,Completed
ORD08275,C03036,2025-04-05,Completed
ORD08276,C00786,2025-11-24,Returned
ORD08277,C02605,2025-05-24,Completed
ORD08278,C02090,2025-01-03,Completed
ORD08279,C02846,2025-01-12,Cancelled
ORD08280,C02140,2025-04-20,Completed
ORD08281,C03812,2025-11-09,Completed
ORD08282,C04299,2025-08-01,Completed
ORD08283,C00220,2025-09-29,Completed
ORD08284,C01974,2025-06-23,Completed
ORD08285,C03025,2025-06-30,Completed
ORD08286,C01839,2025-08-07,Completed
ORD08287,C02628,2025-05-15,Completed
ORD08288,C04603,2025-08-18,Completed
ORD08289,C03678,2025-10-22,Completed
ORD08290,C03958,2025-05-14,Completed
ORD08291,C02863,2025-05-30,Returned
ORD08292,C04759,2025-11-28,Completed
ORD08293,C02485,2025-04-20,Completed
ORD08294,C04344,2025-03-27,Completed
ORD08295,C02676,2025-07-26,Completed
ORD08296,C02096,2025-10-27,Completed
ORD08297,C04326,2025-06-17,Completed
ORD08298,C03712,2025-09-25,Cancelled
ORD08299,C03532,2025-09-04,Completed
ORD08300,C02601,2025-04-30,Completed
ORD08301,C04191,2025-02-24,Completed
ORD08302,C04342,2025-01-03,Completed
ORD08303,C03311,2025-08-13,Completed
ORD08304,C04878,2025-05-14,Completed
ORD08305,C00888,2025-02-25,Completed
ORD08306,C01823,2025-12-14,Completed
ORD08307,C02322,2025-07-31,Completed
ORD08308,C00582,2025-11-27,Returned
ORD08309,C04610,2025-11-12,Completed
ORD08310,C01265,2025-08-26,Completed
ORD08311,C01402,2025-04-21,Completed
ORD08312,C00865,2025-01-11,Completed
ORD08313,C01204,2025-11-15,Completed
ORD08314,C03160,2025-04-08,Completed
ORD08315,C00605,2025-10-14,Completed
ORD08316,C02875,2025-08-20,Completed
ORD08317,C03001,2025-04-15,Completed
ORD08318,C00341,2025-10-16,Returned
ORD08319,C02013,2025-07-12,Completed
ORD08320,C01813,2025-12-17,Completed
ORD08321,C00165,2025-02-03,Completed
ORD08322,C02554,2025-07-28,Completed
ORD08323,C00888,2025-11-15,Completed
ORD08324,C01292,2025-12-30,Completed
ORD08325,C02368,2025-02-06,Cancelled
ORD08326,C00470,2025-04-19,Completed
ORD08327,C04040,2025-06-17,Completed
ORD08328,C00117,2025-07-18,Completed
ORD08329,C01820,2025-03-20,Returned
ORD08330,C04296,2025-10-30,Completed
ORD08331,C00327,2025-02-06,Completed
ORD08332,C03737,2025-02-09,Completed
ORD08333,C00278,2025-05-08,Returned
ORD08334,C03970,2025-01-15,Completed
ORD08335,C03768,2025-02-21,Completed
ORD08336,C02167,2025-07-30,Completed
ORD08337,C04842,2025-01-30,Completed
ORD08338,C03812,2025-09-01,Returned
ORD08339,C01918,2025-09-01,Completed
ORD08340,C00865,2025-08-02,Completed
ORD08341,C01174,2025-08-18,Completed
ORD08342,C04994,2025-03-28,Completed
ORD08343,C02536,2025-07-31,Completed
ORD08344,C00691,2025-01-23,Completed
ORD08345,C03275,2025-11-23,Completed
ORD08346,C03626,2025-08-29,Completed
ORD08347,C00423,2025-01-01,Completed
ORD08348,C03785,2025-01-29,Completed
ORD08349,C04208,2025-04-21,Completed
ORD08350,C03035,2025-11-19,Cancelled
ORD08351,C03263,2025-07-15,Pending
ORD08352,C00585,2025-10-06,Completed
ORD08353,C03096,2025-02-18,Completed
ORD08354,C04315,2025-06-23,Completed
ORD08355,C03718,2025-01-21,Completed
ORD08356,C04093,2025-02-01,Completed
ORD08357,C00822,2025-01-04,Completed
ORD08358,C01151,2025-03-09,Returned
ORD08359,C00957,2025-03-28,Returned
ORD08360,C03243,2025-10-14,Completed
ORD08361,C00343,2025-06-13,Completed
ORD08362,C00293,2025-03-04,Completed
ORD08363,C04474,2025-02-04,Returned
ORD08364,C03104,2025-10-17,Completed
ORD08365,C02201,2025-10-29,Completed
ORD08366,C00043,2025-07-15,Completed
ORD08367,C03575,2025-11-12,Completed
ORD08368,C03907,2025-02-03,Completed
ORD08369,C00901,2025-05-25,Completed
ORD08370,C02498,2025-02-10,Completed
ORD08371,C03487,2025-04-28,Completed
ORD08372,C04577,2025-03-18,Pending
ORD08373,C01244,2025-07-05,Completed
ORD08374,C04649,2025-07-15,Completed
ORD08375,C01107,2025-10-30,Completed
ORD08376,C04153,2025-11-20,Completed
ORD08377,C00996,2025-08-10,Completed
ORD08378,C01195,2025-02-25,Completed
ORD08379,C03971,2025-01-11,Completed
ORD08380,C02677,2025-05-10,Completed
ORD08381,C04875,2025-07-19,Completed
ORD08382,C02678,2025-01-19,Completed
ORD08383,C02257,2025-03-22,Returned
ORD08384,C00686,2025-09-23,Cancelled
ORD08385,C01163,2025-06-16,Completed
ORD08386,C04300,2025-01-26,Completed
ORD08387,C03823,2025-06-26,Completed
ORD08388,C02693,2025-01-02,Completed
ORD08389,C02412,2025-03-14,Completed
ORD08390,C01134,2025-08-03,Completed
ORD08391,C02008,2025-07-11,Completed
ORD08392,C01861,2025-03-01,Cancelled
ORD08393,C03793,2025-11-19,Completed
ORD08394,C02356,2025-09-15,Completed
ORD08395,C04078,2025-03-05,Cancelled
ORD08396,C01592,2025-03-20,Completed
ORD08397,C01267,2025-01-09,Completed
ORD08398,C00739,2025-12-20,Completed
ORD08399,C01068,2025-01-08,Completed
ORD08400,C00868,2025-09-26,Completed
ORD08401,C03684,2025-08-06,Returned
ORD08402,C03787,2025-05-24,Completed
ORD08403,C04244,2025-03-27,Completed
ORD08404,C04181,2025-09-08,Completed
ORD08405,C00090,2025-09-13,Completed
ORD08406,C00507,2025-01-23,Completed
ORD08407,C03543,2025-04-28,Completed
ORD08408,C04740,2025-07-17,Completed
ORD08409,C03207,2025-08-18,Pending
ORD08410,C03580,2025-03-31,Completed
ORD08411,C03100,2025-01-17,Completed
ORD08412,C01284,2025-12-30,Completed
ORD08413,C03557,2025-11-30,Completed
ORD08414,C04997,2025-11-03,Completed
ORD08415,C00341,2025-05-12,Returned
ORD08416,C04037,2025-03-04,Completed
ORD08417,C02440,2025-11-01,Completed
ORD08418,C02106,2025-06-14,Completed
ORD08419,C04114,2025-05-16,Returned
ORD08420,C02496,2025-07-28,Completed
ORD08421,C03833,2025-08-25,Returned
ORD08422,C00967,2025-05-06,Cancelled
ORD08423,C03689,2025-02-26,Completed
ORD08424,C01619,2025-05-11,Completed
ORD08425,C03815,2025-09-15,Pending
ORD08426,C04768,2025-04-19,Completed
ORD08427,C01430,2025-09-24,Completed
ORD08428,C01762,2025-03-16,Pending
ORD08429,C01422,2025-08-28,Pending
ORD08430,C03094,2025-08-07,Completed
ORD08431,C02106,2025-10-01,Completed
ORD08432,C02372,2025-03-07,Completed
ORD08433,C02500,2025-11-01,Pending
ORD08434,C02373,2025-08-08,Cancelled
ORD08435,C02502,2025-06-25,Completed
ORD08436,C02254,2025-11-28,Completed
ORD08437,C01550,2025-01-16,Returned
ORD08438,C00229,2025-03-21,Cancelled
ORD08439,C00821,2025-06-03,Completed
ORD08440,C03152,2025-08-01,Completed
ORD08441,C04616,2025-05-31,Completed
ORD08442,C01649,2025-10-11,Completed
ORD08443,C01411,2025-04-21,Completed
ORD08444,C02039,2025-06-06,Completed
ORD08445,C02005,2025-04-22,Completed
ORD08446,C03176,2025-08-02,Completed
ORD08447,C01327,2025-03-09,Pending
ORD08448,C04292,2025-11-03,Returned
ORD08449,C03403,2025-07-06,Pending
ORD08450,C03968,2025-12-10,Completed
ORD08451,C02485,2025-11-06,Completed
ORD08452,C01219,2025-12-07,Completed
ORD08453,C01812,2025-12-25,Completed
ORD08454,C04483,2025-01-01,Completed
ORD08455,C01654,2025-04-30,Completed
ORD08456,C03824,2025-11-24,Completed
ORD08457,C00600,2025-11-10,Completed
ORD08458,C02994,2025-12-11,Completed
ORD08459,C03948,2025-01-05,Completed
ORD08460,C02546,2025-02-15,Completed
ORD08461,C00648,2025-07-02,Pending
ORD08462,C04329,2025-02-25,Completed
ORD08463,C03117,2025-03-20,Completed
ORD08464,C00567,2025-07-01,Completed
ORD08465,C04994,2025-05-20,Completed
ORD08466,C04496,2025-02-07,Completed
ORD08467,C02935,2025-10-07,Completed
ORD08468,C03318,2025-06-22,Completed
ORD08469,C04726,2025-02-02,Completed
ORD08470,C01655,2025-11-04,Completed
ORD08471,C02985,2025-01-12,Completed
ORD08472,C03598,2025-11-07,Pending
ORD08473,C01124,2025-03-03,Completed
ORD08474,C00528,2025-01-20,Cancelled
ORD08475,C04945,2025-10-13,Completed
ORD08476,C00509,2025-01-16,Cancelled
ORD08477,C04738,2025-05-16,Completed
ORD08478,C01811,2025-01-08,Completed
ORD08479,C01140,2025-08-24,
ORD08480,C01846,2025-03-12,Pending
ORD08481,C00116,2025-12-13,Completed
ORD08482,C02752,2025-07-23,Completed
ORD08483,C02369,2025-03-16,Completed
ORD08484,C03384,2025-11-18,Completed
ORD08485,C04536,2025-01-05,Completed
ORD08486,C04311,2025-03-30,Completed
ORD08487,C01620,2025-03-26,Completed
ORD08488,C03648,2025-08-02,Returned
ORD08489,C01855,2025-12-22,Cancelled
ORD08490,C00823,2025-02-14,Completed
ORD08491,C02020,2025-02-10,Pending
ORD08492,C00504,2025-08-23,Completed
ORD08493,C01874,2025-11-02,Completed
ORD08494,C03898,2025-02-10,Completed
ORD08495,C00892,2025-05-17,Completed
ORD08496,C03538,2025-05-30,Completed
ORD08497,C04850,2025-04-24,Completed
ORD08498,C03084,2025-12-10,Completed
ORD08499,C03125,2025-02-27,Completed
ORD08500,C01629,2025-09-17,Returned
ORD08501,C01653,2025-09-17,Pending
ORD08502,C00519,2025-07-31,Completed
ORD08503,C02462,2025-12-29,Returned
ORD08504,C01101,2025-12-20,Completed
ORD08505,C04875,2025-06-10,Completed
ORD08506,C00419,2025-07-02,Completed
ORD08507,C02330,2025-12-03,Completed
ORD08508,C02127,2025-05-07,Completed
ORD08509,C04784,2025-05-30,Completed
ORD08510,C02753,2025-03-10,Completed
ORD08511,C04829,2025-09-05,Completed
ORD08512,C02501,2025-06-20,Completed
ORD08513,C03754,2025-10-16,Completed
ORD08514,C04831,2025-10-06,Completed
ORD08515,C01534,2025-05-28,Completed
ORD08516,C02825,2025-12-21,Completed
ORD08517,C00217,2025-11-30,Completed
ORD08518,C01241,2025-03-04,Completed
ORD08519,C00078,2025-02-27,Completed
ORD08520,C04846,2025-11-09,Completed
ORD08521,C00971,2025-02-26,Pending
ORD08522,C03877,2025-08-17,Completed
ORD08523,C02636,2025-05-24,Completed
ORD08524,C01711,2025-10-17,Returned
ORD08525,C00257,2025-06-27,Completed
ORD08526,C04477,2025-07-14,Completed
ORD08527,C01050,2025-08-09,Completed
ORD08528,C01448,2025-04-21,Completed
ORD08529,C04641,2025-06-23,Completed
ORD08530,C00069,2025-01-17,Pending
ORD08531,C01048,2025-12-02,Completed
ORD08532,C02878,2025-04-11,Completed
ORD08533,C02742,2025-12-04,Completed
ORD08534,C03025,2025-07-24,Cancelled
ORD08535,C01689,2025-08-21,Completed
ORD08536,C01788,2025-02-24,Completed
ORD08537,C02940,2025-03-22,Completed
ORD08538,C02967,2025-09-29,Returned
ORD08539,C04010,2025-01-17,Completed
ORD08540,C01810,2025-02-18,Returned
ORD08541,C00959,2025-02-02,Completed
ORD08542,C02876,2025-03-04,Completed
ORD08543,C01947,2025-12-08,Completed
ORD08544,C02989,2025-10-13,Completed
ORD08545,C03370,2025-03-14,Completed
ORD08546,C04614,2025-11-20,Completed
ORD08547,C01019,2025-06-22,Completed
ORD08548,C02784,2025-08-08,Completed
ORD08549,C02532,2025-06-09,Completed
ORD08550,C04532,2025-09-11,Completed
ORD08551,C03897,2025-02-05,Completed
ORD08552,C00561,2025-04-29,
ORD08553,C04986,2025-04-21,Completed
ORD08554,C04207,2025-12-15,Completed
ORD08555,C00687,2025-01-29,Completed
ORD08556,C02283,2025-10-03,Pending
ORD08557,C01427,2025-06-19,Completed
ORD08558,C01303,2025-09-05,Completed
ORD08559,C03478,2025-05-24,Completed
ORD08560,C01656,2025-03-05,Completed
ORD08561,C00676,2025-03-20,Completed
ORD08562,C04911,2025-11-12,Completed
ORD08563,C04501,2025-08-04,Cancelled
ORD08564,C04371,2025-12-05,Returned
ORD08565,C03897,2025-10-13,Completed
ORD08566,C01255,2025-12-08,Cancelled
ORD08567,C03868,2025-09-04,Completed
ORD08568,C00843,2025-06-11,Completed
ORD08569,C03253,2025-12-03,Completed
ORD08570,C01121,2025-01-25,Cancelled
ORD08571,C04833,2025-08-14,Pending
ORD08572,C02898,2025-01-19,Completed
ORD08573,C03077,2025-11-12,Completed
ORD08574,C00851,2025-12-17,Cancelled
ORD08575,C01053,2025-10-07,Completed
ORD08576,C03243,2025-09-23,Completed
ORD08577,C04632,2025-05-21,Completed
ORD08578,C00645,2025-08-04,Completed
ORD08579,C04685,2025-05-02,Completed
ORD08580,C00814,2025-02-12,Completed
ORD08581,C02621,2025-07-15,Pending
ORD08582,C04440,2025-06-12,Completed
ORD08583,C00234,2025-03-29,Completed
ORD08584,C01026,2025-02-20,Completed
ORD08585,C00339,2025-07-21,Returned
ORD08586,C00081,2025-05-06,Pending
ORD08587,C03350,2025-05-08,Completed
ORD08588,C01892,2025-12-17,Completed
ORD08589,C01003,2025-10-09,Completed
ORD08590,C01407,2025-03-16,Completed
ORD08591,C00729,2025-08-07,Completed
ORD08592,C03269,2025-02-17,Completed
ORD08593,C00507,2025-08-14,Returned
ORD08594,C01970,2025-11-14,Completed
ORD08595,C03587,2025-02-10,Cancelled
ORD08596,C02384,2025-09-19,Completed
ORD08597,C02633,2025-05-19,Completed
ORD08598,C01629,2025-01-16,Completed
ORD08599,C03803,2025-11-27,Completed
ORD08600,C02761,2025-12-12,Pending
ORD08601,C03693,2025-09-08,Completed
ORD08602,C02384,2025-03-04,Cancelled
ORD08603,C02405,2025-08-04,Pending
ORD08604,C02838,2025-02-21,Completed
ORD08605,C01721,2025-02-19,Completed
ORD08606,C02003,2025-04-13,Pending
ORD08607,C01434,2025-07-07,Completed
ORD08608,C01985,2025-12-28,Completed
ORD08609,C01613,2025-01-21,Completed
ORD08610,C03742,2025-06-30,Completed
ORD08611,C04143,2025-07-14,Completed
ORD08612,C00457,2025-08-21,Completed
ORD08613,C01531,2025-06-22,Completed
ORD08614,C03740,2025-07-15,Completed
ORD08615,C03496,2025-01-23,Completed
ORD08616,C04716,2025-11-25,Cancelled
ORD08617,C02926,2025-01-10,Completed
ORD08618,C02958,2025-12-31,Completed
ORD08619,C03495,2025-02-11,Completed
ORD08620,C03448,2025-09-20,Completed
ORD08621,C03357,2025-07-10,Completed
ORD08622,C01714,2025-03-11,Completed
ORD08623,C02087,2025-09-12,Completed
ORD08624,C00879,2025-11-29,Returned
ORD08625,C02128,2025-02-02,Completed
ORD08626,C02229,2025-01-08,Cancelled
ORD08627,C02130,2025-04-11,Completed
ORD08628,C03572,2025-09-24,Completed
ORD08629,C04218,2025-04-18,Completed
ORD08630,C04777,2025-07-18,Completed
ORD08631,C00059,2025-01-03,Completed
ORD08632,C04524,2025-12-04,Cancelled
ORD08633,C01273,2025-01-04,Completed
ORD08634,C04000,2025-02-24,Completed
ORD08635,C01776,2025-09-29,Completed
ORD08636,C00998,2025-10-31,Completed
ORD08637,C04766,2025-11-20,Cancelled
ORD08638,C01189,2025-09-02,Completed
ORD08639,C04640,2025-02-18,Completed
ORD08640,C04854,2025-10-22,Completed
ORD08641,C04580,2025-02-24,Completed
ORD08642,C04377,2025-09-02,Completed
ORD08643,C01054,2025-02-19,Completed
ORD08644,C02724,2025-01-02,Completed
ORD08645,C04299,2025-02-07,Completed
ORD08646,C02966,2025-08-22,Completed
ORD08647,C00066,2025-02-22,Completed
ORD08648,C00263,2025-09-24,Completed
ORD08649,C03601,2025-12-17,Completed
ORD08650,C01026,2025-03-06,Completed
ORD08651,C01075,2025-06-06,Completed
ORD08652,C00709,2025-06-20,Completed
ORD08653,C04247,2025-11-11,Completed
ORD08654,C01377,2025-09-19,Completed
ORD08655,C03308,2025-08-12,Completed
ORD08656,C00659,2025-09-07,Completed
ORD08657,C01646,2025-02-09,Completed
ORD08658,C00684,2025-11-11,Pending
ORD08659,C03776,2025-05-29,Completed
ORD08660,C02016,2025-03-01,Completed
ORD08661,C02672,2025-03-12,Returned
ORD08662,C04006,2025-12-13,Completed
ORD08663,C01494,2025-06-26,Completed
ORD08664,C02024,2025-09-09,Completed
ORD08665,C03031,2025-02-02,Completed
ORD08666,C04249,2025-03-07,Completed
ORD08667,C03583,2025-08-06,Completed
ORD08668,C02766,2025-02-26,Completed
ORD08669,C01758,2025-11-02,Completed
ORD08670,C03734,2025-03-28,Completed
ORD08671,C00784,2025-06-18,Completed
ORD08672,C04382,2025-12-21,Completed
ORD08673,C03387,2025-03-30,Completed
ORD08674,C00762,2025-04-10,Completed
ORD08675,C00996,2025-04-30,Completed
ORD08676,C00193,2025-04-07,Completed
ORD08677,C02321,2025-07-25,Completed
ORD08678,C03879,2025-06-09,Completed
ORD08679,C03407,2025-11-21,Completed
ORD08680,C03613,2025-06-16,Completed
ORD08681,C02471,2025-11-27,Pending
ORD08682,C02423,2025-08-08,Returned
ORD08683,C02583,2025-06-05,Returned
ORD08684,C02073,2025-10-03,Completed
ORD08685,C00942,2025-09-21,Completed
ORD08686,C01784,2025-11-11,Completed
ORD08687,C01450,2025-02-24,Pending
ORD08688,C01042,2025-06-18,Completed
ORD08689,C04179,2025-10-06,Completed
ORD08690,C03860,2025-05-24,Completed
ORD08691,C02879,2025-01-30,Completed
ORD08692,C00534,2025-06-24,Completed
ORD08693,C01704,2025-06-08,Pending
ORD08694,C03107,2025-07-11,Completed
ORD08695,C04469,2025-12-27,Cancelled
ORD08696,C03407,2025-06-15,Cancelled
ORD08697,C03426,2025-11-14,Completed
ORD08698,C03513,2025-12-20,Pending
ORD08699,C01796,2025-10-07,Completed
ORD08700,C02184,2025-05-31,Completed
ORD08701,C04031,2025-02-10,Completed
ORD08702,C02523,2025-02-14,Completed
ORD08703,C02781,2025-05-03,Cancelled
ORD08704,C04249,2025-12-23,Pending
ORD08705,C02040,2025-05-15,Completed
ORD08706,C00209,2025-08-06,Completed
ORD08707,C03758,2025-03-11,Completed
ORD08708,C03650,2025-08-04,Completed
ORD08709,C03004,2025-08-04,Pending
ORD08710,C01287,2025-01-22,Completed
ORD08711,C04087,2025-11-20,Completed
ORD08712,C01936,2025-11-07,Completed
ORD08713,C01754,2025-07-12,Completed
ORD08714,C03990,2025-08-21,Completed
ORD08715,C02551,2025-02-18,Completed
ORD08716,C04577,2025-05-09,Completed
ORD08717,C04796,2025-08-29,Completed
ORD08718,C00918,2025-09-24,Completed
ORD08719,C00451,2025-01-07,Completed
ORD08720,C02256,2025-01-19,Completed
ORD08721,C02012,2025-06-21,Returned
ORD08722,C04188,2025-04-04,Completed
ORD08723,C00929,2025-09-06,Completed
ORD08724,C01108,2025-01-28,Completed
ORD08725,C00654,2025-12-07,Completed
ORD08726,C03582,2025-07-23,Completed
ORD08727,C02306,2025-08-12,Returned
ORD08728,C02947,2025-02-19,Completed
ORD08729,C02186,2025-09-01,Completed
ORD08730,C04164,2025-09-13,Returned
ORD08731,C03826,2025-09-27,Completed
ORD08732,C04195,2025-06-05,Completed
ORD08733,C04101,2025-11-17,Returned
ORD08734,C04028,2025-11-14,Returned
ORD08735,C02913,2025-08-27,Returned
ORD08736,C04760,2025-09-02,Completed
ORD08737,C00811,2025-05-30,Completed
ORD08738,C00710,2025-08-23,Completed
ORD08739,C02407,2025-08-02,Completed
ORD08740,C00444,2025-07-12,Completed
ORD08741,C01450,2025-04-26,Completed
ORD08742,C04679,2025-07-01,Completed
ORD08743,C00170,2025-10-03,Cancelled
ORD08744,C01673,2025-03-10,Pending
ORD08745,C04041,2025-12-10,Completed
ORD08746,C03259,2025-07-20,Completed
ORD08747,C03487,2025-10-05,Cancelled
ORD08748,C04968,2025-10-20,Completed
ORD08749,C02472,2025-03-16,Completed
ORD08750,C00172,2025-04-28,Completed
ORD08751,C03157,2025-06-19,Completed
ORD08752,C01871,2025-01-26,Completed
ORD08753,C01146,2025-05-14,Completed
ORD08754,C00792,2025-05-20,Pending
ORD08755,C01380,2025-01-21,Returned
ORD08756,C03629,2025-07-28,Completed
ORD08757,C00780,2025-04-25,Completed
ORD08758,C02764,2025-04-02,Completed
ORD08759,C02313,2025-11-04,Completed
ORD08760,C03903,2025-08-12,Completed
ORD08761,C02038,2025-12-31,Completed
ORD08762,C04668,2025-08-02,Cancelled
ORD08763,C00579,2025-01-16,Completed
ORD08764,C02216,2025-11-20,Cancelled
ORD08765,C04647,2025-03-26,Pending
ORD08766,C04839,2025-09-02,Completed
ORD08767,C02466,2025-06-12,Completed
ORD08768,C04273,2025-08-06,Completed
ORD08769,C03640,2025-07-23,Completed
ORD08770,C01176,2025-12-22,Pending
ORD08771,C04652,2025-08-18,Completed
ORD08772,C04022,2025-07-12,Completed
ORD08773,C00931,2025-11-22,Completed
ORD08774,C02747,2025-06-03,Completed
ORD08775,C02629,2025-07-26,Pending
ORD08776,C00560,2025-05-24,
ORD08777,C01857,2025-03-03,Completed
ORD08778,C01617,2025-12-07,Completed
ORD08779,C01567,2025-12-17,Completed
ORD08780,C04576,2025-11-25,Completed
ORD08781,C04801,2025-07-05,Completed
ORD08782,C00544,2025-04-02,Completed
ORD08783,C00262,2025-09-24,Pending
ORD08784,C02718,2025-10-23,Completed
ORD08785,C02555,2025-01-25,Pending
ORD08786,C00242,2025-03-31,Completed
ORD08787,C00852,2025-12-13,Completed
ORD08788,C00263,2025-04-21,Completed
ORD08789,C02061,2025-04-04,Completed
ORD08790,C04022,2025-05-08,Completed
ORD08791,C00636,2025-04-15,Completed
ORD08792,C01222,2025-06-09,Completed
ORD08793,C02395,2025-11-17,Completed
ORD08794,C01016,2025-09-20,Completed
ORD08795,C03952,2025-07-21,Completed
ORD08796,C00614,2025-09-03,Completed
ORD08797,C04961,2025-12-04,Returned
ORD08798,C02412,2025-03-14,Cancelled
ORD08799,C04995,2025-04-01,Completed
ORD08800,C00288,2025-02-23,Completed
ORD08801,C01113,2025-09-11,Completed
ORD08802,C04440,2025-03-10,Completed
ORD08803,C02791,2025-02-14,Completed
ORD08804,C02762,2025-01-11,Returned
ORD08805,C04017,2025-12-17,Completed
ORD08806,C03456,2025-05-01,Completed
ORD08807,C01843,2025-03-15,Completed
ORD08808,C00495,2025-12-06,Returned
ORD08809,C02249,2025-10-28,Completed
ORD08810,C00658,2025-11-15,Completed
ORD08811,C02614,2025-02-17,Completed
ORD08812,C03248,2025-07-20,Completed
ORD08813,C03944,2025-02-17,Completed
ORD08814,C02875,2025-09-05,Completed
ORD08815,C03475,2025-06-12,Cancelled
ORD08816,C04353,2025-12-19,Completed
ORD08817,C04157,2025-08-12,Completed
ORD08818,C01755,2025-08-15,Completed
ORD08819,C03048,2025-12-23,Pending
ORD08820,C03675,2025-08-25,Completed
ORD08821,C03794,2025-03-04,Completed
ORD08822,C00540,2025-10-22,Completed
ORD08823,C04676,2025-04-10,Cancelled
ORD08824,C04957,2025-02-14,Completed
ORD08825,C03111,2025-09-02,Completed
ORD08826,C04010,2025-11-23,Completed
ORD08827,C00012,2025-03-07,Completed
ORD08828,C03593,2025-10-23,Completed
ORD08829,C01318,2025-05-22,Completed
ORD08830,C02760,2025-04-04,Completed
ORD08831,C04144,2025-05-29,Completed
ORD08832,C00001,2025-12-25,Completed
ORD08833,C01798,2025-11-07,Completed
ORD08834,C04072,2025-09-14,Completed
ORD08835,C00328,2025-08-04,Completed
ORD08836,C03471,2025-06-24,Completed
ORD08837,C02520,2025-11-02,Completed
ORD08838,C04428,2025-08-01,Completed
ORD08839,C02491,2025-11-04,Cancelled
ORD08840,C04188,2025-09-07,Returned
ORD08841,C02227,2025-11-05,Returned
ORD08842,C01585,2025-12-24,Completed
ORD08843,C00064,2025-04-18,Returned
ORD08844,C04763,2025-03-14,Completed
ORD08845,C03098,2025-10-11,Completed
ORD08846,C04106,2025-08-30,Completed
ORD08847,C01696,2025-08-29,Completed
ORD08848,C03049,2025-09-09,Completed
ORD08849,C03015,2025-05-27,Completed
ORD08850,C03966,2025-12-28,Cancelled
ORD08851,C03167,2025-06-16,Completed
ORD08852,C00035,2025-10-24,Completed
ORD08853,C02136,2025-08-03,Completed
ORD08854,C01681,2025-01-10,Completed
ORD08855,C00915,2025-04-24,Completed
ORD08856,C01230,2025-03-30,Completed
ORD08857,C03773,2025-07-09,Completed
ORD08858,C02120,2025-02-08,Completed
ORD08859,C01341,2025-08-04,Completed
ORD08860,C02507,2025-05-03,Cancelled
ORD08861,C03060,2025-01-02,Completed
ORD08862,C02304,2025-06-11,Completed
ORD08863,C03634,2025-04-29,Completed
ORD08864,C02347,2025-10-19,Completed
ORD08865,C03473,2025-08-05,Completed
ORD08866,C01192,2025-12-03,Completed
ORD08867,C04025,2025-08-13,Completed
ORD08868,C00020,2025-04-14,Completed
ORD08869,C01247,2025-12-15,Completed
ORD08870,C00487,2025-09-04,Completed
ORD08871,C00499,2025-01-26,Completed
ORD08872,C02090,2025-06-11,Completed
ORD08873,C04327,2025-12-13,Pending
ORD08874,C03511,2025-05-20,Completed
ORD08875,C03767,2025-12-02,Completed
ORD08876,C01961,2025-11-03,Completed
ORD08877,C03188,2025-11-10,Completed
ORD08878,C04941,2025-05-06,Cancelled
ORD08879,C01834,2025-11-10,Pending
ORD08880,C01664,2025-05-06,Completed
ORD08881,C01604,2025-04-11,Completed
ORD08882,C03655,2025-08-08,Completed
ORD08883,C04198,2025-04-18,Completed
ORD08884,C03265,2025-09-25,Completed
ORD08885,C04337,2025-03-18,Completed
ORD08886,C04201,2025-03-04,Completed
ORD08887,C01724,2025-10-13,Returned
ORD08888,C03553,2025-10-03,Completed
ORD08889,C03104,2025-06-28,Completed
ORD08890,C01164,2025-05-08,Completed
ORD08891,C00305,2025-09-09,Completed
ORD08892,C04942,2025-12-30,Completed
ORD08893,C01931,2025-09-03,Completed
ORD08894,C04019,2025-04-30,Returned
ORD08895,C02949,2025-03-10,Completed
ORD08896,C04750,2025-11-06,Completed
ORD08897,C00206,2025-07-12,Completed
ORD08898,C02095,2025-11-02,Completed
ORD08899,C00250,2025-12-08,Completed
ORD08900,C01709,2025-05-29,Completed
ORD08901,C04869,2025-11-12,Returned
ORD08902,C02875,2025-01-30,Completed
ORD08903,C03233,2025-08-26,Completed
ORD08904,C01264,2025-07-29,Cancelled
ORD08905,C03555,2025-04-05,Completed
ORD08906,C00723,2025-01-29,Completed
ORD08907,C03311,2025-08-14,Completed
ORD08908,C03640,2025-10-03,Completed
ORD08909,C03631,2025-12-10,Returned
ORD08910,C01876,2025-12-26,Completed
ORD08911,C03950,2025-02-08,Completed
ORD08912,C00554,2025-11-08,Completed
ORD08913,C02940,2025-11-30,Completed
ORD08914,C03587,2025-05-16,Completed
ORD08915,C04108,2025-10-21,Completed
ORD08916,C01866,2025-04-22,Completed
ORD08917,C02962,2025-04-21,Cancelled
ORD08918,C03981,2025-05-24,Completed
ORD08919,C03478,2025-03-22,Completed
ORD08920,C01150,2025-07-18,Completed
ORD08921,C00454,2025-12-30,Completed
ORD08922,C01980,2025-03-19,Completed
ORD08923,C04556,2025-12-21,Completed
ORD08924,C04081,2025-04-07,Completed
ORD08925,C02869,2025-02-25,Completed
ORD08926,C04396,2025-05-21,Pending
ORD08927,C04962,2025-02-26,Completed
ORD08928,C04396,2025-07-29,Pending
ORD08929,C03224,2025-02-11,Completed
ORD08930,C01157,2025-10-25,Completed
ORD08931,C00176,2025-07-24,Completed
ORD08932,C02985,2025-08-30,Completed
ORD08933,C02167,2025-08-28,Completed
ORD08934,C01671,2025-11-03,Completed
ORD08935,C02853,2025-09-01,Completed
ORD08936,C01208,2025-07-23,Cancelled
ORD08937,C04288,2025-06-15,Completed
ORD08938,C00093,2025-08-27,Completed
ORD08939,C04529,2025-12-13,Returned
ORD08940,C02450,2025-04-27,Completed
ORD08941,C02908,2025-09-26,Pending
ORD08942,C00068,2025-01-14,Completed
ORD08943,C04824,2025-09-19,Completed
ORD08944,C03553,2025-12-18,Returned
ORD08945,C04657,2025-03-24,Returned
ORD08946,C02194,2025-11-27,Completed
ORD08947,C00135,2025-06-17,Completed
ORD08948,C02190,2025-11-12,Completed
ORD08949,C02544,2025-09-15,Pending
ORD08950,C03828,2025-04-25,Completed
ORD08951,C04976,2025-09-07,Completed
ORD08952,C02239,2025-04-26,Completed
ORD08953,C02635,2025-05-01,Completed
ORD08954,C02406,2025-11-13,Completed
ORD08955,C03210,2025-02-21,Returned
ORD08956,C00504,2025-09-07,Completed
ORD08957,C04702,2025-11-06,Completed
ORD08958,C03643,2025-08-22,Completed
ORD08959,C01225,2025-03-24,Completed
ORD08960,C03517,2025-06-07,Completed
ORD08961,C00693,2025-06-15,
ORD08962,C01942,2025-01-18,Completed
ORD08963,C01211,2025-09-12,Completed
ORD08964,C01113,2025-08-24,Pending
ORD08965,C02977,2025-01-31,Completed
ORD08966,C03437,2025-11-10,Completed
ORD08967,C03580,2025-12-22,Completed
ORD08968,C01993,2025-10-03,Cancelled
ORD08969,C00318,2025-06-13,Completed
ORD08970,C02066,2025-07-03,Completed
ORD08971,C04540,2025-07-13,Cancelled
ORD08972,C04869,2025-12-13,Completed
ORD08973,C00959,2025-08-11,Completed
ORD08974,C00577,2025-03-21,Pending
ORD08975,C00308,2025-09-12,Completed
ORD08976,C00053,2025-01-28,Completed
ORD08977,C03298,2025-11-10,Pending
ORD08978,C00663,2025-06-28,Completed
ORD08979,C04340,2025-06-27,Completed
ORD08980,C01795,2025-10-27,Cancelled
ORD08981,C01285,2025-03-15,Completed
ORD08982,C02099,2025-06-13,Completed
ORD08983,C03573,2025-06-23,Completed
ORD08984,C01738,2025-04-03,Completed
ORD08985,C00786,2025-06-05,Pending
ORD08986,C04392,2025-11-11,Completed
ORD08987,C02291,2025-02-12,Completed
ORD08988,C04685,2025-10-22,Completed
ORD08989,C00700,2025-08-17,Completed
ORD08990,C04621,2025-11-04,Completed
ORD08991,C01709,2025-01-27,Completed
ORD08992,C04519,2025-02-10,Completed
ORD08993,C03555,2025-10-26,Completed
ORD08994,C04811,2025-01-22,Completed
ORD08995,C00109,2025-06-28,Returned
ORD08996,C03567,2025-11-03,Completed
ORD08997,C00534,2025-01-07,Completed
ORD08998,C01710,2025-07-30,Completed
ORD08999,C00522,2025-03-13,Completed
ORD09000,C03971,2025-05-30,Completed
ORD09001,C04117,2025-11-28,Completed
ORD09002,C00524,2025-08-21,Completed
ORD09003,C00204,2025-12-18,Completed
ORD09004,C04735,2025-11-04,Completed
ORD09005,C04345,2025-03-16,Completed
ORD09006,C02257,2025-06-10,Completed
ORD09007,C04467,2025-08-14,Completed
ORD09008,C04776,2025-11-05,Pending
ORD09009,C04755,2025-10-17,Completed
ORD09010,C01106,2025-09-16,Completed
ORD09011,C01922,2025-01-04,Pending
ORD09012,C01533,2025-10-10,Completed
ORD09013,C00463,2025-07-04,Completed
ORD09014,C00613,2025-09-15,Completed
ORD09015,C00388,2025-06-14,Completed
ORD09016,C00428,2025-10-14,Completed
ORD09017,C00876,2025-10-20,Completed
ORD09018,C01227,2025-12-01,Completed
ORD09019,C00438,2025-05-15,Returned
ORD09020,C04476,2025-07-01,Pending
ORD09021,C04328,2025-10-18,Completed
ORD09022,C02671,2025-05-15,Completed
ORD09023,C04519,2025-02-04,Completed
ORD09024,C02227,2025-05-20,Completed
ORD09025,C04868,2025-05-04,Completed
ORD09026,C03506,2025-06-30,Completed
ORD09027,C03761,2025-02-05,Completed
ORD09028,C01530,2025-09-13,Cancelled
ORD09029,C00422,2025-12-18,Completed
ORD09030,C02077,2025-09-19,Completed
ORD09031,C02508,2025-09-29,Completed
ORD09032,C00303,2025-06-22,Completed
ORD09033,C03118,2025-03-20,Completed
ORD09034,C00225,2025-01-25,Completed
ORD09035,C03216,2025-01-04,Completed
ORD09036,C02530,2025-05-20,Completed
ORD09037,C03206,2025-02-25,Completed
ORD09038,C00087,2025-02-19,Completed
ORD09039,C01812,2025-06-21,Completed
ORD09040,C03417,2025-07-22,Completed
ORD09041,C03072,2025-07-12,Completed
ORD09042,C00453,2025-07-04,Completed
ORD09043,C02859,2025-11-13,Completed
ORD09044,C04189,2025-07-04,Cancelled
ORD09045,C03053,2025-12-23,Completed
ORD09046,C03508,2025-06-18,Completed
ORD09047,C04406,2025-10-22,Completed
ORD09048,C03902,2025-10-21,Returned
ORD09049,C02037,2025-10-26,Completed
ORD09050,C04931,2025-06-07,Completed
ORD09051,C02184,2025-04-26,Completed
ORD09052,C01245,2025-10-18,Completed
ORD09053,C00342,2025-12-27,Completed
ORD09054,C02668,2025-03-20,Completed
ORD09055,C04641,2025-07-18,Returned
ORD09056,C04854,2025-03-05,Completed
ORD09057,C01132,2025-08-22,Completed
ORD09058,C02229,2025-09-12,Completed
ORD09059,C02528,2025-04-06,Completed
ORD09060,C01867,2025-03-28,Completed
ORD09061,C00826,2025-02-08,Completed
ORD09062,C04759,2025-01-26,Completed
ORD09063,C03579,2025-11-28,Completed
ORD09064,C01095,2025-05-01,Completed
ORD09065,C03687,2025-04-09,Completed
ORD09066,C04524,2025-02-25,Completed
ORD09067,C02043,2025-01-04,Completed
ORD09068,C04402,2025-05-05,Completed
ORD09069,C02156,2025-07-09,Completed
ORD09070,C02048,2025-09-09,Completed
ORD09071,C00108,2025-04-17,Completed
ORD09072,C03162,2025-04-22,Completed
ORD09073,C01481,2025-09-21,Completed
ORD09074,C02165,2025-11-21,Completed
ORD09075,C02986,2025-08-02,Completed
ORD09076,C03305,2025-10-10,Completed
ORD09077,C03391,2025-09-30,Completed
ORD09078,C02734,2025-10-11,Completed
ORD09079,C00258,2025-01-26,Returned
ORD09080,C02952,2025-10-12,Completed
ORD09081,C02865,2025-12-25,Pending
ORD09082,C01764,2025-10-06,Completed
ORD09083,C02684,2025-08-29,Completed
ORD09084,C00436,2025-02-17,Completed
ORD09085,C02209,2025-04-24,Cancelled
ORD09086,C04453,2025-12-19,Pending
ORD09087,C02729,2025-08-21,Completed
ORD09088,C00873,2025-10-14,Completed
ORD09089,C00405,2025-09-04,Completed
ORD09090,C02243,2025-11-14,Returned
ORD09091,C00874,2025-05-25,Completed
ORD09092,C04257,2025-02-28,Completed
ORD09093,C00936,2025-06-01,Completed
ORD09094,C03504,2025-07-28,Completed
ORD09095,C04888,2025-12-03,Completed
ORD09096,C02795,2025-05-10,Completed
ORD09097,C03721,2025-02-17,Completed
ORD09098,C00031,2025-07-28,Completed
ORD09099,C03400,2025-03-14,Completed
ORD09100,C03203,2025-08-08,Completed
ORD09101,C04533,2025-07-05,Completed
ORD09102,C02570,2025-12-08,Cancelled
ORD09103,C01925,2025-11-21,Cancelled
ORD09104,C03269,2025-04-23,Completed
ORD09105,C04066,2025-08-06,Completed
ORD09106,C02954,2025-11-06,Completed
ORD09107,C02886,2025-11-13,Completed
ORD09108,C00374,2025-03-28,Cancelled
ORD09109,C01873,2025-05-22,Completed
ORD09110,C01088,2025-04-30,Completed
ORD09111,C00838,2025-08-08,Completed
ORD09112,C01512,2025-07-15,Completed
ORD09113,C02207,2025-09-19,Completed
ORD09114,C00883,2025-09-27,Cancelled
ORD09115,C03212,2025-02-19,Completed
ORD09116,C03154,2025-03-24,Completed
ORD09117,C04234,2025-04-30,Completed
ORD09118,C01786,2025-12-31,Completed
ORD09119,C04404,2025-01-31,Cancelled
ORD09120,C03065,2025-04-16,Completed
ORD09121,C00711,2025-12-04,Completed
ORD09122,C00673,2025-11-19,Completed
ORD09123,C00633,2025-12-13,Completed
ORD09124,C02831,2025-08-09,Completed
ORD09125,C00896,2025-08-16,Completed
ORD09126,C01343,2025-09-06,Completed
ORD09127,C02372,2025-09-01,Completed
ORD09128,C02434,2025-06-07,Completed
ORD09129,C04733,2025-04-09,Completed
ORD09130,C01400,2025-03-31,Completed
ORD09131,C00904,2025-09-05,Pending
ORD09132,C03116,2025-02-08,Completed
ORD09133,C03337,2025-10-13,Completed
ORD09134,C01394,2025-06-27,Completed
ORD09135,C04476,2025-06-24,Cancelled
ORD09136,C04282,2025-05-20,Cancelled
ORD09137,C01615,2025-03-03,Completed
ORD09138,C02574,2025-12-23,Cancelled
ORD09139,C04060,2025-06-05,Completed
ORD09140,C04324,2025-08-18,Completed
ORD09141,C03662,2025-05-21,Completed
ORD09142,C03700,2025-04-10,Completed
ORD09143,C03905,2025-03-19,Completed
ORD09144,C03440,2025-02-23,Pending
ORD09145,C03991,2025-06-27,Completed
ORD09146,C02798,2025-08-13,Completed
ORD09147,C04832,2025-10-20,Completed
ORD09148,C03153,2025-03-05,Completed
ORD09149,C01990,2025-05-29,Completed
ORD09150,C01224,2025-06-18,Completed
ORD09151,C00708,2025-09-17,Completed
ORD09152,C04894,2025-06-11,Completed
ORD09153,C02735,2025-06-10,Completed
ORD09154,C04793,2025-12-06,Completed
ORD09155,C02371,2025-02-23,Completed
ORD09156,C01060,2025-09-21,Completed
ORD09157,C01941,2025-06-09,Completed
ORD09158,C02058,2025-01-04,Completed
ORD09159,C03490,2025-02-14,Cancelled
ORD09160,C03699,2025-01-25,Cancelled
ORD09161,C03119,2025-05-09,Completed
ORD09162,C00961,2025-06-05,Completed
ORD09163,C02666,2025-04-19,Completed
ORD09164,C04033,2025-12-19,Completed
ORD09165,C01469,2025-01-11,Completed
ORD09166,C02945,2025-07-15,Completed
ORD09167,C00784,2025-05-22,Completed
ORD09168,C00895,2025-07-14,Cancelled
ORD09169,C02448,2025-02-09,Completed
ORD09170,C03884,2025-04-27,Completed
ORD09171,C03893,2025-08-06,Completed
ORD09172,C02213,2025-01-04,Returned
ORD09173,C00727,2025-04-14,Completed
ORD09174,C00588,2025-11-19,Completed
ORD09175,C04152,2025-02-05,Completed
ORD09176,C00048,2025-09-07,Completed
ORD09177,C04701,2025-07-11,Completed
ORD09178,C00837,2025-12-03,Completed
ORD09179,C02825,2025-02-22,Completed
ORD09180,C04775,2025-07-03,Completed
ORD09181,C02292,2025-10-26,Cancelled
ORD09182,C02943,2025-06-17,Completed
ORD09183,C01552,2025-10-05,Completed
ORD09184,C01743,2025-07-16,Completed
ORD09185,C00298,2025-08-28,Completed
ORD09186,C04873,2025-07-21,Completed
ORD09187,C00639,2025-09-22,Completed
ORD09188,C04384,2025-05-12,Completed
ORD09189,C04264,2025-09-23,Completed
ORD09190,C03135,2025-10-04,Completed
ORD09191,C04338,2025-03-13,Completed
ORD09192,C01392,2025-04-11,Cancelled
ORD09193,C00191,2025-11-01,Completed
ORD09194,C00258,2025-08-22,Completed
ORD09195,C02554,2025-07-17,Completed
ORD09196,C02055,2025-06-24,Completed
ORD09197,C01935,2025-01-12,Cancelled
ORD09198,C00057,2025-07-13,Cancelled
ORD09199,C00022,2025-05-14,Completed
ORD09200,C01019,2025-12-12,Completed
ORD09201,C00390,2025-09-19,Completed
ORD09202,C04205,2025-09-03,Completed
ORD09203,C01729,2025-01-28,Completed
ORD09204,C01453,2025-09-10,Completed
ORD09205,C03094,2025-05-03,Returned
ORD09206,C01137,2025-08-22,Completed
ORD09207,C01363,2025-04-16,Completed
ORD09208,C01819,2025-08-07,Completed
ORD09209,C02655,2025-01-31,Completed
ORD09210,C01701,2025-03-16,Cancelled
ORD09211,C03161,2025-01-23,Completed
ORD09212,C04794,2025-01-25,Completed
ORD09213,C03804,2025-04-30,Completed
ORD09214,C01728,2025-06-17,Completed
ORD09215,C01346,2025-08-03,Pending
ORD09216,C02999,2025-05-14,Completed
ORD09217,C01688,2025-01-27,Pending
ORD09218,C02818,2025-04-18,Completed
ORD09219,C03836,2025-04-08,Pending
ORD09220,C02501,2025-07-09,Completed
ORD09221,C01596,2025-12-13,Cancelled
ORD09222,C02841,2025-11-11,Completed
ORD09223,C03559,2025-06-01,Completed
ORD09224,C03448,2025-01-31,Completed
ORD09225,C03112,2025-02-01,Returned
ORD09226,C00209,2025-11-09,Completed
ORD09227,C03756,2025-03-22,Completed
ORD09228,C02092,2025-01-06,Returned
ORD09229,C02575,2025-02-15,Completed
ORD09230,C01986,2025-02-28,Completed
ORD09231,C02384,2025-02-16,Completed
ORD09232,C04981,2025-11-11,Completed
ORD09233,C01640,2025-08-11,Completed
ORD09234,C03440,2025-06-08,Returned
ORD09235,C00405,2025-11-25,Pending
ORD09236,C01282,2025-12-24,Completed
ORD09237,C02364,2025-03-30,Completed
ORD09238,C00334,2025-01-22,Completed
ORD09239,C01042,2025-10-04,Pending
ORD09240,C04712,2025-12-04,Completed
ORD09241,C01371,2025-04-07,Completed
ORD09242,C02128,2025-04-15,Completed
ORD09243,C03789,2025-11-08,Completed
ORD09244,C01538,2025-10-03,Cancelled
ORD09245,C04890,2025-06-13,Completed
ORD09246,C02463,2025-07-08,Completed
ORD09247,C04631,2025-03-27,Completed
ORD09248,C02671,2025-02-02,Cancelled
ORD09249,C03954,2025-05-23,Completed
ORD09250,C02639,2025-04-01,Completed
ORD09251,C02219,2025-11-15,Completed
ORD09252,C03756,2025-07-01,Completed
ORD09253,C03001,2025-06-11,Completed
ORD09254,C01331,2025-09-21,Pending
ORD09255,C04204,2025-12-11,Completed
ORD09256,C02729,2025-08-12,Completed
ORD09257,C04392,2025-04-07,Completed
ORD09258,C04018,2025-07-28,Completed
ORD09259,C02844,2025-08-21,Completed
ORD09260,C01722,2025-02-11,Returned
ORD09261,C00027,2025-02-10,Completed
ORD09262,C01046,2025-11-18,Completed
ORD09263,C02011,2025-04-25,Cancelled
ORD09264,C04226,2025-09-10,Completed
ORD09265,C01723,2025-11-25,Pending
ORD09266,C02145,2025-04-02,Completed
ORD09267,C02469,2025-05-28,Returned
ORD09268,C04189,2025-04-20,Completed
ORD09269,C02364,2025-12-13,Pending
ORD09270,C02717,2025-08-21,Completed
ORD09271,C04620,2025-09-17,Completed
ORD09272,C01893,2025-11-13,Completed
ORD09273,C04263,2025-04-13,Completed
ORD09274,C01042,2025-07-05,Completed
ORD09275,C03045,2025-05-27,Completed
ORD09276,C00295,2025-11-16,Returned
ORD09277,C02799,2025-12-19,Completed
ORD09278,C02783,2025-03-30,Completed
ORD09279,C02884,2025-02-02,Completed
ORD09280,C01604,2025-12-15,Completed
ORD09281,C03112,2025-08-04,Completed
ORD09282,C03544,2025-09-30,Returned
ORD09283,C04703,2025-11-24,Completed
ORD09284,C01243,2025-05-11,Completed
ORD09285,C00836,2025-07-03,Completed
ORD09286,C02629,2025-08-01,Completed
ORD09287,C00141,2025-10-07,Completed
ORD09288,C00630,2025-01-20,Completed
ORD09289,C00166,2025-03-25,Completed
ORD09290,C00841,2025-03-13,Completed
ORD09291,C04769,2025-06-23,Completed
ORD09292,C00874,2025-04-02,Completed
ORD09293,C03421,2025-11-02,Completed
ORD09294,C01839,2025-03-11,Completed
ORD09295,C01256,2025-10-12,Completed
ORD09296,C02125,2025-02-20,Completed
ORD09297,C01037,2025-03-26,Completed
ORD09298,C01890,2025-11-18,Completed
ORD09299,C03379,2025-03-07,Completed
ORD09300,C02417,2025-05-16,Completed
ORD09301,C01663,2025-09-01,Completed
ORD09302,C02754,2025-11-27,Completed
ORD09303,C02185,2025-06-14,Completed
ORD09304,C03218,2025-09-08,Completed
ORD09305,C03610,2025-09-10,Completed
ORD09306,C04097,2025-01-17,Pending
ORD09307,C00643,2025-12-14,Completed
ORD09308,C02892,2025-11-07,Completed
ORD09309,C01705,2025-04-02,Completed
ORD09310,C04397,2025-06-02,Completed
ORD09311,C01604,2025-03-31,Returned
ORD09312,C03222,2025-04-08,Completed
ORD09313,C02911,2025-05-18,Completed
ORD09314,C00333,2025-04-17,Completed
ORD09315,C03170,2025-10-16,Returned
ORD09316,C01543,2025-02-14,Completed
ORD09317,C02796,2025-08-16,Completed
ORD09318,C04650,2025-08-21,Completed
ORD09319,C01442,2025-04-13,Returned
ORD09320,C04491,2025-02-21,Completed
ORD09321,C02403,2025-06-24,Completed
ORD09322,C01128,2025-08-21,Completed
ORD09323,C03845,2025-08-12,Completed
ORD09324,C01325,2025-11-19,Completed
ORD09325,C00055,2025-04-04,Completed
ORD09326,C02702,2025-08-08,Completed
ORD09327,C00180,2025-12-13,Completed
ORD09328,C01907,2025-01-08,Completed
ORD09329,C04376,2025-08-10,Completed
ORD09330,C04973,2025-02-10,Completed
ORD09331,C03057,2025-01-07,Completed
ORD09332,C04594,2025-08-12,Completed
ORD09333,C04662,2025-07-20,Completed
ORD09334,C04682,2025-11-07,Completed
ORD09335,C01781,2025-12-08,Completed
ORD09336,C00887,2025-10-19,Cancelled
ORD09337,C01011,2025-11-18,Completed
ORD09338,C02379,2025-10-15,Cancelled
ORD09339,C03770,2025-05-20,Completed
ORD09340,C00965,2025-03-30,Completed
ORD09341,C00684,2025-11-03,Returned
ORD09342,C00072,2025-01-19,Completed
ORD09343,C02369,2025-02-16,Completed
ORD09344,C02760,2025-02-27,Completed
ORD09345,C02678,2025-09-24,Pending
ORD09346,C03248,2025-04-22,Completed
ORD09347,C01727,2025-06-20,Completed
ORD09348,C01661,2025-03-26,Completed
ORD09349,C00281,2025-03-08,Completed
ORD09350,C04859,2025-11-06,Completed
ORD09351,C03346,2025-08-11,Completed
ORD09352,C03546,2025-09-30,Completed
ORD09353,C04419,2025-05-18,Completed
ORD09354,C00571,2025-02-15,Completed
ORD09355,C01324,2025-02-04,Completed
ORD09356,C03319,2025-07-01,Pending
ORD09357,C00691,2025-06-06,Returned
ORD09358,C02074,2025-08-25,Completed
ORD09359,C03298,2025-07-06,Cancelled
ORD09360,C02378,2025-04-13,Completed
ORD09361,C00150,2025-06-24,Completed
ORD09362,C03596,2025-09-11,Completed
ORD09363,C00371,2025-04-15,Cancelled
ORD09364,C00451,2025-12-05,Pending
ORD09365,C01179,2025-08-25,Completed
ORD09366,C04697,2025-08-01,Completed
ORD09367,C04565,2025-11-19,Completed
ORD09368,C04737,2025-06-19,Completed
ORD09369,C03138,2025-11-09,Completed
ORD09370,C04980,2025-04-07,Completed
ORD09371,C04272,2025-06-03,Completed
ORD09372,C02096,2025-03-24,Completed
ORD09373,C00818,2025-05-15,Completed
ORD09374,C02266,2025-06-20,Completed
ORD09375,C00831,2025-03-28,Completed
ORD09376,C04491,2025-08-10,Completed
ORD09377,C03476,2025-03-13,Cancelled
ORD09378,C00041,2025-11-16,Completed
ORD09379,C00881,2025-10-10,Completed
ORD09380,C02233,2025-01-25,Cancelled
ORD09381,C04705,2025-11-13,Completed
ORD09382,C00946,2025-06-12,Completed
ORD09383,C02474,2025-02-23,Completed
ORD09384,C00018,2025-07-03,Completed
ORD09385,C04575,2025-06-28,Completed
ORD09386,C00649,2025-12-27,Completed
ORD09387,C02182,2025-09-03,Completed
ORD09388,C02235,2025-03-24,Completed
ORD09389,C03290,2025-04-23,Completed
ORD09390,C02087,2025-02-06,Completed
ORD09391,C01408,2025-07-30,Completed
ORD09392,C03705,2025-03-11,Completed
ORD09393,C02187,2025-12-19,Completed
ORD09394,C04710,2025-04-02,Completed
ORD09395,C02790,2025-04-19,Completed
ORD09396,C03260,2025-01-07,Completed
ORD09397,C01037,2025-05-10,Completed
ORD09398,C04399,2025-02-12,Completed
ORD09399,C02320,2025-12-29,Completed
ORD09400,C02265,2025-03-12,Completed
ORD09401,C01944,2025-10-20,Returned
ORD09402,C03279,2025-09-28,Cancelled
ORD09403,C02765,2025-11-17,Completed
ORD09404,C03705,2025-08-10,Completed
ORD09405,C01450,2025-01-10,Completed
ORD09406,C00802,2025-10-08,Cancelled
ORD09407,C04497,2025-02-22,Completed
ORD09408,C01249,2025-06-07,Pending
ORD09409,C03148,2025-07-19,Completed
ORD09410,C02128,2025-03-23,Pending
ORD09411,C04399,2025-01-21,Completed
ORD09412,C04000,2025-01-01,Completed
ORD09413,C00066,2025-11-08,Pending
ORD09414,C03835,2025-10-28,Returned
ORD09415,C00126,2025-11-07,Completed
ORD09416,C02023,2025-07-03,Completed
ORD09417,C02607,2025-11-15,Completed
ORD09418,C00613,2025-08-29,Completed
ORD09419,C01747,2025-05-01,Completed
ORD09420,C03604,2025-01-29,Completed
ORD09421,C02870,2025-04-15,Completed
ORD09422,C04087,2025-11-03,Completed
ORD09423,C00014,2025-09-30,Completed
ORD09424,C00422,2025-06-07,Cancelled
ORD09425,C01931,2025-08-28,Pending
ORD09426,C03921,2025-06-26,Completed
ORD09427,C03775,2025-04-03,Pending
ORD09428,C03013,2025-04-12,Completed
ORD09429,C00708,2025-09-10,Completed
ORD09430,C00291,2025-12-17,Completed
ORD09431,C02649,2025-04-28,Completed
ORD09432,C01861,2025-01-13,Completed
ORD09433,C01636,2025-04-06,Completed
ORD09434,C03136,2025-10-22,Completed
ORD09435,C02226,2025-08-16,Pending
ORD09436,C02060,2025-02-04,Completed
ORD09437,C01933,2025-02-05,Completed
ORD09438,C02923,2025-02-16,Completed
ORD09439,C03397,2025-09-15,Completed
ORD09440,C04999,2025-05-29,Completed
ORD09441,C02467,2025-03-22,Completed
ORD09442,C03378,2025-12-02,Completed
ORD09443,C01618,2025-02-14,Completed
ORD09444,C02480,2025-04-19,Completed
ORD09445,C04858,2025-11-11,Completed
ORD09446,C01691,2025-11-25,Cancelled
ORD09447,C02550,2025-12-21,Completed
ORD09448,C00963,2025-05-07,Completed
ORD09449,C02915,2025-07-15,Completed
ORD09450,C02807,2025-04-11,Returned
ORD09451,C03107,2025-08-10,Completed
ORD09452,C00721,2025-04-17,Completed
ORD09453,C02508,2025-08-03,Returned
ORD09454,C01604,2025-06-18,Completed
ORD09455,C02470,2025-06-16,Completed
ORD09456,C01506,2025-09-21,Pending
ORD09457,C01112,2025-04-19,Completed
ORD09458,C02664,2025-12-18,Completed
ORD09459,C02530,2025-09-19,Cancelled
ORD09460,C02630,2025-04-06,Returned
ORD09461,C04880,2025-08-17,Pending
ORD09462,C04655,2025-04-19,Returned
ORD09463,C02095,2025-11-02,Completed
ORD09464,C02911,2025-08-13,Completed
ORD09465,C02583,2025-10-09,Completed
ORD09466,C01813,2025-06-27,Completed
ORD09467,C00978,2025-12-09,Completed
ORD09468,C04065,2025-01-01,Cancelled
ORD09469,C03175,2025-05-31,Completed
ORD09470,C03549,2025-05-28,Completed
ORD09471,C01177,2025-04-11,Cancelled
ORD09472,C00626,2025-06-15,Completed
ORD09473,C00336,2025-03-21,Completed
ORD09474,C02141,2025-08-24,Completed
ORD09475,C01675,2025-01-05,Completed
ORD09476,C02737,2025-01-08,Completed
ORD09477,C03276,2025-04-11,Completed
ORD09478,C04076,2025-11-21,Completed
ORD09479,C01553,2025-11-30,Completed
ORD09480,C04679,2025-02-28,Completed
ORD09481,C00838,2025-01-09,Cancelled
ORD09482,C02837,2025-03-06,Completed
ORD09483,C04958,2025-11-18,Completed
ORD09484,C01647,2025-07-31,Completed
ORD09485,C01370,2025-08-26,Completed
ORD09486,C00608,2025-04-06,Completed
ORD09487,C02143,2025-12-17,Completed
ORD09488,C02334,2025-04-14,Completed
ORD09489,C03985,2025-08-03,Completed
ORD09490,C03941,2025-11-09,Completed
ORD09491,C03923,2025-12-04,Completed
ORD09492,C03194,2025-09-03,Completed
ORD09493,C01524,2025-07-17,Completed
ORD09494,C04210,2025-07-29,Returned
ORD09495,C01594,2025-01-03,Completed
ORD09496,C01905,2025-04-16,Completed
ORD09497,C01087,2025-09-07,Completed
ORD09498,C04596,2025-10-09,Completed
ORD09499,C00776,2025-08-20,Completed
ORD09500,C01401,2025-11-25,Completed
ORD09501,C03965,2025-03-03,Completed
ORD09502,C04643,2025-07-17,Completed
ORD09503,C02430,2025-11-05,Completed
ORD09504,C00771,2025-10-04,Completed
ORD09505,C00980,2025-06-07,Returned
ORD09506,C03766,2025-07-01,Completed
ORD09507,C01010,2025-08-01,Returned
ORD09508,C00341,2025-04-17,Completed
ORD09509,C02320,2025-10-26,Completed
ORD09510,C01231,2025-07-23,Completed
ORD09511,C03431,2025-09-21,Completed
ORD09512,C01292,2025-09-14,Completed
ORD09513,C04640,2025-06-10,Returned
ORD09514,C03310,2025-02-06,Completed
ORD09515,C00694,2025-01-06,Completed
ORD09516,C03116,2025-07-15,Completed
ORD09517,C03020,2025-11-11,Completed
ORD09518,C01557,2025-03-22,Returned
ORD09519,C02764,2025-08-20,Completed
ORD09520,C04908,2025-01-24,Completed
ORD09521,C04135,2025-06-21,Completed
ORD09522,C03470,2025-10-19,Completed
ORD09523,C01567,2025-01-29,Returned
ORD09524,C01824,2025-05-27,Returned
ORD09525,C03954,2025-02-06,Completed
ORD09526,C01508,2025-01-26,Completed
ORD09527,C03841,2025-04-19,Completed
ORD09528,C01139,2025-04-30,Completed
ORD09529,C02971,2025-11-23,Completed
ORD09530,C02708,2025-12-26,Completed
ORD09531,C01142,2025-10-31,Completed
ORD09532,C01263,2025-01-19,Completed
ORD09533,C01249,2025-03-17,Completed
ORD09534,C00375,2025-04-15,Completed
ORD09535,C03045,2025-10-11,Completed
ORD09536,C01824,2025-04-25,Completed
ORD09537,C04432,2025-11-13,Cancelled
ORD09538,C02944,2025-02-04,Completed
ORD09539,C00983,2025-05-04,Completed
ORD09540,C04773,2025-09-12,Pending
ORD09541,C03847,2025-05-05,Completed
ORD09542,C03750,2025-11-05,Completed
ORD09543,C03597,2025-10-10,Completed
ORD09544,C03196,2025-08-13,Completed
ORD09545,C01282,2025-05-06,Completed
ORD09546,C00063,2025-11-22,Completed
ORD09547,C02401,2025-04-04,Completed
ORD09548,C04860,2025-07-16,Pending
ORD09549,C03344,2025-06-18,Completed
ORD09550,C02496,2025-05-11,Cancelled
ORD09551,C02132,2025-09-18,Completed
ORD09552,C02776,2025-08-24,Completed
ORD09553,C01622,2025-01-13,Completed
ORD09554,C01272,2025-01-12,Completed
ORD09555,C04325,2025-02-03,Completed
ORD09556,C04564,2025-11-22,Completed
ORD09557,C04637,2025-11-11,Completed
ORD09558,C01011,2025-10-28,Completed
ORD09559,C03597,2025-03-14,Completed
ORD09560,C01419,2025-10-30,Completed
ORD09561,C00649,2025-02-02,Completed
ORD09562,C00083,2025-01-03,Completed
ORD09563,C02226,2025-05-02,Cancelled
ORD09564,C01790,2025-10-27,Completed
ORD09565,C02373,2025-02-13,Completed
ORD09566,C04504,2025-03-01,Pending
ORD09567,C00619,2025-12-25,Completed
ORD09568,C03589,2025-10-30,Completed
ORD09569,C02042,2025-04-10,Completed
ORD09570,C02766,2025-01-01,Completed
ORD09571,C02291,2025-10-20,Completed
ORD09572,C00433,2025-05-25,Completed
ORD09573,C01959,2025-03-29,Completed
ORD09574,C00794,2025-10-30,Completed
ORD09575,C04673,2025-10-13,Cancelled
ORD09576,C00049,2025-03-14,Returned
ORD09577,C04261,2025-05-24,Cancelled
ORD09578,C02161,2025-02-27,Completed
ORD09579,C00709,2025-12-12,Completed
ORD09580,C04849,2025-04-20,Cancelled
ORD09581,C03347,2025-04-02,Completed
ORD09582,C00477,2025-09-24,Returned
ORD09583,C04311,2025-06-19,Completed
ORD09584,C03505,2025-04-30,Completed
ORD09585,C01971,2025-09-17,Completed
ORD09586,C01605,2025-09-08,Completed
ORD09587,C02623,2025-09-05,Returned
ORD09588,C02411,2025-02-09,Completed
ORD09589,C01990,2025-09-01,Completed
ORD09590,C01301,2025-03-31,Completed
ORD09591,C02742,2025-11-04,Completed
ORD09592,C01001,2025-06-17,Completed
ORD09593,C02951,2025-10-01,Completed
ORD09594,C04313,2025-06-29,Completed
ORD09595,C03536,2025-04-30,Completed
ORD09596,C04040,2025-09-22,Completed
ORD09597,C00972,2025-07-30,Completed
ORD09598,C02278,2025-08-11,Completed
ORD09599,C04100,2025-05-21,Completed
ORD09600,C00872,2025-04-08,Completed
ORD09601,C00481,2025-02-21,Pending
ORD09602,C00483,2025-04-02,Completed
ORD09603,C00828,2025-06-23,Completed
ORD09604,C02793,2025-12-17,Completed
ORD09605,C00807,2025-10-10,Completed
ORD09606,C04307,2025-02-11,Completed
ORD09607,C00436,2025-02-18,Completed
ORD09608,C03146,2025-01-24,Completed
ORD09609,C01568,2025-07-09,Completed
ORD09610,C02768,2025-11-21,Completed
ORD09611,C03254,2025-09-18,Completed
ORD09612,C04180,2025-10-31,Completed
ORD09613,C00798,2025-05-19,Completed
ORD09614,C04407,2025-02-28,Completed
ORD09615,C01986,2025-06-22,Completed
ORD09616,C01867,2025-02-11,Completed
ORD09617,C04057,2025-07-15,Completed
ORD09618,C00402,2025-03-15,Completed
ORD09619,C00779,2025-07-23,Completed
ORD09620,C04777,2025-04-03,Completed
ORD09621,C04331,2025-11-21,Completed
ORD09622,C04555,2025-05-21,Completed
ORD09623,C04200,2025-12-18,Completed
ORD09624,C00735,2025-10-07,Completed
ORD09625,C01629,2025-09-30,Completed
ORD09626,C02517,2025-09-13,Cancelled
ORD09627,C03635,2025-01-24,Completed
ORD09628,C00727,2025-01-07,Cancelled
ORD09629,C02094,2025-08-31,Completed
ORD09630,C00014,2025-11-18,Completed
ORD09631,C00251,2025-04-05,Completed
ORD09632,C01349,2025-02-18,Completed
ORD09633,C00932,2025-12-27,Completed
ORD09634,C02442,2025-09-19,Completed
ORD09635,C02549,2025-11-19,Completed
ORD09636,C02465,2025-04-30,Completed
ORD09637,C02245,2025-06-01,Completed
ORD09638,C03128,2025-10-18,Completed
ORD09639,C04363,2025-11-17,Completed
ORD09640,C02431,2025-03-17,Completed
ORD09641,C04609,2025-07-31,Completed
ORD09642,C02461,2025-10-24,Pending
ORD09643,C00129,2025-01-11,Completed
ORD09644,C04840,2025-08-20,Completed
ORD09645,C04309,2025-11-08,Completed
ORD09646,C02022,2025-05-22,Completed
ORD09647,C00060,2025-02-01,Completed
ORD09648,C00852,2025-11-13,Completed
ORD09649,C00732,2025-12-08,Completed
ORD09650,C01623,2025-11-19,Completed
ORD09651,C01757,2025-01-14,Returned
ORD09652,C03187,2025-07-19,Completed
ORD09653,C03906,2025-01-03,Completed
ORD09654,C00871,2025-07-18,Cancelled
ORD09655,C03293,2025-10-12,Returned
ORD09656,C02193,2025-07-31,Completed
ORD09657,C04412,2025-12-12,Completed
ORD09658,C00254,2025-11-03,Completed
ORD09659,C04004,2025-03-06,Completed
ORD09660,C02536,2025-09-25,Completed
ORD09661,C04194,2025-02-24,Completed
ORD09662,C03189,2025-10-21,Completed
ORD09663,C04951,2025-03-13,Completed
ORD09664,C02301,2025-05-11,Completed
ORD09665,C00457,2025-06-17,Completed
ORD09666,C03604,2025-03-14,Completed
ORD09667,C04084,2025-08-25,Completed
ORD09668,C00680,2025-04-24,Pending
ORD09669,C04676,2025-07-29,Completed
ORD09670,C03308,2025-03-20,Completed
ORD09671,C04776,2025-02-08,Completed
ORD09672,C00063,2025-12-05,Completed
ORD09673,C04786,2025-12-13,Completed
ORD09674,C00898,2025-09-02,Returned
ORD09675,C01291,2025-04-10,Completed
ORD09676,C00235,2025-02-02,Completed
ORD09677,C00458,2025-12-24,Completed
ORD09678,C03470,2025-09-27,Completed
ORD09679,C01989,2025-08-13,Completed
ORD09680,C00819,2025-12-24,Completed
ORD09681,C02974,2025-10-12,Completed
ORD09682,C01766,2025-06-27,Completed
ORD09683,C02050,2025-12-02,Completed
ORD09684,C02497,2025-09-04,Completed
ORD09685,C03000,2025-12-22,Completed
ORD09686,C00724,2025-03-23,Completed
ORD09687,C02603,2025-07-18,Completed
ORD09688,C03147,2025-12-21,Completed
ORD09689,C00827,2025-12-15,Completed
ORD09690,C02585,2025-07-22,Completed
ORD09691,C03438,2025-08-23,Completed
ORD09692,C02746,2025-08-23,Pending
ORD09693,C00919,2025-02-12,Completed
ORD09694,C01150,2025-01-20,Completed
ORD09695,C00148,2025-02-23,Completed
ORD09696,C00145,2025-12-21,Completed
ORD09697,C04313,2025-10-18,Completed
ORD09698,C03009,2025-10-19,Completed
ORD09699,C04019,2025-11-20,Completed
ORD09700,C01522,2025-07-29,Completed
ORD09701,C02962,2025-06-23,Completed
ORD09702,C02828,2025-08-24,Completed
ORD09703,C00641,2025-06-28,Completed
ORD09704,C01947,2025-04-07,Completed
ORD09705,C04976,2025-11-18,Completed
ORD09706,C02115,2025-10-02,Completed
ORD09707,C04225,2025-08-02,Completed
ORD09708,C04129,2025-08-09,Cancelled
ORD09709,C04232,2025-04-08,Pending
ORD09710,C00083,2025-05-10,Completed
ORD09711,C02296,2025-03-16,Completed
ORD09712,C04856,2025-11-05,Cancelled
ORD09713,C04064,2025-10-04,Completed
ORD09714,C01777,2025-03-08,Completed
ORD09715,C00028,2025-02-03,Returned
ORD09716,C01970,2025-04-23,Completed
ORD09717,C04458,2025-10-17,Completed
ORD09718,C00079,2025-10-17,Completed
ORD09719,C02299,2025-01-04,Completed
ORD09720,C02026,2025-09-08,Completed
ORD09721,C02824,2025-10-11,Completed
ORD09722,C04647,2025-12-05,Completed
ORD09723,C00869,2025-06-05,Completed
ORD09724,C02779,2025-08-10,Completed
ORD09725,C00004,2025-03-17,Completed
ORD09726,C03688,2025-10-08,Completed
ORD09727,C00306,2025-12-11,Returned
ORD09728,C04898,2025-01-24,Completed
ORD09729,C02662,2025-11-09,Completed
ORD09730,C01172,2025-12-16,Completed
ORD09731,C04931,2025-10-16,Completed
ORD09732,C02222,2025-07-20,Completed
ORD09733,C03236,2025-11-06,Completed
ORD09734,C04874,2025-10-22,Completed
ORD09735,C04230,2025-04-09,Pending
ORD09736,C04274,2025-08-04,Completed
ORD09737,C04347,2025-10-04,Completed
ORD09738,C03117,2025-03-10,Completed
ORD09739,C04807,2025-08-01,Completed
ORD09740,C03384,2025-12-25,Completed
ORD09741,C03186,2025-08-16,Cancelled
ORD09742,C03892,2025-02-04,Completed
ORD09743,C03750,2025-06-12,Completed
ORD09744,C04897,2025-07-30,Returned
ORD09745,C04674,2025-12-28,Completed
ORD09746,C01474,2025-12-19,Completed
ORD09747,C00814,2025-07-03,Completed
ORD09748,C04426,2025-11-20,Completed
ORD09749,C03786,2025-10-04,Completed
ORD09750,C00721,2025-12-10,Completed
ORD09751,C02170,2025-02-19,Cancelled
ORD09752,C01133,2025-05-13,Completed
ORD09753,C01343,2025-08-16,Pending
ORD09754,C03870,2025-01-19,Completed
ORD09755,C00313,2025-10-01,Completed
ORD09756,C02768,2025-06-23,Completed
ORD09757,C02639,2025-08-09,Completed
ORD09758,C02176,2025-06-01,Completed
ORD09759,C00659,2025-10-06,Pending
ORD09760,C04397,2025-09-30,Cancelled
ORD09761,C03158,2025-08-15,Completed
ORD09762,C04848,2025-07-08,Completed
ORD09763,C00831,2025-04-26,Completed
ORD09764,C00925,2025-10-23,Completed
ORD09765,C04306,2025-08-25,Completed
ORD09766,C03591,2025-05-23,Returned
ORD09767,C00662,2025-06-02,Completed
ORD09768,C00180,2025-02-21,Completed
ORD09769,C02265,2025-11-16,Cancelled
ORD09770,C04407,2025-06-08,Completed
ORD09771,C04523,2025-03-31,Completed
ORD09772,C00616,2025-06-09,Completed
ORD09773,C02400,2025-07-19,Completed
ORD09774,C02556,2025-09-01,Completed
ORD09775,C03584,2025-12-18,Returned
ORD09776,C01606,2025-07-03,Completed
ORD09777,C01516,2025-04-21,Completed
ORD09778,C01332,2025-09-04,Completed
ORD09779,C01906,2025-01-25,Completed
ORD09780,C04674,2025-01-06,Completed
ORD09781,C02506,2025-06-13,Pending
ORD09782,C02431,2025-06-08,Completed
ORD09783,C04097,2025-05-26,Completed
ORD09784,C01464,2025-02-02,Pending
ORD09785,C00345,2025-11-01,Completed
ORD09786,C02425,2025-11-04,Completed
ORD09787,C04605,2025-08-03,Completed
ORD09788,C03991,2025-08-24,Returned
ORD09789,C01542,2025-01-30,Completed
ORD09790,C04639,2025-01-02,Completed
ORD09791,C00623,2025-12-22,Returned
ORD09792,C04679,2025-11-09,Cancelled
ORD09793,C04104,2025-05-23,Completed
ORD09794,C03653,2025-08-03,Completed
ORD09795,C03813,2025-01-10,Completed
ORD09796,C04705,2025-07-10,Completed
ORD09797,C00760,2025-01-21,Completed
ORD09798,C02877,2025-07-26,Returned
ORD09799,C01336,2025-06-13,Completed
ORD09800,C03260,2025-03-10,Completed
ORD09801,C00465,2025-11-17,Completed
ORD09802,C00276,2025-03-14,Completed
ORD09803,C00212,2025-06-27,Completed
ORD09804,C04837,2025-12-26,Completed
ORD09805,C03061,2025-01-12,Completed
ORD09806,C00449,2025-05-12,Completed
ORD09807,C02247,2025-02-07,Completed
ORD09808,C03494,2025-07-15,Cancelled
ORD09809,C01952,2025-01-22,Completed
ORD09810,C03677,2025-03-22,Completed
ORD09811,C03056,2025-08-11,Completed
ORD09812,C01536,2025-01-12,Completed
ORD09813,C00931,2025-08-19,Completed
ORD09814,C04430,2025-10-18,Completed
ORD09815,C04599,2025-04-19,Completed
ORD09816,C00180,2025-06-14,Completed
ORD09817,C03765,2025-01-15,Completed
ORD09818,C01859,2025-11-25,Completed
ORD09819,C03215,2025-12-26,Returned
ORD09820,C00237,2025-12-07,Completed
ORD09821,C01514,2025-01-03,Cancelled
ORD09822,C01774,2025-03-20,Returned
ORD09823,C02288,2025-09-23,Completed
ORD09824,C01584,2025-03-14,Completed
ORD09825,C03814,2025-09-04,Completed
ORD09826,C03445,2025-09-09,Completed
ORD09827,C02220,2025-07-12,Completed
ORD09828,C04468,2025-06-16,Completed
ORD09829,C01526,2025-05-22,Completed
ORD09830,C02405,2025-09-16,Completed
ORD09831,C01280,2025-08-03,Cancelled
ORD09832,C04601,2025-11-06,Completed
ORD09833,C04509,2025-01-19,Completed
ORD09834,C03616,2025-07-03,Completed
ORD09835,C02342,2025-08-12,Completed
ORD09836,C04339,2025-06-23,Cancelled
ORD09837,C03597,2025-10-09,Completed
ORD09838,C03232,2025-06-03,Completed
ORD09839,C00719,2025-12-23,Completed
ORD09840,C01471,2025-05-22,Completed
ORD09841,C03674,2025-10-18,Completed
ORD09842,C02174,2025-07-17,Completed
ORD09843,C01044,2025-12-01,Completed
ORD09844,C04584,2025-07-05,Completed
ORD09845,C03265,2025-06-27,Completed
ORD09846,C01504,2025-12-08,Completed
ORD09847,C04019,2025-04-17,Completed
ORD09848,C00884,2025-02-14,Completed
ORD09849,C03826,2025-09-04,Completed
ORD09850,C03222,2025-05-04,Completed
ORD09851,C00557,2025-05-21,Completed
ORD09852,C04586,2025-09-02,Cancelled
ORD09853,C03975,2025-08-14,Completed
ORD09854,C03645,2025-07-28,Pending
ORD09855,C01613,2025-10-27,Completed
ORD09856,C00634,2025-01-10,Completed
ORD09857,C00552,2025-09-26,Completed
ORD09858,C03595,2025-04-02,Completed
ORD09859,C03986,2025-10-19,Completed
ORD09860,C00449,2025-07-29,Cancelled
ORD09861,C04419,2025-09-16,Completed
ORD09862,C03130,2025-08-13,Cancelled
ORD09863,C02317,2025-03-31,Completed
ORD09864,C02708,2025-12-18,Returned
ORD09865,C00250,2025-12-07,Completed
ORD09866,C03856,2025-10-01,Completed
ORD09867,C03305,2025-03-31,Completed
ORD09868,C00571,2025-07-27,Completed
ORD09869,C02146,2025-07-28,Completed
ORD09870,C00759,2025-09-30,Returned
ORD09871,C03316,2025-06-12,Pending
ORD09872,C00929,2025-06-27,Completed
ORD09873,C00704,2025-03-09,Completed
ORD09874,C02401,2025-02-06,Cancelled
ORD09875,C01913,2025-12-31,Completed
ORD09876,C01027,2025-11-18,Completed
ORD09877,C04111,2025-11-25,Completed
ORD09878,C00385,2025-09-30,Pending
ORD09879,C03524,2025-12-05,Completed
ORD09880,C03500,2025-06-11,Completed
ORD09881,C02077,2025-08-12,Completed
ORD09882,C00435,2025-02-22,Completed
ORD09883,C00116,2025-06-29,Completed
ORD09884,C01941,2025-11-11,Completed
ORD09885,C03794,2025-01-19,Completed
ORD09886,C02743,2025-07-09,Cancelled
ORD09887,C01352,2025-04-05,Completed
ORD09888,C02526,2025-02-09,Returned
ORD09889,C01096,2025-05-15,Completed
ORD09890,C03065,2025-06-21,Completed
ORD09891,C04925,2025-07-04,Returned
ORD09892,C03984,2025-10-15,Completed
ORD09893,C01603,2025-06-12,Completed
ORD09894,C03108,2025-10-06,Completed
ORD09895,C01144,2025-01-03,Completed
ORD09896,C01304,2025-08-26,Returned
ORD09897,C01019,2025-02-12,Completed
ORD09898,C00662,2025-09-14,Completed
ORD09899,C00491,2025-03-15,Completed
ORD09900,C02278,2025-11-04,Completed
ORD09901,C00422,2025-01-17,Returned
ORD09902,C04372,2025-05-11,Completed
ORD09903,C02581,2025-06-20,Completed
ORD09904,C03659,2025-12-17,Completed
ORD09905,C02021,2025-05-29,Cancelled
ORD09906,C01775,2025-03-18,Completed
ORD09907,C01479,2025-04-28,Completed
ORD09908,C00560,2025-04-07,Completed
ORD09909,C00544,2025-10-09,Completed
ORD09910,C01975,2025-08-01,Completed
ORD09911,C04753,2025-05-15,Completed
ORD09912,C04240,2025-05-08,Completed
ORD09913,C04814,2025-09-20,Cancelled
ORD09914,C00082,2025-09-26,Completed
ORD09915,C03196,2025-11-04,Returned
ORD09916,C04074,2025-04-16,Completed
ORD09917,C04732,2025-08-21,Completed
ORD09918,C04182,2025-05-20,Pending
ORD09919,C02744,2025-08-07,Completed
ORD09920,C03885,2025-02-24,Cancelled
ORD09921,C01553,2025-08-27,Completed
ORD09922,C01177,2025-05-13,Completed
ORD09923,C03215,2025-11-09,Completed
ORD09924,C02267,2025-06-28,Completed
ORD09925,C04439,2025-11-11,Returned
ORD09926,C00239,2025-11-05,Completed
ORD09927,C03110,2025-07-24,Completed
ORD09928,C04700,2025-06-02,Completed
ORD09929,C04297,2025-04-12,Completed
ORD09930,C03414,2025-03-17,Completed
ORD09931,C02384,2025-07-27,Returned
ORD09932,C02717,2025-09-15,Completed
ORD09933,C04639,2025-10-30,Completed
ORD09934,C04094,2025-04-01,Completed
ORD09935,C02195,2025-06-03,Completed
ORD09936,C01987,2025-02-12,Completed
ORD09937,C04342,2025-12-17,Completed
ORD09938,C01146,2025-12-18,Completed
ORD09939,C04745,2025-03-30,Completed
ORD09940,C02505,2025-10-27,Completed
ORD09941,C04646,2025-01-23,Completed
ORD09942,C04225,2025-02-17,Cancelled
ORD09943,C00656,2025-03-15,Completed
ORD09944,C00312,2025-04-04,Pending
ORD09945,C00607,2025-06-24,Cancelled
ORD09946,C00790,2025-03-12,Cancelled
ORD09947,C04160,2025-07-01,Completed
ORD09948,C01723,2025-07-16,Completed
ORD09949,C02285,2025-01-17,Completed
ORD09950,C02382,2025-02-25,Returned
ORD09951,C03177,2025-12-09,Completed
ORD09952,C01354,2025-04-28,Completed
ORD09953,C00065,2025-01-01,Pending
ORD09954,C04403,2025-08-20,Completed
ORD09955,C03901,2025-07-10,Completed
ORD09956,C00442,2025-01-24,Completed
ORD09957,C01442,2025-03-23,Returned
ORD09958,C03531,2025-01-14,Completed
ORD09959,C01982,2025-05-27,Pending
ORD09960,C03804,2025-09-18,Pending
ORD09961,C02351,2025-05-03,Completed
ORD09962,C03492,2025-08-28,Completed
ORD09963,C04358,2025-06-08,Completed
ORD09964,C02230,2025-11-22,Completed
ORD09965,C00636,2025-02-01,Completed
ORD09966,C01150,2025-04-22,Completed
ORD09967,C04463,2025-12-06,Completed
ORD09968,C02110,2025-05-05,Completed
ORD09969,C03561,2025-09-04,Completed
ORD09970,C00452,2025-07-02,Completed
ORD09971,C02809,2025-10-03,Completed
ORD09972,C00633,2025-11-14,Completed
ORD09973,C02275,2025-06-24,Completed
ORD09974,C03438,2025-10-07,Completed
ORD09975,C01136,2025-05-19,Completed
ORD09976,C00764,2025-03-11,Cancelled
ORD09977,C00655,2025-03-18,Completed
ORD09978,C02996,2025-09-14,Completed
ORD09979,C04258,2025-04-11,Returned
ORD09980,C01380,2025-12-19,Completed
ORD09981,C00172,2025-09-02,Completed
ORD09982,C00979,2025-05-17,Completed
ORD09983,C01046,2025-06-18,Completed
ORD09984,C00170,2025-12-06,Completed
ORD09985,C03691,2025-01-30,
ORD09986,C04082,2025-11-14,Returned
ORD09987,C01528,2025-06-03,Completed
ORD09988,C02815,2025-06-03,Returned
ORD09989,C03842,2025-06-16,Cancelled
ORD09990,C04936,2025-08-13,Completed
ORD09991,C00845,2025-04-29,Completed
ORD09992,C03063,2025-12-22,Completed
ORD09993,C04313,2025-09-07,Completed
ORD09994,C00960,2025-12-11,Completed
ORD09995,C01070,2025-06-02,Completed
ORD09996,C03172,2025-06-01,Completed
ORD09997,C04927,2025-08-08,Completed
ORD09998,C04685,2025-05-24,Completed
ORD09999,C04329,2025-05-27,Completed
ORD10000,C04207,2025-04-20,Returned
ORD10001,C00816,2025-01-07,Completed
ORD10002,C00120,2025-04-09,Completed
ORD10003,C04545,2025-12-14,Completed
ORD10004,C04125,2025-12-31,Completed
ORD10005,C01108,2025-07-13,Completed
ORD10006,C01536,2025-12-22,Completed
ORD10007,C02867,2025-01-18,Completed
ORD10008,C04022,2025-11-21,Completed
ORD10009,C04964,2025-03-21,Completed
ORD10010,C02505,2025-04-05,Completed
ORD10011,C00055,2025-03-30,Completed
ORD10012,C04504,2025-08-13,Completed
ORD10013,C04230,2025-10-08,Completed
ORD10014,C04003,2025-05-08,Completed
ORD10015,C03393,2025-11-23,Completed
ORD10016,C04663,2025-09-10,Completed
ORD10017,C03103,2025-11-29,Completed
ORD10018,C02564,2025-10-24,Returned
ORD10019,C00022,2025-12-16,Completed
ORD10020,C00959,2025-10-16,Completed
ORD10021,C02189,2025-04-23,Pending
ORD10022,C01964,2025-06-26,Completed
ORD10023,C01176,2025-04-07,Completed
ORD10024,C02731,2025-01-14,Completed
ORD10025,C00600,2025-02-09,Completed
ORD10026,C04168,2025-08-30,Completed
ORD10027,C00362,2025-01-03,Completed
ORD10028,C04404,2025-03-13,Completed
ORD10029,C01048,2025-01-29,Completed
ORD10030,C01932,2025-03-09,Pending
ORD10031,C01367,2025-01-22,Completed
ORD10032,C04805,2025-05-01,Completed
ORD10033,C02944,2025-07-16,Pending
ORD10034,C00404,2025-09-28,Completed
ORD10035,C04329,2025-01-16,Completed
ORD10036,C03479,2025-07-16,Completed
ORD10037,C03662,2025-03-01,Completed
ORD10038,C00755,2025-05-27,Completed
ORD10039,C04396,2025-04-03,Completed
ORD10040,C03816,2025-06-30,Completed
ORD10041,C00817,2025-03-04,Completed
ORD10042,C01569,2025-10-18,Completed
ORD10043,C03213,2025-08-03,Completed
ORD10044,C00478,2025-07-26,Completed
ORD10045,C04349,2025-11-19,Returned
ORD10046,C04118,2025-07-06,Completed
ORD10047,C03520,2025-01-20,Completed
ORD10048,C03809,2025-04-11,Completed
ORD10049,C03480,2025-01-11,Completed
ORD10050,C02854,2025-01-28,Completed
ORD10051,C02502,2025-06-24,Completed
ORD10052,C03227,2025-04-13,Completed
ORD10053,C03794,2025-02-01,Cancelled
ORD10054,C02863,2025-03-21,Completed
ORD10055,C00722,2025-12-05,Completed
ORD10056,C04985,2025-05-12,Pending
ORD10057,C02572,2025-08-09,Completed
ORD10058,C03126,2025-10-02,Completed
ORD10059,C03104,2025-08-28,Completed
ORD10060,C02084,2025-07-30,Completed
ORD10061,C00984,2025-05-23,Completed
ORD10062,C04138,2025-06-06,Cancelled
ORD10063,C00143,2025-01-03,Completed
ORD10064,C00899,2025-04-19,Pending
ORD10065,C03634,2025-05-15,Completed
ORD10066,C03665,2025-09-19,Completed
ORD10067,C04007,2025-02-19,Completed
ORD10068,C03889,2025-05-04,Completed
ORD10069,C01461,2025-04-08,Completed
ORD10070,C01207,2025-06-16,Returned
ORD10071,C04442,2025-12-20,Completed
ORD10072,C01829,2025-09-04,Completed
ORD10073,C01348,2025-11-25,Returned
ORD10074,C01158,2025-04-18,Returned
ORD10075,C01928,2025-05-18,Completed
ORD10076,C00364,2025-03-01,Completed
ORD10077,C02261,2025-03-02,Completed
ORD10078,C04046,2025-07-27,Completed
ORD10079,C03784,2025-10-03,Completed
ORD10080,C03581,2025-02-10,Completed
ORD10081,C00414,2025-01-19,Completed
ORD10082,C02880,2025-11-03,Completed
ORD10083,C01005,2025-09-29,Completed
ORD10084,C01333,2025-11-26,Returned
ORD10085,C02197,2025-09-13,Completed
ORD10086,C01956,2025-11-16,Completed
ORD10087,C01689,2025-06-04,Completed
ORD10088,C04735,2025-02-13,Completed
ORD10089,C00460,2025-03-07,Completed
ORD10090,C04824,2025-11-25,Cancelled
ORD10091,C03186,2025-04-26,Completed
ORD10092,C02622,2025-12-25,Completed
ORD10093,C02876,2025-12-13,Completed
ORD10094,C00392,2025-11-29,Completed
ORD10095,C04124,2025-09-04,Completed
ORD10096,C04082,2025-06-23,Completed
ORD10097,C02692,2025-02-20,Cancelled
ORD10098,C01737,2025-02-26,Completed
ORD10099,C01830,2025-10-10,Completed
ORD10100,C01578,2025-09-09,Completed
ORD10101,C04404,2025-05-24,Cancelled
ORD10102,C02099,2025-07-18,Completed
ORD10103,C02619,2025-01-09,Completed
ORD10104,C01623,2025-11-20,Completed
ORD10105,C00718,2025-05-06,Completed
ORD10106,C03006,2025-12-13,Completed
ORD10107,C00895,2025-10-09,Completed
ORD10108,C01450,2025-11-12,Completed
ORD10109,C01318,2025-07-26,Returned
ORD10110,C02293,2025-06-15,Completed
ORD10111,C00377,2025-02-03,Completed
ORD10112,C03677,2025-05-08,Completed
ORD10113,C03991,2025-12-05,Completed
ORD10114,C00548,2025-01-25,Completed
ORD10115,C02961,2025-04-09,Completed
ORD10116,C00363,2025-06-27,Completed
ORD10117,C04629,2025-09-07,Completed
ORD10118,C01507,2025-08-31,Completed
ORD10119,C01909,2025-02-10,Completed
ORD10120,C00312,2025-10-01,Returned
ORD10121,C03180,2025-03-26,Cancelled
ORD10122,C03937,2025-08-28,Completed
ORD10123,C03428,2025-11-03,Completed
ORD10124,C00003,2025-08-11,Cancelled
ORD10125,C00181,2025-06-03,Completed
ORD10126,C04141,2025-08-11,Completed
ORD10127,C03181,2025-01-06,Completed
ORD10128,C02945,2025-07-16,Completed
ORD10129,C00822,2025-02-13,Returned
ORD10130,C04556,2025-04-06,Completed
ORD10131,C04729,2025-03-08,Completed
ORD10132,C00143,2025-09-04,Completed
ORD10133,C04118,2025-08-09,Completed
ORD10134,C01798,2025-07-04,Completed
ORD10135,C01946,2025-01-12,Completed
ORD10136,C04040,2025-06-14,Completed
ORD10137,C01624,2025-12-20,Completed
ORD10138,C01624,2025-02-27,Completed
ORD10139,C04738,2025-03-10,Completed
ORD10140,C04848,2025-07-28,Completed
ORD10141,C00774,2025-09-22,Cancelled
ORD10142,C03312,2025-03-03,Cancelled
ORD10143,C03891,2025-06-13,Cancelled
ORD10144,C03234,2025-10-07,Completed
ORD10145,C01786,2025-05-09,Completed
ORD10146,C02252,2025-10-30,Completed
ORD10147,C02292,2025-12-08,Cancelled
ORD10148,C01390,2025-03-30,Completed
ORD10149,C03409,2025-10-18,Pending
ORD10150,C04698,2025-12-07,Completed
ORD10151,C02772,2025-06-25,Completed
ORD10152,C01972,2025-01-28,Completed
ORD10153,C01624,2025-06-29,Completed
ORD10154,C00484,2025-12-06,Returned
ORD10155,C04521,2025-08-24,Completed
ORD10156,C03324,2025-11-17,Completed
ORD10157,C02081,2025-05-29,Completed
ORD10158,C00794,2025-01-21,Completed
ORD10159,C04242,2025-06-28,Completed
ORD10160,C02378,2025-10-13,Completed
ORD10161,C01967,2025-02-13,Completed
ORD10162,C01528,2025-08-14,Returned
ORD10163,C01341,2025-08-20,Completed
ORD10164,C04146,2025-04-18,Completed
ORD10165,C00386,2025-09-12,Completed
ORD10166,C01540,2025-03-12,Completed
ORD10167,C00648,2025-10-13,Completed
ORD10168,C03164,2025-12-06,Completed
ORD10169,C00705,2025-09-09,Completed
ORD10170,C00769,2025-03-03,Completed
ORD10171,C01851,2025-05-26,Completed
ORD10172,C01430,2025-01-28,Completed
ORD10173,C01793,2025-08-12,Completed
ORD10174,C04081,2025-06-09,Completed
ORD10175,C03728,2025-05-14,Completed
ORD10176,C03881,2025-11-17,Completed
ORD10177,C00544,2025-09-15,Completed
ORD10178,C04330,2025-01-03,Completed
ORD10179,C00510,2025-01-15,Pending
ORD10180,C00126,2025-02-16,Completed
ORD10181,C01957,2025-01-31,Cancelled
ORD10182,C01381,2025-03-02,Completed
ORD10183,C04486,2025-10-29,Completed
ORD10184,C02092,2025-01-05,Completed
ORD10185,C00768,2025-05-07,Pending
ORD10186,C04676,2025-03-24,Completed
ORD10187,C02911,2025-12-05,Completed
ORD10188,C04576,2025-02-09,Completed
ORD10189,C01229,2025-08-27,Pending
ORD10190,C04031,2025-03-17,Completed
ORD10191,C02365,2025-05-08,Cancelled
ORD10192,C03673,2025-12-30,Completed
ORD10193,C02368,2025-06-15,Completed
ORD10194,C00619,2025-09-23,Returned
ORD10195,C02542,2025-08-07,Completed
ORD10196,C04698,2025-02-20,Completed
ORD10197,C04468,2025-04-11,Completed
ORD10198,C03254,2025-06-18,Completed
ORD10199,C03631,2025-06-08,Completed
ORD10200,C00365,2025-11-19,Completed
ORD10201,C00855,2025-05-30,Completed
ORD10202,C03780,2025-12-19,Completed
ORD10203,C04942,2025-04-05,Returned
ORD10204,C04989,2025-01-08,Completed
ORD10205,C01837,2025-04-25,Completed
ORD10206,C01076,2025-07-12,Completed
ORD10207,C03458,2025-03-04,Completed
ORD10208,C03852,2025-10-01,Completed
ORD10209,C04757,2025-07-13,Completed
ORD10210,C00578,2025-03-11,Completed
ORD10211,C03303,2025-07-30,Cancelled
ORD10212,C04754,2025-03-02,Completed
ORD10213,C04703,2025-10-18,Completed
ORD10214,C03749,2025-08-20,Cancelled
ORD10215,C00220,2025-12-12,Completed
ORD10216,C03477,2025-12-23,Completed
ORD10217,C02909,2025-08-22,Completed
ORD10218,C04416,2025-08-06,Completed
ORD10219,C04892,2025-08-19,Completed
ORD10220,C02620,2025-11-04,Completed
ORD10221,C04018,2025-08-11,Completed
ORD10222,C01753,2025-12-21,Cancelled
ORD10223,C04154,2025-01-09,Completed
ORD10224,C03788,2025-06-12,Completed
ORD10225,C03371,2025-09-26,Completed
ORD10226,C01575,2025-12-02,Returned
ORD10227,C02034,2025-09-01,Completed
ORD10228,C01835,2025-10-17,Completed
ORD10229,C02286,2025-08-28,Pending
ORD10230,C02315,2025-12-20,Completed
ORD10231,C01440,2025-08-11,Completed
ORD10232,C04608,2025-09-14,Completed
ORD10233,C02768,2025-08-18,Completed
ORD10234,C03660,2025-05-06,Cancelled
ORD10235,C04462,2025-07-08,Completed
ORD10236,C03299,2025-01-02,Pending
ORD10237,C02945,2025-03-21,Completed
ORD10238,C03768,2025-04-18,Completed
ORD10239,C00547,2025-05-08,Completed
ORD10240,C00025,2025-11-23,Completed
ORD10241,C04211,2025-08-13,Cancelled
ORD10242,C04592,2025-10-26,Completed
ORD10243,C04161,2025-09-26,Completed
ORD10244,C01347,2025-12-13,Completed
ORD10245,C04821,2025-12-03,Completed
ORD10246,C02734,2025-09-13,Completed
ORD10247,C01786,2025-01-29,Completed
ORD10248,C04282,2025-10-03,Completed
ORD10249,C04081,2025-12-17,Completed
ORD10250,C03594,2025-11-03,Returned
ORD10251,C04769,2025-02-05,Cancelled
ORD10252,C04926,2025-01-06,Completed
ORD10253,C01044,2025-04-07,Cancelled
ORD10254,C00681,2025-06-27,Returned
ORD10255,C02311,2025-04-26,Pending
ORD10256,C02512,2025-05-31,Completed
ORD10257,C00646,2025-10-16,Completed
ORD10258,C02542,2025-08-21,Completed
ORD10259,C04473,2025-05-27,Completed
ORD10260,C03253,2025-09-07,Completed
ORD10261,C00916,2025-12-27,Completed
ORD10262,C01298,2025-05-31,Completed
ORD10263,C04329,2025-11-20,Completed
ORD10264,C04799,2025-07-13,Completed
ORD10265,C02098,2025-04-14,Completed
ORD10266,C03062,2025-01-25,Completed
ORD10267,C02054,2025-02-23,Completed
ORD10268,C01158,2025-11-20,Returned
ORD10269,C03210,2025-08-22,Completed
ORD10270,C02180,2025-01-06,Completed
ORD10271,C04972,2025-07-14,Completed
ORD10272,C04585,2025-12-07,Completed
ORD10273,C00466,2025-02-12,Returned
ORD10274,C02021,2025-03-15,Completed
ORD10275,C03049,2025-07-23,Completed
ORD10276,C03677,2025-02-01,Completed
ORD10277,C00628,2025-09-19,Completed
ORD10278,C00973,2025-08-26,Completed
ORD10279,C00060,2025-05-18,Completed
ORD10280,C04999,2025-10-21,Completed
ORD10281,C01301,2025-01-24,Completed
ORD10282,C00644,2025-09-22,Completed
ORD10283,C04509,2025-12-09,Completed
ORD10284,C01228,2025-03-30,Completed
ORD10285,C01985,2025-02-23,Completed
ORD10286,C04773,2025-11-28,Completed
ORD10287,C00266,2025-06-10,Completed
ORD10288,C01564,2025-06-09,Completed
ORD10289,C00893,2025-11-21,Completed
ORD10290,C03881,2025-05-02,Completed
ORD10291,C00737,2025-09-05,Returned
ORD10292,C02104,2025-02-15,Completed
ORD10293,C03340,2025-06-26,Completed
ORD10294,C02458,2025-06-17,Completed
ORD10295,C01502,2025-05-07,Completed
ORD10296,C02788,2025-07-06,Completed
ORD10297,C00615,2025-08-01,Pending
ORD10298,C02472,2025-11-14,Completed
ORD10299,C02859,2025-12-02,Completed
ORD10300,C03328,2025-04-10,Completed
ORD10301,C01609,2025-07-15,Completed
ORD10302,C01907,2025-09-20,Completed
ORD10303,C02521,2025-09-18,Completed
ORD10304,C02727,2025-01-10,Completed
ORD10305,C03658,2025-05-31,Completed
ORD10306,C01711,2025-06-16,Completed
ORD10307,C02598,2025-11-30,Completed
ORD10308,C00527,2025-10-18,Completed
ORD10309,C03386,2025-07-07,Completed
ORD10310,C03258,2025-05-13,Completed
ORD10311,C00162,2025-07-21,Cancelled
ORD10312,C03565,2025-11-11,Completed
ORD10313,C03932,2025-09-06,Completed
ORD10314,C00812,2025-04-17,Completed
ORD10315,C00529,2025-06-08,Completed
ORD10316,C01227,2025-05-21,Completed
ORD10317,C04486,2025-08-10,Completed
ORD10318,C04784,2025-02-03,Cancelled
ORD10319,C02592,2025-04-21,Completed
ORD10320,C00201,2025-10-20,Completed
ORD10321,C02175,2025-04-11,Completed
ORD10322,C00622,2025-09-24,Completed
ORD10323,C00322,2025-07-13,Completed
ORD10324,C04904,2025-03-20,Completed
ORD10325,C02110,2025-11-23,Returned
ORD10326,C03310,2025-07-06,Completed
ORD10327,C01675,2025-03-16,Completed
ORD10328,C00703,2025-01-26,Completed
ORD10329,C02452,2025-11-13,Cancelled
ORD10330,C04775,2025-02-23,Completed
ORD10331,C03517,2025-05-24,Pending
ORD10332,C01930,2025-09-22,Completed
ORD10333,C03868,2025-12-31,Completed
ORD10334,C04998,2025-10-15,Completed
ORD10335,C04718,2025-03-23,Completed
ORD10336,C00141,2025-07-05,Completed
ORD10337,C04962,2025-02-18,Completed
ORD10338,C01731,2025-05-03,Completed
ORD10339,C01241,2025-12-04,Completed
ORD10340,C03204,2025-03-07,Completed
ORD10341,C04773,2025-04-23,Completed
ORD10342,C04526,2025-08-08,Completed
ORD10343,C04011,2025-03-03,Completed
ORD10344,C04977,2025-03-28,Completed
ORD10345,C02401,2025-10-21,Pending
ORD10346,C00886,2025-03-13,Completed
ORD10347,C01736,2025-01-02,Completed
ORD10348,C03503,2025-03-30,Completed
ORD10349,C04359,2025-02-27,Completed
ORD10350,C01736,2025-12-02,Completed
ORD10351,C01393,2025-05-18,Completed
ORD10352,C00950,2025-08-01,Completed
ORD10353,C04674,2025-02-15,Completed
ORD10354,C03688,2025-07-24,Completed
ORD10355,C04695,2025-08-12,Completed
ORD10356,C04026,2025-11-14,Completed
ORD10357,C00778,2025-08-30,Completed
ORD10358,C01224,2025-05-02,Completed
ORD10359,C02673,2025-10-17,Completed
ORD10360,C02040,2025-04-18,Completed
ORD10361,C01690,2025-02-12,Completed
ORD10362,C02026,2025-06-30,Completed
ORD10363,C01373,2025-12-31,Pending
ORD10364,C04452,2025-08-24,Returned
ORD10365,C01125,2025-06-09,Completed
ORD10366,C00181,2025-05-20,Returned
ORD10367,C00230,2025-10-22,Completed
ORD10368,C00849,2025-05-17,Completed
ORD10369,C04067,2025-02-16,Pending
ORD10370,C03516,2025-10-09,Completed
ORD10371,C04357,2025-12-08,Completed
ORD10372,C04410,2025-03-30,Completed
ORD10373,C04393,2025-11-30,Completed
ORD10374,C02378,2025-05-27,Completed
ORD10375,C04485,2025-03-24,Completed
ORD10376,C03279,2025-04-10,Completed
ORD10377,C01067,2025-11-03,Completed
ORD10378,C00033,2025-04-19,Completed
ORD10379,C03534,2025-11-25,Completed
ORD10380,C03598,2025-04-29,Completed
ORD10381,C01331,2025-04-22,Completed
ORD10382,C01132,2025-05-10,Completed
ORD10383,C03546,2025-04-13,Completed
ORD10384,C04557,2025-04-20,Completed
ORD10385,C04198,2025-02-10,Completed
ORD10386,C02789,2025-05-09,Completed
ORD10387,C02406,2025-06-25,Completed
ORD10388,C04272,2025-09-06,Completed
ORD10389,C02295,2025-09-02,Completed
ORD10390,C00061,2025-05-23,Completed
ORD10391,C03815,2025-05-25,Returned
ORD10392,C00740,2025-08-15,Completed
ORD10393,C02558,2025-04-20,Completed
ORD10394,C02203,2025-02-09,Completed
ORD10395,C02820,2025-08-23,Completed
ORD10396,C02454,2025-12-08,Returned
ORD10397,C00276,2025-07-17,Cancelled
ORD10398,C02636,2025-04-04,Pending
ORD10399,C02866,2025-04-22,Completed
ORD10400,C04744,2025-05-07,Completed
ORD10401,C01051,2025-05-18,Completed
ORD10402,C02201,2025-12-06,Completed
ORD10403,C01901,2025-05-23,Returned
ORD10404,C03066,2025-03-02,Completed
ORD10405,C04811,2025-07-08,Completed
ORD10406,C00043,2025-10-09,Cancelled
ORD10407,C04946,2025-08-19,Completed
ORD10408,C02607,2025-05-16,Completed
ORD10409,C01117,2025-10-06,Completed
ORD10410,C02640,2025-12-09,Completed
ORD10411,C00227,2025-08-08,Completed
ORD10412,C01458,2025-06-27,Returned
ORD10413,C00005,2025-02-23,Returned
ORD10414,C03513,2025-03-30,Completed
ORD10415,C00216,2025-06-03,Completed
ORD10416,C03675,2025-08-16,Completed
ORD10417,C02123,2025-11-10,Completed
ORD10418,C04489,2025-09-01,Completed
ORD10419,C02309,2025-09-23,Completed
ORD10420,C04788,2025-03-08,Completed
ORD10421,C00960,2025-06-28,Completed
ORD10422,C04251,2025-12-17,Cancelled
ORD10423,C01948,2025-01-03,Completed
ORD10424,C03482,2025-10-09,Completed
ORD10425,C00421,2025-10-14,Completed
ORD10426,C04168,2025-03-31,Completed
ORD10427,C03883,2025-11-25,Completed
ORD10428,C00036,2025-11-01,Completed
ORD10429,C04215,2025-04-04,Completed
ORD10430,C00295,2025-10-25,Completed
ORD10431,C02920,2025-04-01,Completed
ORD10432,C00943,2025-01-03,Cancelled
ORD10433,C04861,2025-05-21,Pending
ORD10434,C01182,2025-04-11,Completed
ORD10435,C02831,2025-12-14,Completed
ORD10436,C04024,2025-10-17,Completed
ORD10437,C01734,2025-01-26,Returned
ORD10438,C01285,2025-09-08,Pending
ORD10439,C04760,2025-03-08,Completed
ORD10440,C04754,2025-01-06,Completed
ORD10441,C02582,2025-02-14,Completed
ORD10442,C00127,2025-12-11,Completed
ORD10443,C01388,2025-09-03,Completed
ORD10444,C04600,2025-03-11,Completed
ORD10445,C03798,2025-10-20,Completed
ORD10446,C04199,2025-09-27,Completed
ORD10447,C02728,2025-11-10,Cancelled
ORD10448,C02054,2025-04-19,Completed
ORD10449,C03533,2025-01-18,Completed
ORD10450,C01460,2025-03-29,Completed
ORD10451,C00403,2025-10-10,Completed
ORD10452,C03833,2025-08-31,Cancelled
ORD10453,C00264,2025-01-07,Completed
ORD10454,C03942,2025-10-01,Completed
ORD10455,C04020,2025-02-24,Completed
ORD10456,C00404,2025-07-14,Completed
ORD10457,C02686,2025-03-17,Completed
ORD10458,C03124,2025-01-07,Completed
ORD10459,C04179,2025-10-15,Completed
ORD10460,C03025,2025-10-22,Completed
ORD10461,C00410,2025-10-05,Completed
ORD10462,C00960,2025-07-03,Completed
ORD10463,C01531,2025-03-13,Cancelled
ORD10464,C04180,2025-08-02,Completed
ORD10465,C00373,2025-01-12,Completed
ORD10466,C04780,2025-11-16,Returned
ORD10467,C03742,2025-12-20,Completed
ORD10468,C04734,2025-05-24,Completed
ORD10469,C00843,2025-08-15,Completed
ORD10470,C03058,2025-10-26,Completed
ORD10471,C01923,2025-07-27,Completed
ORD10472,C04103,2025-09-08,Completed
ORD10473,C03861,2025-03-06,Returned
ORD10474,C02818,2025-11-11,Cancelled
ORD10475,C00176,2025-02-24,Completed
ORD10476,C02590,2025-11-05,Completed
ORD10477,C03491,2025-09-17,Completed
ORD10478,C04270,2025-12-20,Completed
ORD10479,C02205,2025-04-28,Returned
ORD10480,C01109,2025-10-16,Cancelled
ORD10481,C03618,2025-10-04,Cancelled
ORD10482,C03493,2025-11-18,Completed
ORD10483,C00610,2025-06-21,Completed
ORD10484,C01509,2025-10-18,Cancelled
ORD10485,C02784,2025-12-11,Completed
ORD10486,C04874,2025-06-15,Completed
ORD10487,C00670,2025-10-25,Completed
ORD10488,C03599,2025-12-10,Cancelled
ORD10489,C04069,2025-01-27,Completed
ORD10490,C03832,2025-02-15,Completed
ORD10491,C00684,2025-11-26,Returned
ORD10492,C00386,2025-04-29,Completed
ORD10493,C01546,2025-04-23,Completed
ORD10494,C01825,2025-06-28,Completed
ORD10495,C01217,2025-02-28,Completed
ORD10496,C03852,2025-04-02,Completed
ORD10497,C02177,2025-01-06,Completed
ORD10498,C00710,2025-07-10,Completed
ORD10499,C04367,2025-10-06,Cancelled
ORD10500,C03555,2025-08-04,Completed
ORD10501,C00903,2025-12-04,Cancelled
ORD10502,C02229,2025-12-08,Completed
ORD10503,C04440,2025-08-27,Completed
ORD10504,C03076,2025-02-26,Completed
ORD10505,C02809,2025-06-05,Completed
ORD10506,C00950,2025-02-27,Returned
ORD10507,C04276,2025-09-14,Completed
ORD10508,C02769,2025-11-10,Completed
ORD10509,C04894,2025-12-30,Completed
ORD10510,C01212,2025-12-30,Completed
ORD10511,C02665,2025-12-10,Completed
ORD10512,C02751,2025-03-02,Completed
ORD10513,C01682,2025-04-30,Completed
ORD10514,C03195,2025-08-05,Completed
ORD10515,C04496,2025-03-03,Completed
ORD10516,C01828,2025-02-15,Completed
ORD10517,C03691,2025-05-16,Completed
ORD10518,C00006,2025-12-25,Completed
ORD10519,C04644,2025-10-07,Completed
ORD10520,C00960,2025-02-25,Completed
ORD10521,C03358,2025-05-07,Completed
ORD10522,C01349,2025-04-03,Completed
ORD10523,C02224,2025-05-01,Completed
ORD10524,C03150,2025-06-27,Pending
ORD10525,C02176,2025-10-19,Returned
ORD10526,C02575,2025-02-11,Cancelled
ORD10527,C04210,2025-11-08,Completed
ORD10528,C04105,2025-03-03,Cancelled
ORD10529,C04746,2025-09-07,Completed
ORD10530,C02707,2025-06-16,Completed
ORD10531,C03688,2025-11-03,Completed
ORD10532,C02838,2025-05-26,Completed
ORD10533,C03283,2025-10-24,Completed
ORD10534,C00335,2025-11-25,Completed
ORD10535,C02210,2025-07-07,Completed
ORD10536,C02102,2025-10-01,Completed
ORD10537,C01679,2025-01-15,Completed
ORD10538,C02235,2025-01-26,Completed
ORD10539,C00383,2025-11-08,Completed
ORD10540,C00275,2025-01-03,Completed
ORD10541,C04806,2025-06-16,Completed
ORD10542,C04432,2025-02-17,Completed
ORD10543,C04390,2025-12-26,Completed
ORD10544,C01542,2025-04-08,Completed
ORD10545,C03257,2025-08-29,Completed
ORD10546,C01380,2025-07-19,Completed
ORD10547,C02360,2025-01-09,Pending
ORD10548,C01947,2025-12-29,Completed
ORD10549,C03662,2025-06-27,Completed
ORD10550,C02759,2025-10-16,Completed
ORD10551,C04644,2025-01-14,Cancelled
ORD10552,C03528,2025-05-23,Completed
ORD10553,C04227,2025-03-01,Completed
ORD10554,C03077,2025-08-18,Completed
ORD10555,C00471,2025-10-22,Completed
ORD10556,C03618,2025-11-16,Completed
ORD10557,C03028,2025-02-20,Completed
ORD10558,C02671,2025-11-06,Completed
ORD10559,C00209,2025-10-04,Completed
ORD10560,C02689,2025-04-21,Returned
ORD10561,C04087,2025-05-29,Completed
ORD10562,C02225,2025-07-01,Cancelled
ORD10563,C02928,2025-12-31,Completed
ORD10564,C01604,2025-11-01,Completed
ORD10565,C00698,2025-09-26,Completed
ORD10566,C03561,2025-07-17,Returned
ORD10567,C02722,2025-05-12,Completed
ORD10568,C02014,2025-05-11,Completed
ORD10569,C04179,2025-02-24,Completed
ORD10570,C03362,2025-09-22,Completed
ORD10571,C04211,2025-03-05,Completed
ORD10572,C03842,2025-11-18,Completed
ORD10573,C04571,2025-07-12,Returned
ORD10574,C01953,2025-04-01,Completed
ORD10575,C00663,2025-11-03,Completed
ORD10576,C00327,2025-11-18,Completed
ORD10577,C00188,2025-09-09,Completed
ORD10578,C04303,2025-03-03,Completed
ORD10579,C03472,2025-03-07,Completed
ORD10580,C01416,2025-06-17,Completed
ORD10581,C04351,2025-10-06,Completed
ORD10582,C00696,2025-11-28,Returned
ORD10583,C00953,2025-03-26,Returned
ORD10584,C03604,2025-08-26,Completed
ORD10585,C00807,2025-07-05,Completed
ORD10586,C04469,2025-01-16,Completed
ORD10587,C04120,2025-05-17,Completed
ORD10588,C01039,2025-05-15,Completed
ORD10589,C03837,2025-08-11,Returned
ORD10590,C00160,2025-02-01,Completed
ORD10591,C01139,2025-06-26,Completed
ORD10592,C03636,2025-07-30,Completed
ORD10593,C04072,2025-02-17,Completed
ORD10594,C02774,2025-05-12,Completed
ORD10595,C02868,2025-10-07,Completed
ORD10596,C03609,2025-10-18,Completed
ORD10597,C02891,2025-02-14,Completed
ORD10598,C03203,2025-02-02,Completed
ORD10599,C04700,2025-11-12,Completed
ORD10600,C00547,2025-12-04,Returned
ORD10601,C02168,2025-01-15,Cancelled
ORD10602,C04813,2025-01-11,Completed
ORD10603,C02487,2025-11-27,Completed
ORD10604,C02550,2025-10-20,Completed
ORD10605,C01393,2025-11-29,Pending
ORD10606,C03065,2025-03-16,Completed
ORD10607,C03449,2025-06-28,Completed
ORD10608,C04520,2025-11-11,Completed
ORD10609,C01779,2025-10-26,Cancelled
ORD10610,C00395,2025-08-23,Completed
ORD10611,C03198,2025-07-25,Completed
ORD10612,C02922,2025-12-26,Completed
ORD10613,C02104,2025-11-26,Completed
ORD10614,C01489,2025-01-08,Completed
ORD10615,C00851,2025-06-14,Completed
ORD10616,C04827,2025-10-31,Completed
ORD10617,C00075,2025-07-27,Completed
ORD10618,C04567,2025-02-03,Completed
ORD10619,C01073,2025-05-23,Completed
ORD10620,C00479,2025-08-31,Completed
ORD10621,C04512,2025-04-30,Completed
ORD10622,C01833,2025-06-17,Completed
ORD10623,C03454,2025-09-19,Completed
ORD10624,C00844,2025-10-19,Completed
ORD10625,C01199,2025-08-24,Completed
ORD10626,C03428,2025-08-01,Completed
ORD10627,C01691,2025-11-07,Cancelled
ORD10628,C01876,2025-07-03,Completed
ORD10629,C03437,2025-01-01,Completed
ORD10630,C03778,2025-11-19,Completed
ORD10631,C01421,2025-08-02,Completed
ORD10632,C02751,2025-09-16,Completed
ORD10633,C01672,2025-03-07,Completed
ORD10634,C00808,2025-04-08,Completed
ORD10635,C02130,2025-03-11,Completed
ORD10636,C00045,2025-02-12,Cancelled
ORD10637,C04513,2025-03-07,Completed
ORD10638,C01657,2025-11-27,Pending
ORD10639,C01087,2025-11-26,Completed
ORD10640,C00471,2025-01-27,Completed
ORD10641,C02657,2025-12-17,Completed
ORD10642,C00353,2025-05-22,Returned
ORD10643,C03270,2025-08-30,Returned
ORD10644,C02531,2025-01-09,Pending
ORD10645,C03713,2025-02-18,Completed
ORD10646,C03050,2025-04-23,Completed
ORD10647,C00928,2025-02-09,Completed
ORD10648,C03307,2025-06-01,Returned
ORD10649,C04155,2025-04-23,Completed
ORD10650,C03398,2025-04-01,Returned
ORD10651,C04552,2025-08-24,Completed
ORD10652,C01584,2025-12-18,Completed
ORD10653,C04171,2025-05-13,Completed
ORD10654,C01940,2025-05-02,Completed
ORD10655,C02357,2025-10-16,Completed
ORD10656,C00908,2025-06-26,Completed
ORD10657,C04809,2025-08-01,Completed
ORD10658,C02981,2025-09-24,Completed
ORD10659,C00518,2025-07-13,Completed
ORD10660,C01591,2025-11-29,Completed
ORD10661,C01715,2025-01-25,Completed
ORD10662,C01087,2025-03-24,Completed
ORD10663,C03556,2025-10-10,Returned
ORD10664,C04207,2025-01-24,Completed
ORD10665,C00026,2025-02-18,Completed
ORD10666,C01278,2025-02-12,Returned
ORD10667,C02740,2025-06-22,Completed
ORD10668,C02154,2025-12-11,Completed
ORD10669,C01097,2025-07-08,Completed
ORD10670,C01462,2025-02-23,Completed
ORD10671,C04475,2025-04-08,Cancelled
ORD10672,C01598,2025-05-29,Completed
ORD10673,C00639,2025-08-29,Completed
ORD10674,C00593,2025-10-31,Completed
ORD10675,C02181,2025-12-24,Returned
ORD10676,C02801,2025-11-19,Completed
ORD10677,C03879,2025-08-12,Returned
ORD10678,C03181,2025-10-25,Pending
ORD10679,C03087,2025-03-19,Completed
ORD10680,C01652,2025-07-30,Completed
ORD10681,C00846,2025-02-22,Completed
ORD10682,C01007,2025-03-11,Completed
ORD10683,C01870,2025-06-06,Completed
ORD10684,C03929,2025-12-21,Completed
ORD10685,C01001,2025-11-20,Completed
ORD10686,C02792,2025-07-14,Completed
ORD10687,C01415,2025-04-17,Completed
ORD10688,C00388,2025-03-08,Completed
ORD10689,C02397,2025-04-02,Completed
ORD10690,C01893,2025-08-19,Completed
ORD10691,C03297,2025-07-17,Completed
ORD10692,C01868,2025-04-22,Cancelled
ORD10693,C01578,2025-12-22,Completed
ORD10694,C00693,2025-11-03,Completed
ORD10695,C03700,2025-11-17,Pending
ORD10696,C01310,2025-02-03,Completed
ORD10697,C00563,2025-06-12,Completed
ORD10698,C01325,2025-08-15,Pending
ORD10699,C00072,2025-11-12,Cancelled
ORD10700,C04739,2025-04-19,Returned
ORD10701,C00456,2025-08-04,Completed
ORD10702,C03515,2025-11-19,Completed
ORD10703,C01030,2025-01-25,Completed
ORD10704,C00956,2025-02-17,Completed
ORD10705,C02012,2025-02-08,Completed
ORD10706,C00638,2025-01-21,Completed
ORD10707,C00940,2025-01-16,Cancelled
ORD10708,C02150,2025-07-20,Completed
ORD10709,C00394,2025-06-19,Completed
ORD10710,C00384,2025-06-09,Completed
ORD10711,C02789,2025-07-18,Completed
ORD10712,C04382,2025-07-25,Returned
ORD10713,C02838,2025-02-15,Completed
ORD10714,C01641,2025-10-08,Completed
ORD10715,C02936,2025-04-18,Completed
ORD10716,C01488,2025-03-11,Completed
ORD10717,C04337,2025-04-28,Completed
ORD10718,C01497,2025-11-04,Completed
ORD10719,C01365,2025-06-24,Completed
ORD10720,C01486,2025-06-07,Completed
ORD10721,C04332,2025-10-06,Completed
ORD10722,C00183,2025-09-09,Pending
ORD10723,C03353,2025-11-03,Returned
ORD10724,C03570,2025-07-02,Completed
ORD10725,C03876,2025-07-24,Completed
ORD10726,C02555,2025-04-20,Completed
ORD10727,C02888,2025-11-02,Completed
ORD10728,C04540,2025-10-18,Completed
ORD10729,C02100,2025-08-05,Completed
ORD10730,C00598,2025-03-27,Cancelled
ORD10731,C02421,2025-06-25,Cancelled
ORD10732,C01938,2025-05-13,Completed
ORD10733,C02144,2025-10-25,Returned
ORD10734,C00540,2025-02-09,Completed
ORD10735,C00280,2025-09-18,Completed
ORD10736,C03814,2025-10-06,Cancelled
ORD10737,C00988,2025-10-13,Completed
ORD10738,C01188,2025-03-25,Completed
ORD10739,C02184,2025-12-14,Completed
ORD10740,C04694,2025-05-29,Completed
ORD10741,C03720,2025-12-08,Completed
ORD10742,C04390,2025-06-05,Completed
ORD10743,C02909,2025-12-07,Completed
ORD10744,C02543,2025-06-04,Completed
ORD10745,C00659,2025-12-25,Completed
ORD10746,C01451,2025-03-02,Completed
ORD10747,C03015,2025-08-26,Completed
ORD10748,C04804,2025-02-17,Completed
ORD10749,C01086,2025-07-14,Returned
ORD10750,C00455,2025-09-03,Completed
ORD10751,C01798,2025-04-14,Completed
ORD10752,C00699,2025-05-19,Completed
ORD10753,C04384,2025-03-08,Completed
ORD10754,C03304,2025-05-25,Cancelled
ORD10755,C03249,2025-03-01,Pending
ORD10756,C01084,2025-04-19,Returned
ORD10757,C04925,2025-06-30,Completed
ORD10758,C02163,2025-07-07,Returned
ORD10759,C01207,2025-06-21,Returned
ORD10760,C04679,2025-02-27,Completed
ORD10761,C03617,2025-03-30,Completed
ORD10762,C03386,2025-08-28,Completed
ORD10763,C01784,2025-01-31,Completed
ORD10764,C03776,2025-10-15,Completed
ORD10765,C01976,2025-11-10,Completed
ORD10766,C01752,2025-05-11,Completed
ORD10767,C04582,2025-07-22,Completed
ORD10768,C00417,2025-09-03,Completed
ORD10769,C01738,2025-10-16,Completed
ORD10770,C04911,2025-02-14,Pending
ORD10771,C04770,2025-04-08,Completed
ORD10772,C01296,2025-09-22,Cancelled
ORD10773,C04624,2025-02-12,Completed
ORD10774,C01727,2025-06-14,Completed
ORD10775,C03625,2025-05-01,Completed
ORD10776,C04099,2025-06-05,Completed
ORD10777,C02637,2025-06-23,Completed
ORD10778,C02976,2025-01-19,Completed
ORD10779,C04174,2025-03-02,Completed
ORD10780,C00770,2025-12-17,Completed
ORD10781,C02172,2025-08-01,Completed
ORD10782,C03774,2025-09-15,Completed
ORD10783,C03239,2025-11-21,Completed
ORD10784,C01320,2025-02-06,Completed
ORD10785,C03217,2025-03-24,Cancelled
ORD10786,C03786,2025-04-01,Completed
ORD10787,C01885,2025-09-16,Completed
ORD10788,C02499,2025-05-18,Completed
ORD10789,C03355,2025-06-29,Completed
ORD10790,C02200,2025-10-31,Completed
ORD10791,C03706,2025-06-25,Completed
ORD10792,C00287,2025-02-05,Completed
ORD10793,C02127,2025-07-17,Pending
ORD10794,C01741,2025-05-05,Completed
ORD10795,C02144,2025-06-14,Completed
ORD10796,C02326,2025-06-20,Completed
ORD10797,C00732,2025-03-06,Cancelled
ORD10798,C01166,2025-03-13,Completed
ORD10799,C04270,2025-11-28,Completed
ORD10800,C02433,2025-10-14,Completed
ORD10801,C01676,2025-02-10,Completed
ORD10802,C00440,2025-07-03,Completed
ORD10803,C02008,2025-01-29,Completed
ORD10804,C04702,2025-09-24,Completed
ORD10805,C01919,2025-01-13,Completed
ORD10806,C01246,2025-12-01,Completed
ORD10807,C01242,2025-12-31,Completed
ORD10808,C01352,2025-06-08,Completed
ORD10809,C04095,2025-08-07,Completed
ORD10810,C04851,2025-08-13,Completed
ORD10811,C03309,2025-09-29,Completed
ORD10812,C04486,2025-03-23,Completed
ORD10813,C01349,2025-07-13,Returned
ORD10814,C03349,2025-08-18,Completed
ORD10815,C00495,2025-12-17,Completed
ORD10816,C00059,2025-11-03,Cancelled
ORD10817,C03940,2025-09-07,Completed
ORD10818,C02685,2025-12-20,Completed
ORD10819,C04755,2025-12-04,Completed
ORD10820,C01518,2025-07-07,Cancelled
ORD10821,C04897,2025-06-29,Completed
ORD10822,C00150,2025-03-01,Returned
ORD10823,C00744,2025-04-22,Completed
ORD10824,C02724,2025-04-07,Completed
ORD10825,C00969,2025-03-24,Completed
ORD10826,C01817,2025-05-10,Cancelled
ORD10827,C01627,2025-08-10,Returned
ORD10828,C02118,2025-07-19,Completed
ORD10829,C04764,2025-04-24,Completed
ORD10830,C00505,2025-08-07,Completed
ORD10831,C02690,2025-08-11,Completed
ORD10832,C02380,2025-01-12,Completed
ORD10833,C00708,2025-05-18,Completed
ORD10834,C01438,2025-04-04,Completed
ORD10835,C00607,2025-11-14,Returned
ORD10836,C02133,2025-06-19,Pending
ORD10837,C04046,2025-04-03,Completed
ORD10838,C02843,2025-07-11,
ORD10839,C01861,2025-03-25,Completed
ORD10840,C03250,2025-11-29,Pending
ORD10841,C04519,2025-06-16,Completed
ORD10842,C02599,2025-01-01,Completed
ORD10843,C03175,2025-11-02,Completed
ORD10844,C03010,2025-01-08,Completed
ORD10845,C04284,2025-04-17,Returned
ORD10846,C03210,2025-01-28,Completed
ORD10847,C01303,2025-03-18,Completed
ORD10848,C04120,2025-05-25,Completed
ORD10849,C04724,2025-04-13,Completed
ORD10850,C01228,2025-09-30,Completed
ORD10851,C04580,2025-12-31,Returned
ORD10852,C03329,2025-07-18,Completed
ORD10853,C04740,2025-09-28,Completed
ORD10854,C00803,2025-01-16,Completed
ORD10855,C02790,2025-04-03,Completed
ORD10856,C02823,2025-05-26,Completed
ORD10857,C01603,2025-01-17,Completed
ORD10858,C01431,2025-12-05,Completed
ORD10859,C03484,2025-02-22,Completed
ORD10860,C00784,2025-08-10,Completed
ORD10861,C03647,2025-01-10,Completed
ORD10862,C01327,2025-09-12,Completed
ORD10863,C01142,2025-01-15,Completed
ORD10864,C02864,2025-01-28,Completed
ORD10865,C02407,2025-01-03,Completed
ORD10866,C04671,2025-11-11,Completed
ORD10867,C04933,2025-08-15,Completed
ORD10868,C04596,2025-09-20,Completed
ORD10869,C00387,2025-05-15,Completed
ORD10870,C03027,2025-10-27,Completed
ORD10871,C02852,2025-11-02,Completed
ORD10872,C02940,2025-05-16,Completed
ORD10873,C02425,2025-10-12,Pending
ORD10874,C03663,2025-09-25,Completed
ORD10875,C00361,2025-06-07,Completed
ORD10876,C02518,2025-09-13,Completed
ORD10877,C02133,2025-01-04,Cancelled
ORD10878,C04197,2025-09-23,Completed
ORD10879,C03998,2025-10-23,Pending
ORD10880,C02862,2025-02-09,Completed
ORD10881,C03282,2025-11-09,Completed
ORD10882,C01316,2025-03-10,Completed
ORD10883,C00940,2025-11-27,Completed
ORD10884,C03737,2025-11-20,Pending
ORD10885,C04771,2025-01-18,Completed
ORD10886,C00517,2025-07-23,Completed
ORD10887,C04289,2025-05-25,Cancelled
ORD10888,C00113,2025-06-07,Returned
ORD10889,C03914,2025-07-26,Cancelled
ORD10890,C01931,2025-04-28,Completed
ORD10891,C04767,2025-06-08,Completed
ORD10892,C04886,2025-02-21,Completed
ORD10893,C00840,2025-06-10,Cancelled
ORD10894,C04723,2025-04-06,Pending
ORD10895,C04107,2025-06-04,Completed
ORD10896,C03828,2025-07-14,Completed
ORD10897,C03742,2025-05-23,Completed
ORD10898,C03551,2025-06-22,Completed
ORD10899,C03643,2025-05-24,Completed
ORD10900,C03073,2025-08-14,Completed
ORD10901,C02815,2025-08-03,Completed
ORD10902,C03632,2025-02-21,Completed
ORD10903,C02430,2025-05-02,Completed
ORD10904,C00558,2025-12-01,Returned
ORD10905,C00931,2025-02-18,Completed
ORD10906,C04243,2025-07-08,Completed
ORD10907,C03044,2025-03-12,Completed
ORD10908,C00581,2025-09-11,Completed
ORD10909,C03525,2025-09-25,Completed
ORD10910,C02465,2025-09-09,Completed
ORD10911,C01343,2025-06-11,Completed
ORD10912,C02032,2025-05-20,Returned
ORD10913,C01672,2025-03-30,Completed
ORD10914,C00720,2025-01-06,Completed
ORD10915,C00671,2025-01-14,Completed
ORD10916,C04561,2025-09-25,Completed
ORD10917,C00961,2025-05-18,Completed
ORD10918,C00554,2025-05-19,Completed
ORD10919,C00437,2025-02-13,Completed
ORD10920,C01059,2025-01-24,Completed
ORD10921,C03714,2025-06-06,Completed
ORD10922,C02116,2025-12-25,Completed
ORD10923,C00764,2025-06-10,Cancelled
ORD10924,C03892,2025-10-19,Completed
ORD10925,C00791,2025-10-29,Completed
ORD10926,C01061,2025-04-07,Pending
ORD10927,C04102,2025-01-29,Completed
ORD10928,C00555,2025-03-30,Completed
ORD10929,C02639,2025-12-22,Completed
ORD10930,C01263,2025-05-15,Pending
ORD10931,C03915,2025-01-05,Completed
ORD10932,C00206,2025-09-13,Completed
ORD10933,C04790,2025-04-03,Completed
ORD10934,C04239,2025-11-26,Completed
ORD10935,C03676,2025-05-18,Returned
ORD10936,C01582,2025-07-29,Cancelled
ORD10937,C02361,2025-03-25,Completed
ORD10938,C02249,2025-04-02,Cancelled
ORD10939,C02537,2025-12-14,Completed
ORD10940,C00498,2025-03-30,Completed
ORD10941,C00886,2025-11-19,Completed
ORD10942,C02394,2025-07-24,Completed
ORD10943,C03575,2025-11-07,Completed
ORD10944,C01079,2025-01-01,Completed
ORD10945,C01428,2025-10-20,Completed
ORD10946,C01222,2025-03-09,Pending
ORD10947,C01930,2025-12-25,Completed
ORD10948,C04287,2025-11-28,Completed
ORD10949,C00209,2025-09-18,Completed
ORD10950,C01973,2025-04-17,Completed
ORD10951,C02267,2025-06-29,Completed
ORD10952,C04770,2025-08-14,Completed
ORD10953,C00384,2025-10-09,Completed
ORD10954,C04666,2025-12-01,Completed
ORD10955,C01648,2025-09-20,Returned
ORD10956,C02640,2025-07-19,Returned
ORD10957,C04876,2025-09-14,Completed
ORD10958,C01134,2025-10-13,Completed
ORD10959,C02282,2025-01-01,Completed
ORD10960,C03693,2025-09-22,Completed
ORD10961,C03440,2025-12-21,Completed
ORD10962,C03101,2025-10-10,Returned
ORD10963,C02261,2025-11-13,Completed
ORD10964,C00892,2025-12-17,Cancelled
ORD10965,C02403,2025-08-23,Completed
ORD10966,C00453,2025-05-16,Completed
ORD10967,C03734,2025-06-17,Completed
ORD10968,C02837,2025-05-01,Completed
ORD10969,C04962,2025-03-27,Completed
ORD10970,C00147,2025-08-09,Completed
ORD10971,C04423,2025-03-08,Completed
ORD10972,C04240,2025-03-17,Completed
ORD10973,C00134,2025-01-08,Cancelled
ORD10974,C01412,2025-11-01,Completed
ORD10975,C04394,2025-01-05,Completed
ORD10976,C03947,2025-10-10,Completed
ORD10977,C02197,2025-08-05,Completed
ORD10978,C02569,2025-04-14,Completed
ORD10979,C04994,2025-03-17,
ORD10980,C01483,2025-03-29,Completed
ORD10981,C01047,2025-09-21,Completed
ORD10982,C00848,2025-07-24,Completed
ORD10983,C00172,2025-04-15,Completed
ORD10984,C04396,2025-04-22,Pending
ORD10985,C01430,2025-03-18,Completed
ORD10986,C01364,2025-09-11,Completed
ORD10987,C01848,2025-06-06,Completed
ORD10988,C01133,2025-05-18,Completed
ORD10989,C03211,2025-01-30,Completed
ORD10990,C01756,2025-10-12,Completed
ORD10991,C00668,2025-05-11,Pending
ORD10992,C04451,2025-10-27,Cancelled
ORD10993,C04874,2025-05-19,Completed
ORD10994,C01367,2025-12-10,Completed
ORD10995,C01759,2025-12-18,Completed
ORD10996,C01040,2025-04-01,Completed
ORD10997,C02467,2025-08-06,Pending
ORD10998,C03238,2025-03-03,Completed
ORD10999,C04782,2025-10-18,Completed
ORD11000,C00665,2025-01-24,Completed
ORD11001,C00769,2025-09-18,Completed
ORD11002,C01613,2025-03-17,Completed
ORD11003,C01966,2025-11-26,Completed
ORD11004,C03655,2025-12-21,Completed
ORD11005,C01463,2025-02-11,Pending
ORD11006,C02130,2025-06-26,Cancelled
ORD11007,C02927,2025-06-04,Completed
ORD11008,C03659,2025-03-09,Completed
ORD11009,C03917,2025-01-15,Returned
ORD11010,C00421,2025-05-16,Completed
ORD11011,C04034,2025-05-15,Pending
ORD11012,C02083,2025-03-26,Completed
ORD11013,C02812,2025-11-11,Cancelled
ORD11014,C03707,2025-04-13,Completed
ORD11015,C01789,2025-09-09,Completed
ORD11016,C04220,2025-07-06,Cancelled
ORD11017,C00428,2025-09-26,Completed
ORD11018,C03588,2025-05-18,Completed
ORD11019,C01189,2025-01-26,Pending
ORD11020,C00428,2025-07-24,Cancelled
ORD11021,C00037,2025-11-28,Completed
ORD11022,C02020,2025-01-02,Completed
ORD11023,C03725,2025-09-07,Completed
ORD11024,C03562,2025-12-07,Completed
ORD11025,C03957,2025-07-06,Completed
ORD11026,C02915,2025-10-25,Completed
ORD11027,C03619,2025-09-07,Completed
ORD11028,C02599,2025-08-28,Completed
ORD11029,C01854,2025-04-30,Completed
ORD11030,C01822,2025-09-14,Completed
ORD11031,C04087,2025-10-29,Completed
ORD11032,C01511,2025-05-07,Completed
ORD11033,C04851,2025-05-30,Cancelled
ORD11034,C00459,2025-06-17,Completed
ORD11035,C04868,2025-05-29,Cancelled
ORD11036,C03757,2025-07-14,Pending
ORD11037,C00859,2025-11-10,Completed
ORD11038,C03796,2025-09-26,Completed
ORD11039,C01257,2025-12-13,Completed
ORD11040,C03780,2025-11-07,Completed
ORD11041,C03284,2025-03-21,Completed
ORD11042,C04432,2025-01-19,Completed
ORD11043,C02894,2025-03-23,Completed
ORD11044,C02148,2025-12-03,Completed
ORD11045,C03724,2025-06-17,Completed
ORD11046,C00949,2025-08-19,Returned
ORD11047,C02011,2025-08-17,Completed
ORD11048,C00446,2025-02-10,Completed
ORD11049,C00187,2025-02-02,Completed
ORD11050,C03656,2025-06-14,Completed
ORD11051,C02705,2025-06-20,Cancelled
ORD11052,C03207,2025-08-21,Completed
ORD11053,C02411,2025-09-03,Completed
ORD11054,C03018,2025-02-27,Completed
ORD11055,C03430,2025-08-21,Returned
ORD11056,C02488,2025-06-02,Completed
ORD11057,C04955,2025-11-07,Completed
ORD11058,C04618,2025-01-22,Returned
ORD11059,C04022,2025-03-05,Returned
ORD11060,C03266,2025-09-07,Completed
ORD11061,C04028,2025-09-23,Returned
ORD11062,C04221,2025-01-27,Completed
ORD11063,C00149,2025-03-26,Completed
ORD11064,C04716,2025-03-11,Completed
ORD11065,C00016,2025-01-05,Completed
ORD11066,C01757,2025-04-25,Completed
ORD11067,C00989,2025-10-01,Completed
ORD11068,C00987,2025-06-13,Returned
ORD11069,C02564,2025-12-17,Completed
ORD11070,C01606,2025-11-12,Completed
ORD11071,C01591,2025-01-29,Pending
ORD11072,C01883,2025-09-18,Completed
ORD11073,C01560,2025-07-09,Completed
ORD11074,C01686,2025-02-23,Completed
ORD11075,C03613,2025-04-23,Completed
ORD11076,C01238,2025-12-31,Completed
ORD11077,C03025,2025-12-22,Completed
ORD11078,C02217,2025-10-10,Completed
ORD11079,C04469,2025-02-25,Pending
ORD11080,C04433,2025-09-13,Returned
ORD11081,C02990,2025-10-17,Completed
ORD11082,C03789,2025-04-27,Completed
ORD11083,C01454,2025-11-25,Completed
ORD11084,C01091,2025-09-04,Completed
ORD11085,C00320,2025-11-15,Completed
ORD11086,C01174,2025-09-25,Completed
ORD11087,C04711,2025-10-04,Completed
ORD11088,C01726,2025-10-23,Completed
ORD11089,C00320,2025-08-03,Completed
ORD11090,C00256,2025-05-22,Completed
ORD11091,C03769,2025-10-15,Completed
ORD11092,C01610,2025-01-21,Pending
ORD11093,C01824,2025-10-05,Completed
ORD11094,C03175,2025-10-24,Completed
ORD11095,C04682,2025-05-12,Completed
ORD11096,C03219,2025-09-03,Completed
ORD11097,C03832,2025-11-29,Completed
ORD11098,C04406,2025-07-28,Completed
ORD11099,C02233,2025-05-21,Completed
ORD11100,C00527,2025-03-03,Completed
ORD11101,C02876,2025-02-11,Completed
ORD11102,C00867,2025-06-25,Completed
ORD11103,C01364,2025-08-14,Pending
ORD11104,C01436,2025-06-15,Completed
ORD11105,C03764,2025-04-28,Completed
ORD11106,C00840,2025-09-16,Pending
ORD11107,C00381,2025-09-27,Completed
ORD11108,C01111,2025-06-22,Completed
ORD11109,C02470,2025-03-31,Completed
ORD11110,C00136,2025-03-09,Completed
ORD11111,C03895,2025-04-03,Completed
ORD11112,C03051,2025-03-23,Completed
ORD11113,C02817,2025-03-28,Completed
ORD11114,C01206,2025-05-04,Completed
ORD11115,C00988,2025-12-25,Completed
ORD11116,C01816,2025-05-28,Completed
ORD11117,C03163,2025-07-16,Completed
ORD11118,C04442,2025-03-23,Completed
ORD11119,C03785,2025-08-13,Pending
ORD11120,C02994,2025-10-26,Completed
ORD11121,C01081,2025-08-27,Completed
ORD11122,C03819,2025-02-26,Cancelled
ORD11123,C04685,2025-09-18,Returned
ORD11124,C02254,2025-07-28,Completed
ORD11125,C02888,2025-04-07,Returned
ORD11126,C02468,2025-07-21,Returned
ORD11127,C02715,2025-11-23,Completed
ORD11128,C02347,2025-02-01,Completed
ORD11129,C03122,2025-10-03,Completed
ORD11130,C02127,2025-12-20,Cancelled
ORD11131,C04375,2025-08-12,Completed
ORD11132,C04879,2025-09-16,Completed
ORD11133,C00769,2025-08-07,Cancelled
ORD11134,C02379,2025-07-25,Completed
ORD11135,C01031,2025-10-17,Completed
ORD11136,C04076,2025-09-03,Pending
ORD11137,C01582,2025-07-19,Pending
ORD11138,C00160,2025-06-16,Completed
ORD11139,C04891,2025-01-02,Completed
ORD11140,C00528,2025-02-13,Completed
ORD11141,C00192,2025-01-17,Completed
ORD11142,C03858,2025-10-04,Completed
ORD11143,C00958,2025-09-23,Completed
ORD11144,C03348,2025-04-15,Completed
ORD11145,C02050,2025-02-06,Completed
ORD11146,C04424,2025-09-06,Cancelled
ORD11147,C00391,2025-04-17,Completed
ORD11148,C01524,2025-06-12,Completed
ORD11149,C04221,2025-02-15,Completed
ORD11150,C01630,2025-04-29,Completed
ORD11151,C01230,2025-03-24,Completed
ORD11152,C02116,2025-11-29,Completed
ORD11153,C03025,2025-05-16,Cancelled
ORD11154,C02868,2025-05-26,Pending
ORD11155,C02320,2025-09-04,Completed
ORD11156,C03635,2025-09-23,Completed
ORD11157,C04913,2025-03-31,Completed
ORD11158,C02316,2025-08-13,Cancelled
ORD11159,C03766,2025-02-08,Completed
ORD11160,C02555,2025-01-13,Completed
ORD11161,C03211,2025-10-13,Completed
ORD11162,C03682,2025-10-19,Pending
ORD11163,C04734,2025-05-14,Completed
ORD11164,C00048,2025-12-15,Pending
ORD11165,C03080,2025-03-03,Completed
ORD11166,C03870,2025-08-08,Completed
ORD11167,C04358,2025-03-26,Completed
ORD11168,C03709,2025-07-12,Completed
ORD11169,C04595,2025-03-09,Completed
ORD11170,C04957,2025-04-15,Completed
ORD11171,C04462,2025-09-10,Completed
ORD11172,C04045,2025-10-16,Completed
ORD11173,C04917,2025-02-05,Completed
ORD11174,C04099,2025-02-09,Completed
ORD11175,C00676,2025-03-24,Completed
ORD11176,C01780,2025-06-11,Returned
ORD11177,C04550,2025-02-27,Completed
ORD11178,C03559,2025-09-02,Completed
ORD11179,C00276,2025-03-30,Completed
ORD11180,C01404,2025-03-29,Returned
ORD11181,C02660,2025-02-22,Completed
ORD11182,C01637,2025-04-09,Completed
ORD11183,C03435,2025-03-08,Pending
ORD11184,C04158,2025-05-28,Completed
ORD11185,C01883,2025-09-07,Cancelled
ORD11186,C01502,2025-10-05,Completed
ORD11187,C04097,2025-05-11,Completed
ORD11188,C00814,2025-03-27,Completed
ORD11189,C01087,2025-01-30,Completed
ORD11190,C02174,2025-05-06,Completed
ORD11191,C00382,2025-10-16,Completed
ORD11192,C04431,2025-03-22,Completed
ORD11193,C00965,2025-03-20,Completed
ORD11194,C03945,2025-11-13,Completed
ORD11195,C03432,2025-08-09,Cancelled
ORD11196,C03822,2025-09-20,Completed
ORD11197,C00214,2025-04-09,Completed
ORD11198,C04016,2025-03-28,Completed
ORD11199,C02184,2025-01-26,Completed
ORD11200,C04993,2025-04-21,Completed
ORD11201,C02870,2025-02-11,Completed
ORD11202,C03989,2025-08-01,Cancelled
ORD11203,C04384,2025-05-13,Completed
ORD11204,C00921,2025-06-05,Returned
ORD11205,C00834,2025-11-01,Returned
ORD11206,C03120,2025-09-11,Completed
ORD11207,C00817,2025-10-12,Completed
ORD11208,C02674,2025-02-04,Completed
ORD11209,C01257,2025-01-02,Completed
ORD11210,C02227,2025-11-15,Pending
ORD11211,C03495,2025-06-29,Completed
ORD11212,C04202,2025-06-22,Completed
ORD11213,C04670,2025-05-15,Completed
ORD11214,C03058,2025-07-26,Completed
ORD11215,C02376,2025-12-16,Completed
ORD11216,C04768,2025-04-20,Cancelled
ORD11217,C02066,2025-01-28,Completed
ORD11218,C00386,2025-08-25,Completed
ORD11219,C01431,2025-10-08,Completed
ORD11220,C04984,2025-11-13,Completed
ORD11221,C01349,2025-03-13,Completed
ORD11222,C03872,2025-12-04,Returned
ORD11223,C02629,2025-01-25,Completed
ORD11224,C01432,2025-06-22,Completed
ORD11225,C02036,2025-03-02,Cancelled
ORD11226,C01283,2025-04-05,Completed
ORD11227,C01383,2025-07-10,Completed
ORD11228,C02339,2025-12-13,Pending
ORD11229,C04671,2025-07-07,Completed
ORD11230,C00098,2025-05-07,Cancelled
ORD11231,C00110,2025-08-20,Completed
ORD11232,C02599,2025-10-07,Completed
ORD11233,C02706,2025-05-09,Completed
ORD11234,C03846,2025-08-14,Completed
ORD11235,C01948,2025-11-13,Completed
ORD11236,C03619,2025-12-08,Completed
ORD11237,C04262,2025-04-08,Completed
ORD11238,C00090,2025-08-16,Completed
ORD11239,C00660,2025-07-28,Completed
ORD11240,C04453,2025-01-03,Completed
ORD11241,C03492,2025-04-03,Completed
ORD11242,C03956,2025-11-15,Completed
ORD11243,C00107,2025-11-08,Cancelled
ORD11244,C04738,2025-01-20,Completed
ORD11245,C01710,2025-08-27,Returned
ORD11246,C01116,2025-03-28,Completed
ORD11247,C00913,2025-09-13,Completed
ORD11248,C02247,2025-09-30,Completed
ORD11249,C01782,2025-07-24,Completed
ORD11250,C02341,2025-11-21,Cancelled
ORD11251,C02916,2025-06-05,Completed
ORD11252,C00208,2025-12-14,Returned
ORD11253,C01494,2025-11-01,Completed
ORD11254,C02967,2025-07-15,Completed
ORD11255,C00159,2025-12-07,Completed
ORD11256,C04282,2025-05-24,Completed
ORD11257,C02464,2025-02-06,Completed
ORD11258,C02223,2025-10-20,Completed
ORD11259,C01039,2025-10-03,Completed
ORD11260,C02688,2025-07-25,Completed
ORD11261,C01096,2025-03-11,Completed
ORD11262,C01918,2025-07-02,Completed
ORD11263,C00672,2025-12-06,Completed
ORD11264,C02459,2025-09-19,Completed
ORD11265,C03328,2025-04-07,Completed
ORD11266,C01988,2025-10-04,Returned
ORD11267,C00379,2025-06-29,Completed
ORD11268,C02075,2025-07-20,Completed
ORD11269,C03888,2025-01-04,
ORD11270,C02154,2025-04-28,Completed
ORD11271,C00860,2025-09-07,Completed
ORD11272,C04967,2025-04-09,Completed
ORD11273,C03585,2025-03-24,Completed
ORD11274,C00537,2025-01-18,Completed
ORD11275,C02153,2025-06-17,Completed
ORD11276,C01647,2025-11-27,Completed
ORD11277,C02056,2025-08-17,Cancelled
ORD11278,C04847,2025-07-23,Completed
ORD11279,C01471,2025-08-04,Completed
ORD11280,C00411,2025-09-28,Completed
ORD11281,C04987,2025-11-06,Completed
ORD11282,C02951,2025-06-21,Completed
ORD11283,C02622,2025-04-10,Completed
ORD11284,C04837,2025-11-04,Cancelled
ORD11285,C03907,2025-10-03,Completed
ORD11286,C00667,2025-08-07,Returned
ORD11287,C03435,2025-09-21,Completed
ORD11288,C00354,2025-11-16,Completed
ORD11289,C02704,2025-02-09,Completed
ORD11290,C04706,2025-10-09,Pending
ORD11291,C04157,2025-10-11,Completed
ORD11292,C02342,2025-11-26,Completed
ORD11293,C03890,2025-04-10,Completed
ORD11294,C00685,2025-09-01,Completed
ORD11295,C03708,2025-09-18,Pending
ORD11296,C02646,2025-05-31,Completed
ORD11297,C03780,2025-05-27,Completed
ORD11298,C03786,2025-01-12,Completed
ORD11299,C00325,2025-09-24,Pending
ORD11300,C02801,2025-06-23,Completed
ORD11301,C04158,2025-12-09,Completed
ORD11302,C02557,2025-10-04,Completed
ORD11303,C03394,2025-05-26,Pending
ORD11304,C01898,2025-03-27,Completed
ORD11305,C02992,2025-06-07,Completed
ORD11306,C00582,2025-06-14,Completed
ORD11307,C02981,2025-03-18,Completed
ORD11308,C03719,2025-01-27,Completed
ORD11309,C02821,2025-07-16,Completed
ORD11310,C03193,2025-07-25,Pending
ORD11311,C04625,2025-10-03,Completed
ORD11312,C04423,2025-01-30,Completed
ORD11313,C01031,2025-08-19,Completed
ORD11314,C01225,2025-01-14,Completed
ORD11315,C04574,2025-06-16,Completed
ORD11316,C03261,2025-05-02,Completed
ORD11317,C03461,2025-05-23,Returned
ORD11318,C03352,2025-01-21,Completed
ORD11319,C03292,2025-11-21,Completed
ORD11320,C04622,2025-04-13,Completed
ORD11321,C01956,2025-09-06,Completed
ORD11322,C02695,2025-12-22,Completed
ORD11323,C01726,2025-09-21,Completed
ORD11324,C01652,2025-04-26,Completed
ORD11325,C00729,2025-05-15,Completed
ORD11326,C02040,2025-11-30,Completed
ORD11327,C02930,2025-05-27,Completed
ORD11328,C02660,2025-10-23,Cancelled
ORD11329,C01349,2025-09-14,Completed
ORD11330,C01425,2025-01-05,Completed
ORD11331,C03520,2025-08-11,Completed
ORD11332,C01701,2025-05-13,Completed
ORD11333,C03674,2025-12-24,Pending
ORD11334,C00719,2025-01-18,Completed
ORD11335,C00175,2025-01-11,Completed
ORD11336,C04399,2025-02-12,Completed
ORD11337,C00322,2025-01-11,Completed
ORD11338,C01375,2025-08-03,Completed
ORD11339,C03354,2025-02-16,Completed
ORD11340,C04594,2025-01-07,Completed
ORD11341,C04190,2025-07-27,Completed
ORD11342,C02527,2025-12-22,Completed
ORD11343,C04755,2025-02-05,Completed
ORD11344,C01177,2025-09-11,Cancelled
ORD11345,C03984,2025-07-31,Completed
ORD11346,C00029,2025-03-17,Returned
ORD11347,C04989,2025-06-01,Pending
ORD11348,C01326,2025-07-01,Completed
ORD11349,C00697,2025-03-20,Completed
ORD11350,C04702,2025-03-01,Completed
ORD11351,C01650,2025-07-08,Completed
ORD11352,C03740,2025-06-17,Completed
ORD11353,C01281,2025-09-04,Completed
ORD11354,C04853,2025-08-26,Completed
ORD11355,C03231,2025-03-01,Completed
ORD11356,C01370,2025-05-28,Completed
ORD11357,C04965,2025-04-08,Completed
ORD11358,C04347,2025-01-13,Completed
ORD11359,C00397,2025-08-31,Cancelled
ORD11360,C00365,2025-03-01,Completed
ORD11361,C03777,2025-05-31,Completed
ORD11362,C03247,2025-01-11,Completed
ORD11363,C01811,2025-06-01,Completed
ORD11364,C03075,2025-05-16,Completed
ORD11365,C00960,2025-09-07,Pending
ORD11366,C02650,2025-01-05,Completed
ORD11367,C04486,2025-04-14,Completed
ORD11368,C01082,2025-04-15,Completed
ORD11369,C00945,2025-06-13,Cancelled
ORD11370,C01854,2025-05-20,Completed
ORD11371,C04086,2025-07-13,Completed
ORD11372,C00845,2025-09-08,Completed
ORD11373,C00586,2025-11-23,Completed
ORD11374,C01813,2025-08-20,Completed
ORD11375,C00857,2025-06-02,Completed
ORD11376,C03112,2025-05-24,Completed
ORD11377,C03346,2025-12-22,Completed
ORD11378,C04328,2025-12-17,Completed
ORD11379,C04586,2025-04-06,Completed
ORD11380,C04994,2025-08-21,Cancelled
ORD11381,C01579,2025-11-28,Completed
ORD11382,C03648,2025-09-28,Completed
ORD11383,C00264,2025-03-23,Completed
ORD11384,C02375,2025-12-23,Completed
ORD11385,C03385,2025-04-21,Completed
ORD11386,C03002,2025-07-02,Cancelled
ORD11387,C00138,2025-02-04,Completed
ORD11388,C00544,2025-12-03,Completed
ORD11389,C04643,2025-02-11,Completed
ORD11390,C04851,2025-10-29,Completed
ORD11391,C01059,2025-06-14,Completed
ORD11392,C02760,2025-10-23,Completed
ORD11393,C01939,2025-01-04,Completed
ORD11394,C04689,2025-07-18,Completed
ORD11395,C02225,2025-10-19,Returned
ORD11396,C03998,2025-01-30,Completed
ORD11397,C02376,2025-05-12,Completed
ORD11398,C04813,2025-10-18,Completed
ORD11399,C02129,2025-06-10,Completed
ORD11400,C00577,2025-01-03,Completed
ORD11401,C00308,2025-11-24,Pending
ORD11402,C01678,2025-09-16,Completed
ORD11403,C03903,2025-01-01,Completed
ORD11404,C03704,2025-02-07,Completed
ORD11405,C03519,2025-01-12,Completed
ORD11406,C01077,2025-02-04,Completed
ORD11407,C00814,2025-01-04,Completed
ORD11408,C02346,2025-07-28,Completed
ORD11409,C03975,2025-11-08,Completed
ORD11410,C02898,2025-03-15,Completed
ORD11411,C00332,2025-01-31,Completed
ORD11412,C02330,2025-10-10,Completed
ORD11413,C02570,2025-06-03,Completed
ORD11414,C02844,2025-12-13,Completed
ORD11415,C03551,2025-12-27,Completed
ORD11416,C03144,2025-03-14,Completed
ORD11417,C01355,2025-11-13,Completed
ORD11418,C02640,2025-05-17,Completed
ORD11419,C00776,2025-08-24,Completed
ORD11420,C00145,2025-06-27,Completed
ORD11421,C04079,2025-04-20,Completed
ORD11422,C01177,2025-11-14,Completed
ORD11423,C03371,2025-10-21,Completed
ORD11424,C03815,2025-01-05,Completed
ORD11425,C02058,2025-12-14,Completed
ORD11426,C04035,2025-03-14,Returned
ORD11427,C01969,2025-06-21,Pending
ORD11428,C04297,2025-04-07,Completed
ORD11429,C04717,2025-12-08,Cancelled
ORD11430,C02735,2025-02-12,Completed
ORD11431,C02985,2025-11-22,Completed
ORD11432,C00446,2025-06-05,Completed
ORD11433,C03958,2025-01-12,Completed
ORD11434,C02509,2025-09-24,Completed
ORD11435,C00060,2025-12-18,Completed
ORD11436,C03201,2025-03-08,Completed
ORD11437,C02038,2025-03-29,Completed
ORD11438,C02809,2025-04-20,Completed
ORD11439,C01292,2025-08-24,Returned
ORD11440,C02515,2025-04-21,Completed
ORD11441,C01919,2025-03-21,Returned
ORD11442,C03234,2025-03-24,Completed
ORD11443,C02764,2025-01-30,Completed
ORD11444,C01706,2025-06-05,Completed
ORD11445,C01728,2025-08-22,Completed
ORD11446,C01122,2025-04-29,Completed
ORD11447,C00585,2025-05-14,Completed
ORD11448,C02103,2025-08-06,Completed
ORD11449,C02978,2025-01-16,Completed
ORD11450,C04344,2025-01-29,Completed
ORD11451,C02677,2025-06-01,Completed
ORD11452,C04436,2025-06-11,Cancelled
ORD11453,C01356,2025-02-01,Completed
ORD11454,C04791,2025-09-11,Completed
ORD11455,C00358,2025-03-03,Cancelled
ORD11456,C00161,2025-05-22,Pending
ORD11457,C02216,2025-04-21,Completed
ORD11458,C00294,2025-07-06,Pending
ORD11459,C00355,2025-10-26,Completed
ORD11460,C00438,2025-10-25,Completed
ORD11461,C01978,2025-05-11,Completed
ORD11462,C04751,2025-07-29,Returned
ORD11463,C00162,2025-01-29,Returned
ORD11464,C04334,2025-09-04,Completed
ORD11465,C04128,2025-05-30,Cancelled
ORD11466,C04315,2025-07-20,Completed
ORD11467,C02682,2025-09-24,Cancelled
ORD11468,C02484,2025-03-21,Completed
ORD11469,C02880,2025-04-05,Completed
ORD11470,C03604,2025-07-19,Completed
ORD11471,C02881,2025-08-28,Completed
ORD11472,C03001,2025-12-21,Completed
ORD11473,C02403,2025-06-09,Completed
ORD11474,C04763,2025-03-31,Completed
ORD11475,C04045,2025-06-24,Completed
ORD11476,C00709,2025-11-05,Completed
ORD11477,C01200,2025-07-04,Completed
ORD11478,C03341,2025-08-14,Completed
ORD11479,C04996,2025-05-24,Completed
ORD11480,C01533,2025-03-30,Completed
ORD11481,C03477,2025-07-17,Completed
ORD11482,C02911,2025-03-31,Completed
ORD11483,C04172,2025-02-22,Completed
ORD11484,C04990,2025-10-08,Completed
ORD11485,C00621,2025-12-19,Completed
ORD11486,C01488,2025-01-12,Returned
ORD11487,C01822,2025-12-07,Completed
ORD11488,C03740,2025-09-13,Completed
ORD11489,C01806,2025-03-03,Completed
ORD11490,C02077,2025-01-26,Completed
ORD11491,C04830,2025-05-06,Completed
ORD11492,C03140,2025-12-31,Completed
ORD11493,C03073,2025-03-17,Pending
ORD11494,C01877,2025-02-04,Completed
ORD11495,C02769,2025-11-24,Completed
ORD11496,C01672,2025-04-22,Returned
ORD11497,C03826,2025-04-13,Completed
ORD11498,C02438,2025-09-05,Completed
ORD11499,C03537,2025-04-22,Completed
ORD11500,C03559,2025-06-13,Completed
ORD11501,C02917,2025-09-18,Completed
ORD11502,C03720,2025-08-09,Completed
ORD11503,C02458,2025-11-19,Completed
ORD11504,C04807,2025-02-04,Completed
ORD11505,C04541,2025-10-19,Completed
ORD11506,C01795,2025-11-22,Completed
ORD11507,C02006,2025-12-31,Completed
ORD11508,C04180,2025-06-14,Completed
ORD11509,C00843,2025-05-18,Cancelled
ORD11510,C02556,2025-11-23,Completed
ORD11511,C04643,2025-09-26,Returned
ORD11512,C01634,2025-07-29,Completed
ORD11513,C03830,2025-07-29,Completed
ORD11514,C00173,2025-08-24,Completed
ORD11515,C00194,2025-06-12,Completed
ORD11516,C00644,2025-02-20,Returned
ORD11517,C02844,2025-06-30,Completed
ORD11518,C00794,2025-01-23,Completed
ORD11519,C02450,2025-11-01,Completed
ORD11520,C04465,2025-03-04,Completed
ORD11521,C04270,2025-07-25,Pending
ORD11522,C04963,2025-07-15,Completed
ORD11523,C00708,2025-07-10,Completed
ORD11524,C04324,2025-11-08,Completed
ORD11525,C00526,2025-09-07,Completed
ORD11526,C04119,2025-08-13,Completed
ORD11527,C04856,2025-08-22,Completed
ORD11528,C00649,2025-04-06,Completed
ORD11529,C04154,2025-04-20,Cancelled
ORD11530,C00958,2025-07-02,Pending
ORD11531,C03326,2025-03-28,Cancelled
ORD11532,C02137,2025-04-06,Completed
ORD11533,C03198,2025-01-25,Completed
ORD11534,C00567,2025-02-19,Completed
ORD11535,C03945,2025-08-02,Completed
ORD11536,C00087,2025-06-25,Completed
ORD11537,C02022,2025-06-20,Pending
ORD11538,C01247,2025-07-27,Completed
ORD11539,C01028,2025-02-04,Cancelled
ORD11540,C02437,2025-12-30,Completed
ORD11541,C00685,2025-10-25,Returned
ORD11542,C00011,2025-12-21,Completed
ORD11543,C02026,2025-03-30,Completed
ORD11544,C00864,2025-01-17,Returned
ORD11545,C03882,2025-05-07,Completed
ORD11546,C02787,2025-08-20,Completed
ORD11547,C01148,2025-03-03,Completed
ORD11548,C01967,2025-01-19,Completed
ORD11549,C02452,2025-09-18,Completed
ORD11550,C04618,2025-11-22,Completed
ORD11551,C02660,2025-07-29,Returned
ORD11552,C02059,2025-04-15,Completed
ORD11553,C03628,2025-03-12,Pending
ORD11554,C00645,2025-01-30,Cancelled
ORD11555,C02293,2025-07-22,Completed
ORD11556,C00547,2025-02-06,Completed
ORD11557,C03165,2025-08-21,Completed
ORD11558,C00546,2025-10-17,Completed
ORD11559,C04055,2025-10-01,Completed
ORD11560,C02866,2025-01-11,Cancelled
ORD11561,C02618,2025-06-04,Completed
ORD11562,C02963,2025-11-14,Completed
ORD11563,C00895,2025-10-08,Completed
ORD11564,C01822,2025-02-18,Completed
ORD11565,C02942,2025-05-30,Completed
ORD11566,C00030,2025-10-23,Completed
ORD11567,C04093,2025-04-09,Completed
ORD11568,C00847,2025-05-01,Completed
ORD11569,C00176,2025-06-25,Completed
ORD11570,C00052,2025-08-19,Completed
ORD11571,C02083,2025-09-05,Completed
ORD11572,C04560,2025-12-16,Completed
ORD11573,C01065,2025-11-19,Completed
ORD11574,C02212,2025-04-09,Completed
ORD11575,C04492,2025-12-20,Completed
ORD11576,C01553,2025-02-15,Completed
ORD11577,C02729,2025-04-30,Pending
ORD11578,C02306,2025-10-11,Cancelled
ORD11579,C00069,2025-08-28,Completed
ORD11580,C00185,2025-08-14,Pending
ORD11581,C04358,2025-05-09,Returned
ORD11582,C02841,2025-12-08,Completed
ORD11583,C02270,2025-06-18,Completed
ORD11584,C02469,2025-01-28,Completed
ORD11585,C01083,2025-03-24,Completed
ORD11586,C03961,2025-07-13,Cancelled
ORD11587,C00048,2025-03-08,Completed
ORD11588,C04539,2025-01-28,Completed
ORD11589,C03554,2025-09-06,Completed
ORD11590,C02751,2025-04-01,Completed
ORD11591,C04839,2025-04-09,Pending
ORD11592,C02325,2025-05-11,Completed
ORD11593,C02875,2025-03-04,Returned
ORD11594,C04824,2025-01-20,Completed
ORD11595,C03605,2025-09-08,Completed
ORD11596,C01178,2025-02-03,Returned
ORD11597,C00064,2025-10-13,Completed
ORD11598,C00122,2025-08-01,Completed
ORD11599,C02267,2025-06-01,Completed
ORD11600,C04014,2025-02-22,Completed
ORD11601,C04251,2025-05-12,Completed
ORD11602,C02718,2025-08-16,Returned
ORD11603,C02834,2025-05-19,Completed
ORD11604,C01877,2025-08-24,Completed
ORD11605,C02766,2025-04-18,Cancelled
ORD11606,C02115,2025-10-17,Completed
ORD11607,C01029,2025-06-09,Completed
ORD11608,C03436,2025-09-24,Completed
ORD11609,C04176,2025-11-30,Cancelled
ORD11610,C01588,2025-03-26,Completed
ORD11611,C02724,2025-04-24,Completed
ORD11612,C00216,2025-04-05,Completed
ORD11613,C03665,2025-08-17,Completed
ORD11614,C03241,2025-11-24,Completed
ORD11615,C00061,2025-04-09,Completed
ORD11616,C04243,2025-05-11,Completed
ORD11617,C00907,2025-04-23,Completed
ORD11618,C00078,2025-06-23,Completed
ORD11619,C04048,2025-12-18,Returned
ORD11620,C04023,2025-06-21,Completed
ORD11621,C01333,2025-04-04,Completed
ORD11622,C01313,2025-01-24,Completed
ORD11623,C02502,2025-01-07,Completed
ORD11624,C01232,2025-04-20,Cancelled
ORD11625,C02304,2025-03-10,Completed
ORD11626,C01538,2025-04-26,Cancelled
ORD11627,C04465,2025-09-03,Completed
ORD11628,C01727,2025-10-11,Completed
ORD11629,C03056,2025-04-18,Completed
ORD11630,C00270,2025-01-28,Completed
ORD11631,C00795,2025-06-10,Cancelled
ORD11632,C03370,2025-05-03,Completed
ORD11633,C01625,2025-07-26,Completed
ORD11634,C03404,2025-10-17,Completed
ORD11635,C01547,2025-07-28,Completed
ORD11636,C04160,2025-07-12,Returned
ORD11637,C02492,2025-11-12,Completed
ORD11638,C04963,2025-10-23,Completed
ORD11639,C04441,2025-12-22,Completed
ORD11640,C00936,2025-04-23,Returned
ORD11641,C02537,2025-05-31,Completed
ORD11642,C02628,2025-05-07,Returned
ORD11643,C01324,2025-11-02,Completed
ORD11644,C04080,2025-09-12,Completed
ORD11645,C04028,2025-06-11,Completed
ORD11646,C02553,2025-03-21,Completed
ORD11647,C01713,2025-02-15,Completed
ORD11648,C04454,2025-09-26,Cancelled
ORD11649,C03227,2025-02-25,Completed
ORD11650,C03431,2025-07-24,Completed
ORD11651,C01998,2025-06-03,Completed
ORD11652,C04196,2025-01-18,Completed
ORD11653,C00670,2025-02-19,Completed
ORD11654,C02127,2025-02-27,Completed
ORD11655,C04184,2025-03-30,Completed
ORD11656,C04962,2025-08-26,Completed
ORD11657,C00047,2025-07-02,Cancelled
ORD11658,C02123,2025-12-08,Completed
ORD11659,C00933,2025-02-06,Cancelled
ORD11660,C02136,2025-01-17,Completed
ORD11661,C03042,2025-11-26,Completed
ORD11662,C04048,2025-07-23,Completed
ORD11663,C00784,2025-04-03,Completed
ORD11664,C03953,2025-12-17,Completed
ORD11665,C02241,2025-11-02,Completed
ORD11666,C03753,2025-07-02,Completed
ORD11667,C02855,2025-02-21,Completed
ORD11668,C04207,2025-05-08,Completed
ORD11669,C02996,2025-07-31,Completed
ORD11670,C04631,2025-04-21,Completed
ORD11671,C02474,2025-12-08,Completed
ORD11672,C02665,2025-08-05,Completed
ORD11673,C00890,2025-06-21,Cancelled
ORD11674,C04358,2025-03-20,Completed
ORD11675,C01751,2025-01-27,Completed
ORD11676,C02453,2025-09-07,Completed
ORD11677,C00298,2025-06-25,Completed
ORD11678,C03498,2025-08-18,Completed
ORD11679,C02983,2025-12-10,Pending
ORD11680,C03546,2025-02-12,Completed
ORD11681,C02238,2025-10-17,Completed
ORD11682,C01790,2025-04-28,Pending
ORD11683,C02446,2025-05-13,Completed
ORD11684,C02559,2025-07-15,Completed
ORD11685,C04752,2025-07-16,Completed
ORD11686,C01677,2025-09-18,Completed
ORD11687,C01227,2025-07-10,Cancelled
ORD11688,C01352,2025-11-11,Completed
ORD11689,C02346,2025-11-26,Completed
ORD11690,C01833,2025-08-31,Completed
ORD11691,C02776,2025-11-24,Cancelled
ORD11692,C01308,2025-11-10,Completed
ORD11693,C04254,2025-04-26,Completed
ORD11694,C00658,2025-12-26,Completed
ORD11695,C04217,2025-08-04,Completed
ORD11696,C02163,2025-05-15,Pending
ORD11697,C03671,2025-09-26,Completed
ORD11698,C04307,2025-08-19,Completed
ORD11699,C01075,2025-01-02,Completed
ORD11700,C00519,2025-09-30,Completed
ORD11701,C00796,2025-07-26,Completed
ORD11702,C02075,2025-05-09,Completed
ORD11703,C04494,2025-03-15,Completed
ORD11704,C04939,2025-09-13,Cancelled
ORD11705,C00673,2025-09-16,Returned
ORD11706,C03826,2025-12-18,Completed
ORD11707,C00934,2025-06-25,Completed
ORD11708,C04682,2025-10-12,Cancelled
ORD11709,C03788,2025-05-18,Completed
ORD11710,C02874,2025-05-20,Completed
ORD11711,C04733,2025-02-03,Completed
ORD11712,C04799,2025-10-26,Completed
ORD11713,C04929,2025-10-01,Completed
ORD11714,C02609,2025-12-03,Completed
ORD11715,C01001,2025-09-04,Completed
ORD11716,C01382,2025-07-19,Completed
ORD11717,C02552,2025-03-09,Completed
ORD11718,C03637,2025-06-08,Completed
ORD11719,C02431,2025-07-03,Completed
ORD11720,C01375,2025-03-27,Completed
ORD11721,C02696,2025-09-14,Completed
ORD11722,C01792,2025-11-29,Completed
ORD11723,C00246,2025-10-14,Completed
ORD11724,C00406,2025-05-01,Completed
ORD11725,C03711,2025-12-16,Completed
ORD11726,C01834,2025-02-14,Completed
ORD11727,C04641,2025-03-01,Completed
ORD11728,C00243,2025-06-09,Cancelled
ORD11729,C04771,2025-04-02,Completed
ORD11730,C03294,2025-01-19,Pending
ORD11731,C00988,2025-03-19,Completed
ORD11732,C02940,2025-05-13,Cancelled
ORD11733,C04666,2025-10-22,Returned
ORD11734,C03749,2025-04-02,Completed
ORD11735,C01868,2025-02-21,Cancelled
ORD11736,C02744,2025-01-27,Completed
ORD11737,C00585,2025-01-05,Completed
ORD11738,C03563,2025-08-12,Completed
ORD11739,C00433,2025-05-18,Cancelled
ORD11740,C01060,2025-10-24,Completed
ORD11741,C03678,2025-11-03,Completed
ORD11742,C01745,2025-06-14,Completed
ORD11743,C00378,2025-07-18,Completed
ORD11744,C01227,2025-12-01,Completed
ORD11745,C01301,2025-04-24,Completed
ORD11746,C04658,2025-09-14,Completed
ORD11747,C04365,2025-09-15,Completed
ORD11748,C03264,2025-11-15,Cancelled
ORD11749,C00645,2025-10-03,Returned
ORD11750,C03430,2025-05-25,Pending
ORD11751,C04247,2025-12-22,Completed
ORD11752,C00622,2025-03-31,Completed
ORD11753,C01218,2025-05-02,Completed
ORD11754,C04666,2025-07-14,Completed
ORD11755,C02869,2025-11-05,Cancelled
ORD11756,C01674,2025-09-13,Completed
ORD11757,C03211,2025-03-16,Completed
ORD11758,C01174,2025-04-26,Completed
ORD11759,C01141,2025-07-20,Completed
ORD11760,C01719,2025-07-15,Completed
ORD11761,C00909,2025-05-06,Completed
ORD11762,C04373,2025-08-31,Completed
ORD11763,C02625,2025-08-29,Completed
ORD11764,C03543,2025-03-24,Completed
ORD11765,C04153,2025-05-24,Completed
ORD11766,C03062,2025-06-04,Completed
ORD11767,C04038,2025-01-23,Returned
ORD11768,C00432,2025-10-19,Completed
ORD11769,C02089,2025-07-30,Completed
ORD11770,C02187,2025-07-12,Completed
ORD11771,C04997,2025-05-24,Completed
ORD11772,C02006,2025-09-20,Completed
ORD11773,C02888,2025-07-27,Returned
ORD11774,C00362,2025-03-04,Completed
ORD11775,C03463,2025-09-15,Completed
ORD11776,C04538,2025-07-31,Completed
ORD11777,C03601,2025-09-27,Completed
ORD11778,C02728,2025-04-29,Returned
ORD11779,C01124,2025-06-07,Completed
ORD11780,C03691,2025-06-22,Completed
ORD11781,C01714,2025-01-22,Completed
ORD11782,C03201,2025-02-08,Completed
ORD11783,C04675,2025-10-16,Completed
ORD11784,C01032,2025-07-13,Returned
ORD11785,C00177,2025-05-07,Completed
ORD11786,C03253,2025-02-27,Completed
ORD11787,C03041,2025-08-13,Cancelled
ORD11788,C02338,2025-03-09,Returned
ORD11789,C01551,2025-07-21,Completed
ORD11790,C01636,2025-08-19,Returned
ORD11791,C04297,2025-01-05,Cancelled
ORD11792,C01791,2025-08-20,Completed
ORD11793,C03829,2025-02-07,Completed
ORD11794,C03550,2025-06-14,Completed
ORD11795,C04461,2025-01-11,Completed
ORD11796,C02334,2025-07-26,Completed
ORD11797,C01201,2025-01-21,Completed
ORD11798,C03390,2025-06-22,Completed
ORD11799,C02676,2025-07-13,Completed
ORD11800,C03557,2025-07-19,Completed
ORD11801,C03158,2025-04-18,Completed
ORD11802,C01598,2025-12-28,Completed
ORD11803,C00929,2025-04-17,Completed
ORD11804,C01172,2025-12-04,Completed
ORD11805,C01442,2025-04-18,Completed
ORD11806,C02328,2025-04-04,Completed
ORD11807,C00465,2025-04-29,Completed
ORD11808,C04870,2025-10-20,Completed
ORD11809,C01524,2025-01-16,Completed
ORD11810,C04401,2025-08-17,Completed
ORD11811,C01761,2025-09-13,Returned
ORD11812,C00377,2025-02-17,Completed
ORD11813,C01899,2025-04-13,Completed
ORD11814,C03665,2025-12-26,Completed
ORD11815,C01784,2025-09-11,Cancelled
ORD11816,C03860,2025-12-29,Returned
ORD11817,C02843,2025-11-02,Completed
ORD11818,C00662,2025-04-02,Completed
ORD11819,C01064,2025-10-29,Cancelled
ORD11820,C01064,2025-11-13,Completed
ORD11821,C00198,2025-02-04,Completed
ORD11822,C01714,2025-08-16,Completed
ORD11823,C02342,2025-06-14,Completed
ORD11824,C02189,2025-01-04,Cancelled
ORD11825,C04525,2025-06-14,Completed
ORD11826,C03871,2025-12-28,Completed
ORD11827,C04931,2025-11-23,Completed
ORD11828,C00663,2025-04-26,Completed
ORD11829,C01274,2025-10-03,Completed
ORD11830,C01609,2025-07-30,Completed
ORD11831,C03462,2025-06-09,Completed
ORD11832,C01963,2025-10-07,Completed
ORD11833,C03545,2025-10-15,Completed
ORD11834,C00718,2025-05-03,Completed
ORD11835,C00114,2025-12-19,Completed
ORD11836,C01787,2025-05-08,Completed
ORD11837,C01620,2025-05-01,Completed
ORD11838,C03736,2025-04-12,Returned
ORD11839,C03315,2025-02-05,Completed
ORD11840,C00512,2025-05-26,Completed
ORD11841,C03392,2025-02-09,Completed
ORD11842,C02364,2025-07-06,Completed
ORD11843,C00715,2025-12-09,Completed
ORD11844,C02618,2025-10-02,Completed
ORD11845,C04138,2025-02-26,Cancelled
ORD11846,C00613,2025-01-06,Completed
ORD11847,C04994,2025-11-05,Completed
ORD11848,C01239,2025-10-24,Completed
ORD11849,C01345,2025-05-01,Completed
ORD11850,C04018,2025-09-16,Completed
ORD11851,C02810,2025-12-13,Completed
ORD11852,C04759,2025-04-18,Cancelled
ORD11853,C01206,2025-01-22,Completed
ORD11854,C00318,2025-12-15,Completed
ORD11855,C04909,2025-09-23,Cancelled
ORD11856,C00615,2025-01-04,Completed
ORD11857,C01297,2025-04-28,Completed
ORD11858,C01161,2025-12-01,Cancelled
ORD11859,C04078,2025-06-03,Returned
ORD11860,C03603,2025-09-23,Completed
ORD11861,C00284,2025-02-16,Completed
ORD11862,C02532,2025-05-17,Completed
ORD11863,C00049,2025-09-18,Completed
ORD11864,C01667,2025-06-07,Pending
ORD11865,C02208,2025-05-09,Completed
ORD11866,C02780,2025-05-08,Completed
ORD11867,C02389,2025-03-12,Completed
ORD11868,C04900,2025-06-03,Completed
ORD11869,C04063,2025-09-14,Completed
ORD11870,C04497,2025-05-15,Completed
ORD11871,C04092,2025-01-23,Completed
ORD11872,C01763,2025-10-26,Completed
ORD11873,C04153,2025-12-10,Completed
ORD11874,C01555,2025-02-11,Completed
ORD11875,C04940,2025-02-03,Completed
ORD11876,C03598,2025-02-05,Completed
ORD11877,C00768,2025-01-06,Completed
ORD11878,C01967,2025-10-31,Completed
ORD11879,C04736,2025-12-27,Completed
ORD11880,C01965,2025-06-08,Completed
ORD11881,C00231,2025-12-09,Pending
ORD11882,C01250,2025-06-04,Completed
ORD11883,C02853,2025-01-24,Completed
ORD11884,C04972,2025-12-18,Completed
ORD11885,C01666,2025-02-24,Completed
ORD11886,C03085,2025-03-22,Completed
ORD11887,C04591,2025-05-31,Completed
ORD11888,C00543,2025-10-08,Completed
ORD11889,C03835,2025-08-10,Cancelled
ORD11890,C04424,2025-11-09,Completed
ORD11891,C00717,2025-12-20,Completed
ORD11892,C03504,2025-11-21,Completed
ORD11893,C03588,2025-12-26,Completed
ORD11894,C04613,2025-08-02,Completed
ORD11895,C00163,2025-06-04,Completed
ORD11896,C04807,2025-09-10,Completed
ORD11897,C04474,2025-11-18,Completed
ORD11898,C00476,2025-02-17,Cancelled
ORD11899,C02529,2025-02-02,Completed
ORD11900,C00239,2025-09-27,Returned
ORD11901,C01230,2025-06-26,Completed
ORD11902,C01467,2025-04-19,Completed
ORD11903,C03170,2025-06-26,Completed
ORD11904,C00949,2025-09-03,Completed
ORD11905,C04568,2025-03-24,Completed
ORD11906,C00974,2025-06-13,Completed
ORD11907,C04138,2025-09-21,Completed
ORD11908,C00345,2025-06-08,Completed
ORD11909,C03413,2025-01-13,Completed
ORD11910,C02248,2025-08-03,Completed
ORD11911,C00198,2025-07-11,Completed
ORD11912,C04146,2025-06-03,Cancelled
ORD11913,C04808,2025-06-21,Cancelled
ORD11914,C00714,2025-09-01,Pending
ORD11915,C00118,2025-05-13,Completed
ORD11916,C00408,2025-05-25,Completed
ORD11917,C01726,2025-01-12,Completed
ORD11918,C03605,2025-10-14,Completed
ORD11919,C03615,2025-06-19,Completed
ORD11920,C03167,2025-04-25,Completed
ORD11921,C01355,2025-09-25,Completed
ORD11922,C02422,2025-03-01,Completed
ORD11923,C01891,2025-12-14,Completed
ORD11924,C02635,2025-10-10,Cancelled
ORD11925,C00447,2025-03-31,Cancelled
ORD11926,C00606,2025-01-31,Completed
ORD11927,C03935,2025-09-02,Completed
ORD11928,C00231,2025-03-14,Completed
ORD11929,C01758,2025-06-12,Completed
ORD11930,C01142,2025-04-12,Completed
ORD11931,C00193,2025-08-12,Completed
ORD11932,C03838,2025-06-08,Cancelled
ORD11933,C00678,2025-07-09,Completed
ORD11934,C00437,2025-09-18,Completed
ORD11935,C01653,2025-03-27,Completed
ORD11936,C03221,2025-01-19,Completed
ORD11937,C00785,2025-07-14,Completed
ORD11938,C02553,2025-04-26,Completed
ORD11939,C02291,2025-04-23,Returned
ORD11940,C02494,2025-10-27,Completed
ORD11941,C04121,2025-10-21,Completed
ORD11942,C02519,2025-06-27,Cancelled
ORD11943,C02584,2025-08-20,Returned
ORD11944,C02346,2025-11-30,Completed
ORD11945,C02418,2025-04-30,Completed
ORD11946,C01889,2025-01-29,Completed
ORD11947,C00132,2025-04-22,Completed
ORD11948,C02777,2025-10-08,Pending
ORD11949,C00667,2025-09-14,Completed
ORD11950,C02952,2025-12-06,Completed
ORD11951,C02866,2025-05-01,Completed
ORD11952,C00027,2025-08-09,Completed
ORD11953,C04935,2025-03-19,Completed
ORD11954,C04386,2025-12-06,Completed
ORD11955,C04887,2025-11-02,Completed
ORD11956,C00517,2025-10-19,Cancelled
ORD11957,C02061,2025-05-03,Completed
ORD11958,C01605,2025-05-02,Completed
ORD11959,C00551,2025-04-01,Completed
ORD11960,C01677,2025-12-23,Completed
ORD11961,C03122,2025-06-30,Completed
ORD11962,C03302,2025-10-10,Completed
ORD11963,C00486,2025-03-22,Completed
ORD11964,C00080,2025-11-23,Completed
ORD11965,C00148,2025-07-11,Completed
ORD11966,C04457,2025-12-28,Completed
ORD11967,C04063,2025-12-12,Cancelled
ORD11968,C04724,2025-12-23,Completed
ORD11969,C03686,2025-11-01,Completed
ORD11970,C00536,2025-04-19,Completed
ORD11971,C02294,2025-07-22,Completed
ORD11972,C00623,2025-10-07,Completed
ORD11973,C03029,2025-11-01,Completed
ORD11974,C02090,2025-08-11,Completed
ORD11975,C01371,2025-01-23,Completed
ORD11976,C02174,2025-01-21,Returned
ORD11977,C03715,2025-10-29,Completed
ORD11978,C01850,2025-05-21,Completed
ORD11979,C00046,2025-08-19,Completed
ORD11980,C00619,2025-12-18,Completed
ORD11981,C03451,2025-11-20,Completed
ORD11982,C00820,2025-01-16,Completed
ORD11983,C01806,2025-02-26,Completed
ORD11984,C01980,2025-06-08,Completed
ORD11985,C04628,2025-08-09,Completed
ORD11986,C01435,2025-02-18,Completed
ORD11987,C02945,2025-04-24,Cancelled
ORD11988,C01975,2025-11-12,Completed
ORD11989,C02626,2025-04-14,Completed
ORD11990,C04050,2025-06-17,Completed
ORD11991,C04476,2025-07-12,Completed
ORD11992,C01515,2025-12-05,Completed
ORD11993,C02093,2025-01-12,Completed
ORD11994,C00386,2025-01-17,Completed
ORD11995,C02563,2025-10-21,Completed
ORD11996,C04047,2025-12-29,Completed
ORD11997,C04422,2025-02-12,Completed
ORD11998,C01868,2025-06-25,Completed
ORD11999,C00370,2025-04-05,Completed
ORD12000,C04593,2025-08-31,Pending
ORD12001,C02191,2025-01-07,Cancelled
ORD12002,C04347,2025-10-30,Completed
ORD12003,C03048,2025-11-27,Completed
ORD12004,C04234,2025-05-14,Completed
ORD12005,C01876,2025-06-27,Completed
ORD12006,C04598,2025-12-11,Completed
ORD12007,C01312,2025-08-11,Completed
ORD12008,C01485,2025-02-26,Completed
ORD12009,C02471,2025-10-27,Completed
ORD12010,C04363,2025-12-30,Completed
ORD12011,C02433,2025-02-07,Completed
ORD12012,C01905,2025-12-30,Completed
ORD12013,C02339,2025-09-09,Completed
ORD12014,C04846,2025-04-06,Completed
ORD12015,C03409,2025-11-10,Pending
ORD12016,C01629,2025-11-13,Cancelled
ORD12017,C01235,2025-01-03,Completed
ORD12018,C03021,2025-02-11,Completed
ORD12019,C03812,2025-01-03,Completed
ORD12020,C02909,2025-04-07,Returned
ORD12021,C01893,2025-01-06,Completed
ORD12022,C01796,2025-05-09,Completed
ORD12023,C02232,2025-10-12,Completed
ORD12024,C02963,2025-10-18,Completed
ORD12025,C04191,2025-03-15,Cancelled
ORD12026,C03188,2025-09-22,Completed
ORD12027,C02398,2025-05-30,Completed
ORD12028,C01959,2025-12-11,Completed
ORD12029,C01690,2025-02-27,Completed
ORD12030,C00093,2025-03-15,Completed
ORD12031,C00173,2025-04-27,Completed
ORD12032,C00415,2025-10-07,Completed
ORD12033,C00061,2025-04-24,Completed
ORD12034,C00744,2025-02-05,Completed
ORD12035,C02455,2025-01-07,Completed
ORD12036,C02821,2025-07-11,Completed
ORD12037,C03836,2025-10-03,Completed
ORD12038,C01379,2025-02-06,Completed
ORD12039,C01761,2025-05-10,Completed
ORD12040,C02504,2025-05-28,Completed
ORD12041,C00487,2025-06-20,Completed
ORD12042,C02468,2025-05-14,Pending
ORD12043,C03923,2025-06-22,Completed
ORD12044,C00173,2025-09-21,Completed
ORD12045,C01878,2025-10-11,Completed
ORD12046,C04328,2025-11-22,Completed
ORD12047,C04574,2025-02-19,Completed
ORD12048,C00657,2025-04-30,Completed
ORD12049,C00699,2025-10-25,Completed
ORD12050,C04223,2025-10-02,Pending
ORD12051,C00237,2025-09-09,Completed
ORD12052,C01176,2025-09-06,Completed
ORD12053,C02520,2025-07-14,Completed
ORD12054,C02857,2025-06-25,Completed
ORD12055,C01168,2025-10-01,Completed
ORD12056,C03562,2025-09-24,Completed
ORD12057,C01759,2025-11-20,Returned
ORD12058,C04449,2025-08-16,Completed
ORD12059,C00431,2025-04-18,Completed
ORD12060,C01634,2025-09-26,Completed
ORD12061,C01270,2025-03-06,Completed
ORD12062,C00497,2025-06-09,Completed
ORD12063,C02143,2025-05-03,Completed
ORD12064,C03907,2025-12-22,Completed
ORD12065,C00233,2025-03-23,Completed
ORD12066,C02889,2025-06-25,Completed
ORD12067,C02652,2025-11-12,Completed
ORD12068,C02149,2025-07-07,Completed
ORD12069,C00413,2025-03-26,Completed
ORD12070,C02031,2025-03-03,Completed
ORD12071,C04160,2025-02-20,Completed
ORD12072,C02903,2025-11-28,Completed
ORD12073,C04394,2025-01-13,Completed
ORD12074,C00762,2025-05-10,Completed
ORD12075,C04229,2025-09-25,Returned
ORD12076,C01441,2025-08-31,Completed
ORD12077,C03999,2025-11-22,Pending
ORD12078,C02184,2025-10-24,Completed
ORD12079,C04803,2025-10-21,Completed
ORD12080,C02295,2025-09-12,Completed
ORD12081,C04376,2025-11-25,Pending
ORD12082,C00541,2025-04-14,Completed
ORD12083,C02427,2025-01-20,Completed
ORD12084,C01228,2025-02-06,Returned
ORD12085,C02335,2025-07-29,Completed
ORD12086,C01904,2025-04-21,Completed
ORD12087,C02136,2025-08-13,Completed
ORD12088,C02026,2025-08-30,Completed
ORD12089,C01383,2025-06-14,Completed
ORD12090,C02844,2025-12-20,Completed
ORD12091,C01565,2025-05-29,Completed
ORD12092,C04501,2025-03-03,Completed
ORD12093,C00939,2025-11-28,Completed
ORD12094,C03796,2025-08-21,Cancelled
ORD12095,C00908,2025-10-13,Completed
ORD12096,C03688,2025-05-09,Completed
ORD12097,C01107,2025-03-15,Pending
ORD12098,C01545,2025-11-13,Completed
ORD12099,C03393,2025-07-04,Completed
ORD12100,C04362,2025-11-21,Completed
ORD12101,C00861,2025-11-24,Completed
ORD12102,C00872,2025-10-31,Completed
ORD12103,C04199,2025-04-03,Pending
ORD12104,C03669,2025-05-23,Completed
ORD12105,C03708,2025-05-21,Completed
ORD12106,C03371,2025-06-28,Completed
ORD12107,C04949,2025-03-18,Completed
ORD12108,C00146,2025-09-07,Completed
ORD12109,C01560,2025-04-27,Completed
ORD12110,C01889,2025-08-01,Completed
ORD12111,C01649,2025-07-11,Pending
ORD12112,C01890,2025-09-11,Completed
ORD12113,C01481,2025-02-20,Completed
ORD12114,C03229,2025-05-05,Completed
ORD12115,C04089,2025-01-31,Cancelled
ORD12116,C00476,2025-11-08,Completed
ORD12117,C04346,2025-04-16,Completed
ORD12118,C02108,2025-03-29,Pending
ORD12119,C04418,2025-07-20,Completed
ORD12120,C01223,2025-05-03,Completed
ORD12121,C00408,2025-04-01,Completed
ORD12122,C02941,2025-12-19,Completed
ORD12123,C04073,2025-05-25,Completed
ORD12124,C02165,2025-12-16,Completed
ORD12125,C04942,2025-04-13,Completed
ORD12126,C03224,2025-09-09,Completed
ORD12127,C02669,2025-03-15,Completed
ORD12128,C03278,2025-01-09,Completed
ORD12129,C02025,2025-06-02,Completed
ORD12130,C01368,2025-09-17,Completed
ORD12131,C03737,2025-05-24,Pending
ORD12132,C00031,2025-11-13,Completed
ORD12133,C04794,2025-04-15,Completed
ORD12134,C03205,2025-05-24,Completed
ORD12135,C04911,2025-04-11,Completed
ORD12136,C01794,2025-11-14,Returned
ORD12137,C02753,2025-07-19,Completed
ORD12138,C00862,2025-06-16,Completed
ORD12139,C01226,2025-12-27,Completed
ORD12140,C01094,2025-07-31,Completed
ORD12141,C00665,2025-09-27,Completed
ORD12142,C04941,2025-11-26,Completed
ORD12143,C03355,2025-09-02,Completed
ORD12144,C00736,2025-04-17,Completed
ORD12145,C00536,2025-10-26,Completed
ORD12146,C03379,2025-07-18,Completed
ORD12147,C01793,2025-04-06,Completed
ORD12148,C00986,2025-12-26,Returned
ORD12149,C03749,2025-11-29,Pending
ORD12150,C03669,2025-06-28,Completed
ORD12151,C02269,2025-02-04,Completed
ORD12152,C02174,2025-09-07,Completed
ORD12153,C01461,2025-01-13,Pending
ORD12154,C02295,2025-06-24,Completed
ORD12155,C01834,2025-08-15,Returned
ORD12156,C03173,2025-10-29,Completed
ORD12157,C04901,2025-02-21,Returned
ORD12158,C03566,2025-03-12,Completed
ORD12159,C03267,2025-03-18,Completed
ORD12160,C02005,2025-10-22,Completed
ORD12161,C00410,2025-07-25,Completed
ORD12162,C00317,2025-01-20,Completed
ORD12163,C04830,2025-09-29,Completed
ORD12164,C01703,2025-12-29,Completed
ORD12165,C04552,2025-10-25,Completed
ORD12166,C03883,2025-09-14,Completed
ORD12167,C01676,2025-12-07,Completed
ORD12168,C02990,2025-08-03,Completed
ORD12169,C01517,2025-02-08,Completed
ORD12170,C04126,2025-08-21,Completed
ORD12171,C00848,2025-07-16,Completed
ORD12172,C03139,2025-11-26,Completed
ORD12173,C04309,2025-09-02,Completed
ORD12174,C01802,2025-06-18,Returned
ORD12175,C00960,2025-01-25,Completed
ORD12176,C03787,2025-04-19,Completed
ORD12177,C02459,2025-07-30,Completed
ORD12178,C02812,2025-01-02,Completed
ORD12179,C02410,2025-08-18,Completed
ORD12180,C02139,2025-08-22,Pending
ORD12181,C04853,2025-03-25,Completed
ORD12182,C01918,2025-11-28,Completed
ORD12183,C00813,2025-07-18,Completed
ORD12184,C01264,2025-12-26,Completed
ORD12185,C00333,2025-10-06,Completed
ORD12186,C04698,2025-03-09,Completed
ORD12187,C03226,2025-10-04,Completed
ORD12188,C01904,2025-11-28,Completed
ORD12189,C04014,2025-08-20,Completed
ORD12190,C01890,2025-11-16,Completed
ORD12191,C03160,2025-04-28,Completed
ORD12192,C01050,2025-09-01,Completed
ORD12193,C03302,2025-01-06,Completed
ORD12194,C03710,2025-07-04,Completed
ORD12195,C00092,2025-05-12,Completed
ORD12196,C04579,2025-05-22,Completed
ORD12197,C01604,2025-09-19,Completed
ORD12198,C04101,2025-10-21,Completed
ORD12199,C00801,2025-02-03,Completed
ORD12200,C02600,2025-03-18,Completed
ORD12201,C01074,2025-01-03,Cancelled
ORD12202,C03844,2025-11-02,Completed
ORD12203,C04074,2025-09-05,Cancelled
ORD12204,C04758,2025-12-03,Completed
ORD12205,C04400,2025-12-15,Completed
ORD12206,C01013,2025-09-22,Completed
ORD12207,C03062,2025-08-01,Completed
ORD12208,C00563,2025-08-01,Completed
ORD12209,C02138,2025-01-21,Completed
ORD12210,C04525,2025-11-25,Completed
ORD12211,C01075,2025-10-15,Completed
ORD12212,C01186,2025-03-29,Completed
ORD12213,C02465,2025-05-31,Completed
ORD12214,C03549,2025-02-12,Returned
ORD12215,C03386,2025-06-16,Completed
ORD12216,C03875,2025-12-24,Completed
ORD12217,C04601,2025-08-10,Completed
ORD12218,C03353,2025-04-04,Completed
ORD12219,C02908,2025-09-12,Completed
ORD12220,C02448,2025-04-22,Completed
ORD12221,C04342,2025-04-13,Completed
ORD12222,C04677,2025-03-31,Completed
ORD12223,C04277,2025-05-16,Completed
ORD12224,C04735,2025-12-31,Completed
ORD12225,C01534,2025-07-22,Completed
ORD12226,C00637,2025-08-22,Completed
ORD12227,C02088,2025-10-22,Completed
ORD12228,C02993,2025-08-18,Completed
ORD12229,C02429,2025-03-27,Completed
ORD12230,C01718,2025-06-11,Completed
ORD12231,C04529,2025-05-15,Completed
ORD12232,C03744,2025-01-14,Returned
ORD12233,C02638,2025-06-03,Completed
ORD12234,C01265,2025-01-25,Pending
ORD12235,C01093,2025-08-10,Completed
ORD12236,C03182,2025-12-19,Completed
ORD12237,C01161,2025-10-28,Completed
ORD12238,C03763,2025-11-01,Completed
ORD12239,C03862,2025-02-26,Completed
ORD12240,C04950,2025-02-09,Returned
ORD12241,C03518,2025-07-29,Completed
ORD12242,C00357,2025-09-08,Completed
ORD12243,C00938,2025-01-24,Completed
ORD12244,C00649,2025-08-18,Completed
ORD12245,C03859,2025-08-29,Completed
ORD12246,C03139,2025-12-09,Completed
ORD12247,C00430,2025-04-02,Completed
ORD12248,C00113,2025-01-13,Cancelled
ORD12249,C02048,2025-12-19,Returned
ORD12250,C03524,2025-06-07,Pending
ORD12251,C01072,2025-04-22,Completed
ORD12252,C01367,2025-03-11,Completed
ORD12253,C02816,2025-06-13,Completed
ORD12254,C01156,2025-01-16,Completed
ORD12255,C02547,2025-02-21,Completed
ORD12256,C02130,2025-06-22,Cancelled
ORD12257,C03289,2025-04-06,Completed
ORD12258,C00890,2025-03-17,Returned
ORD12259,C00190,2025-03-28,Completed
ORD12260,C02113,2025-11-28,Completed
ORD12261,C04727,2025-05-10,Completed
ORD12262,C00654,2025-04-07,Completed
ORD12263,C03300,2025-06-20,Completed
ORD12264,C02852,2025-03-23,Completed
ORD12265,C02566,2025-02-19,Completed
ORD12266,C03191,2025-06-13,Completed
ORD12267,C04592,2025-04-23,Completed
ORD12268,C02484,2025-11-05,Completed
ORD12269,C00214,2025-11-03,Cancelled
ORD12270,C01448,2025-07-28,Completed
ORD12271,C04189,2025-11-12,Completed
ORD12272,C03038,2025-12-13,Completed
ORD12273,C01251,2025-01-31,Returned
ORD12274,C01570,2025-12-31,Completed
ORD12275,C02350,2025-12-21,Completed
ORD12276,C00083,2025-07-27,Completed
ORD12277,C02453,2025-05-02,Completed
ORD12278,C04180,2025-09-14,Completed
ORD12279,C04330,2025-10-23,Completed
ORD12280,C02376,2025-08-20,Completed
ORD12281,C04913,2025-12-04,Completed
ORD12282,C00175,2025-08-01,Completed
ORD12283,C04713,2025-10-08,Completed
ORD12284,C04522,2025-10-17,Completed
ORD12285,C01828,2025-08-30,Completed
ORD12286,C00491,2025-05-13,Completed
ORD12287,C04740,2025-01-31,Completed
ORD12288,C00788,2025-12-03,Completed
ORD12289,C01832,2025-12-04,Completed
ORD12290,C02080,2025-08-06,Completed
ORD12291,C00443,2025-07-17,Returned
ORD12292,C04363,2025-09-28,Completed
ORD12293,C04217,2025-06-10,Completed
ORD12294,C00211,2025-04-07,Completed
ORD12295,C00824,2025-03-14,Cancelled
ORD12296,C03774,2025-09-05,Completed
ORD12297,C00305,2025-06-22,Completed
ORD12298,C04435,2025-09-13,Completed
ORD12299,C00622,2025-12-21,Completed
ORD12300,C02793,2025-04-19,Returned
ORD12301,C02062,2025-04-03,Completed
ORD12302,C03699,2025-11-25,Completed
ORD12303,C01884,2025-10-19,Pending
ORD12304,C03790,2025-09-10,Completed
ORD12305,C01901,2025-09-21,Completed
ORD12306,C00251,2025-05-10,Completed
ORD12307,C02099,2025-12-08,Completed
ORD12308,C01352,2025-12-01,Pending
ORD12309,C03423,2025-12-18,Cancelled
ORD12310,C02560,2025-11-22,Completed
ORD12311,C01010,2025-01-05,Completed
ORD12312,C01093,2025-04-16,Completed
ORD12313,C00115,2025-01-18,Returned
ORD12314,C04519,2025-07-18,Completed
ORD12315,C04477,2025-07-12,Completed
ORD12316,C01557,2025-04-25,Completed
ORD12317,C04603,2025-09-06,Completed
ORD12318,C00549,2025-11-12,Completed
ORD12319,C02445,2025-03-27,Completed
ORD12320,C00522,2025-05-26,Completed
ORD12321,C02316,2025-07-23,Completed
ORD12322,C02580,2025-09-07,Completed
ORD12323,C01385,2025-12-26,Completed
ORD12324,C00693,2025-12-29,Completed
ORD12325,C02051,2025-02-25,Completed
ORD12326,C03439,2025-02-05,Completed
ORD12327,C01556,2025-02-14,Completed
ORD12328,C02293,2025-04-26,Completed
ORD12329,C00949,2025-10-25,Completed
ORD12330,C04690,2025-03-20,Completed
ORD12331,C03881,2025-12-23,Returned
ORD12332,C03265,2025-02-28,Completed
ORD12333,C02244,2025-01-25,Completed
ORD12334,C02683,2025-11-22,Returned
ORD12335,C01674,2025-12-29,Completed
ORD12336,C00321,2025-06-20,Completed
ORD12337,C04266,2025-05-19,Completed
ORD12338,C03678,2025-03-21,Completed
ORD12339,C01723,2025-05-19,Completed
ORD12340,C03204,2025-10-17,Completed
ORD12341,C02702,2025-05-15,Completed
ORD12342,C01862,2025-04-04,Completed
ORD12343,C01589,2025-12-30,Completed
ORD12344,C00843,2025-06-13,Completed
ORD12345,C04518,2025-11-25,Pending
ORD12346,C04741,2025-03-09,Completed
ORD12347,C04132,2025-04-14,Completed
ORD12348,C04838,2025-03-19,Completed
ORD12349,C00619,2025-04-25,Completed
ORD12350,C03807,2025-01-16,Completed
ORD12351,C02638,2025-12-25,Completed
ORD12352,C01775,2025-11-28,Completed
ORD12353,C03356,2025-01-09,Completed
ORD12354,C01347,2025-11-14,Completed
ORD12355,C01589,2025-01-18,Completed
ORD12356,C01143,2025-09-15,Completed
ORD12357,C01538,2025-05-21,Completed
ORD12358,C01012,2025-03-12,Completed
ORD12359,C03025,2025-03-01,Completed
ORD12360,C03618,2025-12-12,Cancelled
ORD12361,C01196,2025-10-02,Returned
ORD12362,C02752,2025-06-20,Completed
ORD12363,C03143,2025-09-13,Completed
ORD12364,C01983,2025-03-03,Completed
ORD12365,C00325,2025-11-27,Completed
ORD12366,C03874,2025-09-20,Completed
ORD12367,C01608,2025-06-01,Completed
ORD12368,C03614,2025-08-03,Pending
ORD12369,C02963,2025-07-20,Pending
ORD12370,C00784,2025-03-10,Completed
ORD12371,C00454,2025-07-29,Completed
ORD12372,C02856,2025-06-12,Pending
ORD12373,C01294,2025-03-05,Completed
ORD12374,C00292,2025-12-23,Completed
ORD12375,C02713,2025-04-19,Completed
ORD12376,C03259,2025-02-26,Completed
ORD12377,C03133,2025-07-20,Completed
ORD12378,C04535,2025-12-17,Completed
ORD12379,C03635,2025-02-23,Completed
ORD12380,C02197,2025-02-07,Completed
ORD12381,C01069,2025-11-08,Completed
ORD12382,C04395,2025-12-17,Completed
ORD12383,C00550,2025-01-05,Completed
ORD12384,C01381,2025-04-19,Completed
ORD12385,C02659,2025-11-17,Completed
ORD12386,C02077,2025-08-19,Completed
ORD12387,C03280,2025-06-13,Cancelled
ORD12388,C02931,2025-05-29,Completed
ORD12389,C00353,2025-09-14,Completed
ORD12390,C02647,2025-05-14,Completed
ORD12391,C04241,2025-06-21,Completed
ORD12392,C04213,2025-11-20,Pending
ORD12393,C00360,2025-07-18,Completed
ORD12394,C00413,2025-06-06,Completed
ORD12395,C04748,2025-10-08,Completed
ORD12396,C04220,2025-09-28,Completed
ORD12397,C04965,2025-10-24,Completed
ORD12398,C02365,2025-11-15,Completed
ORD12399,C04463,2025-06-05,Pending
ORD12400,C02294,2025-01-01,Completed
ORD12401,C00318,2025-03-16,Completed
ORD12402,C04750,2025-01-18,Completed
ORD12403,C02997,2025-11-02,Completed
ORD12404,C00398,2025-06-26,Cancelled
ORD12405,C01088,2025-02-23,Completed
ORD12406,C04313,2025-10-21,Completed
ORD12407,C00152,2025-04-06,Completed
ORD12408,C04072,2025-08-27,Completed
ORD12409,C01590,2025-01-27,Completed
ORD12410,C04121,2025-02-16,Completed
ORD12411,C01883,2025-01-11,Completed
ORD12412,C04751,2025-04-23,Completed
ORD12413,C01662,2025-07-18,Completed
ORD12414,C03677,2025-02-01,Completed
ORD12415,C01156,2025-10-16,Completed
ORD12416,C04738,2025-03-11,Completed
ORD12417,C01918,2025-10-04,Completed
ORD12418,C00829,2025-12-28,Pending
ORD12419,C01182,2025-12-23,Completed
ORD12420,C04817,2025-11-20,Completed
ORD12421,C01838,2025-03-15,Completed
ORD12422,C01806,2025-05-08,Completed
ORD12423,C02929,2025-09-24,Pending
ORD12424,C04593,2025-09-18,Completed
ORD12425,C00143,2025-06-05,Pending
ORD12426,C00647,2025-08-05,Completed
ORD12427,C03984,2025-05-21,Completed
ORD12428,C01124,2025-02-19,Completed
ORD12429,C00919,2025-02-15,Pending
ORD12430,C02672,2025-06-04,Cancelled
ORD12431,C02225,2025-06-08,Cancelled
ORD12432,C04213,2025-06-29,Completed
ORD12433,C01194,2025-12-13,Completed
ORD12434,C03340,2025-12-24,Completed
ORD12435,C00150,2025-12-14,Cancelled
ORD12436,C00578,2025-07-19,Completed
ORD12437,C00767,2025-01-02,Completed
ORD12438,C00838,2025-05-07,Completed
ORD12439,C03970,2025-12-14,Completed
ORD12440,C04012,2025-04-29,Completed
ORD12441,C02744,2025-02-18,Returned
ORD12442,C02487,2025-11-21,Completed
ORD12443,C00086,2025-08-17,Completed
ORD12444,C04043,2025-03-30,Completed
ORD12445,C02521,2025-01-21,Completed
ORD12446,C01459,2025-12-12,Completed
ORD12447,C00075,2025-05-26,Completed
ORD12448,C00168,2025-02-22,Completed
ORD12449,C00618,2025-08-16,Completed
ORD12450,C02806,2025-08-06,Returned
ORD12451,C01682,2025-12-02,Pending
ORD12452,C02543,2025-04-13,Completed
ORD12453,C00569,2025-05-21,Completed
ORD12454,C02988,2025-01-17,Completed
ORD12455,C01282,2025-11-04,Completed
ORD12456,C02059,2025-05-03,Completed
ORD12457,C01307,2025-09-28,Completed
ORD12458,C04393,2025-08-06,Completed
ORD12459,C03746,2025-08-13,Completed
ORD12460,C03141,2025-05-31,Completed
ORD12461,C05000,2025-09-14,Pending
ORD12462,C01649,2025-07-15,Completed
ORD12463,C01690,2025-03-19,Completed
ORD12464,C04659,2025-05-25,Completed
ORD12465,C00776,2025-07-28,Completed
ORD12466,C02906,2025-04-08,Completed
ORD12467,C04771,2025-10-24,Cancelled
ORD12468,C04887,2025-01-01,Cancelled
ORD12469,C04302,2025-08-30,Completed
ORD12470,C00551,2025-06-05,Completed
ORD12471,C00926,2025-09-21,Completed
ORD12472,C00466,2025-11-18,Returned
ORD12473,C01341,2025-09-01,Returned
ORD12474,C01872,2025-11-15,Completed
ORD12475,C02184,2025-07-19,Completed
ORD12476,C04409,2025-04-29,Completed
ORD12477,C02498,2025-12-20,Completed
ORD12478,C02296,2025-03-22,Completed
ORD12479,C00237,2025-09-18,Completed
ORD12480,C01440,2025-05-02,Completed
ORD12481,C02170,2025-11-20,Completed
ORD12482,C03367,2025-10-20,Completed
ORD12483,C02500,2025-12-10,Completed
ORD12484,C04020,2025-04-20,Completed
ORD12485,C02041,2025-09-09,Completed
ORD12486,C02095,2025-10-30,Returned
ORD12487,C01350,2025-11-06,Completed
ORD12488,C00711,2025-05-07,Completed
ORD12489,C01133,2025-06-06,Completed
ORD12490,C03223,2025-02-06,Completed
ORD12491,C03301,2025-12-17,Completed
ORD12492,C02365,2025-07-26,Completed
ORD12493,C02930,2025-07-22,Completed
ORD12494,C01225,2025-08-18,Completed
ORD12495,C03039,2025-01-14,Completed
ORD12496,C03332,2025-11-13,Completed
ORD12497,C04292,2025-03-27,Completed
ORD12498,C00684,2025-08-08,Returned
ORD12499,C04776,2025-02-18,Completed
ORD12500,C02266,2025-04-24,Completed
ORD12501,C04279,2025-12-12,Pending
ORD12502,C00579,2025-03-21,Pending
ORD12503,C02777,2025-10-14,Completed
ORD12504,C01519,2025-06-13,Completed
ORD12505,C01387,2025-02-12,Completed
ORD12506,C03625,2025-05-19,Completed
ORD12507,C03571,2025-01-25,Completed
ORD12508,C02434,2025-01-30,Completed
ORD12509,C01206,2025-05-17,Completed
ORD12510,C02365,2025-03-16,Cancelled
ORD12511,C03412,2025-06-11,Completed
ORD12512,C01270,2025-08-05,Completed
ORD12513,C03237,2025-01-29,Completed
ORD12514,C03309,2025-06-02,Completed
ORD12515,C00219,2025-01-14,Completed
ORD12516,C01313,2025-06-06,Completed
ORD12517,C03223,2025-07-18,Cancelled
ORD12518,C00084,2025-07-02,Pending
ORD12519,C01786,2025-02-06,Completed
ORD12520,C03938,2025-09-28,Completed
ORD12521,C03787,2025-05-26,Completed
ORD12522,C03083,2025-07-14,Returned
ORD12523,C04942,2025-04-25,Completed
ORD12524,C03870,2025-09-04,Completed
ORD12525,C02500,2025-04-01,Completed
ORD12526,C01384,2025-09-05,Completed
ORD12527,C02556,2025-12-21,Completed
ORD12528,C01444,2025-10-03,Cancelled
ORD12529,C04027,2025-11-24,Completed
ORD12530,C00869,2025-03-10,Pending
ORD12531,C04135,2025-03-16,Completed
ORD12532,C00866,2025-03-23,Completed
ORD12533,C04778,2025-11-10,Completed
ORD12534,C03782,2025-08-18,Completed
ORD12535,C04647,2025-11-04,Completed
ORD12536,C04138,2025-02-07,Cancelled
ORD12537,C02553,2025-12-21,Completed
ORD12538,C03335,2025-12-28,Completed
ORD12539,C00998,2025-04-01,Completed
ORD12540,C02843,2025-07-25,Completed
ORD12541,C00088,2025-05-31,Completed
ORD12542,C04580,2025-08-06,Completed
ORD12543,C01538,2025-03-15,Completed
ORD12544,C04270,2025-07-21,Completed
ORD12545,C02181,2025-09-24,Completed
ORD12546,C00248,2025-07-13,Completed
ORD12547,C02261,2025-08-24,Completed
ORD12548,C03172,2025-06-27,Completed
ORD12549,C01592,2025-11-19,Pending
ORD12550,C04387,2025-08-03,Completed
ORD12551,C00570,2025-04-04,Completed
ORD12552,C02755,2025-05-15,Completed
ORD12553,C02907,2025-03-07,Completed
ORD12554,C00216,2025-09-05,Completed
ORD12555,C03450,2025-06-03,Completed
ORD12556,C03961,2025-01-04,Completed
ORD12557,C03444,2025-10-25,Completed
ORD12558,C01135,2025-01-09,Pending
ORD12559,C01237,2025-12-06,Completed
ORD12560,C01582,2025-07-14,Completed
ORD12561,C04028,2025-01-16,Completed
ORD12562,C03041,2025-05-05,Cancelled
ORD12563,C04586,2025-02-06,Completed
ORD12564,C03869,2025-10-04,Completed
ORD12565,C02712,2025-07-18,Cancelled
ORD12566,C01128,2025-04-14,Completed
ORD12567,C02414,2025-04-26,Completed
ORD12568,C00556,2025-03-25,Completed
ORD12569,C00157,2025-06-09,Completed
ORD12570,C04465,2025-10-17,Completed
ORD12571,C01795,2025-12-29,Completed
ORD12572,C02901,2025-11-05,Completed
ORD12573,C01131,2025-05-29,Completed
ORD12574,C02782,2025-01-21,Completed
ORD12575,C02274,2025-06-11,Completed
ORD12576,C00180,2025-07-24,Cancelled
ORD12577,C03124,2025-07-28,Completed
ORD12578,C03059,2025-10-12,Completed
ORD12579,C00363,2025-10-24,Completed
ORD12580,C04660,2025-03-22,Cancelled
ORD12581,C02139,2025-04-19,Completed
ORD12582,C04128,2025-02-13,Completed
ORD12583,C04314,2025-11-17,Completed
ORD12584,C02017,2025-03-25,Completed
ORD12585,C03070,2025-09-08,Completed
ORD12586,C01381,2025-02-26,Completed
ORD12587,C03373,2025-10-05,Pending
ORD12588,C03199,2025-07-26,Cancelled
ORD12589,C00355,2025-03-24,Completed
ORD12590,C04992,2025-12-08,Returned
ORD12591,C01491,2025-09-26,Completed
ORD12592,C02108,2025-11-11,Completed
ORD12593,C04965,2025-07-21,Completed
ORD12594,C03560,2025-12-03,Completed
ORD12595,C00775,2025-09-04,Completed
ORD12596,C00905,2025-07-07,Completed
ORD12597,C04526,2025-12-24,Completed
ORD12598,C03146,2025-02-14,Returned
ORD12599,C00565,2025-06-11,Completed
ORD12600,C04569,2025-04-23,Completed
ORD12601,C03096,2025-07-18,Pending
ORD12602,C02504,2025-05-26,Completed
ORD12603,C01612,2025-05-25,Completed
ORD12604,C02310,2025-04-28,Completed
ORD12605,C01907,2025-05-31,Cancelled
ORD12606,C01161,2025-08-09,Completed
ORD12607,C04484,2025-05-18,Completed
ORD12608,C03242,2025-08-11,Returned
ORD12609,C00529,2025-02-25,Pending
ORD12610,C02696,2025-06-29,Completed
ORD12611,C04607,2025-11-27,Completed
ORD12612,C03352,2025-01-02,Completed
ORD12613,C03137,2025-06-07,Cancelled
ORD12614,C00472,2025-07-09,Completed
ORD12615,C04190,2025-09-10,Completed
ORD12616,C03421,2025-01-15,Pending
ORD12617,C00624,2025-08-30,Completed
ORD12618,C01291,2025-12-13,Completed
ORD12619,C03121,2025-02-19,Completed
ORD12620,C03860,2025-04-27,Completed
ORD12621,C03707,2025-05-30,Completed
ORD12622,C00234,2025-03-18,Completed
ORD12623,C04904,2025-09-12,Returned
ORD12624,C01097,2025-09-12,Completed
ORD12625,C00103,2025-02-27,Completed
ORD12626,C03501,2025-11-16,Completed
ORD12627,C02497,2025-07-22,Completed
ORD12628,C01250,2025-02-24,Completed
ORD12629,C02394,2025-07-10,Cancelled
ORD12630,C03208,2025-06-10,Completed
ORD12631,C04768,2025-12-21,Completed
ORD12632,C04388,2025-05-17,Completed
ORD12633,C04531,2025-08-05,Completed
ORD12634,C02424,2025-06-05,Completed
ORD12635,C04567,2025-01-12,Cancelled
ORD12636,C03210,2025-09-25,Completed
ORD12637,C00872,2025-06-05,Completed
ORD12638,C03820,2025-10-22,Completed
ORD12639,C02845,2025-08-21,Completed
ORD12640,C04530,2025-02-03,Completed
ORD12641,C03475,2025-08-20,Completed
ORD12642,C04880,2025-08-29,Cancelled
ORD12643,C01074,2025-09-29,Completed
ORD12644,C02817,2025-08-06,Completed
ORD12645,C01541,2025-11-29,Completed
ORD12646,C01025,2025-11-18,Completed
ORD12647,C01321,2025-09-04,Completed
ORD12648,C01767,2025-11-01,Completed
ORD12649,C03231,2025-12-31,Completed
ORD12650,C02328,2025-11-05,Completed
ORD12651,C01689,2025-10-23,Completed
ORD12652,C03222,2025-09-25,Completed
ORD12653,C03141,2025-07-07,Completed
ORD12654,C03347,2025-06-01,Completed
ORD12655,C00896,2025-10-01,Completed
ORD12656,C03952,2025-07-02,Completed
ORD12657,C02181,2025-01-20,Completed
ORD12658,C03542,2025-02-25,Completed
ORD12659,C04705,2025-11-24,Completed
ORD12660,C03615,2025-11-19,Completed
ORD12661,C00930,2025-02-14,Completed
ORD12662,C02590,2025-08-03,Completed
ORD12663,C02320,2025-05-24,Completed
ORD12664,C03379,2025-01-26,Completed
ORD12665,C00966,2025-01-18,Completed
ORD12666,C00830,2025-07-16,Completed
ORD12667,C03550,2025-11-11,Completed
ORD12668,C03439,2025-09-03,Completed
ORD12669,C03727,2025-09-16,Returned
ORD12670,C01958,2025-04-20,Completed
ORD12671,C01457,2025-07-14,Completed
ORD12672,C04032,2025-04-13,Completed
ORD12673,C04625,2025-07-31,Completed
ORD12674,C01429,2025-06-05,Returned
ORD12675,C03445,2025-10-25,Completed
ORD12676,C00585,2025-03-06,Completed
ORD12677,C00367,2025-08-09,Completed
ORD12678,C04558,2025-12-19,Completed
ORD12679,C03677,2025-03-22,Completed
ORD12680,C03758,2025-03-03,Completed
ORD12681,C03457,2025-10-27,Completed
ORD12682,C02472,2025-08-28,Completed
ORD12683,C00598,2025-03-22,Completed
ORD12684,C04449,2025-04-19,Cancelled
ORD12685,C04809,2025-05-11,Cancelled
ORD12686,C02923,2025-05-30,Completed
ORD12687,C03129,2025-05-22,Completed
ORD12688,C00224,2025-09-07,Cancelled
ORD12689,C00881,2025-06-29,Completed
ORD12690,C00010,2025-08-09,Completed
ORD12691,C03223,2025-06-27,Completed
ORD12692,C04495,2025-06-19,Completed
ORD12693,C00411,2025-01-17,Completed
ORD12694,C02686,2025-07-11,Completed
ORD12695,C04172,2025-07-24,Completed
ORD12696,C02750,2025-11-13,Completed
ORD12697,C01230,2025-03-19,Completed
ORD12698,C00429,2025-01-10,Pending
ORD12699,C03153,2025-06-27,Returned
ORD12700,C03919,2025-11-28,Completed
ORD12701,C02506,2025-11-25,Completed
ORD12702,C02433,2025-05-20,Completed
ORD12703,C00461,2025-02-12,Completed
ORD12704,C00021,2025-04-18,Completed
ORD12705,C01180,2025-01-01,Returned
ORD12706,C03102,2025-10-09,Completed
ORD12707,C01418,2025-02-04,Completed
ORD12708,C00225,2025-05-24,Returned
ORD12709,C03515,2025-08-02,Completed
ORD12710,C03872,2025-11-25,Completed
ORD12711,C04572,2025-03-03,Completed
ORD12712,C03177,2025-03-14,Completed
ORD12713,C00661,2025-08-11,Completed
ORD12714,C00891,2025-03-17,Completed
ORD12715,C00334,2025-05-16,Completed
ORD12716,C02810,2025-09-17,Completed
ORD12717,C03255,2025-07-06,Completed
ORD12718,C04991,2025-10-04,Completed
ORD12719,C00787,2025-07-28,Cancelled
ORD12720,C03401,2025-07-03,Completed
ORD12721,C00834,2025-04-26,Completed
ORD12722,C03340,2025-12-26,Completed
ORD12723,C01369,2025-03-20,Completed
ORD12724,C04450,2025-07-12,Completed
ORD12725,C00226,2025-03-13,Completed
ORD12726,C01947,2025-01-11,Returned
ORD12727,C02978,2025-01-13,Completed
ORD12728,C03121,2025-05-01,Completed
ORD12729,C04700,2025-05-14,Completed
ORD12730,C04511,2025-04-10,Completed
ORD12731,C04340,2025-10-08,Completed
ORD12732,C02180,2025-07-23,Completed
ORD12733,C04576,2025-03-16,Completed
ORD12734,C03637,2025-06-04,Completed
ORD12735,C03838,2025-10-18,Cancelled
ORD12736,C02479,2025-04-17,Completed
ORD12737,C02554,2025-05-26,Returned
ORD12738,C03827,2025-07-08,Completed
ORD12739,C03517,2025-07-17,Completed
ORD12740,C04919,2025-07-23,Completed
ORD12741,C00718,2025-04-24,Completed
ORD12742,C01932,2025-10-26,Completed
ORD12743,C03060,2025-01-06,Completed
ORD12744,C04811,2025-09-05,Completed
ORD12745,C00673,2025-01-21,Pending
ORD12746,C01592,2025-03-10,Completed
ORD12747,C03212,2025-06-23,Completed
ORD12748,C00038,2025-10-12,Completed
ORD12749,C01230,2025-07-13,Cancelled
ORD12750,C03900,2025-12-14,Completed
ORD12751,C02720,2025-12-04,Completed
ORD12752,C00938,2025-11-14,Completed
ORD12753,C04294,2025-10-02,Completed
ORD12754,C00507,2025-11-05,Completed
ORD12755,C02217,2025-06-24,Completed
ORD12756,C04183,2025-02-14,Completed
ORD12757,C03852,2025-04-06,Completed
ORD12758,C00676,2025-11-04,Completed
ORD12759,C00081,2025-05-19,Completed
ORD12760,C00272,2025-02-14,Completed
ORD12761,C02996,2025-10-27,Completed
ORD12762,C02866,2025-03-23,Completed
ORD12763,C01862,2025-02-26,Completed
ORD12764,C04505,2025-08-13,Completed
ORD12765,C02877,2025-07-30,Completed
ORD12766,C01522,2025-04-06,Completed
ORD12767,C00881,2025-03-22,Completed
ORD12768,C03192,2025-06-21,Returned
ORD12769,C00194,2025-12-25,Completed
ORD12770,C04230,2025-06-09,Completed
ORD12771,C00448,2025-02-19,Cancelled
ORD12772,C04645,2025-07-01,Completed
ORD12773,C04952,2025-11-18,Returned
ORD12774,C01530,2025-03-23,Completed
ORD12775,C02168,2025-10-27,Completed
ORD12776,C02223,2025-05-11,Completed
ORD12777,C00225,2025-07-24,Completed
ORD12778,C00703,2025-06-26,Completed
ORD12779,C01449,2025-12-22,Completed
ORD12780,C01100,2025-01-27,Completed
ORD12781,C04020,2025-07-17,Returned
ORD12782,C02273,2025-10-04,Completed
ORD12783,C00540,2025-10-10,Completed
ORD12784,C04595,2025-03-28,Completed
ORD12785,C02765,2025-12-19,Completed
ORD12786,C00974,2025-05-31,Completed
ORD12787,C01447,2025-02-08,Completed
ORD12788,C03954,2025-03-29,Completed
ORD12789,C02868,2025-07-13,Returned
ORD12790,C00497,2025-06-26,Completed
ORD12791,C04193,2025-03-31,Completed
ORD12792,C04319,2025-11-23,Completed
ORD12793,C04526,2025-07-31,Completed
ORD12794,C03702,2025-09-20,Completed
ORD12795,C04312,2025-09-11,Completed
ORD12796,C01637,2025-06-24,Completed
ORD12797,C04246,2025-06-07,Completed
ORD12798,C01608,2025-03-18,Completed
ORD12799,C01270,2025-01-31,Cancelled
ORD12800,C02933,2025-08-26,Completed
ORD12801,C01830,2025-08-09,Completed
ORD12802,C04659,2025-07-11,Completed
ORD12803,C01531,2025-06-11,Completed
ORD12804,C00211,2025-09-10,Returned
ORD12805,C01531,2025-09-03,Cancelled
ORD12806,C04713,2025-03-22,Completed
ORD12807,C00016,2025-12-25,Completed
ORD12808,C03527,2025-10-22,Pending
ORD12809,C04408,2025-02-06,Completed
ORD12810,C03585,2025-03-15,Completed
ORD12811,C01868,2025-09-03,Completed
ORD12812,C01484,2025-12-26,Completed
ORD12813,C00585,2025-07-16,Completed
ORD12814,C00757,2025-07-17,Cancelled
ORD12815,C03892,2025-04-03,Completed
ORD12816,C00439,2025-03-19,Completed
ORD12817,C02396,2025-02-10,Completed
ORD12818,C01357,2025-08-02,Completed
ORD12819,C00799,2025-01-09,Completed
ORD12820,C01692,2025-01-07,Completed
ORD12821,C01692,2025-04-06,Completed
ORD12822,C04741,2025-02-14,Completed
ORD12823,C01855,2025-11-23,Completed
ORD12824,C04729,2025-05-02,Completed
ORD12825,C02091,2025-02-04,Completed
ORD12826,C02031,2025-02-16,Cancelled
ORD12827,C00562,2025-12-28,Completed
ORD12828,C04867,2025-03-27,Completed
ORD12829,C00440,2025-09-04,Completed
ORD12830,C00653,2025-04-28,Completed
ORD12831,C03791,2025-03-15,Completed
ORD12832,C04432,2025-09-23,Completed
ORD12833,C01472,2025-09-28,Completed
ORD12834,C03780,2025-02-07,Completed
ORD12835,C00335,2025-06-04,Completed
ORD12836,C01904,2025-09-17,Completed
ORD12837,C03270,2025-09-16,Completed
ORD12838,C04813,2025-01-04,Completed
ORD12839,C03967,2025-12-12,Returned
ORD12840,C03760,2025-11-12,Completed
ORD12841,C02308,2025-03-22,Returned
ORD12842,C03774,2025-08-22,Returned
ORD12843,C00283,2025-11-07,Completed
ORD12844,C04341,2025-07-08,Completed
ORD12845,C03057,2025-05-06,Pending
ORD12846,C04809,2025-11-13,Completed
ORD12847,C01542,2025-09-26,
ORD12848,C02527,2025-02-04,Completed
ORD12849,C01004,2025-08-24,Completed
ORD12850,C02140,2025-05-09,Completed
ORD12851,C02746,2025-12-24,Completed
ORD12852,C04772,2025-07-03,Completed
ORD12853,C02304,2025-03-29,Cancelled
ORD12854,C01827,2025-04-16,Completed
ORD12855,C02094,2025-01-22,Completed
ORD12856,C03056,2025-10-12,Cancelled
ORD12857,C04148,2025-07-05,Completed
ORD12858,C00521,2025-01-05,Completed
ORD12859,C04301,2025-11-07,Completed
ORD12860,C00848,2025-08-16,Completed
ORD12861,C00012,2025-09-25,Cancelled
ORD12862,C03712,2025-05-21,Completed
ORD12863,C02664,2025-05-05,Completed
ORD12864,C02782,2025-11-05,Completed
ORD12865,C04878,2025-08-10,Completed
ORD12866,C03252,2025-12-24,Completed
ORD12867,C04581,2025-08-18,Cancelled
ORD12868,C01104,2025-06-23,Completed
ORD12869,C04092,2025-09-11,Completed
ORD12870,C02709,2025-05-01,Completed
ORD12871,C04482,2025-03-02,Pending
ORD12872,C03686,2025-08-11,Completed
ORD12873,C01841,2025-07-08,Completed
ORD12874,C01060,2025-05-21,Completed
ORD12875,C04293,2025-02-10,Returned
ORD12876,C00918,2025-01-06,Cancelled
ORD12877,C00970,2025-08-07,Completed
ORD12878,C00936,2025-11-08,Completed
ORD12879,C04663,2025-09-03,Completed
ORD12880,C02335,2025-08-04,Completed
ORD12881,C01651,2025-02-16,Completed
ORD12882,C04586,2025-12-21,Completed
ORD12883,C02826,2025-12-14,Cancelled
ORD12884,C00601,2025-07-18,Completed
ORD12885,C00942,2025-11-11,Completed
ORD12886,C04043,2025-01-25,Completed
ORD12887,C02220,2025-05-23,Completed
ORD12888,C00951,2025-11-03,Cancelled
ORD12889,C03087,2025-05-28,Completed
ORD12890,C01482,2025-05-03,Pending
ORD12891,C00205,2025-07-14,Cancelled
ORD12892,C03488,2025-02-03,Completed
ORD12893,C00113,2025-02-28,Completed
ORD12894,C02226,2025-09-23,Completed
ORD12895,C01344,2025-06-13,Completed
ORD12896,C02202,2025-07-29,Completed
ORD12897,C00978,2025-11-03,Completed
ORD12898,C00511,2025-07-15,Returned
ORD12899,C02429,2025-09-07,Completed
ORD12900,C04752,2025-01-13,Pending
ORD12901,C04334,2025-09-03,Completed
ORD12902,C01578,2025-06-24,Completed
ORD12903,C04622,2025-10-14,Completed
ORD12904,C01327,2025-05-20,Completed
ORD12905,C02699,2025-12-08,Completed
ORD12906,C02960,2025-02-28,Returned
ORD12907,C01563,2025-04-26,Completed
ORD12908,C03347,2025-11-02,Completed
ORD12909,C02199,2025-04-11,Completed
ORD12910,C02005,2025-04-04,Completed
ORD12911,C03403,2025-10-18,Completed
ORD12912,C02874,2025-07-02,Completed
ORD12913,C03428,2025-11-12,Completed
ORD12914,C04519,2025-09-22,Completed
ORD12915,C04070,2025-08-31,Completed
ORD12916,C01294,2025-01-28,Completed
ORD12917,C01885,2025-10-16,Completed
ORD12918,C00990,2025-09-15,Completed
ORD12919,C04496,2025-12-14,Completed
ORD12920,C01161,2025-08-27,Completed
ORD12921,C03080,2025-11-16,Completed
ORD12922,C02592,2025-08-02,Completed
ORD12923,C02911,2025-07-04,Returned
ORD12924,C01786,2025-11-03,Completed
ORD12925,C04268,2025-05-14,Completed
ORD12926,C01665,2025-05-17,Completed
ORD12927,C03544,2025-11-03,Completed
ORD12928,C02456,2025-07-09,Cancelled
ORD12929,C02183,2025-06-06,Completed
ORD12930,C03423,2025-07-21,Completed
ORD12931,C04867,2025-10-30,Returned
ORD12932,C02457,2025-03-18,Completed
ORD12933,C01776,2025-03-24,Completed
ORD12934,C01547,2025-07-23,Completed
ORD12935,C01903,2025-01-03,Completed
ORD12936,C04533,2025-01-16,Completed
ORD12937,C00804,2025-11-28,Cancelled
ORD12938,C04432,2025-09-08,Completed
ORD12939,C00929,2025-11-30,Completed
ORD12940,C04651,2025-10-06,Returned
ORD12941,C01550,2025-01-09,Completed
ORD12942,C00294,2025-12-22,Completed
ORD12943,C02899,2025-08-08,Completed
ORD12944,C02798,2025-08-18,Completed
ORD12945,C01663,2025-10-02,Completed
ORD12946,C01009,2025-07-28,Returned
ORD12947,C00391,2025-02-09,Completed
ORD12948,C03520,2025-02-05,Completed
ORD12949,C00886,2025-05-05,Pending
ORD12950,C03533,2025-12-13,Completed
ORD12951,C00486,2025-12-20,Completed
ORD12952,C04855,2025-06-20,Completed
ORD12953,C00263,2025-07-04,Pending
ORD12954,C00618,2025-09-20,Completed
ORD12955,C00381,2025-06-01,Cancelled
ORD12956,C04047,2025-09-07,Completed
ORD12957,C02902,2025-01-19,Completed
ORD12958,C00991,2025-09-20,Completed
ORD12959,C02474,2025-10-28,Completed
ORD12960,C02403,2025-02-02,Completed
ORD12961,C01833,2025-04-04,Completed
ORD12962,C04313,2025-06-10,Completed
ORD12963,C03330,2025-04-25,Completed
ORD12964,C03461,2025-07-28,Cancelled
ORD12965,C00041,2025-04-05,Completed
ORD12966,C02750,2025-03-17,Returned
ORD12967,C00760,2025-09-12,Completed
ORD12968,C04701,2025-12-03,Completed
ORD12969,C00866,2025-03-02,Completed
ORD12970,C01429,2025-10-01,Completed
ORD12971,C00569,2025-05-07,Completed
ORD12972,C02643,2025-02-07,Completed
ORD12973,C01271,2025-08-21,Completed
ORD12974,C00145,2025-06-30,Cancelled
ORD12975,C04268,2025-02-14,Completed
ORD12976,C03767,2025-11-17,Completed
ORD12977,C03438,2025-12-08,Completed
ORD12978,C02727,2025-07-13,Completed
ORD12979,C01993,2025-04-22,Completed
ORD12980,C04840,2025-05-11,Completed
ORD12981,C04725,2025-12-29,Completed
ORD12982,C03310,2025-09-21,Completed
ORD12983,C02759,2025-05-17,Completed
ORD12984,C02139,2025-11-26,Completed
ORD12985,C02244,2025-06-16,Completed
ORD12986,C01275,2025-11-09,Completed
ORD12987,C02120,2025-07-26,Completed
ORD12988,C03907,2025-04-17,Completed
ORD12989,C01800,2025-01-06,Completed
ORD12990,C01825,2025-01-04,Completed
ORD12991,C03739,2025-02-20,Completed
ORD12992,C03318,2025-03-19,Completed
ORD12993,C02331,2025-11-30,Completed
ORD12994,C02999,2025-05-07,Pending
ORD12995,C00383,2025-03-03,Completed
ORD12996,C04312,2025-11-19,Completed
ORD12997,C04858,2025-05-28,Completed
ORD12998,C00032,2025-02-25,Completed
ORD12999,C01115,2025-10-28,Completed
ORD13000,C01100,2025-01-27,Completed
ORD13001,C04118,2025-02-22,Returned
ORD13002,C04056,2025-12-03,Completed
ORD13003,C00801,2025-06-05,Completed
ORD13004,C02851,2025-08-02,Completed
ORD13005,C01937,2025-08-19,Completed
ORD13006,C04044,2025-01-20,Completed
ORD13007,C02136,2025-12-20,Completed
ORD13008,C03890,2025-04-10,Pending
ORD13009,C03736,2025-12-27,Completed
ORD13010,C00665,2025-05-11,Completed
ORD13011,C03062,2025-05-03,Completed
ORD13012,C02880,2025-05-15,Completed
ORD13013,C01355,2025-03-06,Completed
ORD13014,C04387,2025-12-30,Completed
ORD13015,C03754,2025-07-27,Completed
ORD13016,C00292,2025-01-29,Completed
ORD13017,C03990,2025-06-07,Pending
ORD13018,C04729,2025-01-01,Completed
ORD13019,C00748,2025-11-27,Completed
ORD13020,C03118,2025-02-25,Completed
ORD13021,C01855,2025-07-11,Completed
ORD13022,C00805,2025-07-08,Completed
ORD13023,C02438,2025-02-19,Completed
ORD13024,C03038,2025-11-15,Completed
ORD13025,C00465,2025-01-30,Completed
ORD13026,C04175,2025-11-06,Completed
ORD13027,C02746,2025-08-11,Completed
ORD13028,C04523,2025-05-09,Completed
ORD13029,C04614,2025-07-08,Completed
ORD13030,C02230,2025-11-02,Completed
ORD13031,C03096,2025-12-25,Completed
ORD13032,C03825,2025-08-25,Completed
ORD13033,C03020,2025-08-08,Pending
ORD13034,C00545,2025-03-24,Completed
ORD13035,C02390,2025-01-09,Completed
ORD13036,C00671,2025-12-24,Completed
ORD13037,C01094,2025-04-02,Completed
ORD13038,C00216,2025-05-31,Completed
ORD13039,C00734,2025-07-02,Completed
ORD13040,C03955,2025-08-09,Completed
ORD13041,C04863,2025-05-19,Completed
ORD13042,C00191,2025-02-20,Completed
ORD13043,C00895,2025-08-24,Completed
ORD13044,C01520,2025-01-22,Completed
ORD13045,C02463,2025-04-24,Completed
ORD13046,C01426,2025-04-06,Completed
ORD13047,C04242,2025-03-12,Completed
ORD13048,C00694,2025-12-11,Completed
ORD13049,C04486,2025-12-01,Completed
ORD13050,C03795,2025-08-22,Returned
ORD13051,C04195,2025-09-01,Completed
ORD13052,C02366,2025-02-26,Cancelled
ORD13053,C01962,2025-08-17,Completed
ORD13054,C01704,2025-01-21,Returned
ORD13055,C03744,2025-04-26,Completed
ORD13056,C04039,2025-02-20,Completed
ORD13057,C01737,2025-07-19,Returned
ORD13058,C00563,2025-09-14,Completed
ORD13059,C03821,2025-05-11,Completed
ORD13060,C04075,2025-09-21,Completed
ORD13061,C02948,2025-04-17,Pending
ORD13062,C02978,2025-03-25,Completed
ORD13063,C04371,2025-06-13,Completed
ORD13064,C02609,2025-06-15,Completed
ORD13065,C04674,2025-06-24,Completed
ORD13066,C02580,2025-05-19,Completed
ORD13067,C02389,2025-05-08,Completed
ORD13068,C00443,2025-05-28,Completed
ORD13069,C04486,2025-09-10,Completed
ORD13070,C02351,2025-05-01,Completed
ORD13071,C04429,2025-09-20,Completed
ORD13072,C04575,2025-07-27,Returned
ORD13073,C00267,2025-08-07,Completed
ORD13074,C00974,2025-06-02,Completed
ORD13075,C01264,2025-07-05,Pending
ORD13076,C00409,2025-10-18,Cancelled
ORD13077,C03127,2025-10-24,Completed
ORD13078,C02034,2025-09-12,Completed
ORD13079,C03980,2025-10-21,Cancelled
ORD13080,C00400,2025-02-21,Completed
ORD13081,C02913,2025-01-09,Completed
ORD13082,C04472,2025-01-01,Completed
ORD13083,C01656,2025-10-21,Completed
ORD13084,C04265,2025-05-28,Completed
ORD13085,C02225,2025-06-27,Completed
ORD13086,C02627,2025-12-28,Cancelled
ORD13087,C01482,2025-11-05,Completed
ORD13088,C02818,2025-05-03,Completed
ORD13089,C00377,2025-05-11,Completed
ORD13090,C03367,2025-09-15,Completed
ORD13091,C04983,2025-10-11,Completed
ORD13092,C03248,2025-10-08,Completed
ORD13093,C02563,2025-01-28,Completed
ORD13094,C00801,2025-09-27,Completed
ORD13095,C02265,2025-06-07,Completed
ORD13096,C01494,2025-08-23,Completed
ORD13097,C02972,2025-05-15,Completed
ORD13098,C04018,2025-12-13,Completed
ORD13099,C01020,2025-05-22,Completed
ORD13100,C04830,2025-06-23,Completed
ORD13101,C01969,2025-11-19,Completed
ORD13102,C03505,2025-10-22,Completed
ORD13103,C03120,2025-10-06,Completed
ORD13104,C02451,2025-01-19,Completed
ORD13105,C00841,2025-03-05,Completed
ORD13106,C02203,2025-06-27,Completed
ORD13107,C04675,2025-09-24,Completed
ORD13108,C02357,2025-07-19,Completed
ORD13109,C03233,2025-07-04,Completed
ORD13110,C02510,2025-11-21,Completed
ORD13111,C01745,2025-01-11,Completed
ORD13112,C03466,2025-07-30,Completed
ORD13113,C01617,2025-06-08,Completed
ORD13114,C01019,2025-08-01,Completed
ORD13115,C00442,2025-07-11,Pending
ORD13116,C02648,2025-09-10,Completed
ORD13117,C01558,2025-10-22,Completed
ORD13118,C02138,2025-07-03,Completed
ORD13119,C02423,2025-04-09,Completed
ORD13120,C01526,2025-04-24,Completed
ORD13121,C00661,2025-11-04,Completed
ORD13122,C01734,2025-02-07,Returned
ORD13123,C01275,2025-12-18,Completed
ORD13124,C00384,2025-10-12,Completed
ORD13125,C00963,2025-12-16,Completed
ORD13126,C01777,2025-10-05,Completed
ORD13127,C03861,2025-04-08,Returned
ORD13128,C04491,2025-01-14,Completed
ORD13129,C03655,2025-09-13,Completed
ORD13130,C04927,2025-09-22,Completed
ORD13131,C04681,2025-12-20,Completed
ORD13132,C04522,2025-08-20,Completed
ORD13133,C03411,2025-07-17,Completed
ORD13134,C04173,2025-12-05,Completed
ORD13135,C02445,2025-04-13,Completed
ORD13136,C00725,2025-08-10,Completed
ORD13137,C00267,2025-11-02,Completed
ORD13138,C01752,2025-04-26,Completed
ORD13139,C00541,2025-12-06,Completed
ORD13140,C04018,2025-03-13,Completed
ORD13141,C04968,2025-01-23,Completed
ORD13142,C02208,2025-01-28,Cancelled
ORD13143,C02498,2025-04-13,Completed
ORD13144,C01886,2025-05-24,Completed
ORD13145,C04233,2025-11-04,Completed
ORD13146,C02173,2025-09-02,Cancelled
ORD13147,C02009,2025-09-21,Completed
ORD13148,C02033,2025-10-31,Completed
ORD13149,C01759,2025-09-07,Completed
ORD13150,C03011,2025-09-22,Completed
ORD13151,C00741,2025-06-22,Pending
ORD13152,C01902,2025-12-08,Completed
ORD13153,C04270,2025-05-25,
ORD13154,C03386,2025-03-20,Completed
ORD13155,C00289,2025-04-15,Completed
ORD13156,C01841,2025-01-19,Completed
ORD13157,C00090,2025-02-27,Returned
ORD13158,C04984,2025-03-11,Completed
ORD13159,C04391,2025-07-24,Completed
ORD13160,C00906,2025-09-09,Completed
ORD13161,C04158,2025-07-01,Completed
ORD13162,C02984,2025-07-06,Completed
ORD13163,C00405,2025-06-26,Completed
ORD13164,C04456,2025-02-17,Returned
ORD13165,C03822,2025-12-13,Completed
ORD13166,C00752,2025-06-04,Completed
ORD13167,C03164,2025-08-03,Completed
ORD13168,C02424,2025-06-06,Completed
ORD13169,C03375,2025-09-11,Completed
ORD13170,C00026,2025-05-12,Completed
ORD13171,C00736,2025-02-14,Completed
ORD13172,C04107,2025-01-21,Completed
ORD13173,C01464,2025-11-26,Completed
ORD13174,C02258,2025-11-13,Completed
ORD13175,C01663,2025-06-14,Cancelled
ORD13176,C04826,2025-09-02,Completed
ORD13177,C04310,2025-10-31,Completed
ORD13178,C03315,2025-05-17,Completed
ORD13179,C03047,2025-03-18,Completed
ORD13180,C02776,2025-04-20,Completed
ORD13181,C03631,2025-09-08,Pending
ORD13182,C04786,2025-02-05,Completed
ORD13183,C02972,2025-04-29,Completed
ORD13184,C01433,2025-07-03,Completed
ORD13185,C02819,2025-07-17,Completed
ORD13186,C01707,2025-09-12,Completed
ORD13187,C02109,2025-04-09,Completed
ORD13188,C04479,2025-10-11,Completed
ORD13189,C00608,2025-11-13,Completed
ORD13190,C00207,2025-01-16,Completed
ORD13191,C01381,2025-05-09,Cancelled
ORD13192,C00182,2025-02-06,Completed
ORD13193,C03681,2025-08-25,Completed
ORD13194,C00231,2025-07-19,Completed
ORD13195,C01089,2025-07-11,Cancelled
ORD13196,C04770,2025-07-09,Pending
ORD13197,C03858,2025-10-06,Completed
ORD13198,C02424,2025-06-02,Completed
ORD13199,C00796,2025-03-08,Returned
ORD13200,C04121,2025-06-09,Completed
ORD13201,C02352,2025-03-31,Completed
ORD13202,C03966,2025-03-31,Completed
ORD13203,C02077,2025-11-20,Completed
ORD13204,C00638,2025-12-30,Completed
ORD13205,C02099,2025-01-29,Cancelled
ORD13206,C02354,2025-08-31,Completed
ORD13207,C04615,2025-12-10,Completed
ORD13208,C01660,2025-08-10,Completed
ORD13209,C00907,2025-08-12,Completed
ORD13210,C03421,2025-09-26,Completed
ORD13211,C04819,2025-12-09,Completed
ORD13212,C04643,2025-11-03,Cancelled
ORD13213,C00618,2025-11-21,Completed
ORD13214,C03145,2025-05-01,Cancelled
ORD13215,C04351,2025-12-19,Completed
ORD13216,C03699,2025-11-01,Completed
ORD13217,C00710,2025-06-06,Completed
ORD13218,C02820,2025-01-02,Completed
ORD13219,C03815,2025-05-03,Pending
ORD13220,C01729,2025-04-11,Completed
ORD13221,C04944,2025-09-24,Completed
ORD13222,C00381,2025-04-24,Completed
ORD13223,C01324,2025-12-27,Completed
ORD13224,C01393,2025-10-31,Completed
ORD13225,C02952,2025-03-21,Completed
ORD13226,C00488,2025-05-30,Completed
ORD13227,C03653,2025-11-18,Cancelled
ORD13228,C01896,2025-05-23,Completed
ORD13229,C02506,2025-07-19,Completed
ORD13230,C02413,2025-07-16,Completed
ORD13231,C03940,2025-05-12,Completed
ORD13232,C03552,2025-06-23,Completed
ORD13233,C00994,2025-05-08,Completed
ORD13234,C00681,2025-01-08,Completed
ORD13235,C03051,2025-03-07,Completed
ORD13236,C00607,2025-11-17,Completed
ORD13237,C00765,2025-06-29,Pending
ORD13238,C04792,2025-07-01,Completed
ORD13239,C04363,2025-02-06,Completed
ORD13240,C01601,2025-08-06,Returned
ORD13241,C04595,2025-09-27,Completed
ORD13242,C03148,2025-01-17,Completed
ORD13243,C04528,2025-03-30,Completed
ORD13244,C01214,2025-05-02,Completed
ORD13245,C00829,2025-02-06,Completed
ORD13246,C04798,2025-06-18,Returned
ORD13247,C01353,2025-03-30,Completed
ORD13248,C02167,2025-10-22,Cancelled
ORD13249,C02345,2025-07-05,Completed
ORD13250,C00158,2025-04-18,Completed
ORD13251,C03848,2025-07-25,Completed
ORD13252,C00842,2025-01-29,Completed
ORD13253,C01758,2025-03-23,Completed
ORD13254,C03849,2025-01-28,Completed
ORD13255,C01541,2025-01-30,Completed
ORD13256,C00811,2025-05-30,Completed
ORD13257,C02273,2025-04-03,Completed
ORD13258,C03596,2025-07-03,Completed
ORD13259,C02259,2025-12-29,Completed
ORD13260,C02244,2025-07-11,Cancelled
ORD13261,C01004,2025-08-15,Pending
ORD13262,C01899,2025-11-25,Completed
ORD13263,C00042,2025-02-04,Completed
ORD13264,C02775,2025-12-24,Completed
ORD13265,C04160,2025-08-22,Completed
ORD13266,C03022,2025-08-18,Completed
ORD13267,C00741,2025-07-10,Returned
ORD13268,C04616,2025-02-07,Completed
ORD13269,C03203,2025-06-30,Completed
ORD13270,C00762,2025-08-13,Completed
ORD13271,C04569,2025-07-18,Completed
ORD13272,C01263,2025-02-09,Pending
ORD13273,C01776,2025-08-11,Completed
ORD13274,C00932,2025-09-03,Completed
ORD13275,C02491,2025-09-05,Completed
ORD13276,C01422,2025-12-12,Completed
ORD13277,C04976,2025-12-20,Completed
ORD13278,C02709,2025-04-13,Completed
ORD13279,C04623,2025-07-27,Returned
ORD13280,C02600,2025-02-11,Completed
ORD13281,C02311,2025-05-29,Completed
ORD13282,C04483,2025-12-05,Completed
ORD13283,C02732,2025-05-18,Completed
ORD13284,C00229,2025-09-23,Completed
ORD13285,C01842,2025-09-23,Returned
ORD13286,C00112,2025-12-07,Cancelled
ORD13287,C04960,2025-05-20,Pending
ORD13288,C01307,2025-01-10,Pending
ORD13289,C03820,2025-11-12,Completed
ORD13290,C00877,2025-12-23,Completed
ORD13291,C04844,2025-01-20,Completed
ORD13292,C03794,2025-10-30,Completed
ORD13293,C04847,2025-08-07,Completed
ORD13294,C04720,2025-12-23,Completed
ORD13295,C01853,2025-02-21,Completed
ORD13296,C04555,2025-09-13,Completed
ORD13297,C04288,2025-08-24,Completed
ORD13298,C00627,2025-06-20,Completed
ORD13299,C02138,2025-12-22,Completed
ORD13300,C00987,2025-08-05,Completed
ORD13301,C00552,2025-08-05,Completed
ORD13302,C03552,2025-08-30,Completed
ORD13303,C04713,2025-09-27,Completed
ORD13304,C03526,2025-09-10,Completed
ORD13305,C04383,2025-06-18,Completed
ORD13306,C03486,2025-10-09,Completed
ORD13307,C00190,2025-04-14,Completed
ORD13308,C03012,2025-03-16,Cancelled
ORD13309,C04227,2025-07-07,Completed
ORD13310,C02449,2025-01-31,Completed
ORD13311,C02763,2025-05-28,Returned
ORD13312,C00684,2025-12-08,Completed
ORD13313,C00149,2025-07-24,Completed
ORD13314,C04794,2025-10-13,Completed
ORD13315,C00733,2025-02-24,Completed
ORD13316,C04532,2025-11-25,Completed
ORD13317,C00660,2025-07-14,Cancelled
ORD13318,C04016,2025-10-01,Completed
ORD13319,C01636,2025-05-20,Completed
ORD13320,C00456,2025-10-14,Pending
ORD13321,C02625,2025-03-01,Returned
ORD13322,C02068,2025-11-11,Completed
ORD13323,C03370,2025-08-20,Completed
ORD13324,C03753,2025-12-04,Completed
ORD13325,C03119,2025-10-20,Completed
ORD13326,C02380,2025-01-13,Completed
ORD13327,C01573,2025-02-18,Completed
ORD13328,C02353,2025-04-05,Cancelled
ORD13329,C03154,2025-10-14,Completed
ORD13330,C03135,2025-10-28,Completed
ORD13331,C02819,2025-08-25,Completed
ORD13332,C01802,2025-11-22,Completed
ORD13333,C02894,2025-08-26,Cancelled
ORD13334,C00373,2025-02-24,Completed
ORD13335,C04482,2025-05-30,Completed
ORD13336,C00539,2025-11-17,Completed
ORD13337,C01380,2025-05-19,Completed
ORD13338,C00509,2025-03-31,Completed
ORD13339,C04254,2025-08-16,Completed
ORD13340,C01550,2025-01-23,Completed
ORD13341,C04402,2025-03-01,Completed
ORD13342,C03813,2025-07-20,Completed
ORD13343,C02253,2025-01-02,Completed
ORD13344,C03246,2025-12-24,Completed
ORD13345,C03462,2025-03-15,Completed
ORD13346,C01315,2025-03-19,Completed
ORD13347,C04652,2025-12-31,Completed
ORD13348,C01664,2025-08-15,Completed
ORD13349,C01378,2025-03-02,Completed
ORD13350,C04632,2025-10-09,Completed
ORD13351,C01633,2025-04-03,Returned
ORD13352,C03645,2025-03-08,Completed
ORD13353,C01113,2025-01-21,Completed
ORD13354,C03252,2025-08-26,Completed
ORD13355,C02247,2025-10-25,Cancelled
ORD13356,C00123,2025-07-06,Completed
ORD13357,C04078,2025-04-20,Completed
ORD13358,C01971,2025-08-22,Completed
ORD13359,C01981,2025-08-30,Pending
ORD13360,C02093,2025-07-11,Cancelled
ORD13361,C00498,2025-09-17,Pending
ORD13362,C04232,2025-04-15,Completed
ORD13363,C03283,2025-10-15,Completed
ORD13364,C04618,2025-05-14,Completed
ORD13365,C01008,2025-08-15,Completed
ORD13366,C02280,2025-10-24,Cancelled
ORD13367,C03439,2025-09-07,Completed
ORD13368,C04783,2025-06-02,Completed
ORD13369,C03654,2025-11-14,Pending
ORD13370,C00691,2025-10-27,Completed
ORD13371,C03515,2025-04-19,Completed
ORD13372,C04285,2025-01-15,Completed
ORD13373,C02207,2025-08-18,Completed
ORD13374,C00013,2025-03-27,Cancelled
ORD13375,C04348,2025-10-03,Completed
ORD13376,C01383,2025-04-20,Completed
ORD13377,C03627,2025-10-16,Completed
ORD13378,C00023,2025-10-15,Completed
ORD13379,C03901,2025-01-20,Cancelled
ORD13380,C02589,2025-12-08,Completed
ORD13381,C02459,2025-12-18,Completed
ORD13382,C02192,2025-05-26,Completed
ORD13383,C00715,2025-01-23,Completed
ORD13384,C04699,2025-04-22,Completed
ORD13385,C00776,2025-01-12,Completed
ORD13386,C03310,2025-08-30,Cancelled
ORD13387,C02163,2025-01-19,Completed
ORD13388,C04823,2025-04-05,Returned
ORD13389,C02791,2025-12-08,Returned
ORD13390,C02159,2025-03-17,Completed
ORD13391,C00197,2025-10-29,Completed
ORD13392,C01764,2025-02-25,Cancelled
ORD13393,C04212,2025-03-04,Completed
ORD13394,C00497,2025-05-02,Pending
ORD13395,C02282,2025-04-07,Completed
ORD13396,C03744,2025-02-23,Completed
ORD13397,C04434,2025-10-09,Cancelled
ORD13398,C01780,2025-01-22,Completed
ORD13399,C02517,2025-06-26,Completed
ORD13400,C04501,2025-03-09,Completed
ORD13401,C02934,2025-12-18,Completed
ORD13402,C04462,2025-12-30,Completed
ORD13403,C04248,2025-07-08,Completed
ORD13404,C00794,2025-11-01,Completed
ORD13405,C02295,2025-09-17,Completed
ORD13406,C02449,2025-08-02,Cancelled
ORD13407,C03600,2025-05-13,Completed
ORD13408,C01280,2025-03-29,Completed
ORD13409,C01401,2025-10-03,Completed
ORD13410,C02081,2025-03-26,Completed
ORD13411,C00069,2025-06-05,Completed
ORD13412,C02283,2025-08-25,Completed
ORD13413,C03977,2025-05-30,Completed
ORD13414,C03170,2025-07-05,Completed
ORD13415,C04464,2025-06-02,Completed
ORD13416,C03337,2025-08-11,Completed
ORD13417,C01230,2025-05-19,Completed
ORD13418,C00209,2025-02-12,Completed
ORD13419,C03547,2025-12-09,Completed
ORD13420,C00824,2025-03-22,Completed
ORD13421,C02216,2025-12-27,Completed
ORD13422,C04543,2025-02-23,Completed
ORD13423,C03355,2025-01-28,Completed
ORD13424,C03255,2025-04-02,Returned
ORD13425,C00830,2025-01-12,Completed
ORD13426,C03276,2025-11-09,Cancelled
ORD13427,C01336,2025-07-29,Returned
ORD13428,C01484,2025-02-17,Completed
ORD13429,C04596,2025-05-19,Completed
ORD13430,C01480,2025-01-10,Completed
ORD13431,C00387,2025-07-14,Completed
ORD13432,C00569,2025-06-09,Completed
ORD13433,C00285,2025-10-30,Completed
ORD13434,C02304,2025-05-12,Completed
ORD13435,C01492,2025-10-27,Completed
ORD13436,C02434,2025-01-03,Cancelled
ORD13437,C02819,2025-08-12,Completed
ORD13438,C03200,2025-05-27,Completed
ORD13439,C04696,2025-07-21,Pending
ORD13440,C01011,2025-12-29,Completed
ORD13441,C01417,2025-05-22,Pending
ORD13442,C03752,2025-03-12,Completed
ORD13443,C01710,2025-02-04,Completed
ORD13444,C04552,2025-10-19,Completed
ORD13445,C00304,2025-08-11,Completed
ORD13446,C02529,2025-05-17,Completed
ORD13447,C01165,2025-01-09,Completed
ORD13448,C03629,2025-05-25,Completed
ORD13449,C02899,2025-09-01,Completed
ORD13450,C04725,2025-11-16,Completed
ORD13451,C03575,2025-12-15,Completed
ORD13452,C01639,2025-05-25,Returned
ORD13453,C01214,2025-11-17,Completed
ORD13454,C02083,2025-03-16,Completed
ORD13455,C00814,2025-05-23,Completed
ORD13456,C03798,2025-12-02,Completed
ORD13457,C00636,2025-04-29,Completed
ORD13458,C03117,2025-06-09,Completed
ORD13459,C01081,2025-10-31,Completed
ORD13460,C04052,2025-01-30,Completed
ORD13461,C04241,2025-04-24,Completed
ORD13462,C02392,2025-03-30,Completed
ORD13463,C00939,2025-04-23,Returned
ORD13464,C02171,2025-03-15,Completed
ORD13465,C04010,2025-01-30,Completed
ORD13466,C02436,2025-12-07,Cancelled
ORD13467,C04661,2025-03-10,Completed
ORD13468,C01048,2025-06-11,Cancelled
ORD13469,C03647,2025-02-19,Completed
ORD13470,C02383,2025-01-26,Completed
ORD13471,C02296,2025-09-14,Returned
ORD13472,C04681,2025-07-04,Completed
ORD13473,C02160,2025-03-02,Completed
ORD13474,C01820,2025-11-23,Completed
ORD13475,C02980,2025-08-08,Completed
ORD13476,C03345,2025-07-22,Completed
ORD13477,C04945,2025-09-04,Completed
ORD13478,C04101,2025-01-22,Completed
ORD13479,C01143,2025-01-23,Completed
ORD13480,C01699,2025-05-04,Completed
ORD13481,C04048,2025-07-02,Completed
ORD13482,C04738,2025-11-10,Returned
ORD13483,C03910,2025-11-14,Completed
ORD13484,C04896,2025-08-28,Completed
ORD13485,C03316,2025-08-24,Completed
ORD13486,C03429,2025-05-24,Completed
ORD13487,C03458,2025-09-11,Completed
ORD13488,C03251,2025-08-14,Completed
ORD13489,C04711,2025-02-17,Completed
ORD13490,C02480,2025-12-26,Completed
ORD13491,C00846,2025-07-21,Completed
ORD13492,C02281,2025-01-07,Completed
ORD13493,C01361,2025-06-04,Pending
ORD13494,C01162,2025-03-24,Completed
ORD13495,C03468,2025-12-26,Completed
ORD13496,C02893,2025-04-13,Returned
ORD13497,C01113,2025-12-14,Completed
ORD13498,C02351,2025-12-20,Completed
ORD13499,C01092,2025-03-03,Completed
ORD13500,C03270,2025-02-18,Completed
ORD13501,C00134,2025-05-26,Completed
ORD13502,C04209,2025-04-09,Completed
ORD13503,C00352,2025-01-28,Completed
ORD13504,C04115,2025-02-21,Pending
ORD13505,C04593,2025-04-09,Completed
ORD13506,C02997,2025-02-08,Pending
ORD13507,C02399,2025-07-24,Completed
ORD13508,C00470,2025-06-15,Completed
ORD13509,C00702,2025-10-02,Completed
ORD13510,C03943,2025-07-31,Completed
ORD13511,C01676,2025-11-14,Completed
ORD13512,C04724,2025-01-17,Completed
ORD13513,C02629,2025-08-23,Completed
ORD13514,C01775,2025-05-11,Completed
ORD13515,C00140,2025-10-05,Completed
ORD13516,C04080,2025-07-03,Completed
ORD13517,C04837,2025-06-19,Completed
ORD13518,C01734,2025-06-15,Completed
ORD13519,C03051,2025-02-27,Completed
ORD13520,C03521,2025-05-21,Completed
ORD13521,C01031,2025-12-24,Completed
ORD13522,C02444,2025-03-31,Returned
ORD13523,C01223,2025-12-19,Completed
ORD13524,C04596,2025-06-20,Completed
ORD13525,C02633,2025-01-02,Completed
ORD13526,C00817,2025-03-16,Pending
ORD13527,C00793,2025-07-04,Completed
ORD13528,C04697,2025-07-02,Completed
ORD13529,C03018,2025-10-20,Pending
ORD13530,C01417,2025-05-18,Completed
ORD13531,C04978,2025-12-22,Completed
ORD13532,C00912,2025-08-10,Completed
ORD13533,C02770,2025-06-15,Completed
ORD13534,C03106,2025-01-24,Completed
ORD13535,C04472,2025-02-14,Completed
ORD13536,C03854,2025-01-01,Completed
ORD13537,C01064,2025-10-08,Completed
ORD13538,C02039,2025-03-19,Returned
ORD13539,C02910,2025-04-13,Completed
ORD13540,C01637,2025-07-23,Completed
ORD13541,C02351,2025-05-17,Returned
ORD13542,C00993,2025-08-29,Completed
ORD13543,C01279,2025-02-06,Cancelled
ORD13544,C03428,2025-06-23,Completed
ORD13545,C02553,2025-10-07,Completed
ORD13546,C00518,2025-02-20,Completed
ORD13547,C03346,2025-10-11,Completed
ORD13548,C01457,2025-07-14,Completed
ORD13549,C00969,2025-09-10,Completed
ORD13550,C03918,2025-01-08,Completed
ORD13551,C01001,2025-07-11,Completed
ORD13552,C04466,2025-05-12,Completed
ORD13553,C00341,2025-04-15,Completed
ORD13554,C02669,2025-11-18,Completed
ORD13555,C04906,2025-07-23,Completed
ORD13556,C01833,2025-02-15,Completed
ORD13557,C00879,2025-03-19,Completed
ORD13558,C01663,2025-02-08,Returned
ORD13559,C01513,2025-06-08,Completed
ORD13560,C02091,2025-12-29,Cancelled
ORD13561,C03123,2025-07-14,Returned
ORD13562,C03181,2025-03-07,Completed
ORD13563,C00912,2025-04-14,Cancelled
ORD13564,C03090,2025-04-02,Completed
ORD13565,C02742,2025-04-27,Completed
ORD13566,C02261,2025-05-13,Completed
ORD13567,C03146,2025-01-02,Completed
ORD13568,C02388,2025-08-03,Returned
ORD13569,C00925,2025-12-23,Completed
ORD13570,C00077,2025-06-25,Returned
ORD13571,C04532,2025-05-21,Completed
ORD13572,C04571,2025-05-25,Completed
ORD13573,C03701,2025-07-10,Completed
ORD13574,C01640,2025-08-06,Completed
ORD13575,C00229,2025-09-03,Completed
ORD13576,C04225,2025-02-25,Completed
ORD13577,C01548,2025-07-09,Completed
ORD13578,C01730,2025-12-22,Completed
ORD13579,C03512,2025-11-15,Completed
ORD13580,C00517,2025-08-15,Completed
ORD13581,C00910,2025-09-14,Completed
ORD13582,C00027,2025-08-18,Cancelled
ORD13583,C02866,2025-07-17,Completed
ORD13584,C04386,2025-03-14,Completed
ORD13585,C02687,2025-05-14,Completed
ORD13586,C01956,2025-09-17,Completed
ORD13587,C04576,2025-07-12,Completed
ORD13588,C01155,2025-04-12,Cancelled
ORD13589,C02789,2025-09-24,Completed
ORD13590,C04996,2025-01-02,Completed
ORD13591,C00038,2025-09-03,Completed
ORD13592,C00344,2025-12-26,Returned
ORD13593,C04886,2025-02-01,Completed
ORD13594,C01043,2025-10-17,Completed
ORD13595,C04333,2025-06-10,Completed
ORD13596,C02035,2025-07-18,Completed
ORD13597,C03309,2025-08-15,Completed
ORD13598,C00802,2025-04-20,Pending
ORD13599,C04931,2025-07-27,Pending
ORD13600,C01463,2025-12-20,Completed
ORD13601,C03249,2025-05-07,Completed
ORD13602,C04464,2025-10-23,Completed
ORD13603,C02737,2025-06-07,Completed
ORD13604,C00190,2025-03-02,Cancelled
ORD13605,C00651,2025-04-03,Completed
ORD13606,C02354,2025-04-11,Returned
ORD13607,C02938,2025-11-08,Pending
ORD13608,C01564,2025-11-13,Completed
ORD13609,C04670,2025-05-13,Completed
ORD13610,C03645,2025-03-29,Completed
ORD13611,C01222,2025-09-30,Completed
ORD13612,C00987,2025-06-29,Completed
ORD13613,C03015,2025-11-16,Pending
ORD13614,C03129,2025-01-08,Completed
ORD13615,C00441,2025-03-31,Completed
ORD13616,C03807,2025-05-25,Completed
ORD13617,C03771,2025-08-26,Completed
ORD13618,C03151,2025-05-24,Completed
ORD13619,C00645,2025-04-16,Completed
ORD13620,C02763,2025-09-13,Completed
ORD13621,C01299,2025-11-13,Completed
ORD13622,C01272,2025-05-18,Pending
ORD13623,C02327,2025-03-08,Completed
ORD13624,C02664,2025-01-23,Completed
ORD13625,C04476,2025-09-22,Completed
ORD13626,C01764,2025-10-31,Completed
ORD13627,C04838,2025-04-25,Cancelled
ORD13628,C03190,2025-01-14,Completed
ORD13629,C01188,2025-08-05,Completed
ORD13630,C04447,2025-12-27,Completed
ORD13631,C01886,2025-11-14,Completed
ORD13632,C04912,2025-03-12,Completed
ORD13633,C02423,2025-08-29,Returned
ORD13634,C04115,2025-12-18,Cancelled
ORD13635,C03857,2025-05-23,Completed
ORD13636,C02101,2025-07-04,Completed
ORD13637,C00122,2025-04-09,Cancelled
ORD13638,C00998,2025-11-29,Completed
ORD13639,C04445,2025-07-30,Completed
ORD13640,C03159,2025-07-04,Completed
ORD13641,C01499,2025-09-01,Completed
ORD13642,C04892,2025-06-09,Completed
ORD13643,C00934,2025-11-20,Completed
ORD13644,C04966,2025-11-25,Completed
ORD13645,C02416,2025-06-14,Completed
ORD13646,C04258,2025-03-08,Completed
ORD13647,C04059,2025-03-05,Completed
ORD13648,C02848,2025-11-06,Completed
ORD13649,C00997,2025-11-16,Pending
ORD13650,C04812,2025-05-15,Completed
ORD13651,C01863,2025-07-24,Completed
ORD13652,C02542,2025-12-14,Completed
ORD13653,C03857,2025-03-24,Completed
ORD13654,C00791,2025-03-03,Completed
ORD13655,C04117,2025-05-26,Completed
ORD13656,C00356,2025-03-01,Completed
ORD13657,C03664,2025-12-23,Completed
ORD13658,C04560,2025-04-01,Completed
ORD13659,C00722,2025-12-17,Completed
ORD13660,C03089,2025-02-26,Completed
ORD13661,C01173,2025-06-30,Completed
ORD13662,C04474,2025-03-10,Cancelled
ORD13663,C04229,2025-05-13,Cancelled
ORD13664,C02150,2025-03-29,Completed
ORD13665,C00961,2025-11-24,Completed
ORD13666,C00239,2025-05-16,Completed
ORD13667,C02671,2025-11-10,Completed
ORD13668,C01440,2025-10-05,Completed
ORD13669,C04632,2025-07-10,Completed
ORD13670,C01321,2025-02-25,Completed
ORD13671,C03911,2025-06-06,Pending
ORD13672,C02526,2025-08-16,Completed
ORD13673,C03472,2025-04-28,Completed
ORD13674,C02801,2025-03-05,Completed
ORD13675,C01784,2025-08-29,Completed
ORD13676,C02483,2025-08-23,Completed
ORD13677,C01344,2025-04-09,Completed
ORD13678,C01009,2025-12-02,Cancelled
ORD13679,C01336,2025-07-05,Completed
ORD13680,C03087,2025-09-18,Completed
ORD13681,C00910,2025-03-12,Completed
ORD13682,C01795,2025-07-08,Completed
ORD13683,C00982,2025-05-04,Pending
ORD13684,C03642,2025-11-14,Cancelled
ORD13685,C02712,2025-02-12,Completed
ORD13686,C03544,2025-11-21,Completed
ORD13687,C02163,2025-07-11,Completed
ORD13688,C02168,2025-01-17,Completed
ORD13689,C02967,2025-09-17,Completed
ORD13690,C03817,2025-03-30,Completed
ORD13691,C02976,2025-11-01,Completed
ORD13692,C04656,2025-12-08,Completed
ORD13693,C04202,2025-09-22,Completed
ORD13694,C02934,2025-03-22,Completed
ORD13695,C04918,2025-03-21,Completed
ORD13696,C03596,2025-09-05,Completed
ORD13697,C01492,2025-07-06,
ORD13698,C04795,2025-10-10,Completed
ORD13699,C02910,2025-10-14,Completed
ORD13700,C02576,2025-05-26,Completed
ORD13701,C01293,2025-01-20,Completed
ORD13702,C02412,2025-09-15,Returned
ORD13703,C03705,2025-04-02,Completed
ORD13704,C00907,2025-04-06,Completed
ORD13705,C04129,2025-12-03,Cancelled
ORD13706,C04614,2025-07-25,Completed
ORD13707,C01953,2025-05-08,Cancelled
ORD13708,C02999,2025-12-13,Cancelled
ORD13709,C01931,2025-08-22,Completed
ORD13710,C03510,2025-04-21,Completed
ORD13711,C01689,2025-01-27,Completed
ORD13712,C00609,2025-08-14,
ORD13713,C04985,2025-07-01,Completed
ORD13714,C03908,2025-08-09,Completed
ORD13715,C01087,2025-11-01,Completed
ORD13716,C00979,2025-07-21,Completed
ORD13717,C01035,2025-02-06,Completed
ORD13718,C03467,2025-11-22,Completed
ORD13719,C02212,2025-10-13,Returned
ORD13720,C03084,2025-04-16,Completed
ORD13721,C02316,2025-09-09,Completed
ORD13722,C01940,2025-11-26,Completed
ORD13723,C01742,2025-07-31,Completed
ORD13724,C01994,2025-09-22,Completed
ORD13725,C00442,2025-03-07,Completed
ORD13726,C04190,2025-08-21,Completed
ORD13727,C03739,2025-06-20,Completed
ORD13728,C02113,2025-01-11,Completed
ORD13729,C01855,2025-02-04,Completed
ORD13730,C04520,2025-07-28,Completed
ORD13731,C04475,2025-06-16,Completed
ORD13732,C01527,2025-09-17,Completed
ORD13733,C03843,2025-07-19,Returned
ORD13734,C01009,2025-08-17,Completed
ORD13735,C03786,2025-05-20,Completed
ORD13736,C00475,2025-01-06,Completed
ORD13737,C02410,2025-02-16,Completed
ORD13738,C03062,2025-10-15,Completed
ORD13739,C01414,2025-09-28,Completed
ORD13740,C00230,2025-05-01,Completed
ORD13741,C00727,2025-09-02,Completed
ORD13742,C04825,2025-10-29,Completed
ORD13743,C04635,2025-08-16,Completed
ORD13744,C02775,2025-01-08,Completed
ORD13745,C04947,2025-09-02,Completed
ORD13746,C03500,2025-05-17,Cancelled
ORD13747,C02113,2025-01-26,Cancelled
ORD13748,C03873,2025-12-04,Completed
ORD13749,C01423,2025-12-15,Completed
ORD13750,C01874,2025-05-28,Completed
ORD13751,C00872,2025-02-19,Completed
ORD13752,C02692,2025-11-17,Completed
ORD13753,C01495,2025-05-14,Completed
ORD13754,C00247,2025-03-12,Completed
ORD13755,C04589,2025-12-14,Returned
ORD13756,C01512,2025-01-28,Completed
ORD13757,C02965,2025-10-10,Completed
ORD13758,C00939,2025-04-28,Completed
ORD13759,C04211,2025-11-30,Completed
ORD13760,C04871,2025-06-29,Completed
ORD13761,C00912,2025-02-08,Pending
ORD13762,C03553,2025-11-23,Completed
ORD13763,C02649,2025-11-22,Cancelled
ORD13764,C01011,2025-06-30,Completed
ORD13765,C01204,2025-04-16,Completed
ORD13766,C02683,2025-01-29,Completed
ORD13767,C04627,2025-08-05,Completed
ORD13768,C03935,2025-02-08,Returned
ORD13769,C01777,2025-09-07,Pending
ORD13770,C03141,2025-07-16,Completed
ORD13771,C00100,2025-12-03,Completed
ORD13772,C00505,2025-07-16,Pending
ORD13773,C00082,2025-08-08,Completed
ORD13774,C02814,2025-01-31,Returned
ORD13775,C03439,2025-05-29,Completed
ORD13776,C02907,2025-02-18,Completed
ORD13777,C04427,2025-04-28,Completed
ORD13778,C04520,2025-05-22,Completed
ORD13779,C00797,2025-12-04,Completed
ORD13780,C02298,2025-01-21,Completed
ORD13781,C00167,2025-05-20,Completed
ORD13782,C04229,2025-10-17,Pending
ORD13783,C01572,2025-06-14,Completed
ORD13784,C00830,2025-08-21,Completed
ORD13785,C01200,2025-05-29,Completed
ORD13786,C00895,2025-06-29,Cancelled
ORD13787,C02936,2025-03-22,Completed
ORD13788,C02379,2025-11-30,Returned
ORD13789,C00658,2025-02-04,Completed
ORD13790,C02135,2025-02-10,Completed
ORD13791,C04524,2025-02-23,Completed
ORD13792,C03399,2025-10-09,Completed
ORD13793,C01092,2025-07-16,Completed
ORD13794,C04420,2025-12-23,Completed
ORD13795,C02687,2025-11-22,Completed
ORD13796,C03865,2025-05-03,Completed
ORD13797,C01677,2025-11-29,Completed
ORD13798,C03359,2025-09-14,Completed
ORD13799,C02654,2025-07-28,Completed
ORD13800,C03353,2025-11-09,Completed
ORD13801,C02663,2025-07-27,Completed
ORD13802,C02244,2025-08-13,Completed
ORD13803,C04974,2025-04-21,Completed
ORD13804,C03071,2025-09-09,Completed
ORD13805,C04832,2025-08-08,Completed
ORD13806,C04631,2025-02-23,Completed
ORD13807,C02000,2025-11-01,Pending
ORD13808,C02072,2025-05-12,Cancelled
ORD13809,C04980,2025-05-11,Completed
ORD13810,C01784,2025-01-03,Completed
ORD13811,C04531,2025-06-08,Completed
ORD13812,C03724,2025-09-15,Completed
ORD13813,C02052,2025-11-02,Cancelled
ORD13814,C00508,2025-03-28,Pending
ORD13815,C01916,2025-01-30,Completed
ORD13816,C03886,2025-02-28,Completed
ORD13817,C03164,2025-06-18,Cancelled
ORD13818,C00260,2025-12-01,Cancelled
ORD13819,C01225,2025-10-12,Completed
ORD13820,C00108,2025-02-08,Completed
ORD13821,C04159,2025-05-08,Completed
ORD13822,C03348,2025-11-12,Cancelled
ORD13823,C00259,2025-09-19,Completed
ORD13824,C04480,2025-12-31,Completed
ORD13825,C04422,2025-02-19,Cancelled
ORD13826,C01795,2025-08-31,Completed
ORD13827,C00451,2025-02-27,Completed
ORD13828,C00361,2025-05-26,Completed
ORD13829,C00027,2025-09-18,Cancelled
ORD13830,C02193,2025-05-22,Returned
ORD13831,C02073,2025-05-11,Completed
ORD13832,C01887,2025-12-11,Completed
ORD13833,C02860,2025-07-27,Completed
ORD13834,C01097,2025-02-15,Cancelled
ORD13835,C00527,2025-10-16,Cancelled
ORD13836,C02719,2025-02-08,Completed
ORD13837,C00063,2025-10-18,Completed
ORD13838,C02968,2025-12-18,Cancelled
ORD13839,C01081,2025-07-25,Completed
ORD13840,C04304,2025-11-24,Completed
ORD13841,C00581,2025-07-28,Completed
ORD13842,C02923,2025-02-15,Completed
ORD13843,C03553,2025-03-30,Cancelled
ORD13844,C00090,2025-01-01,Completed
ORD13845,C04368,2025-09-20,Completed
ORD13846,C04269,2025-12-01,Completed
ORD13847,C03452,2025-06-02,Pending
ORD13848,C00875,2025-06-07,Completed
ORD13849,C03751,2025-08-16,Completed
ORD13850,C01312,2025-04-02,Completed
ORD13851,C03021,2025-06-16,Completed
ORD13852,C04747,2025-12-17,Completed
ORD13853,C00641,2025-05-23,Completed
ORD13854,C01898,2025-07-01,Completed
ORD13855,C04394,2025-10-13,Completed
ORD13856,C00368,2025-09-10,Completed
ORD13857,C01173,2025-08-26,Completed
ORD13858,C00591,2025-10-30,Cancelled
ORD13859,C04977,2025-01-21,Completed
ORD13860,C03667,2025-08-30,Completed
ORD13861,C02024,2025-02-15,Completed
ORD13862,C00077,2025-03-29,Completed
ORD13863,C01583,2025-08-21,Cancelled
ORD13864,C02609,2025-10-25,Completed
ORD13865,C01708,2025-06-19,Completed
ORD13866,C02570,2025-02-28,Cancelled
ORD13867,C02843,2025-12-08,Completed
ORD13868,C02422,2025-10-22,Completed
ORD13869,C00323,2025-12-07,Completed
ORD13870,C04055,2025-05-16,Completed
ORD13871,C03875,2025-03-10,Completed
ORD13872,C04814,2025-08-23,Pending
ORD13873,C04275,2025-10-02,Completed
ORD13874,C00853,2025-09-26,Completed
ORD13875,C01184,2025-02-19,Pending
ORD13876,C00385,2025-08-13,Completed
ORD13877,C00264,2025-06-15,Cancelled
ORD13878,C04735,2025-07-06,Completed
ORD13879,C04386,2025-12-04,Completed
ORD13880,C03795,2025-01-24,Completed
ORD13881,C01181,2025-07-08,Completed
ORD13882,C03589,2025-08-28,Completed
ORD13883,C04860,2025-07-28,Completed
ORD13884,C02045,2025-03-09,Completed
ORD13885,C02222,2025-10-28,Completed
ORD13886,C03131,2025-01-16,Completed
ORD13887,C00063,2025-04-01,Completed
ORD13888,C03847,2025-04-20,Pending
ORD13889,C04059,2025-03-07,Completed
ORD13890,C04505,2025-01-15,Completed
ORD13891,C03734,2025-03-01,Completed
ORD13892,C00950,2025-07-26,Returned
ORD13893,C03571,2025-04-03,Completed
ORD13894,C03150,2025-12-11,Completed
ORD13895,C04280,2025-11-19,Pending
ORD13896,C01486,2025-09-02,Completed
ORD13897,C02172,2025-03-28,Completed
ORD13898,C04619,2025-01-31,Cancelled
ORD13899,C02176,2025-03-29,Completed
ORD13900,C04442,2025-06-16,Returned
ORD13901,C02386,2025-05-29,Completed
ORD13902,C00025,2025-11-19,Cancelled
ORD13903,C03304,2025-09-17,Completed
ORD13904,C04706,2025-06-19,Completed
ORD13905,C04960,2025-11-08,Completed
ORD13906,C01193,2025-02-06,Completed
ORD13907,C00632,2025-12-10,Returned
ORD13908,C01880,2025-04-07,Returned
ORD13909,C00259,2025-05-23,Completed
ORD13910,C01037,2025-02-18,Completed
ORD13911,C04957,2025-06-16,Completed
ORD13912,C02455,2025-12-20,Completed
ORD13913,C02838,2025-08-02,Completed
ORD13914,C02868,2025-01-08,Completed
ORD13915,C02558,2025-08-01,Completed
ORD13916,C02116,2025-01-13,Pending
ORD13917,C02534,2025-12-17,Pending
ORD13918,C02386,2025-02-19,Completed
ORD13919,C01768,2025-02-16,Completed
ORD13920,C03167,2025-05-28,Completed
ORD13921,C03989,2025-01-29,Completed
ORD13922,C00512,2025-04-24,Completed
ORD13923,C03610,2025-10-28,Completed
ORD13924,C02108,2025-08-14,Completed
ORD13925,C01025,2025-03-01,Completed
ORD13926,C00321,2025-08-06,Cancelled
ORD13927,C03234,2025-01-11,Completed
ORD13928,C04102,2025-01-14,Cancelled
ORD13929,C04386,2025-06-16,Completed
ORD13930,C04862,2025-01-04,Pending
ORD13931,C01080,2025-10-14,Cancelled
ORD13932,C04764,2025-02-19,Completed
ORD13933,C04079,2025-01-27,Completed
ORD13934,C04153,2025-09-15,Completed
ORD13935,C03596,2025-03-14,Completed
ORD13936,C01232,2025-02-01,Completed
ORD13937,C02700,2025-05-01,Cancelled
ORD13938,C04600,2025-12-21,Completed
ORD13939,C03785,2025-03-16,Completed
ORD13940,C03107,2025-11-03,Completed
ORD13941,C03208,2025-08-16,
ORD13942,C02285,2025-11-14,Cancelled
ORD13943,C04277,2025-12-23,Completed
ORD13944,C00509,2025-02-15,Returned
ORD13945,C02661,2025-01-19,Completed
ORD13946,C04336,2025-07-10,Completed
ORD13947,C02643,2025-05-19,Completed
ORD13948,C00553,2025-12-31,Completed
ORD13949,C03186,2025-06-29,Completed
ORD13950,C03578,2025-09-12,Completed
ORD13951,C01381,2025-02-26,Completed
ORD13952,C03614,2025-02-03,Returned
ORD13953,C04939,2025-06-13,Completed
ORD13954,C03325,2025-02-17,Completed
ORD13955,C01005,2025-09-20,Completed
ORD13956,C03853,2025-01-31,Cancelled
ORD13957,C04793,2025-08-09,Completed
ORD13958,C01969,2025-12-24,Returned
ORD13959,C03888,2025-03-13,Completed
ORD13960,C00555,2025-08-12,Completed
ORD13961,C04435,2025-11-30,Completed
ORD13962,C02127,2025-08-25,Completed
ORD13963,C02019,2025-04-23,Completed
ORD13964,C02672,2025-10-11,Completed
ORD13965,C04793,2025-12-27,Completed
ORD13966,C01711,2025-05-10,Completed
ORD13967,C00738,2025-04-27,Completed
ORD13968,C00291,2025-06-05,Cancelled
ORD13969,C01981,2025-07-16,Completed
ORD13970,C03048,2025-11-25,Completed
ORD13971,C04646,2025-02-28,Cancelled
ORD13972,C02729,2025-05-06,Pending
ORD13973,C04935,2025-12-13,Completed
ORD13974,C00063,2025-06-25,Completed
ORD13975,C00658,2025-10-03,Completed
ORD13976,C03113,2025-03-26,Completed
ORD13977,C00028,2025-05-24,Completed
ORD13978,C03097,2025-02-17,Completed
ORD13979,C00521,2025-01-18,Completed
ORD13980,C00534,2025-10-21,Completed
ORD13981,C04157,2025-02-04,Completed
ORD13982,C00751,2025-09-28,Completed
ORD13983,C01661,2025-03-18,Completed
ORD13984,C04440,2025-08-09,Completed
ORD13985,C01581,2025-08-08,Completed
ORD13986,C00925,2025-06-03,Completed
ORD13987,C00142,2025-12-10,Completed
ORD13988,C04534,2025-02-06,Completed
ORD13989,C03929,2025-10-14,Completed
ORD13990,C00467,2025-04-27,Completed
ORD13991,C02465,2025-04-14,Completed
ORD13992,C00613,2025-04-01,Completed
ORD13993,C00538,2025-05-26,Completed
ORD13994,C03172,2025-02-19,Completed
ORD13995,C04940,2025-12-13,Completed
ORD13996,C01069,2025-06-09,Completed
ORD13997,C02686,2025-03-23,Completed
ORD13998,C01275,2025-02-11,Cancelled
ORD13999,C01968,2025-04-19,Completed
ORD14000,C03725,2025-04-16,Completed
ORD14001,C00370,2025-12-16,Completed
ORD14002,C00319,2025-05-01,Cancelled
ORD14003,C01309,2025-09-16,Completed
ORD14004,C03637,2025-11-05,Cancelled
ORD14005,C02939,2025-08-25,Completed
ORD14006,C03835,2025-08-25,Completed
ORD14007,C03569,2025-12-20,Completed
ORD14008,C02432,2025-11-26,Completed
ORD14009,C00178,2025-10-09,Completed
ORD14010,C02524,2025-07-09,Completed
ORD14011,C00258,2025-09-03,Completed
ORD14012,C02765,2025-11-08,Completed
ORD14013,C00051,2025-04-09,Completed
ORD14014,C03157,2025-05-15,Completed
ORD14015,C02449,2025-12-22,Completed
ORD14016,C01584,2025-05-02,Completed
ORD14017,C04860,2025-09-20,Completed
ORD14018,C02617,2025-07-04,Completed
ORD14019,C01108,2025-07-11,Completed
ORD14020,C02379,2025-11-15,Returned
ORD14021,C02095,2025-03-06,Completed
ORD14022,C04174,2025-06-24,Completed
ORD14023,C02124,2025-02-16,Completed
ORD14024,C03212,2025-04-14,Completed
ORD14025,C02877,2025-06-11,Completed
ORD14026,C03533,2025-02-25,Completed
ORD14027,C01730,2025-04-08,Cancelled
ORD14028,C01750,2025-01-06,Completed
ORD14029,C03503,2025-02-20,Completed
ORD14030,C01862,2025-02-25,Completed
ORD14031,C01015,2025-12-10,Cancelled
ORD14032,C02000,2025-09-10,Completed
ORD14033,C01693,2025-12-23,Completed
ORD14034,C03846,2025-12-19,Completed
ORD14035,C00444,2025-09-19,Completed
ORD14036,C01022,2025-04-19,Returned
ORD14037,C03035,2025-11-20,Completed
ORD14038,C01244,2025-02-09,Completed
ORD14039,C00628,2025-02-23,Completed
ORD14040,C04799,2025-01-16,Completed
ORD14041,C04500,2025-04-21,Cancelled
ORD14042,C00401,2025-09-17,Completed
ORD14043,C04791,2025-10-19,Completed
ORD14044,C01794,2025-04-16,Completed
ORD14045,C04925,2025-12-01,Completed
ORD14046,C01543,2025-09-22,Cancelled
ORD14047,C04954,2025-02-12,Completed
ORD14048,C04976,2025-10-15,Completed
ORD14049,C00173,2025-03-24,Completed
ORD14050,C04180,2025-03-20,Completed
ORD14051,C04619,2025-07-28,Cancelled
ORD14052,C04149,2025-11-22,Completed
ORD14053,C04470,2025-03-03,Completed
ORD14054,C01936,2025-04-15,Pending
ORD14055,C02604,2025-11-26,Completed
ORD14056,C03455,2025-04-02,Completed
ORD14057,C02033,2025-07-09,Completed
ORD14058,C04597,2025-01-05,Completed
ORD14059,C04447,2025-09-26,Pending
ORD14060,C03703,2025-09-06,Cancelled
ORD14061,C04858,2025-08-12,Completed
ORD14062,C00297,2025-08-23,Completed
ORD14063,C04559,2025-09-11,Completed
ORD14064,C00422,2025-04-02,Completed
ORD14065,C02325,2025-08-03,Completed
ORD14066,C02240,2025-03-23,Completed
ORD14067,C02822,2025-10-22,Completed
ORD14068,C03126,2025-05-20,Completed
ORD14069,C02240,2025-01-15,Cancelled
ORD14070,C04783,2025-04-06,Cancelled
ORD14071,C03865,2025-01-15,Completed
ORD14072,C04726,2025-01-21,Completed
ORD14073,C03053,2025-05-11,Completed
ORD14074,C01253,2025-11-24,Completed
ORD14075,C04542,2025-10-26,Completed
ORD14076,C00303,2025-02-16,Completed
ORD14077,C03799,2025-07-18,Completed
ORD14078,C04724,2025-10-09,Pending
ORD14079,C01697,2025-07-25,Completed
ORD14080,C04971,2025-02-25,Completed
ORD14081,C03209,2025-07-02,Pending
ORD14082,C04174,2025-07-12,Completed
ORD14083,C04300,2025-02-24,Completed
ORD14084,C00443,2025-05-07,Completed
ORD14085,C04414,2025-05-10,Completed
ORD14086,C02271,2025-06-16,Completed
ORD14087,C03452,2025-08-21,Completed
ORD14088,C01543,2025-11-30,Pending
ORD14089,C01412,2025-08-02,Completed
ORD14090,C01785,2025-05-14,Completed
ORD14091,C03645,2025-01-30,Completed
ORD14092,C00577,2025-02-06,Completed
ORD14093,C02944,2025-10-31,Completed
ORD14094,C03343,2025-02-14,Returned
ORD14095,C02387,2025-06-06,Cancelled
ORD14096,C03473,2025-07-19,Completed
ORD14097,C04256,2025-12-08,Completed
ORD14098,C04795,2025-01-31,Completed
ORD14099,C04970,2025-12-31,Completed
ORD14100,C03856,2025-03-04,Completed
ORD14101,C03960,2025-01-23,Completed
ORD14102,C00954,2025-02-19,Completed
ORD14103,C00117,2025-04-01,Completed
ORD14104,C01754,2025-11-24,Completed
ORD14105,C04828,2025-08-02,Completed
ORD14106,C03089,2025-06-29,Completed
ORD14107,C02743,2025-06-30,Completed
ORD14108,C01457,2025-10-28,Completed
ORD14109,C00188,2025-11-01,Cancelled
ORD14110,C02465,2025-05-28,Completed
ORD14111,C03563,2025-01-10,Returned
ORD14112,C02223,2025-10-01,Completed
ORD14113,C02358,2025-10-01,Cancelled
ORD14114,C03236,2025-02-03,Completed
ORD14115,C00896,2025-09-11,Completed
ORD14116,C02648,2025-08-14,Pending
ORD14117,C02591,2025-08-14,Completed
ORD14118,C04287,2025-03-08,Completed
ORD14119,C01750,2025-08-11,Completed
ORD14120,C00098,2025-11-22,Completed
ORD14121,C04156,2025-10-25,Cancelled
ORD14122,C03903,2025-04-30,Cancelled
ORD14123,C00388,2025-04-24,Completed
ORD14124,C02910,2025-11-12,Returned
ORD14125,C00288,2025-08-27,Completed
ORD14126,C02253,2025-08-05,Completed
ORD14127,C02055,2025-04-21,Completed
ORD14128,C02437,2025-01-04,Completed
ORD14129,C03740,2025-01-28,Completed
ORD14130,C02769,2025-06-22,Completed
ORD14131,C00903,2025-12-22,Cancelled
ORD14132,C01635,2025-04-16,Completed
ORD14133,C02384,2025-04-27,Pending
ORD14134,C00731,2025-08-29,Returned
ORD14135,C01099,2025-12-17,Completed
ORD14136,C02366,2025-11-15,Completed
ORD14137,C01836,2025-02-19,Completed
ORD14138,C04150,2025-07-02,Completed
ORD14139,C02109,2025-01-11,Pending
ORD14140,C01191,2025-07-20,Completed
ORD14141,C00399,2025-03-04,Completed
ORD14142,C04266,2025-06-13,Completed
ORD14143,C03123,2025-04-17,Completed
ORD14144,C01705,2025-02-12,Completed
ORD14145,C03645,2025-12-26,Completed
ORD14146,C02757,2025-08-29,Completed
ORD14147,C04214,2025-12-19,Completed
ORD14148,C02305,2025-08-03,Completed
ORD14149,C00263,2025-07-10,Completed
ORD14150,C01102,2025-01-10,Pending
ORD14151,C00719,2025-02-16,Completed
ORD14152,C03437,2025-07-20,Completed
ORD14153,C01418,2025-08-29,Completed
ORD14154,C03271,2025-04-27,Pending
ORD14155,C02486,2025-01-24,Completed
ORD14156,C04173,2025-10-07,Completed
ORD14157,C02317,2025-10-17,Completed
ORD14158,C03604,2025-05-12,Completed
ORD14159,C04504,2025-02-08,Completed
ORD14160,C01035,2025-08-26,Completed
ORD14161,C02915,2025-02-22,Pending
ORD14162,C01586,2025-02-26,Completed
ORD14163,C02217,2025-09-27,Completed
ORD14164,C04411,2025-10-14,Pending
ORD14165,C01149,2025-08-28,Completed
ORD14166,C01794,2025-05-19,Completed
ORD14167,C04884,2025-05-15,Completed
ORD14168,C01909,2025-07-10,Completed
ORD14169,C00856,2025-09-30,Cancelled
ORD14170,C04331,2025-07-25,Completed
ORD14171,C04403,2025-04-11,Completed
ORD14172,C02295,2025-08-30,Completed
ORD14173,C03823,2025-05-27,Completed
ORD14174,C03776,2025-02-26,Completed
ORD14175,C03664,2025-04-05,Completed
ORD14176,C02164,2025-12-12,Pending
ORD14177,C03730,2025-11-01,Completed
ORD14178,C01016,2025-12-19,Cancelled
ORD14179,C04916,2025-10-04,Completed
ORD14180,C03623,2025-02-07,Completed
ORD14181,C02030,2025-04-08,Completed
ORD14182,C03631,2025-09-20,Completed
ORD14183,C01188,2025-02-25,Completed
ORD14184,C02905,2025-05-19,Pending
ORD14185,C01309,2025-04-23,Completed
ORD14186,C02009,2025-10-29,Cancelled
ORD14187,C04847,2025-08-20,Completed
ORD14188,C00166,2025-05-19,Cancelled
ORD14189,C00844,2025-05-09,Returned
ORD14190,C02755,2025-10-04,Completed
ORD14191,C03389,2025-02-12,Completed
ORD14192,C03235,2025-05-19,Completed
ORD14193,C01236,2025-05-05,Completed
ORD14194,C04617,2025-01-17,Completed
ORD14195,C01986,2025-03-07,Completed
ORD14196,C03750,2025-08-20,Completed
ORD14197,C02780,2025-05-14,Returned
ORD14198,C04105,2025-05-27,Completed
ORD14199,C00128,2025-05-25,Completed
ORD14200,C00556,2025-01-02,Cancelled
ORD14201,C04890,2025-10-23,Completed
ORD14202,C04839,2025-12-23,Completed
ORD14203,C04244,2025-06-20,Completed
ORD14204,C03338,2025-12-30,Completed
ORD14205,C00566,2025-12-14,Completed
ORD14206,C03326,2025-08-02,Cancelled
ORD14207,C03199,2025-12-18,Completed
ORD14208,C04689,2025-04-15,Completed
ORD14209,C04639,2025-04-06,Completed
ORD14210,C04404,2025-12-11,Completed
ORD14211,C03184,2025-11-23,Cancelled
ORD14212,C00263,2025-12-27,Completed
ORD14213,C04765,2025-09-23,Completed
ORD14214,C00341,2025-10-18,Completed
ORD14215,C04371,2025-11-03,Completed
ORD14216,C01499,2025-01-09,Completed
ORD14217,C04723,2025-09-19,Completed
ORD14218,C01994,2025-09-24,Completed
ORD14219,C00108,2025-02-25,Pending
ORD14220,C01551,2025-07-26,Completed
ORD14221,C02298,2025-01-03,Completed
ORD14222,C01565,2025-02-11,Completed
ORD14223,C02739,2025-12-15,Completed
ORD14224,C03101,2025-05-14,Pending
ORD14225,C03238,2025-09-04,Completed
ORD14226,C02067,2025-06-14,Completed
ORD14227,C01584,2025-04-02,Completed
ORD14228,C02695,2025-01-12,Completed
ORD14229,C02500,2025-11-29,Completed
ORD14230,C03818,2025-09-25,Completed
ORD14231,C02359,2025-09-14,Completed
ORD14232,C00095,2025-07-11,Completed
ORD14233,C02714,2025-05-15,Completed
ORD14234,C02350,2025-04-03,Completed
ORD14235,C00234,2025-03-07,Completed
ORD14236,C04672,2025-03-18,Completed
ORD14237,C02489,2025-04-24,Cancelled
ORD14238,C03710,2025-02-18,Completed
ORD14239,C01439,2025-12-29,Completed
ORD14240,C01578,2025-12-13,Completed
ORD14241,C04209,2025-01-31,Completed
ORD14242,C02015,2025-08-25,Completed
ORD14243,C02233,2025-11-08,Completed
ORD14244,C04387,2025-10-10,Completed
ORD14245,C00261,2025-10-20,Completed
ORD14246,C04972,2025-08-03,Completed
ORD14247,C04028,2025-04-25,Completed
ORD14248,C02758,2025-04-30,Completed
ORD14249,C03813,2025-06-11,Completed
ORD14250,C01441,2025-03-19,Completed
ORD14251,C03972,2025-03-12,Completed
ORD14252,C02603,2025-10-20,Cancelled
ORD14253,C04453,2025-11-21,Completed
ORD14254,C02704,2025-07-16,Completed
ORD14255,C01453,2025-04-05,Completed
ORD14256,C02205,2025-09-11,Cancelled
ORD14257,C00291,2025-04-29,Completed
ORD14258,C00689,2025-05-02,Returned
ORD14259,C01563,2025-08-26,Completed
ORD14260,C00139,2025-01-31,Completed
ORD14261,C04403,2025-06-08,Completed
ORD14262,C03351,2025-05-23,Completed
ORD14263,C04689,2025-04-29,Completed
ORD14264,C02967,2025-06-17,Completed
ORD14265,C00323,2025-08-13,Completed
ORD14266,C04807,2025-04-07,Completed
ORD14267,C00061,2025-01-20,Cancelled
ORD14268,C04344,2025-03-10,Cancelled
ORD14269,C01049,2025-06-03,Completed
ORD14270,C04854,2025-03-04,Completed
ORD14271,C00324,2025-11-18,Completed
ORD14272,C00828,2025-01-01,Completed
ORD14273,C03040,2025-06-12,Cancelled
ORD14274,C03981,2025-01-29,Completed
ORD14275,C00993,2025-10-24,Completed
ORD14276,C03339,2025-05-11,Completed
ORD14277,C03131,2025-05-21,Completed
ORD14278,C03069,2025-02-25,Completed
ORD14279,C04172,2025-03-11,Completed
ORD14280,C01394,2025-05-28,Completed
ORD14281,C01838,2025-12-10,Returned
ORD14282,C01353,2025-10-23,Completed
ORD14283,C00506,2025-02-09,Completed
ORD14284,C01042,2025-05-06,Completed
ORD14285,C01595,2025-03-22,Returned
ORD14286,C00992,2025-04-22,Completed
ORD14287,C04733,2025-11-23,Cancelled
ORD14288,C01113,2025-10-04,Completed
ORD14289,C04156,2025-03-03,Completed
ORD14290,C01529,2025-09-11,Completed
ORD14291,C02597,2025-01-19,Completed
ORD14292,C01127,2025-02-21,Returned
ORD14293,C02202,2025-11-13,Completed
ORD14294,C03216,2025-02-17,Completed
ORD14295,C00692,2025-11-04,Completed
ORD14296,C02781,2025-04-25,Cancelled
ORD14297,C01163,2025-02-17,Completed
ORD14298,C02693,2025-11-09,Completed
ORD14299,C04116,2025-11-25,Completed
ORD14300,C01468,2025-12-05,Completed
ORD14301,C00728,2025-05-31,Cancelled
ORD14302,C02022,2025-11-22,Completed
ORD14303,C00988,2025-12-31,Cancelled
ORD14304,C02496,2025-12-19,Returned
ORD14305,C01001,2025-11-16,Completed
ORD14306,C03837,2025-11-07,Completed
ORD14307,C00711,2025-09-06,Completed
ORD14308,C01979,2025-01-12,Cancelled
ORD14309,C00870,2025-11-01,Cancelled
ORD14310,C00841,2025-02-25,Completed
ORD14311,C02264,2025-04-18,Returned
ORD14312,C00934,2025-08-11,Cancelled
ORD14313,C03653,2025-01-27,Completed
ORD14314,C02396,2025-02-26,Completed
ORD14315,C02472,2025-12-12,Completed
ORD14316,C04275,2025-03-12,Completed
ORD14317,C03330,2025-05-15,Cancelled
ORD14318,C02851,2025-07-14,Completed
ORD14319,C00244,2025-11-19,Completed
ORD14320,C04482,2025-04-07,Completed
ORD14321,C01446,2025-12-28,Completed
ORD14322,C01561,2025-08-10,Pending
ORD14323,C03016,2025-03-16,Cancelled
ORD14324,C04614,2025-04-15,Completed
ORD14325,C03733,2025-03-08,Completed
ORD14326,C01035,2025-01-27,Pending
ORD14327,C02584,2025-07-13,Completed
ORD14328,C03376,2025-12-19,Returned
ORD14329,C03804,2025-11-13,Returned
ORD14330,C00775,2025-08-06,Completed
ORD14331,C00588,2025-03-14,Completed
ORD14332,C02546,2025-05-19,Returned
ORD14333,C00156,2025-02-19,Completed
ORD14334,C00179,2025-06-28,Completed
ORD14335,C03691,2025-03-08,Completed
ORD14336,C01656,2025-05-08,Cancelled
ORD14337,C01353,2025-06-08,Pending
ORD14338,C04779,2025-08-21,Completed
ORD14339,C03754,2025-12-08,Completed
ORD14340,C00134,2025-07-22,Completed
ORD14341,C03485,2025-10-08,Completed
ORD14342,C03872,2025-10-10,Completed
ORD14343,C00949,2025-10-22,Completed
ORD14344,C00498,2025-12-31,Cancelled
ORD14345,C01118,2025-12-22,Completed
ORD14346,C04450,2025-12-26,Completed
ORD14347,C02367,2025-01-24,Completed
ORD14348,C00115,2025-03-14,Completed
ORD14349,C00757,2025-08-08,Completed
ORD14350,C04259,2025-12-03,Completed
ORD14351,C02619,2025-12-18,Returned
ORD14352,C00822,2025-06-13,Completed
ORD14353,C01065,2025-03-26,Completed
ORD14354,C04430,2025-05-15,Completed
ORD14355,C00943,2025-11-15,Pending
ORD14356,C00147,2025-07-28,Completed
ORD14357,C02380,2025-06-20,Cancelled
ORD14358,C04996,2025-10-06,Completed
ORD14359,C03596,2025-10-09,Completed
ORD14360,C02320,2025-08-31,Completed
ORD14361,C02798,2025-12-06,Pending
ORD14362,C03560,2025-06-04,Completed
ORD14363,C03777,2025-12-13,Completed
ORD14364,C03963,2025-03-16,Completed
ORD14365,C01015,2025-03-29,Completed
ORD14366,C04616,2025-09-20,Completed
ORD14367,C02570,2025-05-05,Completed
ORD14368,C02217,2025-07-03,Completed
ORD14369,C01573,2025-10-06,Completed
ORD14370,C01708,2025-01-11,Completed
ORD14371,C01134,2025-08-02,Completed
ORD14372,C03717,2025-09-16,Completed
ORD14373,C01616,2025-04-18,Completed
ORD14374,C00413,2025-12-31,Completed
ORD14375,C00410,2025-09-15,Completed
ORD14376,C01252,2025-01-23,Cancelled
ORD14377,C02976,2025-07-24,Completed
ORD14378,C02770,2025-11-11,Completed
ORD14379,C00080,2025-04-07,Completed
ORD14380,C02093,2025-01-27,Completed
ORD14381,C04401,2025-07-03,Completed
ORD14382,C02921,2025-11-12,Completed
ORD14383,C00647,2025-10-26,Completed
ORD14384,C02106,2025-12-24,Completed
ORD14385,C04962,2025-06-26,Completed
ORD14386,C02057,2025-06-01,Pending
ORD14387,C02465,2025-12-27,Returned
ORD14388,C04615,2025-03-13,Pending
ORD14389,C00144,2025-10-31,Completed
ORD14390,C02294,2025-06-13,Completed
ORD14391,C02215,2025-11-05,Completed
ORD14392,C01496,2025-09-27,Completed
ORD14393,C00593,2025-02-20,Completed
ORD14394,C04673,2025-05-26,Completed
ORD14395,C02408,2025-05-19,Completed
ORD14396,C01506,2025-09-20,Completed
ORD14397,C01153,2025-11-16,Completed
ORD14398,C04697,2025-06-21,Cancelled
ORD14399,C04104,2025-08-24,Completed
ORD14400,C01273,2025-08-13,Completed
ORD14401,C03362,2025-04-23,Completed
ORD14402,C02280,2025-11-11,Completed
ORD14403,C02795,2025-01-12,Completed
ORD14404,C02492,2025-08-15,Completed
ORD14405,C03112,2025-12-30,Completed
ORD14406,C00551,2025-08-11,Completed
ORD14407,C04476,2025-10-11,Completed
ORD14408,C04148,2025-12-10,Completed
ORD14409,C00110,2025-06-22,Returned
ORD14410,C04618,2025-03-24,Completed
ORD14411,C00838,2025-03-26,Completed
ORD14412,C00985,2025-09-16,Completed
ORD14413,C02313,2025-07-15,Completed
ORD14414,C02005,2025-02-23,Completed
ORD14415,C03556,2025-07-12,Completed
ORD14416,C03022,2025-07-19,Completed
ORD14417,C03490,2025-04-24,Completed
ORD14418,C00397,2025-12-15,Completed
ORD14419,C01584,2025-04-14,Completed
ORD14420,C04760,2025-01-21,Completed
ORD14421,C02855,2025-07-22,Completed
ORD14422,C00105,2025-08-23,Cancelled
ORD14423,C02992,2025-06-18,Returned
ORD14424,C03305,2025-10-18,Completed
ORD14425,C00752,2025-05-16,Completed
ORD14426,C03630,2025-04-18,Completed
ORD14427,C01193,2025-12-20,Completed
ORD14428,C01599,2025-12-14,Completed
ORD14429,C03139,2025-03-18,Completed
ORD14430,C03888,2025-08-23,Completed
ORD14431,C00832,2025-12-03,Completed
ORD14432,C01004,2025-08-05,Completed
ORD14433,C03410,2025-12-18,Completed
ORD14434,C02585,2025-08-26,Completed
ORD14435,C02540,2025-01-07,Completed
ORD14436,C01742,2025-05-05,Completed
ORD14437,C02930,2025-06-24,Completed
ORD14438,C03212,2025-02-28,Completed
ORD14439,C00949,2025-02-13,Completed
ORD14440,C03461,2025-10-20,Completed
ORD14441,C03765,2025-10-20,Completed
ORD14442,C04909,2025-04-26,Completed
ORD14443,C01505,2025-05-24,Completed
ORD14444,C03332,2025-03-21,Completed
ORD14445,C02550,2025-05-26,Completed
ORD14446,C03466,2025-11-04,Completed
ORD14447,C04123,2025-06-11,Completed
ORD14448,C02824,2025-08-01,Completed
ORD14449,C04316,2025-04-16,Completed
ORD14450,C04903,2025-05-26,Completed
ORD14451,C03665,2025-11-19,Completed
ORD14452,C00567,2025-09-13,Returned
ORD14453,C01768,2025-04-25,Returned
ORD14454,C02026,2025-08-01,Returned
ORD14455,C00458,2025-03-01,Completed
ORD14456,C03849,2025-10-03,Completed
ORD14457,C03915,2025-07-16,Pending
ORD14458,C00370,2025-07-08,Completed
ORD14459,C02317,2025-06-21,Completed
ORD14460,C01679,2025-06-18,Completed
ORD14461,C00818,2025-08-08,Cancelled
ORD14462,C02970,2025-06-08,Completed
ORD14463,C04425,2025-11-18,Completed
ORD14464,C00454,2025-11-18,Cancelled
ORD14465,C03218,2025-02-25,Completed
ORD14466,C02554,2025-07-15,Completed
ORD14467,C04541,2025-09-10,Completed
ORD14468,C00051,2025-09-25,Cancelled
ORD14469,C03039,2025-08-20,Completed
ORD14470,C02506,2025-08-08,Completed
ORD14471,C01669,2025-07-12,Completed
ORD14472,C01385,2025-05-25,Completed
ORD14473,C04403,2025-08-09,Completed
ORD14474,C01464,2025-03-15,Completed
ORD14475,C00807,2025-11-15,Completed
ORD14476,C01162,2025-02-14,Completed
ORD14477,C01833,2025-07-29,Completed
ORD14478,C02758,2025-08-11,Completed
ORD14479,C03745,2025-04-29,Completed
ORD14480,C00458,2025-07-13,Cancelled
ORD14481,C00363,2025-09-08,Completed
ORD14482,C04079,2025-12-15,Completed
ORD14483,C01337,2025-12-08,Completed
ORD14484,C03388,2025-07-11,Returned
ORD14485,C03656,2025-07-31,Completed
ORD14486,C02121,2025-08-24,Returned
ORD14487,C03543,2025-07-30,Completed
ORD14488,C03847,2025-11-18,Completed
ORD14489,C03414,2025-05-11,Completed
ORD14490,C01282,2025-03-22,Completed
ORD14491,C00902,2025-12-04,Returned
ORD14492,C01042,2025-04-11,Completed
ORD14493,C04769,2025-12-28,Completed
ORD14494,C02780,2025-08-18,Completed
ORD14495,C02185,2025-12-19,Completed
ORD14496,C04872,2025-02-14,Completed
ORD14497,C03527,2025-05-19,Completed
ORD14498,C01507,2025-08-05,Completed
ORD14499,C02468,2025-09-26,Completed
ORD14500,C00599,2025-01-14,Completed
ORD14501,C04878,2025-06-24,Cancelled
ORD14502,C03919,2025-09-20,Completed
ORD14503,C04604,2025-05-06,Completed
ORD14504,C04255,2025-11-23,Pending
ORD14505,C00139,2025-09-09,Completed
ORD14506,C01812,2025-11-20,Completed
ORD14507,C00950,2025-06-29,Completed
ORD14508,C03423,2025-09-05,Completed
ORD14509,C02787,2025-04-09,Completed
ORD14510,C00330,2025-09-30,Pending
ORD14511,C02689,2025-02-14,Completed
ORD14512,C04388,2025-04-13,Completed
ORD14513,C03158,2025-01-30,Completed
ORD14514,C04659,2025-07-26,Cancelled
ORD14515,C01498,2025-06-07,Completed
ORD14516,C04486,2025-11-06,Completed
ORD14517,C03414,2025-10-20,Completed
ORD14518,C00521,2025-01-22,Completed
ORD14519,C00111,2025-10-05,Completed
ORD14520,C03612,2025-07-03,Completed
ORD14521,C03154,2025-04-20,Completed
ORD14522,C00232,2025-05-13,Completed
ORD14523,C02430,2025-05-18,Completed
ORD14524,C03185,2025-02-08,
ORD14525,C03325,2025-11-22,Cancelled
ORD14526,C00801,2025-04-14,Completed
ORD14527,C03256,2025-04-13,Completed
ORD14528,C02328,2025-09-27,Completed
ORD14529,C01588,2025-10-21,Completed
ORD14530,C00723,2025-11-19,Pending
ORD14531,C00106,2025-05-29,Completed
ORD14532,C00163,2025-09-21,Completed
ORD14533,C00050,2025-06-11,Cancelled
ORD14534,C03920,2025-05-15,Cancelled
ORD14535,C04774,2025-09-25,Returned
ORD14536,C03972,2025-07-04,Completed
ORD14537,C02074,2025-01-28,Completed
ORD14538,C02459,2025-10-30,Completed
ORD14539,C04110,2025-08-24,Completed
ORD14540,C01766,2025-10-03,Completed
ORD14541,C04902,2025-03-14,Completed
ORD14542,C04654,2025-12-19,Completed
ORD14543,C02772,2025-12-09,Completed
ORD14544,C02156,2025-12-18,Completed
ORD14545,C02758,2025-10-05,Pending
ORD14546,C00191,2025-06-25,Returned
ORD14547,C03586,2025-04-14,Cancelled
ORD14548,C00510,2025-03-05,Completed
ORD14549,C04919,2025-06-15,Completed
ORD14550,C03243,2025-02-08,Pending
ORD14551,C02272,2025-12-25,Completed
ORD14552,C03648,2025-11-24,Completed
ORD14553,C01397,2025-06-01,Completed
ORD14554,C03292,2025-08-06,Completed
ORD14555,C03560,2025-04-20,Completed
ORD14556,C02939,2025-02-26,Completed
ORD14557,C04235,2025-02-12,Completed
ORD14558,C01601,2025-08-13,Completed
ORD14559,C04796,2025-08-11,Completed
ORD14560,C00732,2025-08-24,Completed
ORD14561,C01613,2025-04-12,Completed
ORD14562,C02885,2025-07-22,Completed
ORD14563,C02048,2025-07-21,Completed
ORD14564,C02732,2025-08-18,Completed
ORD14565,C00492,2025-02-28,Completed
ORD14566,C00278,2025-12-28,Completed
ORD14567,C02216,2025-04-15,Completed
ORD14568,C03510,2025-03-20,Completed
ORD14569,C01452,2025-04-13,Returned
ORD14570,C02636,2025-07-27,Completed
ORD14571,C01014,2025-05-03,Completed
ORD14572,C01593,2025-05-03,Completed
ORD14573,C03661,2025-02-15,Pending
ORD14574,C01418,2025-01-09,Completed
ORD14575,C03993,2025-06-08,Completed
ORD14576,C01055,2025-02-05,Completed
ORD14577,C04382,2025-08-06,Completed
ORD14578,C03113,2025-09-16,Completed
ORD14579,C04348,2025-11-10,Completed
ORD14580,C01091,2025-12-08,Cancelled
ORD14581,C04188,2025-08-18,Completed
ORD14582,C01164,2025-05-10,Completed
ORD14583,C03289,2025-06-08,Cancelled
ORD14584,C02682,2025-04-30,Completed
ORD14585,C00411,2025-08-29,Completed
ORD14586,C04789,2025-12-26,Completed
ORD14587,C03913,2025-01-16,Completed
ORD14588,C04729,2025-07-17,Completed
ORD14589,C04499,2025-10-21,Completed
ORD14590,C03809,2025-06-06,Completed
ORD14591,C01867,2025-11-26,Completed
ORD14592,C04802,2025-04-26,Completed
ORD14593,C02982,2025-12-02,Completed
ORD14594,C00582,2025-07-28,Returned
ORD14595,C00926,2025-07-05,Cancelled
ORD14596,C03488,2025-04-16,Completed
ORD14597,C03190,2025-01-10,Completed
ORD14598,C00665,2025-01-09,Pending
ORD14599,C00646,2025-05-05,Cancelled
ORD14600,C01341,2025-04-20,Completed
ORD14601,C01474,2025-04-08,Completed
ORD14602,C01868,2025-07-24,Completed
ORD14603,C01307,2025-08-07,Completed
ORD14604,C02320,2025-08-14,Completed
ORD14605,C00322,2025-10-05,Completed
ORD14606,C03368,2025-11-01,Completed
ORD14607,C01620,2025-06-25,Completed
ORD14608,C01698,2025-05-20,Completed
ORD14609,C00360,2025-07-24,Completed
ORD14610,C04159,2025-11-09,Completed
ORD14611,C04320,2025-01-05,Completed
ORD14612,C01120,2025-05-30,Completed
ORD14613,C02705,2025-02-21,Completed
ORD14614,C00629,2025-12-04,Completed
ORD14615,C04305,2025-10-13,Returned
ORD14616,C01826,2025-10-27,Completed
ORD14617,C00598,2025-02-03,Completed
ORD14618,C02019,2025-11-21,Completed
ORD14619,C04060,2025-10-09,
ORD14620,C04327,2025-08-20,Completed
ORD14621,C01590,2025-12-15,Completed
ORD14622,C03168,2025-07-13,Completed
ORD14623,C03511,2025-07-24,Completed
ORD14624,C01055,2025-11-12,Completed
ORD14625,C00447,2025-01-14,Returned
ORD14626,C04000,2025-04-17,Completed
ORD14627,C00120,2025-05-03,Completed
ORD14628,C03711,2025-09-10,Completed
ORD14629,C03544,2025-05-18,Completed
ORD14630,C04159,2025-12-06,Completed
ORD14631,C00139,2025-09-26,Completed
ORD14632,C01369,2025-07-10,Cancelled
ORD14633,C03695,2025-01-16,Completed
ORD14634,C02177,2025-06-22,Pending
ORD14635,C02854,2025-05-10,Completed
ORD14636,C04572,2025-05-06,Completed
ORD14637,C04194,2025-10-04,Completed
ORD14638,C02081,2025-03-30,Completed
ORD14639,C00385,2025-10-25,Completed
ORD14640,C01913,2025-10-06,Returned
ORD14641,C02854,2025-05-25,Cancelled
ORD14642,C03730,2025-10-30,Cancelled
ORD14643,C02163,2025-09-19,Completed
ORD14644,C04187,2025-04-29,Completed
ORD14645,C00983,2025-09-24,Pending
ORD14646,C03487,2025-01-26,Completed
ORD14647,C00235,2025-08-28,Completed
ORD14648,C01804,2025-10-21,Completed
ORD14649,C04833,2025-10-10,Completed
ORD14650,C03079,2025-08-20,Pending
ORD14651,C03471,2025-01-05,Completed
ORD14652,C02066,2025-04-03,Completed
ORD14653,C00327,2025-10-30,Completed
ORD14654,C01964,2025-11-05,Completed
ORD14655,C02749,2025-05-30,Returned
ORD14656,C04306,2025-11-18,Completed
ORD14657,C02457,2025-11-20,Completed
ORD14658,C01772,2025-09-21,Cancelled
ORD14659,C00068,2025-07-07,Completed
ORD14660,C03367,2025-04-29,Completed
ORD14661,C03635,2025-11-19,Completed
ORD14662,C03173,2025-09-11,Completed
ORD14663,C00334,2025-05-12,Pending
ORD14664,C03638,2025-11-30,Cancelled
ORD14665,C04540,2025-02-01,Completed
ORD14666,C02540,2025-05-09,Completed
ORD14667,C01075,2025-10-27,Completed
ORD14668,C03037,2025-09-21,Completed
ORD14669,C02147,2025-10-25,Completed
ORD14670,C02352,2025-10-07,Completed
ORD14671,C04575,2025-08-18,Completed
ORD14672,C02674,2025-10-20,Completed
ORD14673,C00793,2025-11-30,Completed
ORD14674,C04695,2025-04-14,Completed
ORD14675,C00326,2025-06-27,Completed
ORD14676,C03937,2025-07-19,Pending
ORD14677,C04265,2025-07-24,Completed
ORD14678,C02106,2025-07-14,Completed
ORD14679,C04504,2025-05-24,Completed
ORD14680,C03148,2025-06-15,Returned
ORD14681,C04081,2025-02-02,Completed
ORD14682,C00850,2025-12-05,Completed
ORD14683,C04520,2025-12-12,Completed
ORD14684,C02558,2025-12-10,Returned
ORD14685,C00970,2025-01-16,Completed
ORD14686,C03287,2025-07-30,Completed
ORD14687,C01063,2025-07-30,Completed
ORD14688,C02266,2025-08-05,Completed
ORD14689,C00262,2025-04-03,Pending
ORD14690,C02787,2025-12-16,Completed
ORD14691,C04038,2025-10-05,Returned
ORD14692,C03396,2025-06-22,Completed
ORD14693,C02747,2025-09-04,Completed
ORD14694,C03143,2025-08-03,Completed
ORD14695,C03771,2025-04-20,Completed
ORD14696,C00231,2025-04-23,Completed
ORD14697,C00791,2025-02-26,Returned
ORD14698,C01364,2025-05-22,Completed
ORD14699,C04602,2025-08-08,Completed
ORD14700,C02933,2025-05-21,Completed
ORD14701,C04735,2025-09-17,Completed
ORD14702,C02175,2025-12-19,Returned
ORD14703,C00830,2025-10-06,Cancelled
ORD14704,C02852,2025-02-03,Completed
ORD14705,C04869,2025-07-30,Completed
ORD14706,C01667,2025-12-20,Completed
ORD14707,C03940,2025-08-03,Completed
ORD14708,C04368,2025-10-29,Completed
ORD14709,C00478,2025-09-19,Completed
ORD14710,C01798,2025-09-06,Completed
ORD14711,C00227,2025-07-11,Completed
ORD14712,C03431,2025-01-06,Completed
ORD14713,C01617,2025-04-26,Cancelled
ORD14714,C04974,2025-09-18,Completed
ORD14715,C02265,2025-08-17,Returned
ORD14716,C02012,2025-03-19,Completed
ORD14717,C01503,2025-03-07,Completed
ORD14718,C01558,2025-12-24,Pending
ORD14719,C04010,2025-06-11,Completed
ORD14720,C00802,2025-02-22,Completed
ORD14721,C01098,2025-06-26,Completed
ORD14722,C03200,2025-11-11,Pending
ORD14723,C03656,2025-02-03,Completed
ORD14724,C03018,2025-02-06,Completed
ORD14725,C02199,2025-12-09,Completed
ORD14726,C03618,2025-08-27,Completed
ORD14727,C03145,2025-04-14,Completed
ORD14728,C02588,2025-11-12,Completed
ORD14729,C04290,2025-01-26,Completed
ORD14730,C03290,2025-03-14,Cancelled
ORD14731,C03807,2025-09-19,Pending
ORD14732,C03232,2025-02-26,Completed
ORD14733,C04248,2025-10-21,Completed
ORD14734,C04637,2025-03-26,Completed
ORD14735,C01889,2025-12-18,Returned
ORD14736,C02298,2025-12-31,Cancelled
ORD14737,C02200,2025-01-19,Completed
ORD14738,C03553,2025-11-25,Returned
ORD14739,C00373,2025-12-09,Completed
ORD14740,C01841,2025-06-20,Cancelled
ORD14741,C04549,2025-10-05,Pending
ORD14742,C04642,2025-08-26,Completed
ORD14743,C01740,2025-07-11,Cancelled
ORD14744,C02502,2025-02-01,Pending
ORD14745,C04171,2025-06-11,Pending
ORD14746,C04495,2025-05-29,Completed
ORD14747,C00012,2025-06-03,Completed
ORD14748,C02969,2025-11-18,Completed
ORD14749,C01468,2025-09-15,Completed
ORD14750,C03184,2025-08-28,Cancelled
ORD14751,C02778,2025-08-10,Completed
ORD14752,C02588,2025-04-27,Pending
ORD14753,C04266,2025-07-29,Completed
ORD14754,C04592,2025-09-22,Completed
ORD14755,C02555,2025-06-25,Cancelled
ORD14756,C01742,2025-10-30,Completed
ORD14757,C02513,2025-02-14,Completed
ORD14758,C01662,2025-09-08,Completed
ORD14759,C01541,2025-03-30,Completed
ORD14760,C02483,2025-01-27,Completed
ORD14761,C00792,2025-11-04,Completed
ORD14762,C02452,2025-06-08,Completed
ORD14763,C04605,2025-10-20,Completed
ORD14764,C01195,2025-01-13,Completed
ORD14765,C02431,2025-03-13,Completed
ORD14766,C01914,2025-07-02,Completed
ORD14767,C04765,2025-02-25,Completed
ORD14768,C01047,2025-02-17,Completed
ORD14769,C03904,2025-12-09,Completed
ORD14770,C03507,2025-05-12,Returned
ORD14771,C02262,2025-12-31,Completed
ORD14772,C01337,2025-10-16,Completed
ORD14773,C00650,2025-03-27,Completed
ORD14774,C02566,2025-03-17,Cancelled
ORD14775,C04183,2025-08-18,Completed
ORD14776,C00292,2025-03-03,Completed
ORD14777,C00391,2025-07-12,Completed
ORD14778,C02343,2025-08-07,Pending
ORD14779,C03053,2025-03-19,Completed
ORD14780,C01033,2025-03-19,Completed
ORD14781,C03322,2025-03-20,Completed
ORD14782,C02380,2025-04-23,Completed
ORD14783,C03399,2025-03-20,Completed
ORD14784,C01280,2025-01-20,Completed
ORD14785,C03430,2025-06-29,Completed
ORD14786,C03008,2025-08-01,Cancelled
ORD14787,C03446,2025-09-11,Completed
ORD14788,C01554,2025-08-14,Completed
ORD14789,C03604,2025-01-25,Completed
ORD14790,C00419,2025-10-17,Completed
ORD14791,C02991,2025-09-05,Pending
ORD14792,C02895,2025-04-30,Completed
ORD14793,C04330,2025-03-08,Completed
ORD14794,C03712,2025-10-12,Completed
ORD14795,C01687,2025-08-23,Completed
ORD14796,C00843,2025-09-01,Cancelled
ORD14797,C00588,2025-12-13,Cancelled
ORD14798,C04558,2025-06-29,Returned
ORD14799,C03306,2025-11-13,Completed
ORD14800,C00513,2025-08-30,Completed
ORD14801,C00663,2025-09-14,Completed
ORD14802,C03996,2025-06-18,Completed
ORD14803,C00725,2025-07-04,Completed
ORD14804,C04830,2025-03-03,Completed
ORD14805,C03518,2025-03-13,Completed
ORD14806,C04932,2025-04-16,Completed
ORD14807,C04247,2025-05-17,Completed
ORD14808,C04125,2025-11-28,Completed
ORD14809,C00555,2025-10-22,Completed
ORD14810,C03907,2025-02-10,Completed
ORD14811,C03296,2025-04-01,Pending
ORD14812,C00870,2025-01-05,Completed
ORD14813,C00153,2025-05-13,Completed
ORD14814,C00574,2025-10-20,Pending
ORD14815,C02388,2025-01-23,Completed
ORD14816,C02692,2025-08-10,Completed
ORD14817,C02779,2025-10-30,Completed
ORD14818,C00452,2025-04-10,Completed
ORD14819,C00034,2025-10-05,Completed
ORD14820,C00519,2025-06-04,Completed
ORD14821,C01682,2025-10-29,Completed
ORD14822,C00443,2025-03-14,Completed
ORD14823,C02404,2025-03-30,Completed
ORD14824,C03858,2025-09-17,Completed
ORD14825,C03655,2025-11-29,Completed
ORD14826,C01130,2025-05-02,Completed
ORD14827,C02254,2025-08-30,Completed
ORD14828,C00761,2025-03-16,Completed
ORD14829,C00148,2025-07-09,Completed
ORD14830,C01286,2025-11-16,Completed
ORD14831,C03301,2025-07-18,Completed
ORD14832,C01331,2025-04-30,Completed
ORD14833,C01098,2025-01-27,Completed
ORD14834,C01902,2025-05-29,Completed
ORD14835,C00834,2025-05-09,Returned
ORD14836,C04174,2025-09-13,Completed
ORD14837,C01878,2025-01-16,Completed
ORD14838,C04851,2025-09-14,Completed
ORD14839,C01074,2025-09-15,Completed
ORD14840,C00665,2025-10-10,Completed
ORD14841,C01656,2025-03-03,Completed
ORD14842,C03201,2025-12-19,Completed
ORD14843,C04451,2025-06-18,Completed
ORD14844,C02988,2025-10-30,Completed
ORD14845,C01572,2025-06-28,Completed
ORD14846,C01530,2025-12-11,Completed
ORD14847,C02045,2025-09-12,Returned
ORD14848,C02310,2025-08-17,Completed
ORD14849,C04287,2025-12-25,Completed
ORD14850,C01160,2025-06-02,Completed
ORD14851,C01021,2025-11-08,Completed
ORD14852,C04083,2025-10-01,Completed
ORD14853,C01775,2025-04-20,Completed
ORD14854,C00987,2025-09-09,Completed
ORD14855,C01620,2025-03-08,Completed
ORD14856,C04250,2025-03-22,Cancelled
ORD14857,C01844,2025-11-13,Completed
ORD14858,C03748,2025-06-13,Completed
ORD14859,C00760,2025-04-15,Completed
ORD14860,C03869,2025-01-26,Completed
ORD14861,C02613,2025-05-27,Completed
ORD14862,C00221,2025-06-21,Cancelled
ORD14863,C02436,2025-09-06,Completed
ORD14864,C02883,2025-04-09,Completed
ORD14865,C02417,2025-02-27,Completed
ORD14866,C03449,2025-11-14,Completed
ORD14867,C03907,2025-01-18,Completed
ORD14868,C02453,2025-10-26,Completed
ORD14869,C00961,2025-05-23,Cancelled
ORD14870,C00862,2025-01-07,Cancelled
ORD14871,C03849,2025-02-20,Completed
ORD14872,C04514,2025-08-24,Completed
ORD14873,C04629,2025-08-04,Completed
ORD14874,C02919,2025-04-15,Cancelled
ORD14875,C03136,2025-01-06,Completed
ORD14876,C02261,2025-06-10,Pending
ORD14877,C02489,2025-06-25,Completed
ORD14878,C04970,2025-05-25,Completed
ORD14879,C04066,2025-07-09,Completed
ORD14880,C03818,2025-04-20,Completed
ORD14881,C01701,2025-03-27,Completed
ORD14882,C04715,2025-06-26,Completed
ORD14883,C03695,2025-03-17,Completed
ORD14884,C02559,2025-05-21,Completed
ORD14885,C03902,2025-03-03,Completed
ORD14886,C01303,2025-07-13,Completed
ORD14887,C02577,2025-02-07,Completed
ORD14888,C01984,2025-08-02,Completed
ORD14889,C01329,2025-01-24,Completed
ORD14890,C04750,2025-02-19,Pending
ORD14891,C01178,2025-06-27,Returned
ORD14892,C04186,2025-07-11,Completed
ORD14893,C02556,2025-01-27,Completed
ORD14894,C04928,2025-09-06,Completed
ORD14895,C04162,2025-10-22,Completed
ORD14896,C01934,2025-09-17,Returned
ORD14897,C04991,2025-08-30,Completed
ORD14898,C03566,2025-12-06,Completed
ORD14899,C00288,2025-02-09,Completed
ORD14900,C04048,2025-05-18,Completed
ORD14901,C04709,2025-07-20,Completed
ORD14902,C04561,2025-03-08,Completed
ORD14903,C01824,2025-09-09,Completed
ORD14904,C04986,2025-03-06,Completed
ORD14905,C03258,2025-02-05,Completed
ORD14906,C02711,2025-10-20,Completed
ORD14907,C04914,2025-11-27,Completed
ORD14908,C00915,2025-10-07,Completed
ORD14909,C02413,2025-12-08,Completed
ORD14910,C03969,2025-11-08,Completed
ORD14911,C00211,2025-06-17,Completed
ORD14912,C02688,2025-02-22,Completed
ORD14913,C04796,2025-05-20,Completed
ORD14914,C00105,2025-07-29,Pending
ORD14915,C00498,2025-05-05,Completed
ORD14916,C03440,2025-11-21,Completed
ORD14917,C03779,2025-01-06,Completed
ORD14918,C00618,2025-01-10,Cancelled
ORD14919,C02966,2025-01-21,Completed
ORD14920,C04909,2025-02-20,Completed
ORD14921,C00860,2025-11-14,Completed
ORD14922,C02977,2025-05-06,Completed
ORD14923,C01223,2025-10-12,Completed
ORD14924,C03779,2025-09-05,Returned
ORD14925,C02148,2025-01-04,Completed
ORD14926,C04570,2025-09-26,Completed
ORD14927,C03879,2025-10-23,Completed
ORD14928,C02978,2025-12-03,Completed
ORD14929,C00614,2025-12-15,Completed
ORD14930,C00963,2025-07-05,Returned
ORD14931,C02380,2025-06-15,Pending
ORD14932,C00525,2025-08-04,Completed
ORD14933,C01758,2025-05-05,Cancelled
ORD14934,C04829,2025-09-28,Completed
ORD14935,C04257,2025-10-01,Completed
ORD14936,C03161,2025-08-25,Completed
ORD14937,C00333,2025-10-31,Completed
ORD14938,C02066,2025-02-23,Completed
ORD14939,C04491,2025-08-01,Completed
ORD14940,C01125,2025-10-10,Cancelled
ORD14941,C04024,2025-06-30,Completed
ORD14942,C00787,2025-10-28,Cancelled
ORD14943,C04440,2025-10-07,Completed
ORD14944,C01533,2025-11-21,Pending
ORD14945,C01585,2025-01-27,Cancelled
ORD14946,C03598,2025-06-24,Cancelled
ORD14947,C02843,2025-08-31,Completed
ORD14948,C03333,2025-11-29,Completed
ORD14949,C03110,2025-06-12,Completed
ORD14950,C02066,2025-02-21,Pending
ORD14951,C01611,2025-01-04,Completed
ORD14952,C01674,2025-03-24,Completed
ORD14953,C00179,2025-07-28,Completed
ORD14954,C03292,2025-04-02,Completed
ORD14955,C03442,2025-11-30,Completed
ORD14956,C03999,2025-03-30,Completed
ORD14957,C04107,2025-05-04,Completed
ORD14958,C00696,2025-10-31,Completed
ORD14959,C02501,2025-02-12,Returned
ORD14960,C00238,2025-04-03,Completed
ORD14961,C01455,2025-11-02,Completed
ORD14962,C01649,2025-09-19,Cancelled
ORD14963,C00038,2025-04-01,Completed
ORD14964,C02557,2025-11-02,Cancelled
ORD14965,C01259,2025-10-14,Completed
ORD14966,C01892,2025-02-08,Completed
ORD14967,C00880,2025-11-18,Completed
ORD14968,C01391,2025-08-09,Completed
ORD14969,C04311,2025-02-13,Returned
ORD14970,C03619,2025-08-25,Completed
ORD14971,C04765,2025-11-27,Cancelled
ORD14972,C01512,2025-06-26,Completed
ORD14973,C04352,2025-04-11,Completed
ORD14974,C01918,2025-08-01,Completed
ORD14975,C00878,2025-03-07,Completed
ORD14976,C00143,2025-06-16,Cancelled
ORD14977,C01804,2025-03-18,Completed
ORD14978,C01134,2025-08-06,Completed
ORD14979,C00334,2025-02-05,Completed
ORD14980,C00727,2025-10-04,Completed
ORD14981,C00877,2025-04-05,Completed
ORD14982,C00136,2025-09-03,Completed
ORD14983,C04301,2025-09-27,Completed
ORD14984,C00502,2025-02-09,Completed
ORD14985,C01162,2025-03-27,Completed
ORD14986,C01116,2025-05-16,Completed
ORD14987,C01629,2025-12-16,Completed
ORD14988,C02869,2025-03-07,Completed
ORD14989,C00494,2025-02-09,Completed
ORD14990,C03629,2025-11-24,Completed
ORD14991,C02725,2025-04-02,Completed
ORD14992,C02851,2025-12-27,Completed
ORD14993,C00283,2025-10-29,Completed
ORD14994,C00656,2025-02-04,Completed
ORD14995,C03781,2025-03-01,Completed
ORD14996,C04133,2025-01-15,Completed
ORD14997,C03044,2025-11-18,Completed
ORD14998,C00683,2025-12-22,Completed
ORD14999,C02645,2025-01-12,Cancelled
ORD15000,C02481,2025-02-24,Completed
