review_id,product_id,customer_id,rating,review_date,review_text
REV00001,P0003,C03991,4,2025-11-06,Good product
REV00002,P0154,C00759,5,2025-06-03,Really impressed
REV00003,P0068,C00338,3,2025-10-27,Decent for the price
REV00004,P0024,C03946,2,2025-07-08,Could be better
REV00005,P0086,C02112,1,2025-12-01,Not worth the price
REV00006,P0036,C01711,2,2025-08-05,Average quality
REV00007,P0131,C04527,4,2025-04-20,Works as expected
REV00008,P0130,C01163,3,2025-07-14,Decent for the price
REV00009,P0139,C04838,2,2025-11-02,Average quality
REV00010,P0012,C01118,4,2025-03-31,Happy with the purchase
REV00011,P0173,C00192,4,2026-01-18,Good product
REV00012,P0035,C00349,5,2025-02-02,Really impressed
REV00013,P0027,C03593,4,2025-07-02,Works as expected
REV00014,P0143,C04243,4,2025-06-19,Good product
REV00015,P0173,C02479,4,2025-01-27,Happy with the purchase
REV00016,P0028,C01504,5,2025-09-08,Great quality and value
REV00017,P0159,C00172,5,2025-10-18,Really impressed
REV00018,P0114,C03500,4,2025-06-30,Happy with the purchase
REV00019,P0122,C03383,3,2025-08-29,Okay product
REV00020,P0180,C03218,5,2025-03-08,Great quality and value
REV00021,P0125,C02340,4,2025-11-28,Good product
REV00022,P0038,C04839,3,2025-12-11,Average experience
REV00023,P0074,C04143,5,2025-11-10,Great quality and value
REV00024,P0052,C03129,5,2025-07-16,Excellent product
REV00025,P0167,C01008,4,2025-09-17,Happy with the purchase
REV00026,P0018,C01507,4,2025-11-25,Works as expected
REV00027,P0158,C04345,3,2025-12-30,Decent for the price
REV00028,P0031,C02374,3,2026-01-15,Okay product
REV00029,P0163,C02090,1,2025-06-26,Not worth the price
REV00030,P0144,C03717,5,2025-11-11,Great quality and value
REV00031,P0172,C03229,4,2025-08-20,Works as expected
REV00032,P0095,C00887,3,2025-07-17,Okay product
REV00033,P0147,C01872,4,2025-04-01,Works as expected
REV00034,P0187,C04775,4,2025-04-18,Good product
REV00035,P0183,C02945,5,2025-02-01,Excellent product
REV00036,P0118,C03064,4,2025-08-02,Good product
REV00037,P0128,C03631,5,2025-08-04,Great quality and value
REV00038,P0191,C01300,4,2025-08-15,Good product
REV00039,P0056,C01515,4,2025-06-03,Works as expected
REV00040,P0187,C03962,3,2025-06-10,Average experience
REV00041,P0033,C02235,4,2025-07-01,Works as expected
REV00042,P0124,C02547,5,2025-12-19,Excellent product
REV00043,P0199,C00373,4,2025-10-21,Works as expected
REV00044,P0180,C04986,3,2025-03-25,Okay product
REV00045,P0001,C02049,4,2025-10-16,Works as expected
REV00046,P0057,C01458,4,2025-07-25,Happy with the purchase
REV00047,P0186,C02908,4,2025-03-28,Works as expected
REV00048,P0155,C02371,3,2026-01-26,Okay product
REV00049,P0147,C02979,2,2025-03-04,Could be better
REV00050,P0178,C01134,5,2025-03-30,Really impressed
REV00051,P0116,C01570,3,2025-08-11,Decent for the price
REV00052,P0174,C03500,4,2025-06-12,Works as expected
REV00053,P0089,C03344,3,2025-03-21,Okay product
REV00054,P0128,C01318,4,2025-06-30,Good product
REV00055,P0081,C02011,5,2025-08-10,Great quality and value
REV00056,P0178,C02832,4,2025-07-30,Works as expected
REV00057,P0016,C00619,5,2025-12-07,Great quality and value
REV00058,P0186,C03266,3,2025-06-10,Decent for the price
REV00059,P0120,C01519,5,2025-06-25,Great quality and value
REV00060,P0006,C04149,2,2025-11-20,Not fully satisfied
REV00061,P0187,C00785,1,2025-06-19,Poor quality
REV00062,P0183,C00348,5,2025-12-21,Really impressed
REV00063,P0170,C03728,1,2025-10-09,Poor quality
REV00064,P0054,C02146,4,2025-07-20,Works as expected
REV00065,P0195,C02411,3,2025-08-26,Decent for the price
REV00066,P0010,C04443,5,2025-10-01,Really impressed
REV00067,P0060,C02072,4,2025-04-22,Works as expected
REV00068,P0192,C02669,5,2025-10-01,Excellent product
REV00069,P0009,C01843,3,2025-04-06,Decent for the price
REV00070,P0126,C02401,5,2025-04-04,Really impressed
REV00071,P0057,C04292,4,2025-09-30,Works as expected
REV00072,P0181,C02377,2,2025-09-05,Not fully satisfied
REV00073,P0042,C03956,5,2025-02-02,Great quality and value
REV00074,P0059,C00500,4,2025-08-14,Good product
REV00075,P0114,C03030,3,2025-08-08,Okay product
REV00076,P0062,C04993,4,2025-05-12,Happy with the purchase
REV00077,P0047,C02397,4,2025-12-23,Happy with the purchase
REV00078,P0055,C01371,5,2025-11-17,Great quality and value
REV00079,P0133,C01669,,2025-12-17,Could be better
REV00080,P0194,C03140,3,2025-04-29,Okay product
REV00081,P0147,C03014,3,2025-07-21,Okay product
REV00082,P0087,C02126,2,2025-03-06,Not fully satisfied
REV00083,P0165,C03312,4,2025-05-18,Good product
REV00084,P0145,C01221,3,2025-11-03,Average experience
REV00085,P0173,C03432,5,2025-12-07,Great quality and value
REV00086,P0179,C04147,3,2025-02-11,Average experience
REV00087,P0195,C02264,2,2025-04-24,Not fully satisfied
REV00088,P0145,C04837,3,2025-07-10,Okay product
REV00089,P0046,C03355,5,2025-03-07,Great quality and value
REV00090,P0038,C02762,5,2025-02-10,Really impressed
REV00091,P0155,C01523,4,2025-03-17,Works as expected
REV00092,P0178,C04527,5,2025-04-24,Great quality and value
REV00093,P0029,C02631,4,2025-12-17,Happy with the purchase
REV00094,P0184,C02762,2,2026-01-17,Could be better
REV00095,P0052,C03230,5,2025-02-24,Really impressed
REV00096,P0197,C04305,3,2025-06-24,Average experience
REV00097,P0037,C02895,3,2025-12-16,Decent for the price
REV00098,P0085,C03068,5,2026-02-09,Really impressed
REV00099,P0041,C00722,5,2025-07-15,Excellent product
REV00100,P0065,C00133,4,2026-01-16,Works as expected
REV00101,P0124,C00447,5,2025-09-06,Great quality and value
REV00102,P0004,C01101,4,2025-09-11,Works as expected
REV00103,P0091,C00965,2,2025-10-30,Could be better
REV00104,P0066,C03100,5,2025-07-12,Great quality and value
REV00105,P0079,C02784,5,2025-05-06,Really impressed
REV00106,P0114,C03404,2,2025-02-07,Not fully satisfied
REV00107,P0080,C02878,4,2025-09-16,Happy with the purchase
REV00108,P0039,C00220,5,2025-10-03,Really impressed
REV00109,P0189,C00510,4,2025-08-26,Good product
REV00110,P0082,C03291,4,2025-11-27,Good product
REV00111,P0083,C03609,5,2025-08-07,Really impressed
REV00112,P0154,C02474,5,2025-03-29,Great quality and value
REV00113,P0145,C00784,4,2025-10-25,Works as expected
REV00114,P0039,C00552,2,2025-05-16,Could be better
REV00115,P0101,C00450,4,2025-06-20,Good product
REV00116,P0166,C01326,3,2026-01-22,Okay product
REV00117,P0134,C02735,5,2025-09-19,Great quality and value
REV00118,P0012,C04162,2,2025-03-07,Not fully satisfied
REV00119,P0141,C02934,4,2025-12-13,Happy with the purchase
REV00120,P0160,C00596,2,2025-08-18,Average quality
REV00121,P0085,C02823,4,2025-10-02,Happy with the purchase
REV00122,P0029,C04082,5,2025-03-20,Excellent product
REV00123,P0068,C01042,4,2025-05-25,Happy with the purchase
REV00124,P0177,C00007,5,2025-05-24,Great quality and value
REV00125,P0176,C04858,2,2025-10-11,Could be better
REV00126,P0002,C01144,5,2025-12-04,Excellent product
REV00127,P0197,C04965,3,2026-01-31,Okay product
REV00128,P0155,C01947,5,2025-02-16,Excellent product
REV00129,P0094,C04057,5,2026-01-01,Excellent product
REV00130,P0026,C00101,5,2025-02-21,Really impressed
REV00131,P0034,C02738,3,2025-05-08,Decent for the price
REV00132,P0016,C04067,3,2025-08-15,Average experience
REV00133,P0057,C04462,4,2026-01-07,Good product
REV00134,P0122,C01619,4,2025-07-23,Good product
REV00135,P0033,C01269,3,2025-08-19,Average experience
REV00136,P0156,C02301,5,2025-05-21,Great quality and value
REV00137,P0054,C01545,4,2025-06-09,Works as expected
REV00138,P0162,C00490,5,2025-03-14,Great quality and value
REV00139,P0100,C03701,4,2025-10-23,Happy with the purchase
REV00140,P0199,C03722,3,2025-04-22,Okay product
REV00141,P0038,C03888,2,2025-07-04,Could be better
REV00142,P0120,C02276,1,2025-06-02,Not worth the price
REV00143,P0134,C04434,4,2025-04-18,Happy with the purchase
REV00144,P0083,C01560,4,2025-04-08,Works as expected
REV00145,P0027,C02852,1,2025-08-09,Not worth the price
REV00146,P0165,C04467,1,2025-09-08,Not worth the price
REV00147,P0117,C04512,5,2025-01-09,
REV00148,P0031,C03669,5,2025-08-01,Great quality and value
REV00149,P0029,C00113,5,2025-06-26,Really impressed
REV00150,P0179,C02697,1,2025-09-01,Very disappointing
REV00151,P0035,C01018,4,2025-12-24,Works as expected
REV00152,P0118,C00599,5,2025-12-14,Really impressed
REV00153,P0027,C04213,4,2025-08-07,Happy with the purchase
REV00154,P0095,C04310,5,2025-08-09,
REV00155,P0119,C00858,2,2025-06-24,Average quality
REV00156,P0149,C04085,1,2025-09-22,Poor quality
REV00157,P0093,C03604,5,2025-05-22,Excellent product
REV00158,P0086,C01272,4,2025-10-14,Good product
REV00159,P0179,C01043,4,2025-07-14,Happy with the purchase
REV00160,P0101,C00196,5,2025-04-04,Great quality and value
REV00161,P0167,C00194,5,2025-10-19,Great quality and value
REV00162,P0132,C03821,5,2025-03-27,Great quality and value
REV00163,P0151,C00143,5,2025-08-23,Great quality and value
REV00164,P0011,C03266,4,2025-05-23,Happy with the purchase
REV00165,P0185,C04400,5,2026-01-07,Excellent product
REV00166,P0126,C01323,2,2025-07-22,Not fully satisfied
REV00167,P0064,C01791,4,2025-11-15,Works as expected
REV00168,P0145,C02332,3,2025-10-17,Okay product
REV00169,P0013,C02327,4,2026-01-08,Works as expected
REV00170,P0195,C00227,4,2025-05-29,Happy with the purchase
REV00171,P0013,C01725,5,2025-12-10,Really impressed
REV00172,P0132,C01710,1,2025-04-29,Very disappointing
REV00173,P0088,C03572,1,2025-08-30,Very disappointing
REV00174,P0049,C03009,5,2025-01-30,Great quality and value
REV00175,P0055,C04485,5,2025-05-10,Really impressed
REV00176,P0056,C04309,1,2025-04-01,Not worth the price
REV00177,P0160,C00049,4,2025-06-26,Works as expected
REV00178,P0168,C00002,2,2025-07-19,Average quality
REV00179,P0012,C03878,4,2025-07-10,Happy with the purchase
REV00180,P0151,C03815,5,2025-05-31,Great quality and value
REV00181,P0008,C02232,4,2025-08-03,Works as expected
REV00182,P0061,C01168,3,2025-07-04,Okay product
REV00183,P0082,C01371,5,2025-08-30,Great quality and value
REV00184,P0138,C00658,5,2025-12-11,Great quality and value
REV00185,P0046,C02227,3,2025-04-15,Average experience
REV00186,P0056,C00192,4,2025-09-28,Happy with the purchase
REV00187,P0098,C03528,4,2025-06-10,Happy with the purchase
REV00188,P0052,C02998,1,2025-09-07,Poor quality
REV00189,P0017,C00318,5,2025-03-18,Excellent product
REV00190,P0024,C01615,5,2025-07-30,Excellent product
REV00191,P0191,C02899,4,2025-01-27,Happy with the purchase
REV00192,P0162,C03700,4,2025-06-07,Works as expected
REV00193,P0080,C04257,5,2025-04-26,Really impressed
REV00194,P0150,C01558,2,2025-02-17,Average quality
REV00195,P0118,C01931,3,2025-02-07,Average experience
REV00196,P0110,C01207,4,2025-05-22,Good product
REV00197,P0081,C04914,5,2025-08-09,Great quality and value
REV00198,P0150,C03193,4,2025-08-03,Happy with the purchase
REV00199,P0085,C02856,3,2025-08-20,Decent for the price
REV00200,P0020,C02225,4,2025-02-17,Good product
REV00201,P0041,C04408,5,2025-02-21,Really impressed
REV00202,P0053,C01449,4,2025-05-08,Works as expected
REV00203,P0017,C00900,3,2025-02-23,Average experience
REV00204,P0040,C00881,5,2026-01-15,Excellent product
REV00205,P0146,C01599,2,2025-12-27,
REV00206,P0064,C00060,5,2025-10-01,Great quality and value
REV00207,P0104,C02069,4,2025-01-17,Works as expected
REV00208,P0058,C01484,3,2025-05-18,Decent for the price
REV00209,P0082,C02598,5,2025-10-24,Great quality and value
REV00210,P0061,C04085,3,2025-08-06,Decent for the price
REV00211,P0145,C01472,5,2025-10-23,Excellent product
REV00212,P0060,C00542,5,2025-11-07,Really impressed
REV00213,P0075,C00065,5,2025-11-06,Excellent product
REV00214,P0159,C02240,4,2025-06-02,Good product
REV00215,P0169,C04832,2,2025-02-17,Average quality
REV00216,P0102,C00406,1,2025-03-04,Not worth the price
REV00217,P0132,C02124,3,2025-02-27,Decent for the price
REV00218,P0088,C01751,5,2025-10-20,Excellent product
REV00219,P0038,C03526,4,2025-07-07,Good product
REV00220,P0152,C01391,4,2025-11-30,Works as expected
REV00221,P0037,C00453,4,2025-09-25,Happy with the purchase
REV00222,P0171,C02696,4,2026-01-03,Good product
REV00223,P0041,C04616,2,2025-10-07,Could be better
REV00224,P0086,C03861,3,2025-09-16,Decent for the price
REV00225,P0090,C00249,4,2025-07-16,Works as expected
REV00226,P0138,C02021,2,2025-12-04,Not fully satisfied
REV00227,P0071,C02080,4,2025-05-17,Happy with the purchase
REV00228,P0138,C02378,1,2025-12-28,Poor quality
REV00229,P0063,C01673,4,2025-07-01,Happy with the purchase
REV00230,P0042,C01414,5,2025-05-27,Really impressed
REV00231,P0049,C02037,4,2025-11-26,Works as expected
REV00232,P0129,C01501,5,2025-04-28,Excellent product
REV00233,P0125,C02420,5,2025-02-15,Excellent product
REV00234,P0018,C03638,5,2025-06-03,Great quality and value
REV00235,P0046,C02282,3,2026-01-27,Average experience
REV00236,P0025,C04960,5,2025-04-21,Great quality and value
REV00237,P0122,C00398,4,2025-12-19,Good product
REV00238,P0023,C03417,2,2025-09-21,Could be better
REV00239,P0001,C01949,4,2025-02-20,Works as expected
REV00240,P0115,C03310,4,2025-06-27,Happy with the purchase
REV00241,P0045,C00719,3,2025-02-27,Average experience
REV00242,P0200,C04837,5,2026-01-21,Excellent product
REV00243,P0083,C02436,3,2025-02-08,Okay product
REV00244,P0110,C03519,1,2025-05-14,Very disappointing
REV00245,P0120,C04306,4,2025-10-06,Good product
REV00246,P0190,C04563,4,2025-09-03,Works as expected
REV00247,P0154,C01930,4,2025-08-15,Good product
REV00248,P0023,C02328,4,2025-03-02,Good product
REV00249,P0014,C02483,4,2025-10-28,Works as expected
REV00250,P0094,C02614,5,2025-06-04,Great quality and value
REV00251,P0090,C00410,4,2025-09-04,Works as expected
REV00252,P0162,C04224,4,2025-07-01,Good product
REV00253,P0127,C00281,4,2025-12-22,Happy with the purchase
REV00254,P0169,C00629,5,2025-09-21,Really impressed
REV00255,P0119,C00722,4,2025-10-15,Works as expected
REV00256,P0008,C01045,3,2025-11-14,Average experience
REV00257,P0060,C01297,4,2025-06-21,Good product
REV00258,P0046,C02594,4,2025-10-09,Happy with the purchase
REV00259,P0104,C00256,3,2025-09-22,Average experience
REV00260,P0161,C02977,4,2025-03-07,Good product
REV00261,P0098,C03130,5,2025-08-24,Really impressed
REV00262,P0097,C01564,5,2025-04-30,Excellent product
REV00263,P0164,C03350,4,2025-03-19,Happy with the purchase
REV00264,P0026,C03275,5,2025-02-11,Really impressed
REV00265,P0008,C01776,4,2025-06-28,Good product
REV00266,P0161,C01486,4,2025-03-24,Good product
REV00267,P0032,C02721,4,2025-06-18,Happy with the purchase
REV00268,P0122,C03151,4,2025-02-25,Works as expected
REV00269,P0106,C01308,3,2025-03-09,Okay product
REV00270,P0055,C04308,5,2025-12-18,Excellent product
REV00271,P0154,C00629,4,2025-03-05,Good product
REV00272,P0049,C01946,4,2025-05-07,Good product
REV00273,P0072,C02338,5,2025-03-10,Great quality and value
REV00274,P0114,C02840,2,2026-01-02,Could be better
REV00275,P0063,C04658,5,2025-04-13,Really impressed
REV00276,P0199,C02761,3,2026-01-07,Average experience
REV00277,P0044,C01510,5,2025-12-06,Excellent product
REV00278,P0052,C02326,5,2025-09-29,Great quality and value
REV00279,P0163,C04702,5,2026-01-06,Really impressed
REV00280,P0154,C01641,4,2025-05-26,Good product
REV00281,P0127,C01565,5,2025-07-02,Great quality and value
REV00282,P0108,C00067,4,2025-09-30,Happy with the purchase
REV00283,P0176,C04222,2,2025-12-08,Could be better
REV00284,P0002,C04204,5,2025-09-12,Really impressed
REV00285,P0091,C04930,4,2025-01-28,Works as expected
REV00286,P0085,C01088,3,2025-11-10,Okay product
REV00287,P0132,C03401,4,2025-06-12,Happy with the purchase
REV00288,P0024,C02290,4,2025-06-09,Good product
REV00289,P0075,C04298,4,2025-12-15,Good product
REV00290,P0049,C00046,5,2025-08-16,Really impressed
REV00291,P0029,C02161,3,2025-11-14,Decent for the price
REV00292,P0189,C01765,5,2025-05-30,Excellent product
REV00293,P0022,C04699,4,2025-12-14,Good product
REV00294,P0107,C02321,3,2025-05-14,Okay product
REV00295,P0178,C02016,4,2025-04-12,Happy with the purchase
REV00296,P0047,C03247,4,2025-06-06,Works as expected
REV00297,P0160,C03920,3,2025-10-15,Okay product
REV00298,P0092,C04988,4,2025-10-29,Good product
REV00299,P0102,C02757,4,2025-06-28,Happy with the purchase
REV00300,P0173,C04900,3,2025-07-22,Average experience
REV00301,P0102,C03434,4,2025-11-23,Good product
REV00302,P0007,C00503,4,2025-12-15,Good product
REV00303,P0044,C01704,4,2025-09-13,Happy with the purchase
REV00304,P0031,C03574,5,2025-06-25,Really impressed
REV00305,P0065,C01877,4,2025-11-16,Happy with the purchase
REV00306,P0015,C02933,4,2025-04-21,Good product
REV00307,P0050,C01390,4,2025-11-17,Good product
REV00308,P0155,C02277,3,2025-07-13,Decent for the price
REV00309,P0022,C03869,5,2025-01-19,Really impressed
REV00310,P0195,C04607,5,2025-07-30,Great quality and value
REV00311,P0008,C04029,5,2025-03-02,Great quality and value
REV00312,P0069,C04029,4,2025-11-30,Good product
REV00313,P0198,C02491,1,2025-04-06,Poor quality
REV00314,P0154,C03960,5,2025-09-26,Really impressed
REV00315,P0163,C02926,3,2025-08-23,Average experience
REV00316,P0023,C01931,3,2025-10-21,Okay product
REV00317,P0140,C04056,3,2025-12-20,Average experience
REV00318,P0073,C04414,3,2025-08-11,Okay product
REV00319,P0031,C04532,5,2025-12-28,Really impressed
REV00320,P0094,C00189,3,2025-10-21,Average experience
REV00321,P0097,C00761,4,2026-01-09,Happy with the purchase
REV00322,P0164,C02596,4,2025-11-16,Good product
REV00323,P0174,C02921,5,2025-03-10,Great quality and value
REV00324,P0052,C04807,5,2025-10-14,Great quality and value
REV00325,P0199,C02734,5,2025-07-11,Great quality and value
REV00326,P0181,C01839,2,2025-05-13,Not fully satisfied
REV00327,P0031,C02730,3,2025-10-29,Average experience
REV00328,P0024,C04852,3,2025-10-28,Decent for the price
REV00329,P0001,C04802,5,2025-03-14,Great quality and value
REV00330,P0005,C02904,4,2026-01-08,Works as expected
REV00331,P0182,C00711,2,2025-11-21,Not fully satisfied
REV00332,P0141,C00209,2,2025-06-26,Not fully satisfied
REV00333,P0059,C04834,4,2025-06-08,Works as expected
REV00334,P0136,C03334,4,2025-11-04,Happy with the purchase
REV00335,P0132,C04452,3,2025-02-06,Decent for the price
REV00336,P0163,C04414,5,2025-09-05,Excellent product
REV00337,P0013,C02201,4,2025-09-28,Good product
REV00338,P0027,C01145,4,2025-02-24,Works as expected
REV00339,P0141,C00293,4,2025-12-22,Good product
REV00340,P0021,C03104,5,2025-07-24,Really impressed
REV00341,P0003,C04106,5,2025-06-11,Great quality and value
REV00342,P0041,C02107,5,2025-03-08,Excellent product
REV00343,P0142,C02417,3,2025-11-25,Okay product
REV00344,P0113,C03427,4,2025-04-27,Good product
REV00345,P0178,C03083,4,2025-05-14,Happy with the purchase
REV00346,P0045,C04550,3,2025-07-04,Okay product
REV00347,P0062,C03363,3,2025-05-11,Decent for the price
REV00348,P0017,C02282,4,2025-09-05,Happy with the purchase
REV00349,P0059,C04785,3,2025-01-21,Okay product
REV00350,P0014,C03698,5,2025-09-28,Excellent product
REV00351,P0112,C00058,3,2025-06-05,Decent for the price
REV00352,P0163,C03594,3,2025-05-10,Decent for the price
REV00353,P0009,C02606,3,2025-05-16,Okay product
REV00354,P0113,C03226,4,2025-03-29,Good product
REV00355,P0098,C04767,3,2025-05-27,Average experience
REV00356,P0175,C03873,3,2026-01-11,Average experience
REV00357,P0147,C01282,4,2025-09-29,Works as expected
REV00358,P0158,C01107,5,2025-03-08,Great quality and value
REV00359,P0172,C01994,4,2025-06-24,Happy with the purchase
REV00360,P0035,C00969,4,2025-08-30,Works as expected
REV00361,P0134,C00348,5,2025-12-16,Really impressed
REV00362,P0011,C03433,2,2025-12-28,Average quality
REV00363,P0100,C01784,3,2025-04-25,
REV00364,P0071,C03875,3,2025-04-04,Okay product
REV00365,P0112,C01440,5,2025-10-26,Excellent product
REV00366,P0120,C04864,5,2025-02-22,Great quality and value
REV00367,P0132,C00688,1,2025-09-06,Not worth the price
REV00368,P0032,C04882,5,2025-05-03,Really impressed
REV00369,P0078,C03197,5,2025-04-23,Really impressed
REV00370,P0195,C03228,3,2025-04-10,Okay product
REV00371,P0192,C01310,5,2025-11-10,Excellent product
REV00372,P0106,C04475,4,2025-04-21,Happy with the purchase
REV00373,P0089,C00442,3,2025-10-03,Okay product
REV00374,P0066,C01102,5,2025-04-15,Excellent product
REV00375,P0144,C02275,4,2025-02-11,Works as expected
REV00376,P0073,C01269,4,2025-09-30,Good product
REV00377,P0014,C00489,5,2025-08-08,Really impressed
REV00378,P0092,C02400,3,2025-05-15,Decent for the price
REV00379,P0121,C02742,5,2025-05-04,Really impressed
REV00380,P0155,C01022,5,2025-12-21,Excellent product
REV00381,P0167,C02790,1,2025-11-06,Very disappointing
REV00382,P0118,C03895,5,2025-05-05,Excellent product
REV00383,P0134,C01119,5,2025-12-24,Really impressed
REV00384,P0182,C03551,5,2025-03-15,Great quality and value
REV00385,P0107,C04908,4,2025-07-13,Happy with the purchase
REV00386,P0175,C01721,5,2025-09-24,Great quality and value
REV00387,P0133,C00652,5,2025-02-18,Really impressed
REV00388,P0151,C04962,4,2025-04-19,Good product
REV00389,P0017,C03729,4,2025-02-13,Good product
REV00390,P0077,C04122,2,2025-10-19,Average quality
REV00391,P0107,C03651,5,2025-04-01,Really impressed
REV00392,P0197,C02861,4,2025-09-24,Happy with the purchase
REV00393,P0114,C04617,3,2025-10-29,Decent for the price
REV00394,P0004,C01573,5,2025-07-10,Really impressed
REV00395,P0079,C01139,5,2025-11-18,Great quality and value
REV00396,P0020,C04735,5,2025-11-02,Great quality and value
REV00397,P0152,C04905,5,2025-06-29,Excellent product
REV00398,P0176,C01120,4,2025-02-06,Works as expected
REV00399,P0113,C01964,3,2025-04-18,Okay product
REV00400,P0092,C01454,5,2025-05-28,Great quality and value
REV00401,P0147,C00937,4,2025-08-15,Good product
REV00402,P0091,C03794,2,2025-03-09,Not fully satisfied
REV00403,P0128,C01546,5,2025-02-06,Excellent product
REV00404,P0027,C04918,5,2025-06-11,Really impressed
REV00405,P0187,C02304,2,2025-10-26,Could be better
REV00406,P0055,C02792,5,2026-01-12,Really impressed
REV00407,P0095,C02089,4,2025-07-08,Good product
REV00408,P0134,C00390,5,2026-01-13,Great quality and value
REV00409,P0028,C03697,3,2025-06-20,Okay product
REV00410,P0107,C04141,5,2025-11-17,Excellent product
REV00411,P0120,C01539,3,2025-06-18,Okay product
REV00412,P0052,C03096,5,2025-10-11,Really impressed
REV00413,P0097,C02677,4,2025-05-12,Good product
REV00414,P0010,C00383,4,2025-11-12,Works as expected
REV00415,P0038,C03254,3,2025-11-22,Decent for the price
REV00416,P0050,C01608,4,2025-06-05,Good product
REV00417,P0042,C04511,2,2025-05-30,Average quality
REV00418,P0065,C04954,4,2025-09-13,Happy with the purchase
REV00419,P0037,C01051,4,2025-12-07,Good product
REV00420,P0075,C03175,4,2025-07-08,Good product
REV00421,P0109,C01010,5,2025-10-05,Excellent product
REV00422,P0186,C04931,4,2025-12-31,Happy with the purchase
REV00423,P0004,C04058,4,2025-05-08,Happy with the purchase
REV00424,P0189,C00468,5,2025-08-15,Excellent product
REV00425,P0174,C03479,4,2025-06-15,Happy with the purchase
REV00426,P0170,C02152,2,2025-11-27,Could be better
REV00427,P0086,C01299,4,2025-05-30,Works as expected
REV00428,P0184,C00776,5,2025-01-18,Excellent product
REV00429,P0114,C01468,4,2025-03-21,Happy with the purchase
REV00430,P0120,C04556,4,2025-07-12,Happy with the purchase
REV00431,P0169,C00089,5,2025-12-01,Great quality and value
REV00432,P0177,C02103,4,2025-03-27,Works as expected
REV00433,P0090,C04622,5,2025-05-04,Really impressed
REV00434,P0085,C03086,4,2025-12-04,Works as expected
REV00435,P0146,C02693,3,2025-02-06,Okay product
REV00436,P0150,C03389,5,2025-09-23,Really impressed
REV00437,P0137,C01139,5,2026-01-08,Really impressed
REV00438,P0067,C02363,5,2025-09-01,Really impressed
REV00439,P0122,C04864,4,2025-07-25,Works as expected
REV00440,P0182,C00718,3,2025-12-10,Average experience
REV00441,P0037,C03785,5,2025-07-08,Really impressed
REV00442,P0070,C03761,3,2026-01-24,Decent for the price
REV00443,P0009,C01825,5,2025-11-28,Excellent product
REV00444,P0015,C00401,5,2025-09-09,Great quality and value
REV00445,P0012,C02127,4,2026-01-11,Happy with the purchase
REV00446,P0153,C01084,4,2025-07-06,Works as expected
REV00447,P0146,C02657,3,2025-04-22,Okay product
REV00448,P0166,C00946,3,2025-07-24,Okay product
REV00449,P0114,C04061,2,2025-04-17,Average quality
REV00450,P0169,C04359,3,2025-02-12,Average experience
REV00451,P0134,C03690,2,2025-07-16,Average quality
REV00452,P0038,C01956,3,2025-09-04,Average experience
REV00453,P0038,C02134,4,2025-06-03,Works as expected
REV00454,P0161,C04467,4,2025-12-02,Works as expected
REV00455,P0136,C04410,3,2025-07-25,Average experience
REV00456,P0057,C00006,3,2025-08-27,Okay product
REV00457,P0142,C01546,3,2025-05-11,Decent for the price
REV00458,P0149,C02183,4,2025-04-01,Works as expected
REV00459,P0122,C01633,4,2025-07-16,Good product
REV00460,P0165,C03527,4,2025-04-02,Good product
REV00461,P0130,C00408,3,2025-08-05,
REV00462,P0178,C04381,3,2025-12-25,Okay product
REV00463,P0176,C00081,4,2025-11-24,Works as expected
REV00464,P0167,C02600,4,2025-01-11,Happy with the purchase
REV00465,P0182,C01674,2,2025-02-07,Could be better
REV00466,P0193,C04957,3,2025-10-15,Decent for the price
REV00467,P0078,C00935,4,2025-04-03,Works as expected
REV00468,P0126,C00677,4,2025-03-30,Works as expected
REV00469,P0070,C01120,3,2025-09-02,Decent for the price
REV00470,P0039,C00604,1,2025-07-02,Very disappointing
REV00471,P0077,C00513,5,2025-04-12,Excellent product
REV00472,P0031,C04243,4,2025-08-18,Happy with the purchase
REV00473,P0073,C04557,4,2025-05-07,Happy with the purchase
REV00474,P0079,C04954,4,2026-01-16,
REV00475,P0142,C03491,4,2025-08-21,Good product
REV00476,P0138,C02720,5,2025-11-02,Great quality and value
REV00477,P0137,C00912,5,2025-04-23,Really impressed
REV00478,P0125,C03645,2,2025-09-03,Average quality
REV00479,P0134,C04086,2,2025-08-13,Average quality
REV00480,P0020,C00302,5,2025-07-06,Great quality and value
REV00481,P0119,C02075,3,2025-12-18,Average experience
REV00482,P0114,C01815,1,2025-01-09,Poor quality
REV00483,P0058,C00699,5,2025-08-05,Great quality and value
REV00484,P0063,C02712,2,2025-02-28,Not fully satisfied
REV00485,P0066,C00569,5,2025-10-21,Great quality and value
REV00486,P0137,C02760,3,2026-01-27,Decent for the price
REV00487,P0091,C00387,4,2025-11-24,Works as expected
REV00488,P0018,C00236,3,2026-01-19,Decent for the price
REV00489,P0148,C02399,4,2025-04-21,Good product
REV00490,P0120,C01045,3,2025-09-30,Okay product
REV00491,P0001,C03535,5,2025-12-28,Great quality and value
REV00492,P0134,C02461,2,2025-10-12,Average quality
REV00493,P0159,C04238,3,2026-01-23,Okay product
REV00494,P0063,C03923,5,2025-03-10,Great quality and value
REV00495,P0032,C04036,3,2025-09-22,Decent for the price
REV00496,P0092,C00616,3,2025-08-11,Average experience
REV00497,P0173,C02707,4,2025-02-07,Good product
REV00498,P0102,C03831,2,2025-12-31,Could be better
REV00499,P0200,C02782,3,2025-06-17,Average experience
REV00500,P0187,C01156,5,2025-03-05,Great quality and value
REV00501,P0087,C03398,4,2026-01-12,Happy with the purchase
REV00502,P0044,C02324,4,2025-12-02,Works as expected
REV00503,P0053,C03015,5,2025-10-12,Really impressed
REV00504,P0029,C00025,5,2026-01-20,Great quality and value
REV00505,P0056,C04442,3,2025-04-02,Okay product
REV00506,P0164,C04302,3,2025-10-16,Average experience
REV00507,P0023,C01961,5,2025-05-28,Really impressed
REV00508,P0153,C04633,3,2025-11-08,Decent for the price
REV00509,P0187,C03229,4,2025-04-05,Good product
REV00510,P0069,C01248,4,2025-02-21,Good product
REV00511,P0059,C03581,5,2025-07-15,Great quality and value
REV00512,P0145,C00820,5,2025-03-25,Really impressed
REV00513,P0178,C00074,4,2025-09-22,Works as expected
REV00514,P0032,C02005,5,2025-12-22,Really impressed
REV00515,P0057,C04005,4,2025-01-08,Good product
REV00516,P0137,C03579,4,2025-01-26,Works as expected
REV00517,P0110,C03656,4,2026-01-09,Good product
REV00518,P0011,C01920,5,2025-01-18,Great quality and value
REV00519,P0047,C02649,5,2025-06-06,Great quality and value
REV00520,P0031,C00067,5,2026-01-02,Really impressed
REV00521,P0157,C02900,4,2025-06-21,Happy with the purchase
REV00522,P0174,C01018,1,2025-03-10,Poor quality
REV00523,P0193,C04457,3,2025-04-30,Average experience
REV00524,P0164,C00947,4,2025-12-18,Good product
REV00525,P0135,C00252,5,2025-09-24,Really impressed
REV00526,P0086,C03971,5,2025-09-05,Excellent product
REV00527,P0072,C00194,4,2025-09-13,Good product
REV00528,P0107,C04334,4,2026-02-07,Good product
REV00529,P0043,C01052,4,2025-10-27,Works as expected
REV00530,P0115,C03065,4,2025-05-28,Good product
REV00531,P0064,C01849,5,2025-05-10,Great quality and value
REV00532,P0010,C04125,5,2025-04-23,Excellent product
REV00533,P0126,C04407,4,2025-06-08,Good product
REV00534,P0061,C04483,3,2026-01-19,Okay product
REV00535,P0029,C03575,4,2025-07-09,Happy with the purchase
REV00536,P0106,C00833,4,2026-02-04,Good product
REV00537,P0023,C04057,3,2025-06-07,Okay product
REV00538,P0161,C04569,5,2025-12-28,Great quality and value
REV00539,P0050,C00521,3,2025-08-10,Decent for the price
REV00540,P0148,C00436,5,2025-02-08,Great quality and value
REV00541,P0185,C02511,4,2025-01-23,Good product
REV00542,P0004,C03324,4,2025-09-29,Happy with the purchase
REV00543,P0018,C01953,5,2025-07-24,Really impressed
REV00544,P0044,C02512,2,2025-10-02,Not fully satisfied
REV00545,P0164,C03559,4,2025-07-05,Happy with the purchase
REV00546,P0158,C02803,4,2025-11-29,Works as expected
REV00547,P0008,C02270,4,2025-02-20,Happy with the purchase
REV00548,P0187,C02682,5,2025-04-26,Really impressed
REV00549,P0124,C00453,5,2025-04-04,Excellent product
REV00550,P0122,C01935,4,2025-10-27,Happy with the purchase
REV00551,P0112,C00041,4,2025-07-27,Works as expected
REV00552,P0134,C04622,5,2025-06-08,Great quality and value
REV00553,P0118,C01065,5,2025-12-31,Great quality and value
REV00554,P0193,C04767,3,2025-04-22,Average experience
REV00555,P0144,C02677,3,2025-05-14,Decent for the price
REV00556,P0038,C04823,4,2025-05-06,Good product
REV00557,P0055,C02624,4,2025-10-26,Works as expected
REV00558,P0098,C03595,5,2025-06-03,Great quality and value
REV00559,P0103,C00872,4,2025-11-17,Works as expected
REV00560,P0170,C02392,5,2025-06-13,Excellent product
REV00561,P0104,C00917,2,2025-06-07,Not fully satisfied
REV00562,P0114,C01846,5,2025-08-07,Great quality and value
REV00563,P0110,C01065,2,2025-07-16,Could be better
REV00564,P0126,C00784,4,2025-02-09,Good product
REV00565,P0081,C01979,4,2025-08-04,Good product
REV00566,P0130,C02383,2,2025-02-15,Could be better
REV00567,P0114,C01960,4,2025-06-23,Good product
REV00568,P0151,C04564,5,2025-09-24,Great quality and value
REV00569,P0163,C02497,5,2025-11-16,Really impressed
REV00570,P0012,C04291,4,2025-02-22,Happy with the purchase
REV00571,P0131,C04405,5,2025-02-14,Excellent product
REV00572,P0129,C01388,4,2025-11-14,Works as expected
REV00573,P0117,C00390,4,2025-07-20,Good product
REV00574,P0144,C00458,5,2025-11-08,Excellent product
REV00575,P0194,C03424,3,2025-03-06,Average experience
REV00576,P0132,C00408,3,2025-12-14,Decent for the price
REV00577,P0028,C01135,4,2025-05-05,Works as expected
REV00578,P0049,C02250,4,2025-03-04,Happy with the purchase
REV00579,P0039,C04131,4,2025-04-25,Works as expected
REV00580,P0110,C04604,2,2025-12-07,Could be better
REV00581,P0197,C00014,3,2025-10-29,Okay product
REV00582,P0047,C04356,2,2025-10-22,Average quality
REV00583,P0120,C03122,2,2025-04-03,Could be better
REV00584,P0094,C04674,3,2026-01-21,Decent for the price
REV00585,P0084,C01494,3,2025-04-27,Okay product
REV00586,P0087,C01931,4,2025-02-01,Works as expected
REV00587,P0055,C04984,5,2025-08-09,Great quality and value
REV00588,P0011,C03924,3,2026-01-01,Average experience
REV00589,P0106,C04743,5,2025-07-28,Great quality and value
REV00590,P0149,C04862,1,2025-03-16,Not worth the price
REV00591,P0056,C04865,3,2025-05-29,Average experience
REV00592,P0150,C00477,4,2025-07-04,Happy with the purchase
REV00593,P0112,C02237,4,2025-10-19,Works as expected
REV00594,P0037,C01000,3,2025-06-27,Average experience
REV00595,P0171,C02070,4,2025-09-21,Works as expected
REV00596,P0194,C00654,4,2025-09-25,Works as expected
REV00597,P0190,C04453,4,2025-12-06,Good product
REV00598,P0034,C01193,4,2025-05-08,Happy with the purchase
REV00599,P0184,C02130,4,2025-11-02,Happy with the purchase
REV00600,P0124,C03271,1,2025-04-26,Very disappointing
REV00601,P0194,C01530,4,2026-01-01,Happy with the purchase
REV00602,P0056,C01983,5,2025-10-22,Really impressed
REV00603,P0093,C04595,4,2025-05-21,Good product
REV00604,P0048,C04782,4,2025-12-28,Happy with the purchase
REV00605,P0121,C00427,4,2025-04-19,Works as expected
REV00606,P0136,C02918,5,2025-09-11,Really impressed
REV00607,P0143,C03019,5,2025-08-17,Really impressed
REV00608,P0041,C01287,5,2025-07-22,Great quality and value
REV00609,P0140,C02915,3,2025-10-01,Average experience
REV00610,P0199,C04316,4,2025-12-09,Happy with the purchase
REV00611,P0130,C02095,5,2025-08-22,Really impressed
REV00612,P0162,C00161,4,2025-02-10,Good product
REV00613,P0041,C02493,5,2025-07-24,Great quality and value
REV00614,P0104,C00101,4,2025-07-15,Good product
REV00615,P0101,C02016,3,2025-09-19,Average experience
REV00616,P0146,C02974,5,2025-08-23,Excellent product
REV00617,P0172,C03306,3,2025-03-06,Okay product
REV00618,P0049,C03329,3,2025-03-13,Okay product
REV00619,P0065,C04164,4,2025-09-15,Works as expected
REV00620,P0057,C03381,4,2025-07-15,Works as expected
REV00621,P0089,C01660,4,2025-03-18,Happy with the purchase
REV00622,P0083,C04193,5,2025-06-11,Great quality and value
REV00623,P0068,C03519,2,2025-09-08,Could be better
REV00624,P0182,C02146,3,2025-06-26,Decent for the price
REV00625,P0164,C00162,3,2025-11-22,Decent for the price
REV00626,P0122,C01273,5,2025-10-10,Great quality and value
REV00627,P0161,C04869,1,2025-03-07,Very disappointing
REV00628,P0154,C04490,3,2025-09-03,Decent for the price
REV00629,P0043,C00683,5,2026-01-25,Excellent product
REV00630,P0033,C01163,4,2025-05-14,Works as expected
REV00631,P0004,C03492,5,2025-12-04,Great quality and value
REV00632,P0126,C03280,4,2025-04-07,Good product
REV00633,P0009,C04906,4,2025-08-11,Good product
REV00634,P0034,C04010,3,2025-12-22,Okay product
REV00635,P0145,C04663,4,2025-09-12,Happy with the purchase
REV00636,P0031,C02526,5,2025-06-30,Great quality and value
REV00637,P0188,C01088,4,2025-08-06,Happy with the purchase
REV00638,P0084,C01106,3,2025-08-01,Decent for the price
REV00639,P0079,C04956,4,2025-07-04,Happy with the purchase
REV00640,P0111,C00286,4,2025-12-04,Works as expected
REV00641,P0137,C00728,4,2025-06-10,Good product
REV00642,P0152,C04901,3,2026-01-17,Decent for the price
REV00643,P0177,C01866,5,2025-08-17,Great quality and value
REV00644,P0138,C00576,5,2025-11-01,Great quality and value
REV00645,P0094,C01940,4,2025-07-07,Happy with the purchase
REV00646,P0182,C00063,3,2025-05-17,Decent for the price
REV00647,P0091,C04507,3,2025-07-09,Okay product
REV00648,P0156,C01957,4,2025-01-16,Works as expected
REV00649,P0158,C01176,3,2025-07-28,Decent for the price
REV00650,P0166,C04301,4,2026-01-24,Works as expected
REV00651,P0037,C01737,4,2025-10-04,Good product
REV00652,P0061,C03534,3,2025-08-21,Average experience
REV00653,P0042,C02354,4,2025-04-23,Works as expected
REV00654,P0016,C01448,5,2025-08-10,Great quality and value
REV00655,P0110,C01654,2,2025-07-10,Average quality
REV00656,P0186,C01710,3,2025-09-12,Okay product
REV00657,P0030,C02382,5,2025-05-11,Really impressed
REV00658,P0196,C02565,5,2025-07-22,Great quality and value
REV00659,P0018,C03979,5,2025-11-25,Great quality and value
REV00660,P0120,C04700,5,2025-05-04,Really impressed
REV00661,P0161,C02454,4,2025-11-04,Good product
REV00662,P0041,C04508,4,2025-03-07,Happy with the purchase
REV00663,P0027,C02431,1,2025-03-29,Poor quality
REV00664,P0098,C02082,3,2025-07-23,Average experience
REV00665,P0172,C04671,4,2025-05-29,Good product
REV00666,P0169,C04298,5,2025-06-01,Great quality and value
REV00667,P0162,C03910,5,2025-04-03,Really impressed
REV00668,P0040,C04798,3,2026-01-08,Okay product
REV00669,P0128,C00582,5,2025-11-04,Really impressed
REV00670,P0006,C03046,5,2025-03-09,Really impressed
REV00671,P0172,C04985,5,2025-05-18,Really impressed
REV00672,P0111,C00733,2,2025-06-03,Could be better
REV00673,P0121,C03915,4,2026-01-08,Happy with the purchase
REV00674,P0003,C03184,4,2025-05-11,Works as expected
REV00675,P0047,C01543,2,2025-12-12,
REV00676,P0108,C02474,3,2025-08-16,Average experience
REV00677,P0045,C04139,5,2025-09-09,Really impressed
REV00678,P0001,C00329,4,2025-08-19,Works as expected
REV00679,P0104,C03800,3,2025-12-19,Average experience
REV00680,P0079,C00419,3,2025-06-28,Average experience
REV00681,P0003,C01998,1,2025-09-21,Poor quality
REV00682,P0023,C03155,4,2025-03-18,Good product
REV00683,P0146,C02573,4,2025-11-11,Works as expected
REV00684,P0047,C02124,5,2025-05-11,Excellent product
REV00685,P0125,C01613,4,2025-03-23,Good product
REV00686,P0165,C04274,5,2025-03-26,Great quality and value
REV00687,P0054,C02382,5,2025-12-04,Great quality and value
REV00688,P0019,C04437,3,2025-08-13,Decent for the price
REV00689,P0092,C00811,2,2025-07-20,Could be better
REV00690,P0177,C03330,4,2025-10-10,Good product
REV00691,P0112,C00671,4,2025-05-12,Good product
REV00692,P0100,C00609,4,2025-07-10,Happy with the purchase
REV00693,P0060,C04653,3,2025-12-27,Decent for the price
REV00694,P0175,C00691,5,2025-12-04,Excellent product
REV00695,P0160,C01272,4,2025-11-23,Good product
REV00696,P0137,C02111,5,2025-08-15,Great quality and value
REV00697,P0006,C02537,4,2025-04-08,Happy with the purchase
REV00698,P0057,C01329,4,2025-08-26,Good product
REV00699,P0015,C02466,2,2025-06-19,Could be better
REV00700,P0175,C04405,4,2025-04-01,Good product
REV00701,P0044,C03084,4,2025-02-25,Happy with the purchase
REV00702,P0103,C04404,3,2025-04-28,Decent for the price
REV00703,P0044,C00561,5,2025-03-11,Excellent product
REV00704,P0188,C04217,4,2025-09-12,Good product
REV00705,P0111,C04568,5,2025-09-17,Excellent product
REV00706,P0062,C02996,3,2025-04-01,Decent for the price
REV00707,P0133,C01627,5,2025-10-14,Great quality and value
REV00708,P0101,C03070,5,2025-04-20,Really impressed
REV00709,P0111,C00100,5,2025-03-20,Great quality and value
REV00710,P0110,C01295,4,2025-04-17,Good product
REV00711,P0031,C04795,4,2025-08-26,Good product
REV00712,P0059,C01061,5,2025-07-23,Excellent product
REV00713,P0042,C04626,5,2026-01-16,Great quality and value
REV00714,P0187,C00608,1,2025-05-06,Not worth the price
REV00715,P0053,C00007,1,2025-02-28,Very disappointing
REV00716,P0132,C02435,3,2025-01-30,Decent for the price
REV00717,P0075,C00133,5,2025-10-17,Excellent product
REV00718,P0136,C02314,5,2025-04-21,Great quality and value
REV00719,P0134,C01920,5,2025-03-02,Excellent product
REV00720,P0023,C02111,3,2025-06-07,Okay product
REV00721,P0125,C00237,5,2025-12-09,Really impressed
REV00722,P0007,C03186,2,2025-11-06,Average quality
REV00723,P0104,C01989,4,2025-08-02,Works as expected
REV00724,P0139,C02797,5,2025-07-19,Great quality and value
REV00725,P0121,C00312,5,2025-11-19,Really impressed
REV00726,P0125,C02042,5,2025-05-29,Great quality and value
REV00727,P0139,C04619,4,2025-07-22,Happy with the purchase
REV00728,P0032,C03488,,2025-07-16,Okay product
REV00729,P0180,C00706,5,2025-10-22,Great quality and value
REV00730,P0024,C02021,5,2025-07-29,Really impressed
REV00731,P0024,C03461,4,2025-09-30,Works as expected
REV00732,P0095,C04963,4,2025-07-22,Good product
REV00733,P0049,C02463,5,2026-01-20,Really impressed
REV00734,P0095,C00154,1,2025-11-24,Not worth the price
REV00735,P0072,C03241,5,2025-05-11,Great quality and value
REV00736,P0045,C01707,5,2025-12-06,Really impressed
REV00737,P0130,C02695,4,2025-07-29,Good product
REV00738,P0077,C00990,5,2025-10-26,Really impressed
REV00739,P0162,C01772,5,2025-05-24,Really impressed
REV00740,P0123,C03832,4,2025-07-03,Works as expected
REV00741,P0011,C01079,4,2026-01-16,Good product
REV00742,P0148,C04513,5,2025-05-06,Excellent product
REV00743,P0199,C03496,5,2025-05-14,Excellent product
REV00744,P0006,C00950,3,2025-12-05,Okay product
REV00745,P0117,C02518,5,2025-08-25,Excellent product
REV00746,P0030,C01108,2,2025-02-19,Not fully satisfied
REV00747,P0082,C03626,5,2025-11-20,Excellent product
REV00748,P0165,C04001,5,2025-10-22,Excellent product
REV00749,P0015,C04106,5,2025-06-08,Really impressed
REV00750,P0019,C03215,3,2025-04-09,Average experience
REV00751,P0123,C00096,3,2025-03-06,Okay product
REV00752,P0102,C02373,4,2025-12-23,Good product
REV00753,P0118,C03381,4,2025-12-11,Good product
REV00754,P0051,C04248,4,2025-06-22,Good product
REV00755,P0154,C01110,4,2025-04-21,Works as expected
REV00756,P0132,C03174,5,2025-02-12,Really impressed
REV00757,P0084,C01552,4,2025-01-29,Works as expected
REV00758,P0035,C04802,5,2025-08-07,Really impressed
REV00759,P0093,C00763,4,2025-02-23,Good product
REV00760,P0139,C03445,3,2025-04-30,Average experience
REV00761,P0114,C04756,4,2025-06-07,Happy with the purchase
REV00762,P0075,C01271,4,2025-03-23,Works as expected
REV00763,P0088,C03925,2,2025-03-20,Average quality
REV00764,P0108,C04962,2,2025-06-30,Could be better
REV00765,P0098,C04840,5,2025-07-03,Excellent product
REV00766,P0060,C01261,5,2025-02-08,Great quality and value
REV00767,P0021,C03386,5,2025-08-26,Really impressed
REV00768,P0080,C02482,4,2025-09-10,Works as expected
REV00769,P0119,C04965,4,2025-03-14,Happy with the purchase
REV00770,P0063,C03941,5,2025-12-20,Really impressed
REV00771,P0018,C00618,4,2025-09-28,Works as expected
REV00772,P0175,C02609,4,2025-11-11,Works as expected
REV00773,P0128,C04904,4,2025-05-07,Works as expected
REV00774,P0042,C02718,4,2025-04-29,
REV00775,P0100,C03592,5,2025-08-15,Great quality and value
REV00776,P0011,C03469,5,2025-04-20,Great quality and value
REV00777,P0057,C04475,4,2025-05-09,Works as expected
REV00778,P0108,C00734,5,2025-08-11,Great quality and value
REV00779,P0031,C02766,1,2025-06-04,Very disappointing
REV00780,P0140,C03879,5,2025-09-05,Great quality and value
REV00781,P0063,C03107,2,2025-11-27,Could be better
REV00782,P0026,C04765,3,2025-09-21,Decent for the price
REV00783,P0092,C00694,4,2025-10-08,Works as expected
REV00784,P0155,C01912,4,2025-10-10,
REV00785,P0133,C03464,5,2026-01-04,Excellent product
REV00786,P0182,C00289,5,2025-09-18,Excellent product
REV00787,P0104,C00869,5,2025-06-05,Great quality and value
REV00788,P0095,C03774,5,2025-12-21,Great quality and value
REV00789,P0173,C01934,4,2025-05-09,
REV00790,P0166,C02314,4,2025-12-08,Works as expected
REV00791,P0014,C04807,4,2026-01-27,Good product
REV00792,P0043,C00287,5,2025-04-15,Great quality and value
REV00793,P0103,C01969,2,2025-05-08,Not fully satisfied
REV00794,P0162,C03868,4,2025-08-26,Works as expected
REV00795,P0053,C00360,1,2025-06-05,Not worth the price
REV00796,P0010,C04501,4,2025-01-31,Works as expected
REV00797,P0059,C01600,3,2025-08-02,Okay product
REV00798,P0018,C00525,5,2025-10-31,Really impressed
REV00799,P0019,C04000,4,2025-06-10,Works as expected
REV00800,P0108,C04055,4,2025-10-17,Happy with the purchase
REV00801,P0180,C03142,3,2025-07-17,Okay product
REV00802,P0047,C01443,4,2026-01-03,Happy with the purchase
REV00803,P0135,C00889,3,2025-08-07,Okay product
REV00804,P0112,C03484,5,2025-07-14,Really impressed
REV00805,P0185,C02477,5,2025-11-19,Excellent product
REV00806,P0079,C01655,5,2025-07-06,Excellent product
REV00807,P0054,C03322,3,2025-09-23,Average experience
REV00808,P0103,C04937,5,2026-01-06,Excellent product
REV00809,P0148,C04885,2,2025-07-21,Average quality
REV00810,P0070,C00072,4,2025-05-19,Good product
REV00811,P0125,C04347,2,2025-12-06,
REV00812,P0149,C02111,5,2025-12-01,Great quality and value
REV00813,P0066,C00925,4,2025-07-17,Good product
REV00814,P0028,C00016,5,2025-08-27,Great quality and value
REV00815,P0015,C02523,5,2025-07-06,Great quality and value
REV00816,P0053,C00609,5,2025-07-27,Excellent product
REV00817,P0179,C04434,4,2025-09-08,Happy with the purchase
REV00818,P0138,C03948,4,2025-12-31,Good product
REV00819,P0013,C02971,5,2025-12-12,Great quality and value
REV00820,P0037,C02199,2,2025-09-15,Could be better
REV00821,P0081,C00192,4,2025-04-17,Happy with the purchase
REV00822,P0071,C00738,4,2026-01-06,Works as expected
REV00823,P0154,C01408,4,2025-06-20,Works as expected
REV00824,P0174,C00243,2,2025-03-14,Average quality
REV00825,P0007,C02946,3,2025-09-24,Decent for the price
REV00826,P0106,C01744,5,2025-09-20,Great quality and value
REV00827,P0177,C02042,5,2025-10-15,Great quality and value
REV00828,P0158,C03737,4,2025-04-15,Happy with the purchase
REV00829,P0027,C00321,4,2025-05-12,Works as expected
REV00830,P0096,C01070,5,2025-06-29,Excellent product
REV00831,P0071,C04943,5,2025-07-27,Really impressed
REV00832,P0066,C00843,5,2025-05-14,Really impressed
REV00833,P0149,C00634,2,2025-09-22,Average quality
REV00834,P0023,C01868,4,2025-10-22,Works as expected
REV00835,P0165,C03662,5,2025-04-12,Great quality and value
REV00836,P0072,C03564,5,2025-03-02,Really impressed
REV00837,P0142,C04904,4,2025-06-05,Happy with the purchase
REV00838,P0018,C03599,2,2025-11-03,Average quality
REV00839,P0184,C03848,5,2025-03-03,Excellent product
REV00840,P0005,C03911,2,2025-03-08,Could be better
REV00841,P0139,C03067,5,2025-08-28,Really impressed
REV00842,P0142,C01445,2,2025-12-22,Not fully satisfied
REV00843,P0182,C02643,1,2025-10-26,Not worth the price
REV00844,P0048,C04554,4,2025-08-15,Happy with the purchase
REV00845,P0192,C03463,4,2026-01-28,Happy with the purchase
REV00846,P0197,C00948,1,2025-06-04,Poor quality
REV00847,P0189,C01082,5,2025-12-06,Great quality and value
REV00848,P0059,C00900,2,2025-02-08,Could be better
REV00849,P0174,C01020,2,2025-03-21,Not fully satisfied
REV00850,P0140,C02098,5,2025-04-23,Excellent product
REV00851,P0155,C00989,4,2025-10-16,Good product
REV00852,P0175,C03151,5,2025-11-03,Great quality and value
REV00853,P0149,C00502,4,2025-05-21,Good product
REV00854,P0094,C03681,5,2025-09-21,Great quality and value
REV00855,P0029,C01673,5,2025-05-11,Really impressed
REV00856,P0120,C01431,5,2025-08-01,Great quality and value
REV00857,P0022,C03333,3,2025-05-02,Average experience
REV00858,P0070,C02104,2,2025-04-12,Could be better
REV00859,P0002,C02572,4,2025-05-09,Happy with the purchase
REV00860,P0078,C00312,3,2025-10-12,Okay product
REV00861,P0055,C04122,4,2025-12-24,Good product
REV00862,P0023,C00462,3,2025-12-20,Decent for the price
REV00863,P0039,C04240,4,2025-10-13,Good product
REV00864,P0132,C01604,4,2025-03-16,Good product
REV00865,P0057,C03946,5,2025-09-23,Really impressed
REV00866,P0200,C04106,4,2026-01-01,Happy with the purchase
REV00867,P0191,C02109,5,2025-07-24,Really impressed
REV00868,P0084,C02184,4,2025-09-06,Works as expected
REV00869,P0130,C02923,4,2025-11-10,Works as expected
REV00870,P0119,C01247,4,2025-10-15,Happy with the purchase
REV00871,P0084,C00949,4,2025-04-29,Happy with the purchase
REV00872,P0164,C02248,4,2025-08-15,Works as expected
REV00873,P0003,C01560,1,2025-08-05,Not worth the price
REV00874,P0166,C02052,3,2025-04-07,Average experience
REV00875,P0111,C00385,3,2025-06-09,Average experience
REV00876,P0096,C01165,4,2025-11-11,Good product
REV00877,P0024,C01721,3,2025-03-02,Decent for the price
REV00878,P0042,C02490,3,2025-04-01,Decent for the price
REV00879,P0038,C00501,5,2025-01-31,Excellent product
REV00880,P0021,C01702,4,2025-05-31,Happy with the purchase
REV00881,P0175,C04774,5,2025-12-28,Excellent product
REV00882,P0152,C04720,4,2025-02-06,Happy with the purchase
REV00883,P0158,C01581,5,2025-05-26,Really impressed
REV00884,P0163,C01211,3,2025-12-02,Decent for the price
REV00885,P0185,C00194,4,2026-01-02,Happy with the purchase
REV00886,P0173,C03551,2,2025-01-28,Not fully satisfied
REV00887,P0104,C04863,1,2025-07-01,Poor quality
REV00888,P0143,C03336,4,2025-12-01,Happy with the purchase
REV00889,P0036,C01193,4,2025-03-01,Good product
REV00890,P0145,C02840,4,2025-10-11,Works as expected
REV00891,P0160,C01808,5,2025-05-28,Excellent product
REV00892,P0136,C01910,5,2025-07-26,Really impressed
REV00893,P0063,C00425,4,2025-12-24,Works as expected
REV00894,P0118,C03293,4,2025-04-15,Happy with the purchase
REV00895,P0172,C00826,4,2025-06-04,Good product
REV00896,P0056,C02736,5,2025-07-11,Great quality and value
REV00897,P0062,C04097,4,2025-07-22,Happy with the purchase
REV00898,P0110,C03699,5,2025-07-27,Excellent product
REV00899,P0067,C02094,5,2025-08-08,Excellent product
REV00900,P0192,C01350,4,2025-01-14,Works as expected
REV00901,P0191,C02608,5,2025-12-05,Excellent product
REV00902,P0176,C01668,5,2025-01-27,Great quality and value
REV00903,P0085,C01404,4,2025-10-25,Happy with the purchase
REV00904,P0127,C03716,3,2025-06-14,Decent for the price
REV00905,P0083,C02207,4,2025-03-06,Good product
REV00906,P0158,C00155,3,2025-02-15,Average experience
REV00907,P0020,C00182,2,2025-02-21,Could be better
REV00908,P0057,C04705,4,2025-08-27,Happy with the purchase
REV00909,P0148,C03961,4,2025-05-17,Good product
REV00910,P0190,C02857,5,2025-08-18,Excellent product
REV00911,P0112,C02284,3,2025-01-13,Okay product
REV00912,P0134,C01118,5,2025-12-05,Really impressed
REV00913,P0065,C00561,2,2025-09-06,Average quality
REV00914,P0155,C01645,3,2025-02-09,Okay product
REV00915,P0133,C03953,3,2025-08-11,Average experience
REV00916,P0093,C01080,4,2025-11-22,Good product
REV00917,P0177,C03334,4,2025-08-03,Works as expected
REV00918,P0133,C04469,4,2025-10-07,Works as expected
REV00919,P0151,C00745,2,2025-04-15,Could be better
REV00920,P0077,C01928,3,2025-09-06,Decent for the price
REV00921,P0160,C00173,5,2025-04-19,Really impressed
REV00922,P0075,C01262,5,2025-08-18,Excellent product
REV00923,P0155,C00927,2,2025-03-27,Average quality
REV00924,P0118,C03925,4,2025-05-12,Good product
REV00925,P0083,C02609,4,2025-03-22,Good product
REV00926,P0134,C01976,5,2025-06-16,Great quality and value
REV00927,P0083,C00995,4,2025-03-07,Works as expected
REV00928,P0137,C04187,4,2025-06-17,Works as expected
REV00929,P0099,C01960,3,2025-02-07,Okay product
REV00930,P0049,C01791,5,2026-01-11,Excellent product
REV00931,P0002,C04417,5,2025-08-31,Really impressed
REV00932,P0036,C04949,4,2025-10-19,Works as expected
REV00933,P0176,C01696,5,2025-11-30,Really impressed
REV00934,P0145,C04422,1,2025-07-27,Not worth the price
REV00935,P0159,C02620,5,2025-09-21,Really impressed
REV00936,P0007,C01733,2,2025-10-04,Not fully satisfied
REV00937,P0180,C02336,5,2026-01-07,Great quality and value
REV00938,P0083,C03142,4,2025-06-16,Works as expected
REV00939,P0047,C00711,2,2025-09-11,Could be better
REV00940,P0167,C03266,1,2025-08-17,Poor quality
REV00941,P0099,C01397,4,2025-03-08,Good product
REV00942,P0003,C03498,2,2025-02-08,Not fully satisfied
REV00943,P0028,C04858,4,2026-01-18,Works as expected
REV00944,P0050,C00280,4,2026-01-25,Good product
REV00945,P0003,C03576,5,2025-08-23,Really impressed
REV00946,P0145,C03582,5,2025-03-27,Excellent product
REV00947,P0079,C03001,2,2025-11-01,Average quality
REV00948,P0162,C02141,4,2025-12-25,Good product
REV00949,P0100,C02764,4,2025-03-20,Happy with the purchase
REV00950,P0105,C00866,4,2025-11-08,Works as expected
REV00951,P0069,C03997,4,2025-10-19,Happy with the purchase
REV00952,P0150,C02416,4,2025-09-24,Works as expected
REV00953,P0052,C01730,4,2025-02-14,Happy with the purchase
REV00954,P0042,C01879,5,2025-11-02,Really impressed
REV00955,P0187,C03755,5,2025-04-18,Great quality and value
REV00956,P0162,C02899,3,2025-02-01,Decent for the price
REV00957,P0171,C04312,5,2025-12-06,Great quality and value
REV00958,P0037,C01808,3,2025-05-10,Decent for the price
REV00959,P0028,C02183,4,2025-08-13,Happy with the purchase
REV00960,P0152,C01915,4,2025-08-13,Works as expected
REV00961,P0183,C02985,4,2026-01-19,Works as expected
REV00962,P0194,C04851,5,2025-05-29,Great quality and value
REV00963,P0032,C02668,3,2025-12-01,Okay product
REV00964,P0181,C03890,4,2025-05-22,Good product
REV00965,P0026,C01917,5,2026-01-24,Great quality and value
REV00966,P0055,C04505,4,2025-04-10,Good product
REV00967,P0094,C03838,4,2026-01-06,Good product
REV00968,P0199,C03246,3,2025-03-01,Decent for the price
REV00969,P0169,C00013,5,2025-03-04,Excellent product
REV00970,P0123,C02043,5,2025-10-22,Great quality and value
REV00971,P0150,C02520,5,2025-05-25,Really impressed
REV00972,P0071,C04775,2,2025-06-14,Could be better
REV00973,P0158,C02930,4,2025-02-23,Good product
REV00974,P0025,C01633,1,2025-10-17,Not worth the price
REV00975,P0035,C03389,5,2025-05-18,Great quality and value
REV00976,P0006,C02154,4,2025-06-22,Works as expected
REV00977,P0075,C01011,3,2025-06-06,Decent for the price
REV00978,P0050,C04081,3,2025-07-04,Okay product
REV00979,P0004,C03117,2,2025-05-06,Average quality
REV00980,P0019,C01314,3,2025-09-22,Okay product
REV00981,P0144,C00807,4,2025-02-27,Works as expected
REV00982,P0090,C02976,5,2025-05-21,Excellent product
REV00983,P0086,C04058,4,2025-08-30,Happy with the purchase
REV00984,P0054,C00406,4,2025-05-06,Happy with the purchase
REV00985,P0196,C04219,2,2025-11-28,Could be better
REV00986,P0010,C00172,4,2025-04-14,Works as expected
REV00987,P0113,C01063,5,2025-03-24,Really impressed
REV00988,P0074,C02398,4,2025-10-23,Happy with the purchase
REV00989,P0003,C03326,4,2025-07-15,Good product
REV00990,P0074,C01718,4,2025-12-12,Works as expected
REV00991,P0150,C02688,1,2026-01-05,Very disappointing
REV00992,P0133,C01325,4,2025-08-26,Good product
REV00993,P0180,C02907,4,2025-05-15,Good product
REV00994,P0013,C00020,5,2025-04-20,Great quality and value
REV00995,P0103,C00716,5,2025-04-15,Great quality and value
REV00996,P0122,C01328,4,2025-11-19,Good product
REV00997,P0187,C01500,3,2025-09-04,Okay product
REV00998,P0127,C02772,2,2025-10-10,Not fully satisfied
REV00999,P0028,C01505,4,2025-11-26,Happy with the purchase
REV01000,P0056,C01443,3,2025-11-06,Average experience
REV01001,P0190,C00545,5,2025-04-18,Really impressed
REV01002,P0137,C03430,5,2025-06-01,Really impressed
REV01003,P0036,C01424,4,2025-02-15,Works as expected
REV01004,P0045,C04281,4,2025-05-20,Good product
REV01005,P0134,C00053,5,2025-06-10,Really impressed
REV01006,P0108,C02166,5,2025-12-27,Excellent product
REV01007,P0004,C03762,3,2025-09-23,Average experience
REV01008,P0017,C00739,4,2025-05-10,Good product
REV01009,P0059,C03505,3,2025-01-25,Average experience
REV01010,P0035,C01519,5,2025-04-17,Great quality and value
REV01011,P0042,C04816,3,2025-06-18,Decent for the price
REV01012,P0094,C04283,5,2025-06-14,Really impressed
REV01013,P0022,C00746,4,2025-12-24,Works as expected
REV01014,P0048,C01923,5,2025-08-19,Excellent product
REV01015,P0120,C03692,5,2025-04-06,Excellent product
REV01016,P0180,C04991,3,2025-08-20,Decent for the price
REV01017,P0131,C00875,5,2025-09-29,Excellent product
REV01018,P0172,C01114,4,2025-10-15,Happy with the purchase
REV01019,P0005,C04048,2,2025-03-29,Not fully satisfied
REV01020,P0190,C03600,5,2025-03-26,Really impressed
REV01021,P0034,C04413,5,2025-05-31,
REV01022,P0089,C00583,2,2025-08-15,Not fully satisfied
REV01023,P0017,C03327,4,2025-10-27,Good product
REV01024,P0044,C04334,5,2025-10-18,Really impressed
REV01025,P0129,C00027,4,2025-08-01,Good product
REV01026,P0137,C04126,6,2025-06-28,Excellent product
REV01027,P0041,C03727,4,2025-06-07,Works as expected
REV01028,P0061,C04163,4,2025-06-08,Works as expected
REV01029,P0017,C04683,4,2025-04-15,Happy with the purchase
REV01030,P0087,C04405,2,2025-06-06,Average quality
REV01031,P0179,C00866,4,2025-10-18,Works as expected
REV01032,P0156,C00633,5,2025-09-08,Really impressed
REV01033,P0068,C04512,3,2026-02-06,Okay product
REV01034,P0042,C04706,1,2026-01-23,Very disappointing
REV01035,P0140,C00427,2,2025-07-27,Average quality
REV01036,P0033,C02396,4,2026-02-08,Works as expected
REV01037,P0023,C03558,4,2025-07-07,Works as expected
REV01038,P0153,C00784,4,2025-02-14,Good product
REV01039,P0185,C04742,5,2025-08-11,Great quality and value
REV01040,P0156,C04766,5,2025-09-20,Excellent product
REV01041,P0054,C02141,3,2025-09-26,Decent for the price
REV01042,P0108,C01044,2,2025-04-16,Not fully satisfied
REV01043,P0188,C04795,4,2025-09-02,Works as expected
REV01044,P0069,C04393,2,2025-07-14,Not fully satisfied
REV01045,P0012,C02678,4,2026-01-01,Works as expected
REV01046,P0147,C00870,2,2025-08-26,Not fully satisfied
REV01047,P0036,C00253,3,2025-07-11,Okay product
REV01048,P0195,C03059,3,2025-10-04,Okay product
REV01049,P0009,C00242,4,2025-01-28,Works as expected
REV01050,P0083,C00479,2,2026-01-06,Not fully satisfied
REV01051,P0126,C02444,4,2025-12-21,Good product
REV01052,P0019,C04677,5,2025-02-17,Excellent product
REV01053,P0108,C03057,1,2025-11-28,Very disappointing
REV01054,P0016,C01519,4,2025-02-25,Works as expected
REV01055,P0049,C03673,3,2025-06-25,Decent for the price
REV01056,P0179,C00986,5,2025-11-11,Excellent product
REV01057,P0105,C02588,4,2025-05-11,Good product
REV01058,P0021,C02302,4,2025-05-30,Good product
REV01059,P0006,C03510,5,2025-06-16,Excellent product
REV01060,P0170,C02791,5,2025-09-29,Great quality and value
REV01061,P0176,C04586,4,2025-12-11,Works as expected
REV01062,P0179,C01241,2,2025-10-02,Not fully satisfied
REV01063,P0154,C02914,4,2025-02-06,Good product
REV01064,P0001,C04854,1,2025-11-20,Poor quality
REV01065,P0072,C02895,4,2025-09-05,Happy with the purchase
REV01066,P0054,C04046,4,2025-07-24,Good product
REV01067,P0036,C01626,3,2025-02-10,Decent for the price
REV01068,P0188,C03131,5,2025-05-29,Really impressed
REV01069,P0014,C03169,4,2025-10-12,Happy with the purchase
REV01070,P0078,C00766,5,2025-10-03,Really impressed
REV01071,P0041,C00793,5,2025-03-13,Really impressed
REV01072,P0129,C02880,5,2025-12-19,Great quality and value
REV01073,P0073,C04354,5,2025-11-24,Really impressed
REV01074,P0166,C03383,4,2026-01-02,Good product
REV01075,P0183,C04727,3,2025-05-06,Average experience
REV01076,P0153,C03655,4,2025-07-20,Good product
REV01077,P0015,C04082,4,2025-02-22,Works as expected
REV01078,P0062,C01117,3,2025-10-03,Decent for the price
REV01079,P0062,C01852,4,2025-11-06,Good product
REV01080,P0045,C02670,1,2025-03-31,Poor quality
REV01081,P0101,C01078,5,2025-12-08,Great quality and value
REV01082,P0123,C03252,5,2025-07-17,Great quality and value
REV01083,P0142,C03188,4,2025-06-29,Happy with the purchase
REV01084,P0093,C02561,5,2025-05-14,Excellent product
REV01085,P0181,C02844,5,2025-03-11,Great quality and value
REV01086,P0027,C04110,4,2025-12-08,Works as expected
REV01087,P0005,C01313,4,2025-08-25,Happy with the purchase
REV01088,P0054,C02813,5,2025-09-26,Excellent product
REV01089,P0140,C04375,5,2025-11-20,Excellent product
REV01090,P0139,C02113,3,2025-04-24,Decent for the price
REV01091,P0012,C01176,3,2025-03-06,Average experience
REV01092,P0056,C00822,4,2025-08-07,Works as expected
REV01093,P0118,C00314,4,2025-08-27,Works as expected
REV01094,P0132,C02448,4,2025-06-24,Happy with the purchase
REV01095,P0150,C00548,5,2025-02-26,Great quality and value
REV01096,P0139,C01640,4,2025-05-02,Works as expected
REV01097,P0128,C04049,3,2025-07-24,Decent for the price
REV01098,P0167,C04358,4,2025-05-13,Happy with the purchase
REV01099,P0083,C04134,3,2025-08-20,Decent for the price
REV01100,P0102,C02608,5,2025-04-25,Really impressed
REV01101,P0147,C04468,4,2025-06-05,Good product
REV01102,P0126,C04033,5,2025-07-25,Really impressed
REV01103,P0176,C02123,1,2025-12-19,Not worth the price
REV01104,P0108,C00763,4,2025-12-05,Happy with the purchase
REV01105,P0183,C03820,4,2025-09-11,Works as expected
REV01106,P0196,C03307,4,2025-08-28,Happy with the purchase
REV01107,P0192,C03331,4,2025-10-18,Works as expected
REV01108,P0009,C00991,4,2026-01-08,Works as expected
REV01109,P0122,C01699,4,2025-11-27,Happy with the purchase
REV01110,P0187,C00461,4,2025-07-24,
REV01111,P0146,C04387,5,2025-05-18,Great quality and value
REV01112,P0087,C01939,4,2025-12-14,Happy with the purchase
REV01113,P0187,C00495,4,2025-09-04,Happy with the purchase
REV01114,P0102,C01779,2,2025-06-27,Could be better
REV01115,P0012,C02331,4,2025-12-27,Works as expected
REV01116,P0099,C03180,3,2025-02-20,Okay product
REV01117,P0032,C00841,4,2025-12-19,Good product
REV01118,P0106,C02831,4,2025-04-29,Happy with the purchase
REV01119,P0040,C00593,2,2025-06-06,Could be better
REV01120,P0148,C00325,5,2025-07-08,Great quality and value
REV01121,P0138,C01411,2,2025-04-08,Could be better
REV01122,P0121,C02142,3,2025-10-06,Okay product
REV01123,P0007,C03295,1,2025-05-26,Very disappointing
REV01124,P0096,C02103,4,2025-05-17,Happy with the purchase
REV01125,P0055,C04719,5,2025-09-02,Really impressed
REV01126,P0065,C01296,2,2025-12-19,Not fully satisfied
REV01127,P0078,C03939,4,2025-09-05,
REV01128,P0006,C01708,5,2025-11-10,Really impressed
REV01129,P0149,C03900,5,2025-04-04,Excellent product
REV01130,P0163,C00740,4,2025-06-26,Happy with the purchase
REV01131,P0103,C04502,5,2025-03-13,Really impressed
REV01132,P0199,C03148,2,2025-10-28,Average quality
REV01133,P0081,C00638,1,2025-08-03,Poor quality
REV01134,P0003,C00019,4,2025-01-22,Works as expected
REV01135,P0115,C00676,5,2025-08-14,Excellent product
REV01136,P0096,C04367,2,2025-04-28,Could be better
REV01137,P0151,C03128,4,2025-02-07,Happy with the purchase
REV01138,P0127,C04289,4,2025-06-12,Happy with the purchase
REV01139,P0158,C01857,5,2025-05-16,Great quality and value
REV01140,P0137,C03428,4,2026-01-24,Good product
REV01141,P0156,C00699,4,2025-08-12,Works as expected
REV01142,P0071,C03014,4,2025-09-16,Works as expected
REV01143,P0196,C00364,4,2025-07-03,Happy with the purchase
REV01144,P0041,C04431,4,2025-10-18,Works as expected
REV01145,P0200,C00299,5,2025-07-16,Great quality and value
REV01146,P0045,C04847,5,2025-11-20,Great quality and value
REV01147,P0003,C00123,4,2025-09-11,Good product
REV01148,P0003,C04189,4,2025-12-23,Works as expected
REV01149,P0021,C01434,5,2025-02-08,Excellent product
REV01150,P0064,C02428,2,2025-08-19,Could be better
REV01151,P0156,C01398,5,2025-08-18,Excellent product
REV01152,P0090,C03562,3,2025-02-10,Average experience
REV01153,P0119,C02807,4,2025-08-18,Happy with the purchase
REV01154,P0069,C01130,4,2025-11-11,Good product
REV01155,P0188,C03094,4,2025-12-28,Works as expected
REV01156,P0025,C03648,2,2025-12-25,Average quality
REV01157,P0041,C00128,4,2025-12-23,Good product
REV01158,P0199,C03024,5,2025-06-27,Really impressed
REV01159,P0143,C00890,3,2025-10-05,Decent for the price
REV01160,P0001,C02320,5,2025-08-22,Really impressed
REV01161,P0131,C01771,3,2025-12-17,Decent for the price
REV01162,P0200,C03804,4,2025-08-06,Happy with the purchase
REV01163,P0112,C01900,4,2025-08-16,Happy with the purchase
REV01164,P0116,C03831,3,2025-12-18,Okay product
REV01165,P0128,C01894,2,2025-05-04,Could be better
REV01166,P0102,C02626,5,2026-01-25,Great quality and value
REV01167,P0121,C02222,4,2025-07-15,Good product
REV01168,P0020,C03586,4,2025-04-07,Works as expected
REV01169,P0198,C02571,4,2025-06-01,Works as expected
REV01170,P0023,C02964,5,2025-06-12,Excellent product
REV01171,P0145,C02258,5,2025-11-13,Really impressed
REV01172,P0160,C04403,5,2025-09-27,Really impressed
REV01173,P0160,C02750,4,2025-07-19,Happy with the purchase
REV01174,P0056,C00253,3,2025-12-03,Average experience
REV01175,P0067,C01275,3,2025-05-07,Average experience
REV01176,P0108,C04385,5,2025-08-19,Really impressed
REV01177,P0002,C04959,4,2025-09-21,Happy with the purchase
REV01178,P0028,C03302,3,2026-01-02,Average experience
REV01179,P0147,C02976,4,2025-07-05,Happy with the purchase
REV01180,P0123,C00940,4,2025-12-02,Good product
REV01181,P0176,C02122,4,2025-08-24,Good product
REV01182,P0003,C04913,4,2025-09-25,Works as expected
REV01183,P0053,C03619,5,2025-08-12,Really impressed
REV01184,P0044,C00021,4,2025-04-27,Happy with the purchase
REV01185,P0163,C00929,3,2025-04-11,Average experience
REV01186,P0022,C03219,5,2025-10-12,Great quality and value
REV01187,P0112,C00031,4,2026-01-12,Works as expected
REV01188,P0038,C00012,5,2025-03-15,Excellent product
REV01189,P0002,C01616,5,2025-12-12,Really impressed
REV01190,P0072,C03808,3,2025-07-14,Okay product
REV01191,P0015,C03028,5,2025-05-23,Really impressed
REV01192,P0145,C02850,2,2025-05-19,Not fully satisfied
REV01193,P0008,C02272,5,2025-07-26,Great quality and value
REV01194,P0130,C03583,5,2025-05-18,Excellent product
REV01195,P0015,C01593,3,2025-07-12,Decent for the price
REV01196,P0095,C04885,4,2025-05-25,Happy with the purchase
REV01197,P0101,C03207,4,2025-05-03,Works as expected
REV01198,P0196,C03994,3,2025-08-25,
REV01199,P0142,C00326,4,2025-11-22,Works as expected
REV01200,P0143,C04766,4,2025-09-23,Works as expected
REV01201,P0081,C04090,4,2025-06-19,Good product
REV01202,P0060,C02998,3,2025-09-09,Okay product
REV01203,P0187,C03502,5,2025-06-06,Great quality and value
REV01204,P0014,C00707,4,2025-05-02,Good product
REV01205,P0132,C02930,3,2025-04-20,Decent for the price
REV01206,P0169,C03925,4,2025-11-06,Works as expected
REV01207,P0003,C04502,5,2025-04-17,Excellent product
REV01208,P0193,C04477,4,2026-01-09,Works as expected
REV01209,P0080,C00277,5,2025-12-24,Really impressed
REV01210,P0164,C03286,4,2025-03-26,Happy with the purchase
REV01211,P0105,C00280,4,2025-02-13,Works as expected
REV01212,P0021,C00932,5,2026-01-08,Great quality and value
REV01213,P0123,C00532,2,2025-07-18,Could be better
REV01214,P0060,C02034,5,2025-04-23,Really impressed
REV01215,P0060,C00290,4,2025-07-11,Works as expected
REV01216,P0036,C00431,5,2025-11-24,Excellent product
REV01217,P0035,C01103,4,2025-02-21,Happy with the purchase
REV01218,P0035,C02139,3,2025-11-10,Average experience
REV01219,P0116,C04224,3,2025-05-11,Decent for the price
REV01220,P0050,C04481,,2025-08-24,Average experience
REV01221,P0145,C04179,3,2025-05-27,Average experience
REV01222,P0191,C01188,2,2025-11-19,Not fully satisfied
REV01223,P0179,C02234,4,2025-03-30,Good product
REV01224,P0200,C02123,3,2025-11-03,Decent for the price
REV01225,P0026,C00706,3,2025-08-17,Decent for the price
REV01226,P0124,C01851,2,2025-12-18,Average quality
REV01227,P0073,C00176,5,2025-03-05,Really impressed
REV01228,P0160,C01476,1,2025-07-30,Poor quality
REV01229,P0008,C04252,4,2025-08-19,Good product
REV01230,P0092,C01966,4,2025-11-19,Works as expected
REV01231,P0198,C01437,5,2025-12-01,Really impressed
REV01232,P0099,C04036,5,2025-10-22,Really impressed
REV01233,P0105,C04267,5,2025-01-25,Excellent product
REV01234,P0060,C02723,5,2025-03-25,Really impressed
REV01235,P0185,C02000,5,2025-10-05,Excellent product
REV01236,P0111,C00021,5,2025-07-11,Great quality and value
REV01237,P0060,C00008,3,2025-07-07,Average experience
REV01238,P0054,C01521,4,2025-03-21,Happy with the purchase
REV01239,P0101,C02610,2,2025-09-25,Not fully satisfied
REV01240,P0143,C04238,2,2026-01-21,Average quality
REV01241,P0018,C02132,4,2025-08-30,Good product
REV01242,P0086,C03946,4,2025-04-04,Good product
REV01243,P0091,C02453,5,2025-07-18,Really impressed
REV01244,P0051,C03688,4,2025-07-29,Good product
REV01245,P0052,C02619,2,2025-05-26,Could be better
REV01246,P0022,C01366,4,2025-10-08,Happy with the purchase
REV01247,P0007,C04068,3,2025-10-20,Average experience
REV01248,P0171,C01391,4,2025-11-05,Works as expected
REV01249,P0100,C02555,4,2025-05-05,Good product
REV01250,P0134,C00872,3,2025-09-11,Average experience
REV01251,P0174,C02546,5,2025-02-02,Excellent product
REV01252,P0043,C01054,4,2025-08-03,Works as expected
REV01253,P0015,C01972,5,2025-03-27,Excellent product
REV01254,P0018,C04429,5,2025-09-06,Really impressed
REV01255,P0019,C02621,5,2025-06-03,Great quality and value
REV01256,P0023,C02733,4,2025-03-30,Works as expected
REV01257,P0022,C02885,4,2025-12-14,Works as expected
REV01258,P0110,C02252,4,2025-03-26,Happy with the purchase
REV01259,P0063,C02376,4,2025-09-04,Works as expected
REV01260,P0090,C02519,4,2025-08-31,Works as expected
REV01261,P0122,C03717,2,2025-05-31,Could be better
REV01262,P0106,C02421,1,2025-07-01,Not worth the price
REV01263,P0106,C02455,5,2025-02-04,Really impressed
REV01264,P0045,C01751,5,2025-09-11,Great quality and value
REV01265,P0082,C03686,5,2025-03-31,Really impressed
REV01266,P0175,C02829,5,2025-03-22,Really impressed
REV01267,P0060,C01785,5,2025-09-23,Excellent product
REV01268,P0058,C01948,4,2025-12-13,Happy with the purchase
REV01269,P0001,C02018,3,2025-09-14,Okay product
REV01270,P0115,C03179,4,2025-04-29,Happy with the purchase
REV01271,P0185,C02895,4,2025-04-20,Works as expected
REV01272,P0153,C00599,3,2026-01-10,Okay product
REV01273,P0125,C04664,3,2025-11-14,Decent for the price
REV01274,P0039,C00977,4,2025-03-18,Works as expected
REV01275,P0172,C04428,4,2025-07-19,Happy with the purchase
REV01276,P0111,C02487,5,2025-05-03,Really impressed
REV01277,P0143,C02738,5,2025-03-01,Really impressed
REV01278,P0078,C03742,3,2025-02-08,Decent for the price
REV01279,P0109,C00969,3,2025-08-06,Decent for the price
REV01280,P0042,C04717,4,2025-02-11,Works as expected
REV01281,P0082,C00639,5,2025-06-06,Excellent product
REV01282,P0182,C01351,2,2025-04-08,Average quality
REV01283,P0134,C01417,1,2025-11-30,Poor quality
REV01284,P0180,C02120,2,2025-10-01,Not fully satisfied
REV01285,P0091,C00230,1,2025-06-01,Poor quality
REV01286,P0144,C02152,5,2025-11-04,Excellent product
REV01287,P0109,C04917,4,2025-04-27,Works as expected
REV01288,P0119,C01943,5,2025-12-22,Great quality and value
REV01289,P0137,C03566,3,2025-10-01,Average experience
REV01290,P0012,C02756,5,2025-10-11,Excellent product
REV01291,P0076,C00164,5,2025-09-12,Excellent product
REV01292,P0041,C01903,2,2025-08-22,Average quality
REV01293,P0095,C01011,4,2025-02-08,Happy with the purchase
REV01294,P0078,C03075,4,2025-05-11,Works as expected
REV01295,P0108,C00895,4,2025-12-20,Happy with the purchase
REV01296,P0064,C02294,4,2025-06-30,Works as expected
REV01297,P0177,C03637,4,2025-08-08,Happy with the purchase
REV01298,P0154,C01017,5,2025-03-28,Great quality and value
REV01299,P0009,C03257,5,2025-02-27,Excellent product
REV01300,P0055,C02261,3,2025-10-04,Decent for the price
REV01301,P0140,C04813,5,2025-05-22,Excellent product
REV01302,P0129,C00552,3,2025-05-08,Okay product
REV01303,P0114,C02856,4,2025-06-24,Happy with the purchase
REV01304,P0165,C04236,3,2025-07-24,Decent for the price
REV01305,P0098,C04520,3,2025-11-22,Decent for the price
REV01306,P0018,C02508,5,2025-05-07,Great quality and value
REV01307,P0021,C02159,4,2025-04-01,Works as expected
REV01308,P0167,C04658,4,2025-11-15,Good product
REV01309,P0154,C00790,4,2025-08-08,Good product
REV01310,P0083,C03806,2,2025-12-31,Could be better
REV01311,P0030,C02198,4,2025-12-01,Happy with the purchase
REV01312,P0111,C03820,3,2025-04-12,Okay product
REV01313,P0195,C00154,4,2025-08-11,Works as expected
REV01314,P0051,C00966,4,2025-10-16,Works as expected
REV01315,P0056,C00354,4,2025-07-16,Good product
REV01316,P0102,C03043,1,2026-01-11,Not worth the price
REV01317,P0077,C00182,4,2025-09-23,Happy with the purchase
REV01318,P0048,C01282,5,2025-08-14,Excellent product
REV01319,P0025,C03847,1,2025-07-20,Poor quality
REV01320,P0123,C00893,5,2025-09-09,Really impressed
REV01321,P0139,C01585,5,2025-07-28,Great quality and value
REV01322,P0124,C04564,2,2025-08-15,Not fully satisfied
REV01323,P0103,C00831,2,2025-06-27,Not fully satisfied
REV01324,P0036,C00028,5,2025-12-15,Excellent product
REV01325,P0070,C00091,4,2025-11-25,Good product
REV01326,P0112,C03310,4,2026-01-15,Works as expected
REV01327,P0050,C03884,5,2025-06-27,Excellent product
REV01328,P0164,C04533,5,2025-02-20,Excellent product
REV01329,P0095,C01465,5,2025-07-03,Really impressed
REV01330,P0154,C02600,5,2025-02-15,Really impressed
REV01331,P0082,C04753,3,2025-12-31,Decent for the price
REV01332,P0009,C02833,3,2025-06-14,Decent for the price
REV01333,P0167,C02281,4,2025-11-03,Good product
REV01334,P0071,C04909,4,2025-04-18,Happy with the purchase
REV01335,P0184,C01971,5,2025-06-09,Really impressed
REV01336,P0021,C04492,5,2025-08-30,
REV01337,P0047,C03133,5,2025-11-05,Excellent product
REV01338,P0034,C01588,4,2025-09-04,Good product
REV01339,P0152,C04441,4,2025-06-12,Happy with the purchase
REV01340,P0055,C04633,4,2025-06-04,Good product
REV01341,P0194,C02944,5,2025-04-16,Really impressed
REV01342,P0105,C01924,5,2025-10-15,Excellent product
REV01343,P0112,C02545,2,2025-08-08,Not fully satisfied
REV01344,P0080,C04398,5,2026-02-07,Great quality and value
REV01345,P0142,C02837,5,2025-02-06,Great quality and value
REV01346,P0158,C04832,4,2025-07-04,Good product
REV01347,P0161,C01040,4,2025-01-11,Good product
REV01348,P0123,C02576,4,2025-01-27,Works as expected
REV01349,P0195,C04948,5,2025-04-18,Really impressed
REV01350,P0059,C03583,5,2025-05-23,Great quality and value
REV01351,P0018,C01689,3,2025-03-21,Decent for the price
REV01352,P0117,C01487,4,2025-08-09,Good product
REV01353,P0105,C02412,5,2025-02-01,Great quality and value
REV01354,P0160,C03920,5,2025-05-31,Really impressed
REV01355,P0172,C03265,5,2025-08-10,Great quality and value
REV01356,P0139,C02433,5,2025-11-05,Excellent product
REV01357,P0011,C01276,3,2025-04-04,Decent for the price
REV01358,P0125,C02079,4,2025-03-25,Happy with the purchase
REV01359,P0194,C03330,4,2025-09-28,Good product
REV01360,P0059,C02583,2,2025-08-22,
REV01361,P0030,C03391,1,2025-08-28,Not worth the price
REV01362,P0027,C00724,3,2025-06-03,Decent for the price
REV01363,P0194,C02315,5,2025-03-18,Excellent product
REV01364,P0012,C02060,5,2025-12-21,Really impressed
REV01365,P0009,C02468,2,2025-06-29,Not fully satisfied
REV01366,P0108,C04801,4,2025-10-30,Good product
REV01367,P0044,C03794,5,2025-02-07,Excellent product
REV01368,P0022,C00288,3,2025-07-15,Decent for the price
REV01369,P0038,C04750,3,2025-07-20,Okay product
REV01370,P0091,C01868,5,2025-05-10,Great quality and value
REV01371,P0007,C03121,5,2025-04-22,Great quality and value
REV01372,P0100,C01975,5,2025-07-29,Great quality and value
REV01373,P0082,C01760,5,2025-03-27,Great quality and value
REV01374,P0193,C03601,3,2025-03-17,Average experience
REV01375,P0186,C00574,3,2025-10-23,Average experience
REV01376,P0089,C01867,5,2025-11-01,Really impressed
REV01377,P0115,C02082,3,2025-07-28,Average experience
REV01378,P0011,C00092,5,2025-03-21,Excellent product
REV01379,P0190,C03925,4,2025-12-06,Works as expected
REV01380,P0094,C02556,4,2025-05-28,Good product
REV01381,P0188,C03693,3,2025-06-07,Okay product
REV01382,P0147,C04571,4,2026-01-13,Good product
REV01383,P0108,C03175,3,2026-01-23,Average experience
REV01384,P0106,C02385,4,2025-03-17,Works as expected
REV01385,P0159,C03838,3,2025-02-11,Decent for the price
REV01386,P0145,C03047,5,2026-01-24,Excellent product
REV01387,P0032,C00235,4,2025-08-17,Happy with the purchase
REV01388,P0168,C03494,5,2025-03-13,Really impressed
REV01389,P0153,C04708,5,2025-10-25,Really impressed
REV01390,P0039,C02802,3,2025-09-27,Okay product
REV01391,P0018,C00320,3,2025-04-26,Average experience
REV01392,P0156,C03406,5,2025-12-05,Great quality and value
REV01393,P0069,C04184,5,2025-12-09,Excellent product
REV01394,P0113,C02414,3,2025-11-24,Okay product
REV01395,P0135,C02149,1,2025-02-26,Poor quality
REV01396,P0064,C04636,5,2025-09-18,Really impressed
REV01397,P0016,C03070,3,2025-11-27,Decent for the price
REV01398,P0153,C03109,3,2025-05-20,Okay product
REV01399,P0011,C02937,5,2025-12-25,Great quality and value
REV01400,P0009,C02826,3,2025-02-18,Okay product
REV01401,P0144,C00364,5,2025-11-11,Excellent product
REV01402,P0018,C03963,4,2025-04-29,Happy with the purchase
REV01403,P0095,C04074,4,2025-03-16,Happy with the purchase
REV01404,P0155,C01188,4,2025-11-19,Good product
REV01405,P0175,C00502,4,2025-02-13,Works as expected
REV01406,P0090,C03922,5,2025-07-19,Great quality and value
REV01407,P0095,C02536,1,2025-06-11,Poor quality
REV01408,P0052,C00001,5,2025-12-14,Great quality and value
REV01409,P0075,C00497,5,2025-09-09,Excellent product
REV01410,P0035,C02589,4,2025-01-16,Good product
REV01411,P0031,C02650,5,2025-10-22,Great quality and value
REV01412,P0082,C02395,5,2025-06-09,Really impressed
REV01413,P0148,C02456,3,2025-09-24,Decent for the price
REV01414,P0192,C01230,3,2025-08-24,Average experience
REV01415,P0153,C01563,5,2025-03-17,Really impressed
REV01416,P0080,C01172,5,2025-10-22,Great quality and value
REV01417,P0073,C04649,4,2025-08-05,Works as expected
REV01418,P0095,C02070,4,2025-10-23,Happy with the purchase
REV01419,P0011,C00128,4,2025-07-26,Good product
REV01420,P0198,C03499,5,2025-02-26,Really impressed
REV01421,P0089,C04067,4,2025-12-21,Good product
REV01422,P0161,C01224,3,2025-08-25,Okay product
REV01423,P0120,C04181,5,2025-09-11,Excellent product
REV01424,P0158,C02498,2,2025-09-01,Could be better
REV01425,P0130,C01765,4,2025-12-07,Works as expected
REV01426,P0034,C03370,5,2025-02-24,Really impressed
REV01427,P0085,C04711,4,2025-09-02,Happy with the purchase
REV01428,P0120,C03667,1,2025-05-27,Poor quality
REV01429,P0044,C02023,4,2025-07-31,Happy with the purchase
REV01430,P0140,C04932,5,2025-03-24,Really impressed
REV01431,P0175,C01059,5,2025-10-25,Great quality and value
REV01432,P0155,C04795,3,2025-10-13,Average experience
REV01433,P0032,C04652,5,2025-02-09,Excellent product
REV01434,P0028,C04446,1,2025-07-21,Very disappointing
REV01435,P0189,C01615,3,2025-11-28,Okay product
REV01436,P0200,C01507,4,2025-12-16,Good product
REV01437,P0002,C00767,4,2025-09-28,Works as expected
REV01438,P0014,C03587,5,2025-12-11,Great quality and value
REV01439,P0038,C03663,3,2025-06-16,Okay product
REV01440,P0163,C02068,4,2025-05-27,Good product
REV01441,P0015,C04839,3,2025-05-17,Okay product
REV01442,P0171,C01245,5,2025-12-05,Excellent product
REV01443,P0128,C01779,5,2026-01-01,Great quality and value
REV01444,P0055,C04495,5,2025-02-15,Great quality and value
REV01445,P0141,C02231,5,2025-09-08,Great quality and value
REV01446,P0173,C03450,1,2026-01-07,Poor quality
REV01447,P0016,C00819,2,2025-10-01,Could be better
REV01448,P0122,C00895,4,2025-03-12,Good product
REV01449,P0073,C04078,4,2025-07-08,Happy with the purchase
REV01450,P0078,C01393,3,2025-12-31,Decent for the price
REV01451,P0006,C04146,4,2025-02-17,Good product
REV01452,P0012,C03148,3,2025-06-03,Average experience
REV01453,P0080,C04700,5,2025-05-26,Excellent product
REV01454,P0170,C01794,3,2025-04-28,Decent for the price
REV01455,P0128,C03519,5,2025-09-28,Really impressed
REV01456,P0047,C03576,2,2025-11-08,Could be better
REV01457,P0175,C02056,3,2025-04-10,Decent for the price
REV01458,P0147,C00816,4,2025-06-28,Works as expected
REV01459,P0195,C01163,4,2025-01-26,
REV01460,P0146,C00290,4,2025-04-13,Good product
REV01461,P0141,C00228,4,2025-08-08,Happy with the purchase
REV01462,P0106,C04050,5,2025-04-05,Great quality and value
REV01463,P0056,C04878,3,2025-12-01,Okay product
REV01464,P0134,C03768,3,2025-02-03,Okay product
REV01465,P0029,C03769,3,2025-10-10,Decent for the price
REV01466,P0071,C00549,5,2025-01-17,Excellent product
REV01467,P0115,C03041,4,2025-07-28,Works as expected
REV01468,P0100,C00402,4,2025-08-15,Happy with the purchase
REV01469,P0009,C02315,5,2025-08-20,Excellent product
REV01470,P0002,C04819,5,2025-09-14,Great quality and value
REV01471,P0111,C00745,4,2026-01-17,Works as expected
REV01472,P0109,C02358,4,2025-09-22,Good product
REV01473,P0139,C03074,5,2025-08-10,Really impressed
REV01474,P0044,C01054,4,2025-07-30,Happy with the purchase
REV01475,P0018,C03717,4,2025-05-11,Works as expected
REV01476,P0197,C04311,4,2025-05-24,Works as expected
REV01477,P0042,C00266,4,2025-06-07,Happy with the purchase
REV01478,P0176,C00282,5,2025-05-28,Excellent product
REV01479,P0058,C04923,4,2025-03-30,Good product
REV01480,P0016,C03523,4,2025-08-12,Happy with the purchase
REV01481,P0163,C04361,5,2025-08-27,Great quality and value
REV01482,P0043,C04754,5,2025-04-09,Really impressed
REV01483,P0165,C00248,5,2025-09-24,Great quality and value
REV01484,P0137,C03778,3,2025-02-05,Decent for the price
REV01485,P0156,C03126,3,2025-12-23,
REV01486,P0122,C03433,3,2025-12-24,Decent for the price
REV01487,P0195,C02972,5,2025-04-22,Great quality and value
REV01488,P0031,C02357,5,2025-04-30,Really impressed
REV01489,P0083,C04042,5,2025-08-01,Really impressed
REV01490,P0085,C00625,4,2025-07-06,Happy with the purchase
REV01491,P0046,C04707,5,2025-06-14,Really impressed
REV01492,P0017,C04103,4,2025-12-07,Good product
REV01493,P0029,C01451,5,2025-12-01,Great quality and value
REV01494,P0165,C01238,4,2025-02-08,Works as expected
REV01495,P0174,C00817,3,2025-12-20,Okay product
REV01496,P0020,C00474,4,2025-04-14,Happy with the purchase
REV01497,P0070,C02554,4,2025-07-06,Works as expected
REV01498,P0175,C02731,4,2025-04-17,Good product
REV01499,P0025,C03995,5,2025-11-18,Really impressed
REV01500,P0078,C03571,3,2025-04-16,Okay product
REV01501,P0013,C01684,4,2025-12-24,Works as expected
REV01502,P0051,C00550,3,2025-03-20,Average experience
REV01503,P0007,C03019,1,2025-02-21,Poor quality
REV01504,P0196,C03744,5,2025-03-30,Excellent product
REV01505,P0123,C03507,4,2025-01-30,
REV01506,P0185,C04956,4,2025-12-27,Works as expected
REV01507,P0143,C04051,4,2025-01-31,Happy with the purchase
REV01508,P0122,C04376,4,2025-09-08,Works as expected
REV01509,P0181,C01691,4,2025-09-22,Happy with the purchase
REV01510,P0093,C01753,4,2025-08-05,Happy with the purchase
REV01511,P0135,C02390,4,2025-07-11,Good product
REV01512,P0091,C03906,4,2025-07-22,Works as expected
REV01513,P0158,C01034,4,2025-04-20,Happy with the purchase
REV01514,P0058,C01795,5,2025-03-11,Excellent product
REV01515,P0007,C03578,4,2025-08-16,Works as expected
REV01516,P0125,C02960,4,2025-03-29,Good product
REV01517,P0197,C04657,3,2026-01-02,Okay product
REV01518,P0101,C00779,5,2025-02-25,Excellent product
REV01519,P0007,C02856,5,2025-04-11,Really impressed
REV01520,P0141,C01974,5,2026-01-06,Really impressed
REV01521,P0122,C00465,5,2025-08-21,Great quality and value
REV01522,P0090,C04637,5,2025-07-06,Excellent product
REV01523,P0076,C00533,5,2025-05-11,Great quality and value
REV01524,P0196,C02386,5,2025-10-21,Really impressed
REV01525,P0115,C03902,5,2026-01-06,Excellent product
REV01526,P0066,C02750,3,2025-11-26,Decent for the price
REV01527,P0096,C03685,3,2025-05-11,Okay product
REV01528,P0069,C03944,4,2025-09-22,Good product
REV01529,P0050,C04229,5,2025-03-11,Really impressed
REV01530,P0100,C01111,4,2025-01-13,Works as expected
REV01531,P0013,C04592,4,2025-04-29,Happy with the purchase
REV01532,P0148,C03138,4,2025-11-17,Happy with the purchase
REV01533,P0064,C04316,3,2025-12-31,Decent for the price
REV01534,P0016,C02959,1,2025-09-04,Not worth the price
REV01535,P0171,C04029,4,2026-01-02,Happy with the purchase
REV01536,P0104,C02434,4,2025-04-08,Works as expected
REV01537,P0142,C04316,5,2025-05-15,Great quality and value
REV01538,P0052,C04753,4,2025-01-29,Works as expected
REV01539,P0025,C01803,5,2025-03-14,Really impressed
REV01540,P0012,C04136,5,2026-01-19,Really impressed
REV01541,P0014,C02736,3,2025-12-02,Average experience
REV01542,P0109,C02391,3,2025-06-30,Decent for the price
REV01543,P0138,C01230,4,2025-02-22,Works as expected
REV01544,P0194,C01297,3,2025-05-13,Average experience
REV01545,P0084,C01679,4,2025-02-18,Good product
REV01546,P0005,C01321,3,2025-12-13,Average experience
REV01547,P0180,C04540,5,2026-01-23,Really impressed
REV01548,P0141,C00621,4,2025-12-03,Happy with the purchase
REV01549,P0077,C03815,1,2025-05-04,Very disappointing
REV01550,P0093,C00861,5,2025-11-17,Excellent product
REV01551,P0056,C04066,4,2025-10-17,Good product
REV01552,P0185,C04854,5,2025-04-25,Great quality and value
REV01553,P0035,C04766,1,2025-05-05,Very disappointing
REV01554,P0117,C02742,4,2025-12-23,Good product
REV01555,P0018,C00584,3,2025-11-19,Average experience
REV01556,P0044,C02899,3,2025-09-08,Average experience
REV01557,P0110,C00072,4,2025-10-18,Works as expected
REV01558,P0008,C03332,4,2025-11-03,Works as expected
REV01559,P0082,C01477,3,2026-01-28,Decent for the price
REV01560,P0042,C02862,5,2025-10-27,Excellent product
REV01561,P0069,C03193,4,2025-06-29,Happy with the purchase
REV01562,P0167,C04757,4,2025-11-20,Happy with the purchase
REV01563,P0032,C01645,5,2025-03-24,Great quality and value
REV01564,P0030,C02995,,2025-09-30,Happy with the purchase
REV01565,P0020,C04769,5,2025-11-29,Great quality and value
REV01566,P0025,C03839,3,2025-10-26,Okay product
REV01567,P0153,C01903,4,2025-12-23,Good product
REV01568,P0091,C00082,3,2025-12-25,Average experience
REV01569,P0021,C01389,4,2025-09-28,Works as expected
REV01570,P0020,C04669,4,2025-08-21,Good product
REV01571,P0178,C00184,3,2025-10-27,Okay product
REV01572,P0088,C03857,3,2025-02-15,Decent for the price
REV01573,P0075,C01150,4,2026-01-26,Good product
REV01574,P0126,C03941,4,2025-07-19,Works as expected
REV01575,P0091,C00156,5,2025-03-29,Really impressed
REV01576,P0197,C02598,4,2025-08-10,Works as expected
REV01577,P0026,C04856,3,2025-07-10,Average experience
REV01578,P0087,C01079,5,2025-06-17,Great quality and value
REV01579,P0025,C03023,2,2025-12-31,Average quality
REV01580,P0045,C01698,5,2026-01-01,Excellent product
REV01581,P0161,C01249,4,2025-05-02,Happy with the purchase
REV01582,P0028,C04520,5,2025-02-21,Great quality and value
REV01583,P0119,C01460,4,2025-06-08,Happy with the purchase
REV01584,P0129,C01797,5,2025-04-12,Really impressed
REV01585,P0122,C00071,4,2025-08-29,Good product
REV01586,P0075,C00465,4,2025-11-09,Works as expected
REV01587,P0135,C02362,5,2025-10-29,Excellent product
REV01588,P0008,C03642,3,2025-11-15,Okay product
REV01589,P0078,C03417,3,2025-09-11,Average experience
REV01590,P0173,C03423,4,2025-08-19,Happy with the purchase
REV01591,P0011,C04709,4,2026-01-18,Happy with the purchase
REV01592,P0067,C04644,3,2025-12-06,Okay product
REV01593,P0124,C01180,2,2025-11-26,Average quality
REV01594,P0008,C03529,2,2025-06-10,Average quality
REV01595,P0091,C02366,5,2025-09-01,Excellent product
REV01596,P0188,C01315,4,2025-04-05,Good product
REV01597,P0157,C04559,3,2026-01-02,Average experience
REV01598,P0020,C04518,1,2025-05-04,Poor quality
REV01599,P0028,C02071,4,2026-01-16,Works as expected
REV01600,P0127,C04336,3,2025-10-21,Decent for the price
REV01601,P0182,C03460,4,2025-12-30,Good product
REV01602,P0068,C03988,4,2025-06-15,Good product
REV01603,P0100,C00367,5,2026-01-25,Excellent product
REV01604,P0021,C01539,5,2025-06-02,Great quality and value
REV01605,P0003,C03983,5,2025-08-25,Really impressed
REV01606,P0089,C00591,5,2025-12-07,Really impressed
REV01607,P0180,C03720,5,2025-06-03,Excellent product
REV01608,P0120,C01505,3,2025-12-13,Decent for the price
REV01609,P0181,C04874,5,2025-01-29,Really impressed
REV01610,P0167,C02634,4,2025-08-13,Works as expected
REV01611,P0189,C01262,4,2026-01-07,Works as expected
REV01612,P0053,C01052,4,2025-08-17,Happy with the purchase
REV01613,P0188,C00854,4,2025-04-23,Good product
REV01614,P0175,C01198,2,2025-12-13,Average quality
REV01615,P0139,C04144,3,2025-03-12,Average experience
REV01616,P0090,C03685,5,2025-12-09,Great quality and value
REV01617,P0061,C00585,5,2025-09-01,Really impressed
REV01618,P0030,C03184,3,2025-07-11,Average experience
REV01619,P0052,C04924,3,2025-05-08,Okay product
REV01620,P0035,C03693,4,2025-02-23,Happy with the purchase
REV01621,P0190,C03681,1,2025-10-08,Not worth the price
REV01622,P0177,C02655,5,2025-07-23,Excellent product
REV01623,P0140,C01180,5,2025-11-23,Great quality and value
REV01624,P0026,C02413,2,2025-06-25,Not fully satisfied
REV01625,P0073,C04086,5,2025-04-28,Really impressed
REV01626,P0058,C01609,3,2026-01-29,Okay product
REV01627,P0140,C04972,5,2025-09-30,Great quality and value
REV01628,P0041,C03668,4,2025-07-01,Good product
REV01629,P0164,C04414,4,2025-06-28,Good product
REV01630,P0176,C04941,5,2025-01-16,Really impressed
REV01631,P0029,C02301,5,2025-04-10,Excellent product
REV01632,P0009,C03469,5,2025-11-26,Excellent product
REV01633,P0135,C04407,4,2025-08-05,Good product
REV01634,P0099,C03327,3,2026-01-01,Okay product
REV01635,P0199,C03482,4,2025-06-29,
REV01636,P0016,C00014,4,2026-01-08,Happy with the purchase
REV01637,P0015,C03529,5,2025-12-29,Really impressed
REV01638,P0156,C02312,4,2025-05-03,Happy with the purchase
REV01639,P0152,C01889,5,2025-08-22,Really impressed
REV01640,P0176,C01766,5,2025-12-03,Really impressed
REV01641,P0142,C00773,4,2025-05-06,Good product
REV01642,P0132,C03921,5,2025-12-20,Excellent product
REV01643,P0092,C04858,4,2025-08-18,Happy with the purchase
REV01644,P0003,C02465,5,2025-05-19,Excellent product
REV01645,P0152,C01462,1,2025-02-09,Not worth the price
REV01646,P0113,C04049,5,2026-01-05,Great quality and value
REV01647,P0069,C00287,2,2025-08-23,Not fully satisfied
REV01648,P0131,C00958,3,2025-12-31,Okay product
REV01649,P0071,C04994,4,2025-05-05,Works as expected
REV01650,P0110,C03970,3,2025-10-07,Okay product
REV01651,P0128,C00571,3,2025-04-04,Average experience
REV01652,P0188,C02754,2,2025-05-06,Average quality
REV01653,P0093,C01387,5,2025-10-22,Really impressed
REV01654,P0011,C04878,5,2025-12-10,Excellent product
REV01655,P0194,C01135,5,2025-11-25,Excellent product
REV01656,P0054,C04452,3,2025-07-31,Average experience
REV01657,P0035,C01568,4,2025-12-31,Happy with the purchase
REV01658,P0065,C00911,4,2026-01-04,Works as expected
REV01659,P0034,C04383,4,2025-03-28,Works as expected
REV01660,P0075,C00761,4,2025-07-24,Good product
REV01661,P0080,C03270,4,2025-04-11,Happy with the purchase
REV01662,P0072,C02209,3,2025-01-02,Okay product
REV01663,P0153,C01936,3,2025-11-13,Decent for the price
REV01664,P0112,C02261,4,2025-12-02,Works as expected
REV01665,P0168,C00818,4,2025-09-03,Happy with the purchase
REV01666,P0079,C01670,5,2025-11-10,Really impressed
REV01667,P0144,C02508,4,2025-11-30,Happy with the purchase
REV01668,P0017,C00693,4,2025-04-11,Good product
REV01669,P0101,C01872,4,2025-06-28,Happy with the purchase
REV01670,P0014,C04333,5,2025-10-08,Really impressed
REV01671,P0061,C02211,5,2025-06-23,Really impressed
REV01672,P0166,C01577,4,2025-12-06,Good product
REV01673,P0037,C03528,5,2025-05-04,Really impressed
REV01674,P0067,C00518,5,2025-12-05,Great quality and value
REV01675,P0044,C03741,5,2025-11-19,Really impressed
REV01676,P0161,C04453,4,2025-11-22,Works as expected
REV01677,P0164,C04968,5,2025-08-08,Excellent product
REV01678,P0091,C01399,3,2025-02-15,Average experience
REV01679,P0127,C04157,4,2025-09-22,Good product
REV01680,P0180,C00365,4,2025-08-29,Good product
REV01681,P0161,C01005,4,2025-07-20,Happy with the purchase
REV01682,P0174,C04756,4,2026-01-06,Works as expected
REV01683,P0114,C04581,5,2025-04-09,Really impressed
REV01684,P0028,C00513,4,2025-11-28,
REV01685,P0095,C04034,4,2025-10-09,Works as expected
REV01686,P0057,C04675,5,2025-06-09,Great quality and value
REV01687,P0079,C02979,4,2025-12-14,Happy with the purchase
REV01688,P0105,C02550,4,2025-12-21,Happy with the purchase
REV01689,P0050,C00823,5,2025-03-17,Really impressed
REV01690,P0147,C03303,4,2025-05-07,Good product
REV01691,P0109,C03879,3,2025-08-20,Okay product
REV01692,P0027,C00600,4,2025-04-06,Happy with the purchase
REV01693,P0005,C00838,5,2025-10-17,Great quality and value
REV01694,P0064,C02926,1,2025-08-06,Not worth the price
REV01695,P0096,C01684,3,2025-01-29,Okay product
REV01696,P0164,C04773,5,2025-07-02,Great quality and value
REV01697,P0028,C00611,4,2025-02-27,Happy with the purchase
REV01698,P0163,C03156,2,2025-08-20,Average quality
REV01699,P0117,C03231,3,2025-07-18,Decent for the price
REV01700,P0117,C04756,5,2025-12-15,Really impressed
REV01701,P0111,C02376,4,2025-09-02,Happy with the purchase
REV01702,P0022,C00862,2,2025-05-28,Average quality
REV01703,P0002,C01603,4,2025-09-14,Happy with the purchase
REV01704,P0019,C01562,,2025-12-22,Works as expected
REV01705,P0088,C02898,5,2025-08-09,Really impressed
REV01706,P0162,C00552,4,2025-12-01,Happy with the purchase
REV01707,P0158,C04224,4,2025-08-25,Good product
REV01708,P0183,C01077,4,2025-04-30,Works as expected
REV01709,P0155,C04770,4,2025-05-03,Good product
REV01710,P0035,C01963,5,2026-01-10,Great quality and value
REV01711,P0134,C01705,5,2025-12-13,Excellent product
REV01712,P0157,C01363,1,2025-06-12,Poor quality
REV01713,P0095,C02011,5,2025-03-04,Great quality and value
REV01714,P0148,C04472,3,2025-09-12,Okay product
REV01715,P0034,C00954,4,2025-04-30,Works as expected
REV01716,P0110,C02719,5,2025-08-25,Great quality and value
REV01717,P0172,C02524,5,2025-03-04,Really impressed
REV01718,P0020,C04514,5,2025-08-07,Great quality and value
REV01719,P0065,C04394,4,2026-01-02,Good product
REV01720,P0103,C04699,4,2025-02-25,Good product
REV01721,P0075,C00116,2,2025-08-23,Not fully satisfied
REV01722,P0070,C00763,5,2025-03-09,Really impressed
REV01723,P0027,C03331,4,2025-01-22,Works as expected
REV01724,P0192,C02730,4,2025-11-17,Good product
REV01725,P0077,C02328,3,2025-10-14,Okay product
REV01726,P0046,C03894,5,2025-08-02,Really impressed
REV01727,P0038,C03500,5,2025-08-24,Excellent product
REV01728,P0018,C01370,4,2025-10-05,Works as expected
REV01729,P0127,C00228,4,2026-01-30,Works as expected
REV01730,P0156,C02892,3,2025-03-28,Average experience
REV01731,P0183,C03443,4,2025-07-18,Good product
REV01732,P0059,C02786,3,2025-05-30,Okay product
REV01733,P0053,C03300,1,2025-11-25,Poor quality
REV01734,P0069,C03272,5,2025-03-23,Excellent product
REV01735,P0142,C04018,3,2025-09-03,Okay product
REV01736,P0010,C03216,4,2026-01-29,Good product
REV01737,P0062,C00764,4,2025-12-02,Happy with the purchase
REV01738,P0032,C01605,4,2025-12-18,Happy with the purchase
REV01739,P0125,C04092,4,2025-12-03,Works as expected
REV01740,P0183,C01138,2,2025-09-14,Could be better
REV01741,P0082,C02591,4,2025-04-03,Happy with the purchase
REV01742,P0084,C04078,5,2025-11-14,Really impressed
REV01743,P0014,C02324,5,2025-10-26,Great quality and value
REV01744,P0188,C00114,4,2025-07-13,Works as expected
REV01745,P0020,C03340,4,2025-03-15,Works as expected
REV01746,P0008,C03901,4,2025-06-22,Good product
REV01747,P0152,C00541,5,2025-05-08,Really impressed
REV01748,P0042,C02548,4,2025-11-04,Happy with the purchase
REV01749,P0136,C00042,4,2025-10-01,Good product
REV01750,P0122,C04705,5,2025-11-11,Really impressed
REV01751,P0084,C00399,5,2025-02-20,Excellent product
REV01752,P0068,C04722,4,2025-04-27,Happy with the purchase
REV01753,P0070,C00500,5,2025-11-08,Excellent product
REV01754,P0137,C03869,3,2025-09-29,Okay product
REV01755,P0200,C01373,4,2025-01-29,Works as expected
REV01756,P0042,C03899,4,2025-09-12,Works as expected
REV01757,P0121,C00594,5,2025-06-23,Really impressed
REV01758,P0157,C02157,3,2025-01-08,Average experience
REV01759,P0113,C01817,5,2025-04-10,Great quality and value
REV01760,P0032,C00035,3,2025-11-13,Average experience
REV01761,P0066,C04982,2,2025-03-23,Average quality
REV01762,P0143,C03288,3,2025-10-17,Okay product
REV01763,P0082,C01239,5,2025-11-03,Really impressed
REV01764,P0089,C00614,4,2025-10-03,Good product
REV01765,P0089,C01394,5,2025-01-31,Really impressed
REV01766,P0037,C03188,4,2025-12-01,Good product
REV01767,P0010,C02130,5,2025-10-08,Really impressed
REV01768,P0177,C03198,5,2025-08-31,Really impressed
REV01769,P0085,C00307,3,2025-11-10,Decent for the price
REV01770,P0078,C02663,3,2025-11-27,Decent for the price
REV01771,P0070,C04428,4,2025-12-04,Works as expected
REV01772,P0189,C02618,4,2025-07-21,Works as expected
REV01773,P0042,C01335,5,2025-08-05,Really impressed
REV01774,P0038,C03555,5,2025-05-22,Excellent product
REV01775,P0170,C01221,5,2025-05-28,Great quality and value
REV01776,P0184,C04829,2,2025-09-05,Could be better
REV01777,P0022,C02772,3,2025-12-28,Okay product
REV01778,P0177,C02522,4,2025-02-20,Good product
REV01779,P0017,C00004,2,2025-03-18,Average quality
REV01780,P0121,C02064,3,2025-11-29,Average experience
REV01781,P0037,C02884,5,2025-01-06,Excellent product
REV01782,P0065,C03462,5,2026-01-02,Excellent product
REV01783,P0006,C01168,4,2025-05-02,Happy with the purchase
REV01784,P0122,C02764,4,2025-04-06,Good product
REV01785,P0152,C03452,4,2025-10-27,Happy with the purchase
REV01786,P0163,C01157,2,2025-11-19,Could be better
REV01787,P0053,C01185,4,2025-02-10,Works as expected
REV01788,P0123,C02031,4,2025-10-07,Works as expected
REV01789,P0173,C02680,3,2025-04-06,Average experience
REV01790,P0048,C02400,4,2025-08-08,Good product
REV01791,P0100,C01069,4,2025-12-15,Works as expected
REV01792,P0163,C00608,5,2025-11-18,Excellent product
REV01793,P0104,C00484,4,2025-03-25,Works as expected
REV01794,P0142,C02180,4,2025-10-02,Good product
REV01795,P0153,C04026,5,2025-08-04,Really impressed
REV01796,P0023,C04155,5,2025-09-20,Really impressed
REV01797,P0022,C01412,5,2025-12-17,Really impressed
REV01798,P0053,C01433,2,2025-10-09,Not fully satisfied
REV01799,P0102,C04658,5,2025-03-30,Great quality and value
REV01800,P0096,C02564,5,2025-04-01,Great quality and value
REV01801,P0121,C00896,5,2025-11-18,Great quality and value
REV01802,P0141,C03166,4,2025-10-09,Good product
REV01803,P0124,C02170,2,2025-12-28,Average quality
REV01804,P0116,C00810,4,2025-03-18,Happy with the purchase
REV01805,P0061,C01971,4,2025-07-24,Happy with the purchase
REV01806,P0153,C02736,4,2025-02-01,Works as expected
REV01807,P0038,C01846,4,2025-11-06,Good product
REV01808,P0165,C04974,4,2025-12-23,Works as expected
REV01809,P0138,C00111,1,2025-03-23,Poor quality
REV01810,P0141,C01908,5,2025-04-01,Really impressed
REV01811,P0164,C00176,4,2026-01-11,Works as expected
REV01812,P0077,C01060,4,2025-03-09,Works as expected
REV01813,P0057,C03696,4,2025-12-16,Works as expected
REV01814,P0173,C03330,4,2025-09-04,Works as expected
REV01815,P0113,C04115,5,2025-06-05,Really impressed
REV01816,P0022,C03773,2,2025-05-10,Could be better
REV01817,P0166,C02041,3,2025-03-01,Decent for the price
REV01818,P0131,C00891,2,2025-05-03,Not fully satisfied
REV01819,P0095,C00316,5,2025-04-22,Great quality and value
REV01820,P0192,C02144,5,2025-02-24,Great quality and value
REV01821,P0128,C02435,4,2025-03-31,Good product
REV01822,P0105,C01292,2,2025-05-16,Average quality
REV01823,P0114,C00473,5,2025-09-23,Great quality and value
REV01824,P0027,C03108,4,2025-10-30,Happy with the purchase
REV01825,P0153,C01441,1,2025-06-27,Not worth the price
REV01826,P0154,C01899,3,2025-02-23,Okay product
REV01827,P0136,C04461,5,2025-05-11,Great quality and value
REV01828,P0121,C00875,5,2025-04-19,Really impressed
REV01829,P0099,C00951,4,2026-01-14,Good product
REV01830,P0091,C00268,5,2025-02-06,Excellent product
REV01831,P0142,C00235,5,2025-07-27,Great quality and value
REV01832,P0196,C04322,3,2025-05-26,Average experience
REV01833,P0142,C02559,5,2025-10-07,Great quality and value
REV01834,P0120,C02057,5,2025-08-07,Excellent product
REV01835,P0166,C04977,4,2025-04-28,Good product
REV01836,P0127,C00607,3,2025-12-23,Average experience
REV01837,P0100,C03281,5,2025-04-06,Great quality and value
REV01838,P0198,C03721,4,2025-09-12,Happy with the purchase
REV01839,P0193,C03724,5,2025-05-26,Really impressed
REV01840,P0156,C01271,3,2025-03-21,Average experience
REV01841,P0009,C03350,5,2025-09-03,Really impressed
REV01842,P0147,C02859,5,2025-11-16,Excellent product
REV01843,P0181,C04567,4,2025-06-12,Happy with the purchase
REV01844,P0067,C02916,4,2025-02-10,Good product
REV01845,P0126,C02686,4,2025-07-24,Works as expected
REV01846,P0054,C04446,4,2025-07-31,Works as expected
REV01847,P0015,C03098,4,2025-01-10,Works as expected
REV01848,P0014,C00049,3,2025-08-29,Okay product
REV01849,P0026,C04766,5,2026-01-13,Excellent product
REV01850,P0129,C01970,4,2025-11-26,Happy with the purchase
REV01851,P0063,C02343,5,2025-12-03,Really impressed
REV01852,P0063,C00694,4,2025-06-24,Good product
REV01853,P0114,C01554,5,2025-07-12,Really impressed
REV01854,P0109,C03525,5,2025-07-24,Great quality and value
REV01855,P0123,C01685,3,2025-06-12,Average experience
REV01856,P0168,C02514,4,2025-02-12,Works as expected
REV01857,P0130,C04000,5,2025-06-29,Really impressed
REV01858,P0066,C04469,4,2025-07-29,Works as expected
REV01859,P0114,C02453,5,2025-08-06,Excellent product
REV01860,P0045,C01266,3,2025-03-23,Decent for the price
REV01861,P0184,C04467,1,2025-11-22,Very disappointing
REV01862,P0162,C03652,4,2025-08-14,Good product
REV01863,P0086,C01721,3,2025-09-15,Okay product
REV01864,P0057,C03781,4,2026-01-15,Happy with the purchase
REV01865,P0008,C02757,2,2025-02-22,Average quality
REV01866,P0151,C00882,5,2025-11-27,Great quality and value
REV01867,P0146,C02561,4,2025-03-20,Works as expected
REV01868,P0131,C01225,4,2025-11-03,Works as expected
REV01869,P0138,C03418,4,2025-02-02,Happy with the purchase
REV01870,P0172,C04748,5,2025-03-12,Excellent product
REV01871,P0200,C02349,4,2025-08-24,Good product
REV01872,P0160,C01216,5,2025-07-31,Excellent product
REV01873,P0028,C03844,5,2025-12-27,Excellent product
REV01874,P0089,C04567,4,2025-09-27,Works as expected
REV01875,P9999,C03396,,2025-01-31,Good product
REV01876,P0131,C00196,4,2026-01-10,Works as expected
REV01877,P0131,C03138,2,2025-08-27,Could be better
REV01878,P0009,C00093,5,2025-02-02,Excellent product
REV01879,P0089,C02042,5,2025-08-26,Great quality and value
REV01880,P0059,C03415,5,2025-02-05,Really impressed
REV01881,P0145,C01548,4,2025-06-03,Good product
REV01882,P0158,C04369,4,2025-03-28,Works as expected
REV01883,P0138,C02676,5,2025-03-01,Great quality and value
REV01884,P0151,C01835,3,2025-12-06,Average experience
REV01885,P0017,C01581,5,2025-11-30,Really impressed
REV01886,P0125,C00757,4,2025-01-13,Happy with the purchase
REV01887,P0008,C02992,4,2025-08-31,Happy with the purchase
REV01888,P0147,C02674,3,2025-04-18,Decent for the price
REV01889,P0151,C01343,5,2025-04-04,Really impressed
REV01890,P0164,C01363,4,2025-09-19,Happy with the purchase
REV01891,P0094,C02541,4,2025-02-10,Happy with the purchase
REV01892,P0011,C02758,5,2025-03-11,Excellent product
REV01893,P0171,C04035,4,2025-09-14,Works as expected
REV01894,P0014,C04638,5,2025-12-27,Great quality and value
REV01895,P0020,C01971,3,2025-04-25,Decent for the price
REV01896,P0047,C00260,5,2025-08-03,Excellent product
REV01897,P0130,C03456,5,2025-11-25,Great quality and value
REV01898,P0140,C00850,5,2025-06-12,Great quality and value
REV01899,P0143,C02711,4,2025-07-11,Good product
REV01900,P0124,C03657,3,2025-08-18,Okay product
REV01901,P0156,C00529,5,2026-01-22,Excellent product
REV01902,P0036,C03328,3,2025-04-27,Okay product
REV01903,P0050,C00352,2,2025-09-29,Could be better
REV01904,P0034,C02081,1,2025-10-03,Very disappointing
REV01905,P0065,C00599,4,2025-04-24,Works as expected
REV01906,P0140,C00918,4,2025-05-21,Good product
REV01907,P0135,C03674,5,2025-12-03,Really impressed
REV01908,P0168,C02326,5,2025-09-21,Really impressed
REV01909,P0188,C03962,5,2026-01-23,Really impressed
REV01910,P0037,C04384,3,2025-01-21,Average experience
REV01911,P0147,C04081,4,2025-07-04,Happy with the purchase
REV01912,P0107,C00725,5,2025-10-10,Excellent product
REV01913,P0130,C04623,3,2025-03-24,Decent for the price
REV01914,P0074,C04836,4,2025-11-19,Works as expected
REV01915,P0055,C00464,4,2025-09-27,Happy with the purchase
REV01916,P0008,C00260,5,2026-01-19,Really impressed
REV01917,P0005,C03238,4,2025-04-19,Works as expected
REV01918,P0170,C04502,2,2025-07-06,Not fully satisfied
REV01919,P0124,C03430,4,2025-02-07,Good product
REV01920,P0085,C02416,4,2025-11-06,Good product
REV01921,P0048,C01933,5,2025-06-04,Excellent product
REV01922,P0027,C01927,4,2025-06-17,Works as expected
REV01923,P0032,C00607,4,2025-08-11,Works as expected
REV01924,P0041,C04234,4,2025-07-22,Happy with the purchase
REV01925,P0033,C04976,5,2025-10-10,Great quality and value
REV01926,P0194,C04587,1,2025-03-27,Poor quality
REV01927,P0032,C04351,3,2025-10-08,Average experience
REV01928,P0127,C00987,2,2025-06-12,Could be better
REV01929,P0172,C01518,3,2025-11-23,Decent for the price
REV01930,P0052,C04733,4,2025-04-11,Works as expected
REV01931,P0171,C02534,5,2025-06-09,Great quality and value
REV01932,P0084,C01592,3,2025-12-23,Decent for the price
REV01933,P0087,C01636,4,2026-01-08,Works as expected
REV01934,P0045,C01890,2,2025-08-21,Average quality
REV01935,P0079,C04740,5,2025-03-12,Great quality and value
REV01936,P0084,C00722,4,2025-03-10,Good product
REV01937,P0116,C03910,5,2025-01-30,Great quality and value
REV01938,P0130,C03863,2,2025-06-06,Not fully satisfied
REV01939,P0176,C02361,4,2025-11-02,Happy with the purchase
REV01940,P0053,C04895,5,2025-06-05,Great quality and value
REV01941,P0155,C03353,3,2025-07-16,Okay product
REV01942,P0182,C00157,2,2025-12-28,Could be better
REV01943,P0130,C00162,5,2025-12-23,Great quality and value
REV01944,P0148,C00997,4,2025-12-29,Happy with the purchase
REV01945,P0027,C04516,3,2025-03-06,Decent for the price
REV01946,P0048,C01459,4,2026-01-03,Happy with the purchase
REV01947,P0057,C03869,3,2025-09-19,Average experience
REV01948,P0100,C02093,3,2025-10-13,Average experience
REV01949,P0102,C00911,4,2025-05-10,Happy with the purchase
REV01950,P0036,C04224,3,2025-12-02,Okay product
REV01951,P0112,C03865,5,2026-02-08,Excellent product
REV01952,P0165,C01654,3,2025-11-13,Okay product
REV01953,P0111,C03802,4,2025-07-18,Happy with the purchase
REV01954,P0076,C01855,5,2025-12-28,Excellent product
REV01955,P0009,C04844,5,2025-01-12,Really impressed
REV01956,P0171,C04080,5,2025-10-31,Excellent product
REV01957,P0004,C01315,5,2026-01-16,Great quality and value
REV01958,P0067,C02606,5,2025-02-02,Excellent product
REV01959,P0100,C04461,4,2025-11-01,Good product
REV01960,P0082,C02654,2,2025-07-30,Average quality
REV01961,P0131,C04550,2,2025-07-13,Could be better
REV01962,P0186,C04512,4,2026-02-07,Happy with the purchase
REV01963,P0091,C03081,3,2025-11-30,Average experience
REV01964,P0041,C04838,3,2025-04-11,Okay product
REV01965,P0039,C03393,4,2025-04-23,Works as expected
REV01966,P0062,C03502,4,2025-09-20,Good product
REV01967,P0097,C00330,1,2025-09-17,Not worth the price
REV01968,P0111,C04166,4,2025-10-26,Works as expected
REV01969,P0189,C01372,3,2025-12-05,Decent for the price
REV01970,P0195,C01982,5,2025-06-20,Excellent product
REV01971,P0123,C01143,2,2025-02-17,Not fully satisfied
REV01972,P0003,C04159,3,2025-03-26,Okay product
REV01973,P0129,C02696,5,2025-11-03,Great quality and value
REV01974,P0103,C02969,1,2025-10-12,Poor quality
REV01975,P0007,C03882,5,2025-09-07,Great quality and value
REV01976,P0161,C04407,2,2025-10-12,Average quality
REV01977,P0130,C00386,3,2025-10-31,Decent for the price
REV01978,P0087,C04010,4,2025-07-06,Good product
REV01979,P0175,C04028,4,2025-05-15,Good product
REV01980,P0187,C03774,3,2025-02-16,Okay product
REV01981,P0067,C03419,4,2025-10-19,Happy with the purchase
REV01982,P0181,C03137,4,2025-04-29,Happy with the purchase
REV01983,P0025,C04481,4,2025-09-21,Happy with the purchase
REV01984,P0166,C00160,4,2025-08-28,Good product
REV01985,P0080,C02218,4,2025-11-02,Good product
REV01986,P0041,C01773,4,2025-02-07,Happy with the purchase
REV01987,P0117,C03845,2,2025-07-09,Not fully satisfied
REV01988,P0098,C02056,3,2025-07-27,Okay product
REV01989,P0102,C01641,5,2025-09-05,Great quality and value
REV01990,P0017,C02368,5,2025-05-04,Really impressed
REV01991,P0089,C03871,1,2025-08-28,Not worth the price
REV01992,P0106,C02574,4,2025-05-25,Happy with the purchase
REV01993,P0066,C04080,1,2025-04-30,Not worth the price
REV01994,P0043,C01755,2,2025-03-01,Could be better
REV01995,P0151,C04227,4,2025-04-25,Happy with the purchase
REV01996,P0057,C01108,5,2025-05-24,Great quality and value
REV01997,P0192,C04754,5,2026-01-09,Really impressed
REV01998,P0024,C04271,5,2025-02-11,Excellent product
REV01999,P0187,C00900,4,2025-02-20,Good product
REV02000,P0020,C04322,4,2025-10-11,Good product
REV02001,P0077,C04958,4,2025-11-16,Works as expected
REV02002,P0051,C00528,1,2025-04-03,Poor quality
REV02003,P0087,C00682,2,2025-02-12,Not fully satisfied
REV02004,P0037,C00093,4,2025-09-27,Good product
REV02005,P0169,C03426,5,2025-05-17,Excellent product
REV02006,P0095,C01479,5,2025-08-21,Great quality and value
REV02007,P0142,C04367,4,2025-12-01,Good product
REV02008,P0199,C02146,5,2025-03-24,Great quality and value
REV02009,P0172,C01983,5,2025-03-13,Excellent product
REV02010,P0053,C00824,4,2025-12-06,Happy with the purchase
REV02011,P0142,C02829,3,2025-05-24,Okay product
REV02012,P0165,C00494,4,2025-04-02,Good product
REV02013,P0125,C04920,,2025-09-04,Works as expected
REV02014,P0060,C01799,3,2025-06-25,Decent for the price
REV02015,P0114,C00327,4,2025-11-02,Works as expected
REV02016,P0027,C00369,4,2025-09-12,Works as expected
REV02017,P0170,C01331,5,2025-12-23,Really impressed
REV02018,P0104,C03599,3,2025-06-29,Decent for the price
REV02019,P0038,C03936,4,2025-06-24,Works as expected
REV02020,P0058,C02113,5,2025-09-14,Excellent product
REV02021,P0149,C02085,5,2025-02-13,Really impressed
REV02022,P0125,C04553,3,2025-06-26,Decent for the price
REV02023,P0014,C03653,5,2025-04-24,Great quality and value
REV02024,P0068,C01308,5,2025-04-04,Really impressed
REV02025,P0031,C03031,5,2025-09-11,Really impressed
REV02026,P0010,C03819,4,2025-07-27,Works as expected
REV02027,P0136,C02696,4,2025-09-26,Works as expected
REV02028,P0172,C01766,5,2025-01-30,Great quality and value
REV02029,P0175,C03988,3,2025-10-29,Decent for the price
REV02030,P0179,C01128,2,2025-10-09,Could be better
REV02031,P0103,C01745,4,2025-02-28,
REV02032,P0007,C02119,4,2025-09-19,Works as expected
REV02033,P0101,C04052,3,2025-09-01,Okay product
REV02034,P0035,C00084,4,2025-05-10,Good product
REV02035,P0189,C03754,4,2025-06-23,Happy with the purchase
REV02036,P0145,C04918,3,2025-04-04,Decent for the price
REV02037,P0057,C02980,5,2025-07-09,Really impressed
REV02038,P0130,C02508,4,2025-05-04,Happy with the purchase
REV02039,P0112,C03026,1,2025-10-23,Poor quality
REV02040,P0137,C02798,5,2025-06-12,Excellent product
REV02041,P0187,C00122,5,2025-11-07,Great quality and value
REV02042,P0153,C00997,4,2025-02-19,Works as expected
REV02043,P0070,C00101,5,2025-11-16,Excellent product
REV02044,P0082,C00519,5,2025-05-29,Really impressed
REV02045,P0131,C02037,2,2025-03-20,Could be better
REV02046,P0163,C02224,2,2025-11-09,Not fully satisfied
REV02047,P0017,C01126,3,2025-02-03,Decent for the price
REV02048,P0075,C00993,5,2025-05-25,Great quality and value
REV02049,P0047,C00720,5,2025-08-24,Great quality and value
REV02050,P0039,C02656,2,2025-03-03,Could be better
REV02051,P0009,C04085,4,2025-04-01,Happy with the purchase
REV02052,P0055,C04971,5,2026-02-02,Great quality and value
REV02053,P0048,C02939,4,2025-10-10,Good product
REV02054,P0138,C01909,5,2025-08-03,Really impressed
REV02055,P0161,C04896,4,2025-02-21,Works as expected
REV02056,P0105,C00488,5,2025-09-24,Really impressed
REV02057,P0181,C04442,3,2025-02-23,Okay product
REV02058,P0169,C02897,3,2025-12-27,Average experience
REV02059,P0030,C02147,4,2025-03-23,Works as expected
REV02060,P0114,C03111,1,2025-06-01,Poor quality
REV02061,P0051,C03565,4,2025-04-11,Good product
REV02062,P0179,C01348,2,2025-02-13,Could be better
REV02063,P0160,C02844,4,2025-06-11,Happy with the purchase
REV02064,P0143,C00693,5,2025-06-11,Great quality and value
REV02065,P0087,C02001,5,2025-07-22,Really impressed
REV02066,P0158,C04285,4,2025-04-18,Good product
REV02067,P0082,C04118,3,2025-12-31,Average experience
REV02068,P0164,C00444,2,2025-08-29,Could be better
REV02069,P0001,C01860,5,2025-03-22,Great quality and value
REV02070,P0119,C03414,5,2025-11-12,Really impressed
REV02071,P0165,C01773,4,2025-11-21,Good product
REV02072,P0130,C01346,4,2025-12-22,Happy with the purchase
REV02073,P0032,C01531,1,2025-06-25,Poor quality
REV02074,P0171,C00566,3,2025-07-07,Decent for the price
REV02075,P0182,C01488,5,2025-09-06,Really impressed
REV02076,P0043,C04002,4,2025-09-12,Happy with the purchase
REV02077,P0126,C04890,2,2025-04-15,Could be better
REV02078,P0185,C00276,4,2025-05-08,Happy with the purchase
REV02079,P0059,C02706,3,2025-08-05,Decent for the price
REV02080,P0010,C04173,5,2025-08-05,Really impressed
REV02081,P0138,C03132,3,2025-12-25,Decent for the price
REV02082,P0067,C04065,1,2025-06-06,Not worth the price
REV02083,P0137,C04666,4,2025-07-05,Good product
REV02084,P0069,C01094,4,2025-02-23,Works as expected
REV02085,P0135,C00289,5,2025-07-16,Really impressed
REV02086,P0127,C01896,3,2025-09-16,Decent for the price
REV02087,P0153,C02752,4,2025-11-09,Works as expected
REV02088,P0130,C04166,4,2025-03-08,Works as expected
REV02089,P0061,C00306,5,2025-04-08,Really impressed
REV02090,P0155,C02396,2,2025-03-05,Could be better
REV02091,P0081,C04978,4,2025-10-11,Happy with the purchase
REV02092,P0177,C04713,4,2025-03-27,Good product
REV02093,P0047,C02438,4,2025-02-24,Works as expected
REV02094,P0195,C00504,4,2025-05-01,Happy with the purchase
REV02095,P0136,C00550,4,2026-02-01,Happy with the purchase
REV02096,P0117,C04972,3,2025-06-29,Decent for the price
REV02097,P0087,C04793,5,2025-04-21,Really impressed
REV02098,P0098,C00922,2,2025-04-06,Not fully satisfied
REV02099,P0061,C03730,5,2025-03-22,Excellent product
REV02100,P0122,C04261,4,2025-11-29,Happy with the purchase
REV02101,P0104,C04141,4,2025-11-13,Good product
REV02102,P0023,C03603,5,2025-11-16,Excellent product
REV02103,P0082,C03288,5,2025-12-23,Excellent product
REV02104,P0155,C03186,5,2025-10-05,Excellent product
REV02105,P0127,C01137,4,2025-02-24,Good product
REV02106,P0175,C03038,4,2025-10-29,Works as expected
REV02107,P0027,C01727,2,2025-09-30,Could be better
REV02108,P0183,C02104,5,2025-03-27,Great quality and value
REV02109,P0007,C02866,4,2025-09-10,Works as expected
REV02110,P0136,C00055,4,2025-06-29,Good product
REV02111,P0020,C00384,5,2025-03-03,Really impressed
REV02112,P0132,C02334,5,2025-08-02,Excellent product
REV02113,P0043,C03393,4,2025-09-17,Happy with the purchase
REV02114,P0126,C04419,5,2025-11-24,Great quality and value
REV02115,P0128,C02523,4,2025-07-16,Works as expected
REV02116,P0098,C02818,3,2025-12-08,Average experience
REV02117,P0189,C03223,4,2025-03-07,Happy with the purchase
REV02118,P0196,C02484,5,2026-01-21,Great quality and value
REV02119,P0002,C04380,3,2025-04-25,Okay product
REV02120,P0189,C04925,3,2025-08-28,Decent for the price
REV02121,P0058,C00856,3,2025-12-08,Average experience
REV02122,P0077,C00817,4,2025-10-07,Works as expected
REV02123,P0092,C02453,4,2025-05-05,Good product
REV02124,P0063,C00177,5,2025-08-13,Really impressed
REV02125,P0185,C04847,5,2025-03-08,Great quality and value
REV02126,P0182,C00210,5,2025-03-30,Excellent product
REV02127,P0145,C00610,4,2025-09-07,Good product
REV02128,P0180,C00764,5,2025-04-13,Excellent product
REV02129,P0106,C02215,1,2025-06-08,Poor quality
REV02130,P0089,C02047,5,2026-02-06,Excellent product
REV02131,P0138,C02192,4,2025-08-02,Happy with the purchase
REV02132,P0067,C01534,4,2025-03-19,Happy with the purchase
REV02133,P0004,C03470,4,2025-09-15,Happy with the purchase
REV02134,P0006,C02436,4,2025-08-31,Works as expected
REV02135,P0053,C03219,3,2026-01-25,Decent for the price
REV02136,P0092,C03945,4,2025-02-28,Works as expected
REV02137,P0098,C00520,4,2025-12-08,Works as expected
REV02138,P0130,C02689,4,2025-08-14,Happy with the purchase
REV02139,P0076,C04852,2,2025-08-29,Could be better
REV02140,P0039,C00088,4,2025-04-07,Good product
REV02141,P0130,C01525,4,2025-04-20,Good product
REV02142,P0073,C02897,1,2025-03-29,Poor quality
REV02143,P0138,C04007,3,2025-08-05,Decent for the price
REV02144,P0048,C04784,2,2025-12-20,Could be better
REV02145,P0192,C01970,4,2025-05-24,Good product
REV02146,P0164,C01924,1,2025-04-15,Poor quality
REV02147,P0167,C00307,3,2025-05-19,Okay product
REV02148,P0016,C04644,4,2025-03-27,Works as expected
REV02149,P0076,C03241,2,2025-05-19,Average quality
REV02150,P0149,C03551,4,2025-07-09,Good product
REV02151,P0123,C01213,4,2025-08-09,Works as expected
REV02152,P0123,C01050,5,2026-01-21,Great quality and value
REV02153,P0149,C00582,3,2025-04-06,Average experience
REV02154,P0118,C02005,3,2025-05-22,Decent for the price
REV02155,P0132,C00396,4,2026-01-09,Happy with the purchase
REV02156,P0152,C02670,2,2025-04-30,Average quality
REV02157,P0084,C00710,4,2025-06-07,Works as expected
REV02158,P0141,C01794,4,2026-01-04,Works as expected
REV02159,P0144,C00844,5,2025-08-18,Excellent product
REV02160,P0164,C01791,2,2025-04-06,Could be better
REV02161,P0041,C00766,3,2025-08-12,Okay product
REV02162,P0137,C04777,4,2025-05-28,Good product
REV02163,P0041,C00974,4,2025-04-07,Good product
REV02164,P0058,C02070,4,2025-07-09,Happy with the purchase
REV02165,P0150,C00522,5,2025-04-05,Great quality and value
REV02166,P0051,C02347,5,2025-09-23,Excellent product
REV02167,P0080,C04331,4,2025-06-06,Works as expected
REV02168,P0076,C00023,3,2026-01-11,Average experience
REV02169,P0139,C02915,4,2025-05-27,Works as expected
REV02170,P0128,C00225,4,2025-05-05,Good product
REV02171,P0075,C01204,5,2025-07-22,Great quality and value
REV02172,P0121,C03617,3,2025-03-13,Okay product
REV02173,P0024,C00121,3,2025-08-01,Decent for the price
REV02174,P0132,C04051,4,2026-01-06,Happy with the purchase
REV02175,P0134,C03515,2,2025-05-05,Average quality
REV02176,P0080,C00151,5,2025-09-17,Really impressed
REV02177,P0151,C00694,2,2025-10-07,Not fully satisfied
REV02178,P0046,C02786,5,2025-02-28,Excellent product
REV02179,P0014,C03303,5,2025-10-16,Great quality and value
REV02180,P0154,C01888,4,2025-10-04,Happy with the purchase
REV02181,P0185,C04835,5,2025-04-01,Really impressed
REV02182,P0044,C00220,5,2025-10-22,Great quality and value
REV02183,P0124,C01038,4,2025-12-23,Good product
REV02184,P0189,C04732,5,2025-03-09,Really impressed
REV02185,P0124,C01163,5,2026-01-04,Great quality and value
REV02186,P0103,C03064,4,2026-01-09,Good product
REV02187,P0121,C01424,5,2025-07-03,Excellent product
REV02188,P0181,C00816,5,2025-03-16,Really impressed
REV02189,P0142,C01449,5,2025-06-14,Excellent product
REV02190,P0126,C01004,2,2025-06-13,Not fully satisfied
REV02191,P0128,C04390,4,2025-03-09,Good product
REV02192,P0112,C04548,4,2025-02-17,Works as expected
REV02193,P0087,C03982,3,2025-07-12,Okay product
REV02194,P0014,C00022,4,2025-07-11,Happy with the purchase
REV02195,P0009,C00397,2,2025-08-09,Could be better
REV02196,P0039,C02056,2,2025-03-05,Could be better
REV02197,P0087,C04113,4,2025-07-05,Works as expected
REV02198,P0109,C04204,4,2025-05-24,
REV02199,P0024,C03716,4,2025-03-06,Happy with the purchase
REV02200,P0016,C02875,5,2025-10-01,Excellent product
REV02201,P0111,C00215,3,2025-04-07,Decent for the price
REV02202,P0077,C03356,5,2025-10-27,Excellent product
REV02203,P0078,C02391,5,2025-02-13,Great quality and value
REV02204,P0079,C02250,4,2025-07-08,Good product
REV02205,P0005,C03119,2,2025-08-23,Average quality
REV02206,P0153,C01599,4,2025-04-06,Good product
REV02207,P0122,C01636,4,2025-01-12,Works as expected
REV02208,P0105,C04975,4,2025-12-12,Works as expected
REV02209,P0136,C02893,3,2025-12-23,Average experience
REV02210,P0075,C02328,4,2026-01-13,Good product
REV02211,P0059,C01800,5,2025-05-17,Great quality and value
REV02212,P0093,C00621,3,2025-12-16,Average experience
REV02213,P0102,C01828,4,2025-02-03,Works as expected
REV02214,P0139,C01115,4,2025-03-23,Good product
REV02215,P0022,C04297,5,2026-01-07,Excellent product
REV02216,P0183,C01585,4,2025-08-24,Good product
REV02217,P0141,C03573,5,2025-12-17,Excellent product
REV02218,P0012,C02332,5,2025-05-13,Great quality and value
REV02219,P0151,C04185,3,2025-10-02,Okay product
REV02220,P0192,C04831,3,2025-09-18,Average experience
REV02221,P0044,C03750,2,2025-08-26,Could be better
REV02222,P0048,C00207,5,2025-05-05,Great quality and value
REV02223,P0046,C04263,5,2025-11-29,Great quality and value
REV02224,P0029,C03670,4,2025-10-05,Works as expected
REV02225,P0022,C00072,3,2026-02-01,Average experience
REV02226,P0159,C01960,5,2025-03-25,Excellent product
REV02227,P0199,C04960,5,2025-07-16,Excellent product
REV02228,P0091,C00715,1,2025-11-24,Poor quality
REV02229,P0066,C04565,3,2025-02-11,
REV02230,P0033,C01569,2,2025-03-06,Could be better
REV02231,P0157,C01850,3,2025-04-14,Decent for the price
REV02232,P0068,C01446,5,2025-03-29,Great quality and value
REV02233,P0058,C04806,4,2025-02-03,Good product
REV02234,P0032,C04580,5,2025-04-15,Excellent product
REV02235,P0152,C04231,5,2026-01-15,Excellent product
REV02236,P0122,C04816,5,2025-12-06,Great quality and value
REV02237,P0052,C03475,5,2025-03-03,Really impressed
REV02238,P0127,C02508,5,2025-12-20,Excellent product
REV02239,P0138,C01541,3,2025-02-22,Average experience
REV02240,P0063,C02540,4,2025-04-20,Works as expected
REV02241,P0171,C04614,1,2025-06-11,Not worth the price
REV02242,P0188,C00587,2,2025-04-08,Could be better
REV02243,P0044,C02246,4,2025-04-28,Good product
REV02244,P0177,C03633,4,2025-09-06,Happy with the purchase
REV02245,P0008,C01831,4,2025-06-18,
REV02246,P0079,C02333,3,2025-04-03,Average experience
REV02247,P0069,C03302,4,2026-01-15,Happy with the purchase
REV02248,P0058,C00701,5,2025-09-18,Really impressed
REV02249,P0036,C04406,4,2025-02-08,Happy with the purchase
REV02250,P0116,C03131,3,2025-08-11,Decent for the price
REV02251,P0188,C00238,3,2025-12-30,Decent for the price
REV02252,P0120,C03484,5,2025-07-14,Excellent product
REV02253,P0066,C00225,4,2025-07-15,Happy with the purchase
REV02254,P0060,C03187,5,2026-01-01,Excellent product
REV02255,P0092,C04250,1,2025-03-30,Not worth the price
REV02256,P0031,C03153,4,2025-08-16,Happy with the purchase
REV02257,P0199,C03213,5,2025-04-13,Great quality and value
REV02258,P0074,C02220,4,2025-05-10,Good product
REV02259,P0159,C03977,4,2025-09-19,Works as expected
REV02260,P0015,C00393,4,2025-05-01,Good product
REV02261,P0102,C00138,3,2025-02-11,
REV02262,P0028,C02728,5,2025-03-31,Great quality and value
REV02263,P0165,C03584,3,2025-12-28,Average experience
REV02264,P0046,C03567,2,2025-07-18,Not fully satisfied
REV02265,P0193,C03432,3,2025-11-12,Okay product
REV02266,P0015,C00255,4,2026-01-11,Happy with the purchase
REV02267,P0126,C03410,5,2025-12-13,Great quality and value
REV02268,P0015,C01559,5,2025-02-25,Great quality and value
REV02269,P0100,C04817,4,2025-07-05,Works as expected
REV02270,P0107,C02065,3,2025-05-19,Average experience
REV02271,P0148,C01022,3,2025-08-05,Average experience
REV02272,P0122,C04220,4,2025-09-28,Happy with the purchase
REV02273,P0156,C04991,4,2025-09-12,
REV02274,P0115,C01050,3,2025-09-14,Okay product
REV02275,P0161,C02856,4,2025-04-13,Happy with the purchase
REV02276,P0096,C03839,5,2025-06-01,Excellent product
REV02277,P0112,C04848,5,2025-07-29,Excellent product
REV02278,P0099,C04638,5,2025-06-04,Excellent product
REV02279,P0072,C03811,4,2025-06-13,
REV02280,P0041,C04769,4,2025-03-30,Works as expected
REV02281,P0191,C04631,5,2026-01-03,Great quality and value
REV02282,P0046,C02323,4,2025-02-27,Happy with the purchase
REV02283,P0069,C01354,5,2025-10-14,Excellent product
REV02284,P0173,C04291,4,2025-06-29,Good product
REV02285,P0149,C02205,4,2025-08-24,Works as expected
REV02286,P0040,C02858,4,2025-06-20,Happy with the purchase
REV02287,P0136,C02672,5,2026-01-03,Great quality and value
REV02288,P0151,C02447,5,2025-05-30,Excellent product
REV02289,P0148,C01360,4,2025-08-04,Happy with the purchase
REV02290,P0080,C01189,5,2025-01-22,Really impressed
REV02291,P0053,C04045,3,2025-11-06,Okay product
REV02292,P0166,C03023,3,2025-06-16,Decent for the price
REV02293,P0178,C03061,4,2025-08-05,Happy with the purchase
REV02294,P0090,C01666,5,2025-09-16,Great quality and value
REV02295,P0111,C01811,3,2026-01-31,Average experience
REV02296,P0005,C01341,3,2025-07-18,Okay product
REV02297,P0095,C03472,3,2025-05-07,Decent for the price
REV02298,P0111,C03663,5,2025-08-15,Great quality and value
REV02299,P0045,C01338,5,2025-11-14,
REV02300,P0029,C01874,3,2025-08-27,Decent for the price
REV02301,P0023,C00421,5,2025-06-17,Great quality and value
REV02302,P0163,C03282,5,2025-08-09,Really impressed
REV02303,P0112,C04077,5,2025-10-21,Really impressed
REV02304,P0149,C01252,5,2025-06-19,Great quality and value
REV02305,P0012,C00201,5,2025-07-22,Great quality and value
REV02306,P0171,C00907,4,2025-05-29,Happy with the purchase
REV02307,P0176,C00535,4,2025-07-04,Happy with the purchase
REV02308,P0053,C01294,5,2025-07-30,Really impressed
REV02309,P0056,C03069,5,2025-08-05,Great quality and value
REV02310,P0023,C01859,4,2025-10-16,Works as expected
REV02311,P0078,C04315,5,2025-07-11,Really impressed
REV02312,P0076,C02056,5,2025-02-16,Excellent product
REV02313,P0135,C00983,3,2025-09-15,Decent for the price
REV02314,P0061,C01860,5,2025-04-12,Really impressed
REV02315,P0092,C02421,1,2025-08-28,Very disappointing
REV02316,P0031,C00234,2,2025-09-06,Average quality
REV02317,P0159,C02921,3,2025-06-08,Okay product
REV02318,P0172,C04118,4,2025-11-11,Happy with the purchase
REV02319,P0042,C01845,5,2025-07-27,Great quality and value
REV02320,P0055,C00817,5,2025-04-17,Great quality and value
REV02321,P0029,C01977,4,2025-09-28,Works as expected
REV02322,P0053,C03553,5,2025-06-11,Really impressed
REV02323,P0160,C03360,4,2025-08-17,Works as expected
REV02324,P0164,C00782,4,2025-10-13,Happy with the purchase
REV02325,P0037,C03011,5,2025-04-17,Really impressed
REV02326,P0135,C03447,5,2025-09-21,Great quality and value
REV02327,P0133,C02158,4,2025-03-13,Happy with the purchase
REV02328,P0082,C00286,4,2025-09-16,Happy with the purchase
REV02329,P0091,C04013,5,2025-05-16,Really impressed
REV02330,P0012,C03820,4,2025-09-26,Happy with the purchase
REV02331,P0127,C01355,1,2025-03-29,Very disappointing
REV02332,P0111,C00563,4,2025-12-22,Happy with the purchase
REV02333,P0179,C02649,4,2025-12-23,Happy with the purchase
REV02334,P0060,C02421,5,2025-04-29,Excellent product
REV02335,P0097,C04619,4,2025-05-14,Works as expected
REV02336,P0148,C04519,4,2025-05-25,Good product
REV02337,P0019,C02265,4,2025-03-30,Happy with the purchase
REV02338,P0125,C01350,4,2025-05-26,Good product
REV02339,P0014,C04450,5,2025-07-18,Great quality and value
REV02340,P0031,C04600,3,2025-06-09,Decent for the price
REV02341,P0128,C03983,1,2025-06-23,Not worth the price
REV02342,P0094,C02011,4,2025-10-03,Works as expected
REV02343,P0185,C02262,5,2025-09-08,Excellent product
REV02344,P0033,C03696,4,2025-05-04,Happy with the purchase
REV02345,P0027,C01080,5,2026-01-05,Really impressed
REV02346,P0053,C01445,5,2025-03-13,Really impressed
REV02347,P0175,C04458,4,2025-12-17,Happy with the purchase
REV02348,P0110,C03131,2,2025-11-16,Could be better
REV02349,P0081,C00173,4,2025-01-31,Happy with the purchase
REV02350,P0161,C03095,4,2025-06-08,Happy with the purchase
REV02351,P0082,C02745,3,2025-08-12,Decent for the price
REV02352,P0132,C00213,1,2025-09-17,Not worth the price
REV02353,P0115,C01395,4,2025-04-12,Works as expected
REV02354,P0090,C01295,4,2025-05-27,Good product
REV02355,P0131,C02334,4,2025-03-18,Works as expected
REV02356,P0037,C02037,2,2025-06-05,Could be better
REV02357,P0129,C03148,4,2025-12-07,
REV02358,P0088,C01897,4,2025-08-08,Works as expected
REV02359,P0143,C04730,3,2025-12-18,Decent for the price
REV02360,P0025,C03095,2,2025-07-20,Average quality
REV02361,P0054,C03099,5,2025-09-02,Great quality and value
REV02362,P0074,C01168,1,2025-09-27,Not worth the price
REV02363,P0122,C03321,5,2025-04-08,Really impressed
REV02364,P0025,C00788,4,2025-07-05,Good product
REV02365,P0155,C02600,4,2025-09-23,Good product
REV02366,P0188,C01003,4,2025-04-25,Happy with the purchase
REV02367,P0098,C03095,3,2026-01-05,Okay product
REV02368,P0179,C01254,4,2025-09-27,Happy with the purchase
REV02369,P0005,C04661,3,2025-12-03,Average experience
REV02370,P0187,C03778,5,2025-09-17,Excellent product
REV02371,P0115,C00048,4,2026-02-01,Works as expected
REV02372,P0078,C03858,5,2025-07-23,Great quality and value
REV02373,P0066,C02165,4,2025-08-18,Good product
REV02374,P0007,C01550,4,2025-04-08,Happy with the purchase
REV02375,P0136,C01757,5,2025-09-24,Great quality and value
REV02376,P0138,C00036,4,2025-05-21,Works as expected
REV02377,P0056,C00362,4,2025-06-14,
REV02378,P0019,C00612,5,2025-12-24,Excellent product
REV02379,P0081,C04085,4,2025-04-16,Works as expected
REV02380,P0085,C03423,4,2025-12-31,Good product
REV02381,P0140,C00993,4,2025-03-09,Works as expected
REV02382,P0069,C02785,4,2025-11-26,Works as expected
REV02383,P0044,C02913,3,2025-05-12,Okay product
REV02384,P0123,C00690,4,2025-08-07,Works as expected
REV02385,P0165,C02356,2,2025-11-28,Could be better
REV02386,P0003,C04645,3,2025-07-18,Average experience
REV02387,P0068,C02649,4,2025-12-15,Good product
REV02388,P0163,C04573,3,2025-04-27,Decent for the price
REV02389,P0132,C02939,4,2025-11-12,Happy with the purchase
REV02390,P0187,C03526,4,2025-02-15,Good product
REV02391,P0179,C03478,4,2025-09-03,Happy with the purchase
REV02392,P0100,C01698,3,2025-06-22,Decent for the price
REV02393,P0057,C02889,4,2025-06-08,Works as expected
REV02394,P0113,C01617,3,2025-08-12,Average experience
REV02395,P0081,C00147,5,2025-03-18,Great quality and value
REV02396,P0080,C03777,4,2025-07-17,Works as expected
REV02397,P0094,C01445,3,2025-03-07,Decent for the price
REV02398,P0146,C04307,4,2025-05-11,
REV02399,P0038,C02095,4,2025-05-27,Good product
REV02400,P0041,C00045,1,2025-12-25,Not worth the price
REV02401,P0194,C01438,4,2025-08-23,Happy with the purchase
REV02402,P0191,C04946,3,2025-05-28,Okay product
REV02403,P0128,C02722,4,2025-03-19,Works as expected
REV02404,P0053,C04295,3,2025-05-10,Okay product
REV02405,P0129,C02487,5,2025-02-19,Excellent product
REV02406,P0040,C00286,1,2026-01-23,Not worth the price
REV02407,P0012,C04663,5,2026-01-17,Excellent product
REV02408,P0155,C01420,4,2025-11-08,Good product
REV02409,P0014,C00268,5,2025-03-17,Great quality and value
REV02410,P0025,C01389,4,2025-09-10,Works as expected
REV02411,P0107,C01543,4,2025-12-13,Happy with the purchase
REV02412,P0075,C04370,5,2025-09-04,Really impressed
REV02413,P0167,C04290,3,2025-03-10,Okay product
REV02414,P0196,C04569,2,2026-01-17,Not fully satisfied
REV02415,P0001,C04682,5,2025-10-20,Excellent product
REV02416,P0125,C03647,4,2025-06-06,Happy with the purchase
REV02417,P0108,C00282,5,2025-11-30,Great quality and value
REV02418,P0080,C01048,3,2025-12-23,Okay product
REV02419,P0037,C00949,3,2025-03-24,Okay product
REV02420,P0143,C01233,3,2025-02-23,Average experience
REV02421,P0090,C00112,4,2025-08-09,Good product
REV02422,P0035,C02299,4,2025-02-02,Happy with the purchase
REV02423,P0038,C04564,1,2025-07-20,Very disappointing
REV02424,P0063,C00617,4,2025-12-18,Good product
REV02425,P0001,C00976,4,2025-07-16,Works as expected
REV02426,P0036,C04763,4,2025-12-07,Works as expected
REV02427,P0023,C02089,5,2025-11-11,Really impressed
REV02428,P0083,C00348,5,2025-11-03,Excellent product
REV02429,P0004,C04636,5,2025-11-13,Great quality and value
REV02430,P0024,C02294,4,2025-10-24,Works as expected
REV02431,P0149,C02296,4,2025-10-22,Good product
REV02432,P0009,C02753,5,2025-03-04,Great quality and value
REV02433,P0190,C01324,5,2025-09-01,Really impressed
REV02434,P0128,C04828,4,2025-08-28,Works as expected
REV02435,P0178,C03054,3,2025-03-18,Decent for the price
REV02436,P0123,C00356,4,2025-02-16,Happy with the purchase
REV02437,P0144,C01244,4,2025-02-22,Happy with the purchase
REV02438,P0187,C02494,5,2025-06-03,Excellent product
REV02439,P0056,C03979,5,2026-01-06,Great quality and value
REV02440,P0128,C00069,5,2025-05-22,Really impressed
REV02441,P0043,C02561,5,2025-12-19,Really impressed
REV02442,P0103,C02479,1,2025-08-21,Poor quality
REV02443,P0011,C04620,4,2025-12-15,Good product
REV02444,P0167,C03649,2,2025-12-26,Could be better
REV02445,P0123,C00221,4,2025-05-25,Works as expected
REV02446,P0005,C03878,4,2025-10-12,Good product
REV02447,P0055,C01223,4,2026-01-09,Happy with the purchase
REV02448,P0106,C04360,5,2025-07-09,Really impressed
REV02449,P0070,C01028,5,2025-12-21,Great quality and value
REV02450,P0198,C00731,3,2026-01-06,Decent for the price
REV02451,P0064,C03012,5,2026-02-09,Really impressed
REV02452,P0067,C03737,4,2025-02-13,Good product
REV02453,P0100,C01494,4,2025-02-16,Good product
REV02454,P0166,C02698,4,2025-04-24,Happy with the purchase
REV02455,P0024,C04404,2,2025-09-17,Could be better
REV02456,P0015,C04936,2,2025-12-26,Not fully satisfied
REV02457,P0055,C04990,4,2025-12-18,Happy with the purchase
REV02458,P0108,C02101,4,2025-02-21,Happy with the purchase
REV02459,P0048,C00405,5,2025-11-29,Great quality and value
REV02460,P0034,C00842,3,2025-12-12,Okay product
REV02461,P0152,C01936,5,2025-09-23,Excellent product
REV02462,P0004,C01173,5,2025-06-13,Really impressed
REV02463,P0189,C02443,5,2025-06-07,Great quality and value
REV02464,P0058,C02696,3,2025-10-20,Okay product
REV02465,P0116,C02222,4,2026-01-09,Works as expected
REV02466,P0132,C03375,5,2025-02-19,Great quality and value
REV02467,P0013,C04985,5,2025-04-01,Excellent product
REV02468,P0103,C04000,4,2025-10-23,Works as expected
REV02469,P0185,C01598,3,2025-02-26,Average experience
REV02470,P0192,C03562,4,2025-07-16,Good product
REV02471,P0086,C00658,4,2025-02-18,Happy with the purchase
REV02472,P0159,C01773,4,2025-06-13,Good product
REV02473,P0026,C04642,5,2025-02-25,Really impressed
REV02474,P0090,C04912,4,2025-10-22,Works as expected
REV02475,P0014,C04601,3,2025-09-13,Average experience
REV02476,P0086,C02729,2,2025-12-07,Average quality
REV02477,P0159,C00781,5,2025-04-06,Really impressed
REV02478,P0055,C01005,1,2025-09-19,Poor quality
REV02479,P0197,C04284,5,2025-04-09,Excellent product
REV02480,P0092,C02088,5,2025-12-24,Really impressed
REV02481,P0163,C00412,4,2025-09-11,Good product
REV02482,P0152,C02580,4,2025-04-23,Good product
REV02483,P0027,C00514,3,2025-03-04,Decent for the price
REV02484,P0110,C00070,3,2025-10-13,Decent for the price
REV02485,P0047,C03888,4,2025-05-17,Good product
REV02486,P0040,C03093,5,2025-07-26,Really impressed
REV02487,P0107,C04425,4,2025-12-10,
REV02488,P0120,C00375,4,2025-03-18,Good product
REV02489,P0199,C03122,5,2025-09-23,Really impressed
REV02490,P0061,C01640,3,2026-01-21,Average experience
REV02491,P0186,C04837,1,2025-08-07,Not worth the price
REV02492,P0168,C04368,5,2025-09-20,Great quality and value
REV02493,P0106,C01279,4,2026-01-14,Good product
REV02494,P0156,C02759,3,2025-02-25,Okay product
REV02495,P0019,C03643,5,2025-07-26,Excellent product
REV02496,P0039,C02823,4,2025-12-04,Works as expected
REV02497,P0158,C03561,2,2025-12-06,Not fully satisfied
REV02498,P0192,C02816,3,2025-01-12,Decent for the price
REV02499,P0153,C01404,4,2025-03-24,Good product
REV02500,P0054,C04033,4,2025-03-03,Good product
REV02501,P0116,C02171,1,2025-05-22,Very disappointing
REV02502,P0110,C03961,4,2025-11-13,Happy with the purchase
REV02503,P0135,C01014,5,2026-02-11,Excellent product
REV02504,P0090,C04849,3,2025-02-21,Average experience
REV02505,P0079,C04235,4,2025-06-21,Works as expected
REV02506,P0090,C02611,5,2025-02-23,Great quality and value
REV02507,P0146,C00741,5,2025-06-02,Great quality and value
REV02508,P0160,C01114,4,2025-07-01,Good product
REV02509,P0027,C04237,4,2025-10-01,Good product
REV02510,P0189,C02850,5,2025-12-30,Excellent product
REV02511,P0015,C01454,4,2025-07-15,Works as expected
REV02512,P0172,C03162,3,2025-06-16,Okay product
REV02513,P0180,C00078,4,2025-12-04,Happy with the purchase
REV02514,P0116,C01566,3,2025-10-07,Okay product
REV02515,P0151,C00898,5,2025-10-17,Really impressed
REV02516,P0010,C00354,4,2025-07-06,Good product
REV02517,P0149,C02897,4,2025-01-30,Good product
REV02518,P0150,C00983,3,2025-04-02,Decent for the price
REV02519,P0177,C00351,4,2025-01-24,Happy with the purchase
REV02520,P0044,C03038,4,2025-08-13,Happy with the purchase
REV02521,P0146,C00921,4,2025-06-21,Good product
REV02522,P0103,C00098,4,2025-11-16,Good product
REV02523,P0180,C00607,4,2025-02-15,Happy with the purchase
REV02524,P0076,C00823,5,2025-06-17,Really impressed
REV02525,P0142,C02618,4,2025-02-23,Happy with the purchase
REV02526,P0066,C03652,3,2025-04-21,Decent for the price
REV02527,P0066,C01450,5,2025-07-01,Excellent product
REV02528,P0121,C01802,3,2025-03-15,Okay product
REV02529,P0050,C03216,3,2025-12-15,Average experience
REV02530,P0083,C00092,4,2025-04-11,Happy with the purchase
REV02531,P0050,C00868,5,2025-09-26,Excellent product
REV02532,P0106,C04368,3,2025-02-16,Okay product
REV02533,P0021,C03682,2,2025-03-14,Average quality
REV02534,P0091,C01550,5,2026-02-01,Great quality and value
REV02535,P0009,C02533,4,2025-10-14,Happy with the purchase
REV02536,P0139,C00456,4,2025-10-29,Works as expected
REV02537,P0070,C02381,4,2025-09-10,Works as expected
REV02538,P0018,C01199,5,2025-08-17,Excellent product
REV02539,P0150,C02538,5,2025-11-19,Really impressed
REV02540,P0121,C01904,2,2025-04-25,
REV02541,P0154,C01907,5,2025-06-03,Excellent product
REV02542,P0093,C03841,5,2025-02-21,Really impressed
REV02543,P0195,C01435,3,2025-08-01,Decent for the price
REV02544,P0160,C01053,1,2025-07-24,Not worth the price
REV02545,P0187,C00820,4,2025-03-21,Works as expected
REV02546,P0045,C00659,3,2025-07-24,Average experience
REV02547,P0164,C02508,4,2025-05-07,Works as expected
REV02548,P0046,C03959,1,2025-05-11,Poor quality
REV02549,P0117,C04947,4,2025-06-09,Works as expected
REV02550,P0158,C00242,4,2025-05-29,Works as expected
REV02551,P0106,C03129,2,2025-04-18,Could be better
REV02552,P0037,C03935,5,2025-03-23,Excellent product
REV02553,P0101,C01496,5,2025-12-30,Great quality and value
REV02554,P0025,C03508,3,2025-08-17,Average experience
REV02555,P0134,C03767,4,2025-04-16,Works as expected
REV02556,P0108,C04885,4,2025-01-31,Works as expected
REV02557,P0092,C00047,5,2025-04-24,Great quality and value
REV02558,P0171,C04707,5,2025-10-18,Really impressed
REV02559,P0058,C02340,4,2025-08-19,Good product
REV02560,P0149,C02356,2,2025-09-22,Not fully satisfied
REV02561,P0046,C03828,4,2025-03-13,Works as expected
REV02562,P0073,C01277,4,2025-08-23,Happy with the purchase
REV02563,P0051,C02424,2,2025-07-01,Not fully satisfied
REV02564,P0034,C02618,4,2025-04-06,Happy with the purchase
REV02565,P0103,C03829,4,2025-06-18,Good product
REV02566,P0048,C02298,4,2025-11-05,Works as expected
REV02567,P0050,C03137,4,2025-12-03,Good product
REV02568,P0059,C04532,4,2025-09-25,Happy with the purchase
REV02569,P0198,C02008,4,2025-09-14,Happy with the purchase
REV02570,P0145,C00294,5,2025-03-31,Great quality and value
REV02571,P0130,C02435,5,2025-03-22,Really impressed
REV02572,P0147,C00144,4,2025-09-20,
REV02573,P0132,C03809,4,2025-05-27,Good product
REV02574,P0183,C00006,4,2025-02-19,Works as expected
REV02575,P0075,C00412,5,2025-11-24,Really impressed
REV02576,P0083,C01499,5,2025-12-22,Great quality and value
REV02577,P0023,C01779,3,2025-02-25,Average experience
REV02578,P0037,C01610,4,2025-04-16,Good product
REV02579,P0115,C00159,2,2025-07-21,Average quality
REV02580,P0027,C03059,5,2025-05-17,Excellent product
REV02581,P0074,C00055,4,2025-04-12,Works as expected
REV02582,P0054,C03528,5,2025-12-07,Great quality and value
REV02583,P0140,C02068,3,2025-02-06,Decent for the price
REV02584,P0157,C03930,5,2025-05-16,Excellent product
REV02585,P0021,C01867,3,2025-02-26,Okay product
REV02586,P0159,C01322,4,2025-09-07,Good product
REV02587,P0079,C00735,4,2025-05-24,Works as expected
REV02588,P0166,C01020,4,2025-08-03,Good product
REV02589,P0188,C02055,4,2025-02-07,Works as expected
REV02590,P0048,C01911,2,2025-04-07,Could be better
REV02591,P0136,C04432,5,2025-10-03,Really impressed
REV02592,P0059,C00804,4,2026-01-04,Works as expected
REV02593,P0147,C03561,4,2025-10-09,Works as expected
REV02594,P0053,C03285,5,2025-05-07,Great quality and value
REV02595,P0061,C02231,4,2025-06-12,Works as expected
REV02596,P0142,C01426,5,2025-10-26,Really impressed
REV02597,P0005,C04191,5,2025-02-09,Really impressed
REV02598,P0056,C01943,5,2025-11-24,Great quality and value
REV02599,P0101,C02207,4,2025-06-09,Works as expected
REV02600,P0066,C00725,4,2025-06-10,Works as expected
REV02601,P0179,C04833,5,2025-08-01,Really impressed
REV02602,P0067,C04572,5,2025-11-08,Really impressed
REV02603,P0076,C01161,5,2025-05-15,Excellent product
REV02604,P0047,C02130,3,2025-11-02,Decent for the price
REV02605,P0015,C02241,2,2025-02-20,Could be better
REV02606,P0178,C00384,5,2026-01-07,Great quality and value
REV02607,P0042,C01758,5,2025-04-18,Great quality and value
REV02608,P0133,C02786,4,2026-01-31,Good product
REV02609,P0108,C04186,5,2025-05-18,Excellent product
REV02610,P0119,C04478,1,2025-08-13,Poor quality
REV02611,P0066,C00168,4,2025-02-26,Works as expected
REV02612,P0065,C03432,4,2025-04-27,Happy with the purchase
REV02613,P0033,C03040,5,2025-06-29,Really impressed
REV02614,P0136,C00116,4,2025-05-20,Good product
REV02615,P0186,C03510,4,2025-07-31,Happy with the purchase
REV02616,P0118,C04033,5,2025-03-21,Really impressed
REV02617,P0199,C04943,3,2026-01-12,Decent for the price
REV02618,P0007,C00231,5,2025-08-12,Great quality and value
REV02619,P0063,C03635,1,2025-07-20,Not worth the price
REV02620,P0173,C00139,4,2026-02-09,Good product
REV02621,P0165,C01104,4,2025-06-27,Good product
REV02622,P0180,C00812,4,2025-09-04,Happy with the purchase
REV02623,P0071,C02659,1,2026-01-11,Very disappointing
REV02624,P0075,C00444,3,2025-05-11,Okay product
REV02625,P0074,C03707,5,2026-01-11,Really impressed
REV02626,P0045,C00405,4,2025-05-11,Happy with the purchase
REV02627,P0056,C04057,3,2025-05-25,Average experience
REV02628,P0049,C02610,5,2025-09-02,Excellent product
REV02629,P0129,C03027,2,2025-03-14,Average quality
REV02630,P0080,C03370,4,2025-02-12,Works as expected
REV02631,P0121,C03083,4,2025-07-04,Works as expected
REV02632,P0042,C01742,3,2025-01-26,Okay product
REV02633,P0170,C04817,5,2025-10-20,Great quality and value
REV02634,P0112,C04428,3,2025-09-03,Decent for the price
REV02635,P0080,C04423,4,2025-06-22,Happy with the purchase
REV02636,P0089,C02212,4,2025-04-16,Works as expected
REV02637,P0101,C01339,4,2025-01-27,Happy with the purchase
REV02638,P0170,C03262,4,2025-07-23,Good product
REV02639,P0118,C00689,3,2025-04-07,Average experience
REV02640,P0115,C02805,3,2025-04-29,Average experience
REV02641,P0035,C02387,4,2025-10-09,Works as expected
REV02642,P0153,C00599,5,2025-09-14,Really impressed
REV02643,P0089,C00615,5,2025-01-11,Really impressed
REV02644,P0195,C04743,4,2025-06-12,Works as expected
REV02645,P0106,C01954,3,2026-02-04,Okay product
REV02646,P0046,C02938,5,2025-12-31,Really impressed
REV02647,P0134,C00039,1,2025-08-16,Poor quality
REV02648,P0008,C00956,3,2025-08-30,Average experience
REV02649,P0014,C03897,5,2025-12-12,Great quality and value
REV02650,P0200,C04468,4,2025-12-18,Good product
REV02651,P0074,C03497,4,2025-02-04,Happy with the purchase
REV02652,P0145,C01062,4,2025-02-09,Works as expected
REV02653,P0188,C02183,4,2025-11-25,Happy with the purchase
REV02654,P0135,C03430,3,2025-06-10,Okay product
REV02655,P0081,C02471,4,2025-02-05,Works as expected
REV02656,P0137,C03787,5,2025-08-31,Really impressed
REV02657,P0120,C01277,5,2025-12-06,Excellent product
REV02658,P0111,C04162,2,2025-09-30,Could be better
REV02659,P0113,C01731,3,2025-11-19,Okay product
REV02660,P0134,C04002,4,2025-09-06,Happy with the purchase
REV02661,P0021,C03175,4,2025-06-08,Happy with the purchase
REV02662,P0137,C01252,4,2025-02-07,Good product
REV02663,P0155,C01311,4,2025-10-24,Works as expected
REV02664,P0025,C01496,5,2025-11-05,Excellent product
REV02665,P0084,C00043,5,2025-08-18,Great quality and value
REV02666,P0069,C00342,5,2025-11-04,Great quality and value
REV02667,P0035,C01392,3,2025-06-04,Average experience
REV02668,P0159,C03197,4,2025-06-09,
REV02669,P0043,C00509,4,2025-12-09,Happy with the purchase
REV02670,P0070,C03465,4,2025-07-19,Good product
REV02671,P0141,C02335,1,2025-07-04,Not worth the price
REV02672,P0087,C00150,4,2025-10-09,Happy with the purchase
REV02673,P0045,C01781,3,2025-02-17,Okay product
REV02674,P0122,C02161,4,2025-09-17,Good product
REV02675,P0177,C02522,4,2025-02-16,Good product
REV02676,P0016,C01734,4,2025-03-22,Good product
REV02677,P0154,C03983,4,2025-08-08,Works as expected
REV02678,P0093,C00683,4,2025-10-03,Works as expected
REV02679,P0128,C00311,4,2026-02-07,Happy with the purchase
REV02680,P0088,C00499,2,2025-05-05,Could be better
REV02681,P0178,C02918,5,2025-04-10,Really impressed
REV02682,P0101,C01068,4,2025-07-01,Good product
REV02683,P0053,C03997,3,2025-02-02,Average experience
REV02684,P0131,C03492,5,2025-04-26,Excellent product
REV02685,P0017,C00710,4,2025-08-10,Happy with the purchase
REV02686,P0064,C03695,4,2025-03-12,Happy with the purchase
REV02687,P0018,C03244,4,2025-08-18,Good product
REV02688,P0060,C00188,2,2025-10-16,Could be better
REV02689,P0045,C03612,5,2025-08-28,Excellent product
REV02690,P0019,C03727,4,2025-02-12,Works as expected
REV02691,P0067,C01847,5,2025-03-21,Excellent product
REV02692,P0069,C00626,3,2025-06-06,Average experience
REV02693,P0121,C04846,2,2025-09-06,Average quality
REV02694,P0192,C01464,4,2025-10-20,Good product
REV02695,P0025,C03876,5,2026-01-03,Excellent product
REV02696,P0094,C02318,4,2025-08-24,Good product
REV02697,P0192,C01504,3,2025-06-20,Average experience
REV02698,P0048,C00760,4,2025-09-29,Good product
REV02699,P0003,C04780,4,2025-06-16,Good product
REV02700,P0183,C01417,3,2025-08-06,Okay product
REV02701,P0130,C02289,2,2025-08-22,Could be better
REV02702,P0132,C04459,5,2025-08-02,Great quality and value
REV02703,P0171,C01021,3,2025-01-29,Decent for the price
REV02704,P0021,C04793,4,2025-05-16,Happy with the purchase
REV02705,P0101,C02950,3,2025-02-23,Okay product
REV02706,P0175,C02966,2,2025-11-25,Average quality
REV02707,P0131,C01254,4,2025-10-17,Works as expected
REV02708,P0091,C00063,1,2026-02-04,Not worth the price
REV02709,P0080,C03199,4,2025-12-01,Works as expected
REV02710,P0029,C03476,5,2025-02-20,Really impressed
REV02711,P0043,C03391,5,2025-08-09,Great quality and value
REV02712,P0002,C01451,4,2025-05-06,Happy with the purchase
REV02713,P0094,C00915,4,2025-10-27,Works as expected
REV02714,P0098,C03109,5,2025-03-19,Really impressed
REV02715,P0136,C02468,4,2025-06-05,Happy with the purchase
REV02716,P0058,C03559,3,2025-03-06,Average experience
REV02717,P0136,C02178,2,2025-12-16,Could be better
REV02718,P0122,C00700,4,2025-05-12,Happy with the purchase
REV02719,P0103,C03523,2,2025-04-21,Not fully satisfied
REV02720,P0069,C04305,5,2025-06-05,Excellent product
REV02721,P0168,C02619,1,2025-11-12,Very disappointing
REV02722,P0180,C02280,5,2025-09-21,Excellent product
REV02723,P0196,C01641,5,2026-01-21,Really impressed
REV02724,P0041,C01492,4,2026-01-27,Good product
REV02725,P0015,C03297,2,2025-09-27,Not fully satisfied
REV02726,P0021,C01460,5,2025-12-22,Really impressed
REV02727,P0048,C03420,5,2025-12-16,Great quality and value
REV02728,P0086,C02202,4,2025-04-16,Good product
REV02729,P0133,C04215,5,2025-08-09,Great quality and value
REV02730,P0185,C03067,3,2026-01-15,Average experience
REV02731,P0112,C03729,4,2025-03-14,Good product
REV02732,P0063,C04313,3,2025-03-07,Okay product
REV02733,P0129,C03614,3,2025-12-22,Decent for the price
REV02734,P0091,C03075,4,2025-04-12,Happy with the purchase
REV02735,P0160,C03568,3,2025-05-29,Average experience
REV02736,P0009,C00169,3,2025-03-05,Decent for the price
REV02737,P0093,C00931,4,2025-07-22,Works as expected
REV02738,P0199,C04241,3,2025-06-10,Okay product
REV02739,P0146,C02736,5,2025-05-10,Really impressed
REV02740,P0191,C02657,4,2025-07-06,Works as expected
REV02741,P0122,C02505,3,2025-08-26,Decent for the price
REV02742,P0056,C04697,3,2025-04-16,Okay product
REV02743,P0068,C04594,4,2025-02-23,Works as expected
REV02744,P0145,C00467,4,2025-05-26,Works as expected
REV02745,P0198,C04441,4,2025-06-08,Works as expected
REV02746,P0106,C01196,3,2025-09-06,Average experience
REV02747,P0075,C00275,5,2025-08-21,Really impressed
REV02748,P0012,C01169,2,2026-01-25,
REV02749,P0192,C03763,2,2025-03-02,Not fully satisfied
REV02750,P0125,C02530,3,2025-03-15,Okay product
REV02751,P0005,C01982,5,2025-03-02,Great quality and value
REV02752,P0164,C02316,3,2025-07-20,Okay product
REV02753,P0128,C01940,2,2025-12-06,Could be better
REV02754,P0060,C03550,2,2025-04-23,Average quality
REV02755,P0058,C03336,4,2025-12-16,Works as expected
REV02756,P0007,C02125,4,2025-04-19,Works as expected
REV02757,P0169,C00335,5,2026-01-20,Great quality and value
REV02758,P0189,C00713,3,2025-03-19,Average experience
REV02759,P0148,C01788,2,2026-01-21,Could be better
REV02760,P0165,C02991,4,2025-05-05,Happy with the purchase
REV02761,P0122,C04398,4,2025-09-24,Happy with the purchase
REV02762,P0171,C02840,3,2025-10-04,Decent for the price
REV02763,P0022,C04138,3,2025-02-03,Okay product
REV02764,P0100,C01092,3,2025-04-08,Okay product
REV02765,P0041,C03111,5,2025-02-20,Really impressed
REV02766,P0015,C01236,3,2025-03-29,Okay product
REV02767,P0150,C04048,3,2025-03-02,Decent for the price
REV02768,P0142,C04602,1,2025-07-08,Very disappointing
REV02769,P0096,C02420,5,2025-11-24,Excellent product
REV02770,P0127,C03997,1,2025-08-18,Very disappointing
REV02771,P0170,C02029,5,2025-06-04,Excellent product
REV02772,P0139,C01092,5,2026-01-14,Great quality and value
REV02773,P0152,C02552,5,2025-05-09,Really impressed
REV02774,P0193,C00125,5,2025-10-30,Excellent product
REV02775,P0055,C02553,4,2025-08-15,Good product
REV02776,P0012,C01636,5,2025-05-27,Really impressed
REV02777,P0092,C03726,5,2025-05-04,Really impressed
REV02778,P0049,C04564,5,2025-12-21,Excellent product
REV02779,P0096,C00739,5,2025-04-25,Really impressed
REV02780,P0133,C04460,4,2025-03-27,Happy with the purchase
REV02781,P0136,C04407,5,2025-06-25,Excellent product
REV02782,P0022,C03961,3,2025-05-07,Okay product
REV02783,P0079,C04250,4,2025-04-20,Good product
REV02784,P0184,C01884,5,2025-10-24,Great quality and value
REV02785,P0099,C00174,3,2026-01-22,Decent for the price
REV02786,P0075,C02389,4,2025-11-06,Works as expected
REV02787,P0069,C03307,5,2025-05-14,Great quality and value
REV02788,P0109,C02893,4,2025-08-11,Good product
REV02789,P0180,C02026,2,2025-07-26,Not fully satisfied
REV02790,P0159,C04907,2,2025-08-25,Not fully satisfied
REV02791,P0103,C00304,3,2025-01-26,Average experience
REV02792,P0136,C00599,4,2025-02-12,Works as expected
REV02793,P0021,C01957,4,2026-01-28,Good product
REV02794,P0081,C04913,5,2025-12-08,Excellent product
REV02795,P0057,C04508,4,2025-04-20,Happy with the purchase
REV02796,P0108,C01976,3,2025-07-02,Decent for the price
REV02797,P0070,C01788,4,2025-10-15,Happy with the purchase
REV02798,P0151,C00050,4,2025-07-13,Happy with the purchase
REV02799,P0004,C01145,5,2025-02-23,Great quality and value
REV02800,P0084,C00601,2,2025-06-22,Average quality
REV02801,P0170,C03568,4,2025-07-21,Good product
REV02802,P0054,C00412,3,2025-01-19,Average experience
REV02803,P0088,C01685,3,2025-10-25,Average experience
REV02804,P0075,C04101,4,2025-12-05,Works as expected
REV02805,P0083,C04202,5,2025-03-01,Excellent product
REV02806,P0098,C01751,5,2025-02-15,Excellent product
REV02807,P0199,C04080,2,2025-07-27,Average quality
REV02808,P0012,C02117,4,2025-07-04,Happy with the purchase
REV02809,P0028,C01667,1,2025-02-07,Not worth the price
REV02810,P0173,C00528,3,2025-03-06,Decent for the price
REV02811,P0083,C00500,5,2025-12-23,Excellent product
REV02812,P0091,C01106,5,2025-08-15,Really impressed
REV02813,P0037,C00825,5,2025-03-09,Great quality and value
REV02814,P0100,C01681,4,2025-01-17,Happy with the purchase
REV02815,P0071,C01296,5,2025-08-29,Really impressed
REV02816,P0158,C04768,3,2025-09-13,Decent for the price
REV02817,P0153,C01572,4,2025-06-11,Happy with the purchase
REV02818,P0126,C03693,4,2025-08-08,Good product
REV02819,P0067,C02582,5,2026-01-11,Excellent product
REV02820,P0159,C01029,4,2025-02-02,Works as expected
REV02821,P0102,C04836,5,2025-04-22,Really impressed
REV02822,P0153,C03394,,2025-07-03,Okay product
REV02823,P0137,C04745,4,2025-06-11,Happy with the purchase
REV02824,P0078,C03472,3,2025-09-08,Okay product
REV02825,P0003,C03911,5,2025-12-03,Great quality and value
REV02826,P0058,C04443,2,2025-04-17,Average quality
REV02827,P0178,C00349,5,2025-05-31,Really impressed
REV02828,P0116,C03017,4,2025-12-26,Happy with the purchase
REV02829,P0012,C03525,4,2025-02-05,Works as expected
REV02830,P0139,C02982,5,2025-02-25,Great quality and value
REV02831,P0003,C02934,4,2025-02-02,Happy with the purchase
REV02832,P0047,C01464,4,2025-07-04,Good product
REV02833,P0191,C03527,4,2025-04-13,Happy with the purchase
REV02834,P0066,C00241,5,2025-06-23,Really impressed
REV02835,P0059,C02948,1,2025-04-04,Poor quality
REV02836,P0114,C03603,5,2025-05-04,Great quality and value
REV02837,P0028,C04176,2,2026-01-10,Could be better
REV02838,P0189,C02405,4,2025-07-02,Happy with the purchase
REV02839,P0004,C00712,3,2025-09-13,Decent for the price
REV02840,P0063,C00443,4,2025-03-31,Happy with the purchase
REV02841,P0080,C01923,5,2025-03-09,Really impressed
REV02842,P0078,C03947,4,2025-07-15,Happy with the purchase
REV02843,P0164,C02606,5,2025-09-30,Excellent product
REV02844,P0136,C02834,3,2025-09-04,Decent for the price
REV02845,P0192,C04519,4,2025-01-27,Happy with the purchase
REV02846,P0001,C04122,3,2025-10-14,Average experience
REV02847,P0151,C02181,5,2025-02-26,Really impressed
REV02848,P0173,C04709,1,2025-10-23,Poor quality
REV02849,P0106,C00680,4,2025-12-18,Good product
REV02850,P0008,C01279,4,2025-08-02,Works as expected
REV02851,P0099,C00543,5,2025-09-24,Great quality and value
REV02852,P0072,C02133,4,2025-02-17,Happy with the purchase
REV02853,P0180,C03093,3,2025-08-21,Average experience
REV02854,P0132,C03434,4,2025-09-07,Happy with the purchase
REV02855,P0098,C00224,3,2025-12-06,Okay product
REV02856,P0199,C02070,3,2025-12-28,Okay product
REV02857,P0133,C00251,5,2025-06-28,Really impressed
REV02858,P0063,C02051,5,2025-12-30,Really impressed
REV02859,P0132,C03133,4,2025-07-02,Good product
REV02860,P0063,C02460,5,2026-01-06,Excellent product
REV02861,P0177,C00143,4,2025-10-21,Happy with the purchase
REV02862,P0062,C00610,5,2025-08-29,Excellent product
REV02863,P0176,C01049,2,2025-03-09,Could be better
REV02864,P0112,C02962,5,2025-08-13,Great quality and value
REV02865,P0093,C02095,5,2025-05-01,Great quality and value
REV02866,P0176,C02688,3,2025-01-05,
REV02867,P0003,C01656,5,2025-08-07,Great quality and value
REV02868,P0035,C00900,2,2025-08-15,Average quality
REV02869,P0035,C00356,4,2025-06-13,Works as expected
REV02870,P0049,C01917,1,2025-06-21,Very disappointing
REV02871,P0030,C03573,5,2025-04-24,Really impressed
REV02872,P0156,C03775,3,2025-08-14,Decent for the price
REV02873,P0185,C01576,6,2025-03-03,Works as expected
REV02874,P0058,C01920,4,2026-02-05,Works as expected
REV02875,P0150,C01823,4,2025-02-03,Happy with the purchase
REV02876,P0088,C04676,5,2026-01-14,Excellent product
REV02877,P0176,C03759,3,2025-08-24,Okay product
REV02878,P0009,C02361,3,2025-06-18,Decent for the price
REV02879,P0037,C01581,2,2025-08-24,Average quality
REV02880,P0174,C01714,4,2025-06-29,Good product
REV02881,P0059,C02067,4,2025-09-11,Happy with the purchase
REV02882,P0053,C01269,3,2025-02-02,Okay product
REV02883,P0136,C04898,3,2025-02-01,Average experience
REV02884,P0164,C02136,1,2025-12-20,Poor quality
REV02885,P0130,C00125,5,2025-04-23,Really impressed
REV02886,P0036,C04874,3,2025-09-08,Decent for the price
REV02887,P0184,C02855,3,2025-12-12,Average experience
REV02888,P0083,C03887,5,2025-09-04,Excellent product
REV02889,P0176,C01907,3,2025-10-07,Average experience
REV02890,P0033,C04402,4,2025-05-18,Good product
REV02891,P0143,C00809,2,2025-08-15,Average quality
REV02892,P0164,C00662,5,2025-09-09,Really impressed
REV02893,P0005,C00846,4,2025-08-10,Works as expected
REV02894,P0104,C03237,4,2025-04-01,Happy with the purchase
REV02895,P0160,C02152,3,2025-01-25,Decent for the price
REV02896,P0179,C00978,3,2025-11-03,Decent for the price
REV02897,P0027,C02410,5,2025-12-24,Great quality and value
REV02898,P0117,C00755,1,2025-04-10,Poor quality
REV02899,P0084,C00216,4,2025-05-15,Works as expected
REV02900,P0153,C02074,5,2025-05-16,Really impressed
REV02901,P0110,C03154,4,2025-04-22,Good product
REV02902,P0068,C00536,5,2025-08-27,Excellent product
REV02903,P0077,C03318,5,2025-07-14,Excellent product
REV02904,P0084,C04887,4,2025-11-22,Happy with the purchase
REV02905,P0041,C04637,5,2025-07-23,Excellent product
REV02906,P0133,C03400,3,2025-03-10,Decent for the price
REV02907,P0138,C00918,3,2025-05-07,Okay product
REV02908,P0185,C01042,5,2025-03-14,Great quality and value
REV02909,P0096,C04880,5,2025-03-23,Excellent product
REV02910,P0108,C01253,4,2025-03-02,Happy with the purchase
REV02911,P0102,C04927,5,2025-09-21,
REV02912,P0177,C03924,3,2025-05-16,Decent for the price
REV02913,P0019,C00689,5,2025-08-17,Really impressed
REV02914,P0168,C04271,4,2025-01-31,Good product
REV02915,P0088,C00496,3,2025-08-15,Okay product
REV02916,P0199,C03986,4,2025-10-18,Happy with the purchase
REV02917,P0065,C04888,3,2025-06-14,Average experience
REV02918,P0047,C01379,5,2026-01-22,Really impressed
REV02919,P0103,C00777,5,2025-07-31,Really impressed
REV02920,P0116,C01174,4,2025-01-17,Good product
REV02921,P0110,C03129,4,2025-09-01,Happy with the purchase
REV02922,P0154,C00759,5,2025-04-07,Really impressed
REV02923,P0117,C00457,5,2025-02-13,Excellent product
REV02924,P0032,C04221,3,2025-03-16,Okay product
REV02925,P0102,C01507,5,2025-06-15,Really impressed
REV02926,P0038,C04509,1,2025-11-14,Poor quality
REV02927,P0078,C04501,2,2026-02-03,Could be better
REV02928,P0066,C00347,5,2025-02-18,Great quality and value
REV02929,P0199,C03063,5,2025-05-20,Really impressed
REV02930,P0076,C04956,3,2025-05-26,Decent for the price
REV02931,P0019,C01609,4,2025-09-08,Works as expected
REV02932,P0074,C01016,5,2025-12-06,Excellent product
REV02933,P0189,C01569,3,2025-10-05,Okay product
REV02934,P0093,C00077,5,2025-09-11,Great quality and value
REV02935,P0160,C00503,2,2025-07-25,Average quality
REV02936,P0035,C04641,5,2025-12-04,Excellent product
REV02937,P0018,C02889,4,2026-01-03,Happy with the purchase
REV02938,P0124,C00243,4,2025-09-30,Works as expected
REV02939,P0078,C00839,4,2025-09-03,Happy with the purchase
REV02940,P0001,C00605,3,2025-04-25,Decent for the price
REV02941,P0007,C00647,5,2026-01-26,Excellent product
REV02942,P0110,C04847,3,2025-04-30,Decent for the price
REV02943,P0185,C01744,4,2025-08-25,Good product
REV02944,P0189,C02179,5,2025-02-08,Excellent product
REV02945,P0109,C01671,4,2026-01-01,Happy with the purchase
REV02946,P0072,C04943,5,2025-05-03,Great quality and value
REV02947,P0003,C01674,2,2025-03-23,Average quality
REV02948,P0070,C00209,5,2025-04-12,Excellent product
REV02949,P0164,C00816,1,2025-02-07,Poor quality
REV02950,P0049,C02526,4,2025-01-25,Good product
REV02951,P0015,C02432,4,2025-10-19,Good product
REV02952,P0088,C01453,4,2025-01-29,Happy with the purchase
REV02953,P0053,C01906,4,2025-12-25,Good product
REV02954,P0188,C03254,4,2025-03-28,Good product
REV02955,P0002,C03279,3,2025-01-17,Average experience
REV02956,P0055,C04253,5,2025-11-29,Great quality and value
REV02957,P0100,C02685,5,2025-10-06,Excellent product
REV02958,P0001,C01148,3,2025-03-07,Decent for the price
REV02959,P0198,C04994,4,2025-05-20,Works as expected
REV02960,P0040,C01918,2,2025-12-06,Not fully satisfied
REV02961,P0182,C02128,5,2025-02-21,Really impressed
REV02962,P0138,C02861,4,2025-12-23,Works as expected
REV02963,P0101,C01478,4,2025-06-26,Happy with the purchase
REV02964,P0006,C00380,5,2025-12-16,Excellent product
REV02965,P0102,C01001,4,2025-12-25,Happy with the purchase
REV02966,P0128,C03672,5,2025-10-03,Excellent product
REV02967,P0194,C01515,4,2025-07-03,Good product
REV02968,P0152,C04734,4,2025-06-10,Happy with the purchase
REV02969,P0200,C01732,4,2025-03-30,Good product
REV02970,P0031,C03357,5,2025-09-17,Really impressed
REV02971,P0080,C04988,5,2025-03-22,Great quality and value
REV02972,P0089,C03463,5,2026-01-08,Great quality and value
REV02973,P0065,C00172,5,2025-06-03,Excellent product
REV02974,P0029,C00880,4,2025-10-30,Works as expected
REV02975,P0179,C01283,4,2025-09-12,Happy with the purchase
REV02976,P0139,C02636,4,2025-05-13,Happy with the purchase
REV02977,P0060,C04406,5,2025-01-27,Excellent product
REV02978,P0026,C03845,1,2025-06-08,Not worth the price
REV02979,P0081,C04327,5,2025-11-06,Great quality and value
REV02980,P0198,C04615,5,2025-08-08,Really impressed
REV02981,P0038,C03642,5,2025-02-21,Really impressed
REV02982,P0114,C03941,4,2025-05-25,Good product
REV02983,P0039,C02432,3,2025-04-27,Average experience
REV02984,P0030,C01100,4,2025-02-11,Happy with the purchase
REV02985,P0152,C01186,5,2025-06-23,Great quality and value
REV02986,P0006,C00565,4,2025-05-17,Happy with the purchase
REV02987,P0067,C02764,1,2025-08-06,Very disappointing
REV02988,P0108,C04157,4,2025-04-22,Happy with the purchase
REV02989,P0101,C02299,4,2025-07-08,Happy with the purchase
REV02990,P0080,C02368,3,2025-08-10,Average experience
REV02991,P0115,C00318,3,2025-10-13,Okay product
REV02992,P0148,C00550,5,2025-04-06,Really impressed
REV02993,P0189,C00154,4,2025-06-25,Happy with the purchase
REV02994,P0195,C02539,3,2025-06-21,Okay product
REV02995,P0192,C01438,3,2025-08-08,Okay product
REV02996,P0015,C00206,5,2025-05-19,Great quality and value
REV02997,P0027,C01945,5,2026-01-20,Really impressed
REV02998,P0151,C03261,3,2025-06-22,Average experience
REV02999,P0153,C04494,3,2025-02-21,Okay product
REV03000,P0062,C02692,4,2025-08-03,Works as expected
REV03001,P0019,C03493,3,2025-05-06,Okay product
REV03002,P0009,C00753,4,2025-05-06,Good product
REV03003,P0017,C00421,3,2025-05-28,Okay product
REV03004,P0180,C01918,2,2025-04-24,Could be better
REV03005,P0092,C00898,5,2025-08-08,Really impressed
REV03006,P0073,C02249,2,2025-09-28,Average quality
REV03007,P0176,C00028,4,2025-04-19,Happy with the purchase
REV03008,P0018,C00655,4,2025-08-10,Happy with the purchase
REV03009,P0089,C00454,3,2025-12-25,Okay product
REV03010,P0038,C03995,3,2025-12-13,Average experience
REV03011,P0036,C01542,2,2025-01-22,Not fully satisfied
REV03012,P0038,C03558,4,2025-09-15,Happy with the purchase
REV03013,P0055,C00286,4,2025-05-23,Works as expected
REV03014,P0115,C02395,3,2025-07-24,Average experience
REV03015,P0049,C00258,5,2025-07-27,Great quality and value
REV03016,P0180,C03916,4,2025-11-06,Happy with the purchase
REV03017,P0010,C02261,1,2025-03-15,Poor quality
REV03018,P0029,C04126,5,2025-12-07,Excellent product
REV03019,P0061,C01080,2,2025-06-13,Not fully satisfied
REV03020,P0174,C03432,4,2025-08-07,Works as expected
REV03021,P0165,C04310,4,2025-12-17,Happy with the purchase
REV03022,P0056,C01968,5,2025-02-12,Really impressed
REV03023,P0069,C03169,3,2025-09-15,Decent for the price
REV03024,P0095,C00415,4,2026-01-03,Happy with the purchase
REV03025,P0115,C00826,5,2025-02-22,Excellent product
REV03026,P0127,C00416,4,2025-02-18,Good product
REV03027,P0074,C02874,4,2025-11-27,Works as expected
REV03028,P0096,C04676,4,2025-06-21,Works as expected
REV03029,P0161,C01841,4,2026-02-14,Works as expected
REV03030,P0043,C01005,4,2025-03-20,Good product
REV03031,P0054,C01944,3,2025-11-08,Okay product
REV03032,P0144,C01115,3,2025-08-27,Okay product
REV03033,P0158,C02302,1,2025-02-09,Not worth the price
REV03034,P0192,C00165,5,2025-11-20,Excellent product
REV03035,P0161,C01428,4,2025-09-12,Works as expected
REV03036,P0061,C02646,1,2025-07-26,Poor quality
REV03037,P0021,C02641,4,2025-03-12,Good product
REV03038,P0148,C00337,2,2025-07-13,Not fully satisfied
REV03039,P0041,C03081,4,2025-05-01,Happy with the purchase
REV03040,P0024,C00528,3,2025-04-03,Okay product
REV03041,P0198,C04271,4,2025-08-05,Works as expected
REV03042,P0140,C03368,2,2025-09-03,Average quality
REV03043,P0184,C04391,5,2025-03-17,Excellent product
REV03044,P0176,C01914,4,2025-05-07,Good product
REV03045,P0184,C03356,5,2025-11-26,Really impressed
REV03046,P0123,C00510,5,2025-10-08,Excellent product
REV03047,P0178,C03085,5,2025-02-06,Excellent product
REV03048,P0020,C02956,5,2025-09-29,Excellent product
REV03049,P0074,C02068,5,2025-03-31,Really impressed
REV03050,P0018,C00306,5,2025-11-10,Really impressed
REV03051,P0085,C02310,4,2025-04-30,Good product
REV03052,P0196,C04930,4,2025-07-24,Good product
REV03053,P0118,C03625,5,2025-02-20,Great quality and value
REV03054,P0093,C01573,3,2025-11-13,Average experience
REV03055,P0018,C00738,3,2025-02-14,Decent for the price
REV03056,P0142,C02713,4,2025-06-13,Good product
REV03057,P0060,C04958,5,2025-05-11,Excellent product
REV03058,P0172,C01389,4,2025-05-05,Works as expected
REV03059,P0179,C01355,5,2025-12-18,Excellent product
REV03060,P0167,C04761,5,2025-07-11,Excellent product
REV03061,P0067,C02001,5,2025-11-17,Really impressed
REV03062,P0029,C03947,5,2025-08-22,Really impressed
REV03063,P0112,C04616,4,2025-05-07,Good product
REV03064,P0136,C04900,4,2025-02-25,Works as expected
REV03065,P0006,C03527,4,2025-09-30,Happy with the purchase
REV03066,P0074,C02914,3,2025-05-10,Okay product
REV03067,P0126,C02756,4,2025-02-18,Good product
REV03068,P0169,C04678,4,2025-10-10,Good product
REV03069,P0130,C00464,4,2025-10-03,Works as expected
REV03070,P0022,C04317,4,2025-08-01,Happy with the purchase
REV03071,P0040,C02679,4,2025-12-12,Good product
REV03072,P0088,C04572,5,2025-03-16,Really impressed
REV03073,P0116,C04740,5,2025-04-23,Great quality and value
REV03074,P0053,C03986,2,2025-06-18,Average quality
REV03075,P0152,C03168,3,2025-07-01,Average experience
REV03076,P0087,C03094,4,2025-12-27,Works as expected
REV03077,P0165,C04255,3,2025-12-30,Decent for the price
REV03078,P0061,C00946,5,2025-04-13,Great quality and value
REV03079,P0102,C03261,4,2025-07-13,Happy with the purchase
REV03080,P0192,C02759,4,2025-06-04,Good product
REV03081,P0036,C01887,4,2025-04-06,Happy with the purchase
REV03082,P0106,C02457,3,2025-09-11,Decent for the price
REV03083,P0006,C01933,,2025-10-06,Happy with the purchase
REV03084,P0028,C00260,4,2025-07-11,Works as expected
REV03085,P0131,C03297,5,2025-03-07,Great quality and value
REV03086,P0165,C04765,5,2025-02-08,Excellent product
REV03087,P0167,C02028,5,2025-10-26,Great quality and value
REV03088,P0115,C01507,1,2025-07-02,Very disappointing
REV03089,P0036,C03513,4,2025-08-23,Good product
REV03090,P0104,C02193,5,2025-02-25,Great quality and value
REV03091,P0122,C03955,4,2025-03-27,Happy with the purchase
REV03092,P0103,C04592,2,2025-08-27,Could be better
REV03093,P0088,C02012,5,2025-07-05,Really impressed
REV03094,P0197,C04278,4,2025-07-23,Good product
REV03095,P0150,C00508,5,2025-08-24,Excellent product
REV03096,P0174,C02478,4,2025-10-17,Good product
REV03097,P0114,C00681,4,2025-10-15,Good product
REV03098,P0021,C04670,2,2025-11-20,Not fully satisfied
REV03099,P0051,C01650,4,2025-06-02,Happy with the purchase
REV03100,P0055,C02855,4,2025-07-08,Good product
REV03101,P0028,C00767,4,2025-05-15,Works as expected
REV03102,P0147,C01235,1,2025-12-21,Very disappointing
REV03103,P0121,C00484,2,2025-10-21,Average quality
REV03104,P0082,C02141,5,2025-04-22,Great quality and value
REV03105,P0087,C00357,3,2025-01-20,Average experience
REV03106,P0042,C04611,5,2025-11-10,Great quality and value
REV03107,P0037,C03599,3,2025-03-25,Average experience
REV03108,P0105,C03720,1,2025-02-06,Very disappointing
REV03109,P0120,C00747,5,2025-05-16,Great quality and value
REV03110,P0144,C04597,5,2025-07-16,Really impressed
REV03111,P0031,C02960,4,2025-04-22,Good product
REV03112,P0012,C02418,5,2025-05-21,Really impressed
REV03113,P0068,C00376,5,2025-11-07,Really impressed
REV03114,P0074,C03657,4,2025-02-07,Happy with the purchase
REV03115,P0172,C02597,5,2025-02-27,Excellent product
REV03116,P0056,C02405,4,2025-12-04,Happy with the purchase
REV03117,P0159,C02418,5,2025-05-09,Really impressed
REV03118,P0136,C00664,5,2025-03-21,Really impressed
REV03119,P0054,C00527,5,2025-10-08,Great quality and value
REV03120,P0184,C00164,2,2025-04-23,Not fully satisfied
REV03121,P0015,C01753,3,2025-02-15,Okay product
REV03122,P0025,C03751,5,2025-07-15,Really impressed
REV03123,P0021,C01843,3,2025-04-03,Average experience
REV03124,P0170,C02588,4,2025-04-14,Happy with the purchase
REV03125,P0099,C01964,4,2025-04-23,Good product
REV03126,P0077,C03432,2,2025-12-08,Not fully satisfied
REV03127,P0161,C02456,3,2025-11-17,Average experience
REV03128,P0141,C01578,1,2025-08-25,Very disappointing
REV03129,P0109,C03606,4,2025-10-29,Good product
REV03130,P0168,C00721,5,2025-07-13,Really impressed
REV03131,P0002,C04226,3,2025-11-28,Okay product
REV03132,P0127,C03352,5,2025-10-01,Great quality and value
REV03133,P0047,C03575,3,2025-09-16,Decent for the price
REV03134,P0151,C04790,4,2025-03-05,Good product
REV03135,P0119,C02273,3,2025-09-05,Average experience
REV03136,P0013,C00535,3,2025-03-12,Decent for the price
REV03137,P0012,C03612,4,2025-05-17,Good product
REV03138,P0083,C02524,4,2025-07-24,Happy with the purchase
REV03139,P0071,C03808,4,2025-07-28,Happy with the purchase
REV03140,P0101,C03866,5,2025-10-25,Really impressed
REV03141,P0005,C00988,5,2025-08-31,Great quality and value
REV03142,P0011,C02653,4,2025-10-13,Happy with the purchase
REV03143,P0067,C01777,4,2025-08-21,Happy with the purchase
REV03144,P0041,C00184,3,2025-12-20,Average experience
REV03145,P0185,C03735,5,2025-09-16,Great quality and value
REV03146,P0077,C03122,3,2025-09-13,Average experience
REV03147,P0032,C03765,3,2026-01-29,Decent for the price
REV03148,P0055,C01311,4,2025-09-17,Good product
REV03149,P0072,C04928,4,2026-01-03,Works as expected
REV03150,P0137,C04214,4,2025-10-29,Good product
REV03151,P0151,C01979,4,2025-10-04,Good product
REV03152,P0126,C03464,2,2025-02-12,Not fully satisfied
REV03153,P0153,C03862,4,2025-03-26,Good product
REV03154,P0052,C02244,2,2026-01-26,Not fully satisfied
REV03155,P0023,C04532,3,2025-06-11,Decent for the price
REV03156,P0144,C01732,2,2025-10-11,Average quality
REV03157,P0155,C02168,5,2025-12-28,
REV03158,P0126,C02372,4,2025-10-20,Good product
REV03159,P0002,C03691,4,2025-09-16,Happy with the purchase
REV03160,P0024,C03978,5,2025-10-08,Great quality and value
REV03161,P0042,C01758,5,2025-04-15,Really impressed
REV03162,P0173,C00889,2,2026-01-16,Could be better
REV03163,P0118,C03922,4,2025-03-22,Works as expected
REV03164,P0105,C00110,2,2025-06-13,Average quality
REV03165,P0035,C04615,5,2025-07-19,Really impressed
REV03166,P0108,C04264,5,2025-07-12,Great quality and value
REV03167,P0016,C04377,4,2025-10-25,Good product
REV03168,P0085,C02102,3,2025-07-06,Decent for the price
REV03169,P0155,C01906,5,2025-12-14,Excellent product
REV03170,P0054,C02597,5,2025-11-14,Really impressed
REV03171,P0200,C02481,3,2025-02-15,Okay product
REV03172,P0095,C00144,3,2025-12-06,Average experience
REV03173,P0170,C03089,5,2025-01-26,Really impressed
REV03174,P0116,C00707,4,2025-09-07,Good product
REV03175,P0021,C04830,1,2025-10-17,Poor quality
REV03176,P0154,C01210,4,2025-08-04,Works as expected
REV03177,P0079,C04100,5,2025-02-25,Great quality and value
REV03178,P0200,C01103,1,2025-06-27,Poor quality
REV03179,P0111,C01767,4,2025-10-14,Happy with the purchase
REV03180,P0169,C04532,4,2025-10-15,Happy with the purchase
REV03181,P0053,C04992,5,2025-12-20,Excellent product
REV03182,P0135,C02980,5,2025-03-03,Great quality and value
REV03183,P0174,C04335,5,2025-12-08,Excellent product
REV03184,P0098,C02216,2,2025-02-03,Could be better
REV03185,P0113,C00592,3,2025-08-05,Okay product
REV03186,P0146,C01789,2,2025-08-05,Average quality
REV03187,P0044,C01120,5,2025-09-01,Great quality and value
REV03188,P0065,C04412,3,2025-02-23,Average experience
REV03189,P0122,C01552,4,2025-08-14,Happy with the purchase
REV03190,P0101,C03263,3,2025-12-05,Decent for the price
REV03191,P0151,C04475,5,2025-09-19,Really impressed
REV03192,P0151,C01557,4,2025-08-14,Good product
REV03193,P0191,C01765,4,2025-09-10,Works as expected
REV03194,P0006,C03526,4,2025-02-14,Good product
REV03195,P0032,C04125,4,2025-08-07,Good product
REV03196,P0056,C02852,4,2025-02-10,Happy with the purchase
REV03197,P0022,C00911,2,2025-05-01,
REV03198,P0103,C03218,3,2025-12-16,Average experience
REV03199,P0126,C01136,4,2025-12-10,Good product
REV03200,P0046,C03208,4,2025-11-23,Good product
REV03201,P0163,C00336,4,2025-12-14,Happy with the purchase
REV03202,P0065,C04168,4,2025-07-22,Happy with the purchase
REV03203,P0063,C01298,2,2025-05-16,Could be better
REV03204,P0119,C00239,5,2025-08-22,Really impressed
REV03205,P0030,C01827,5,2025-09-20,Great quality and value
REV03206,P0046,C01447,5,2025-07-10,Excellent product
REV03207,P0046,C00798,4,2025-12-02,Good product
REV03208,P0157,C02747,5,2025-11-03,Excellent product
REV03209,P0012,C03356,2,2025-05-29,Could be better
REV03210,P0040,C02125,5,2025-05-29,Great quality and value
REV03211,P0108,C00682,5,2025-05-23,Really impressed
REV03212,P0081,C04241,3,2025-11-24,Decent for the price
REV03213,P0089,C04442,4,2025-08-14,Happy with the purchase
REV03214,P0101,C02534,4,2025-12-10,Works as expected
REV03215,P0132,C01055,4,2025-08-03,Works as expected
REV03216,P0048,C02022,5,2025-03-10,
REV03217,P0075,C01813,1,2025-12-17,Very disappointing
REV03218,P0153,C01143,5,2025-04-22,Great quality and value
REV03219,P0109,C03622,3,2025-07-12,Decent for the price
REV03220,P0071,C02455,4,2025-12-30,Good product
REV03221,P0016,C03941,4,2025-04-25,Happy with the purchase
REV03222,P0079,C00117,3,2025-10-03,Average experience
REV03223,P0119,C01074,5,2025-12-11,Really impressed
REV03224,P0168,C01306,5,2025-06-21,Really impressed
REV03225,P0011,C04049,3,2025-12-21,Decent for the price
REV03226,P0169,C01723,1,2025-01-18,Very disappointing
REV03227,P0163,C03109,4,2025-03-02,Happy with the purchase
REV03228,P0120,C04790,4,2025-10-02,Good product
REV03229,P0048,C00674,4,2025-10-06,Good product
REV03230,P0156,C04627,3,2025-06-21,Okay product
REV03231,P0118,C02703,5,2025-12-28,Really impressed
REV03232,P0022,C04059,4,2025-11-22,Good product
REV03233,P0127,C03898,5,2025-10-09,Great quality and value
REV03234,P0067,C02226,5,2025-07-20,Really impressed
REV03235,P0044,C04172,4,2025-08-17,Works as expected
REV03236,P0079,C04880,4,2025-08-28,Works as expected
REV03237,P0109,C02232,4,2025-12-09,Good product
REV03238,P0116,C02830,3,2025-04-20,Decent for the price
REV03239,P0062,C01660,4,2025-12-18,Happy with the purchase
REV03240,P0044,C04503,4,2025-10-17,Works as expected
REV03241,P0134,C01968,5,2025-07-09,Really impressed
REV03242,P0172,C03956,4,2025-06-11,Works as expected
REV03243,P0145,C02785,4,2025-08-25,Happy with the purchase
REV03244,P0194,C04935,4,2025-09-01,Happy with the purchase
REV03245,P0086,C03708,4,2025-01-16,Works as expected
REV03246,P0029,C01454,4,2025-02-28,Works as expected
REV03247,P0027,C01965,5,2025-12-26,Really impressed
REV03248,P0006,C02724,5,2025-04-02,Really impressed
REV03249,P0023,C04824,4,2025-07-03,Happy with the purchase
REV03250,P0118,C02423,3,2025-11-12,Decent for the price
REV03251,P0127,C02370,5,2025-04-08,Great quality and value
REV03252,P0155,C01141,4,2025-06-28,Works as expected
REV03253,P0127,C03076,4,2025-08-24,Happy with the purchase
REV03254,P0041,C01798,5,2025-04-20,Great quality and value
REV03255,P0129,C02988,5,2025-04-29,Great quality and value
REV03256,P0133,C00250,2,2025-11-26,Not fully satisfied
REV03257,P0112,C04343,4,2025-07-19,Good product
REV03258,P0150,C03221,3,2025-05-16,Decent for the price
REV03259,P0103,C04181,2,2025-10-05,Not fully satisfied
REV03260,P0028,C01117,3,2025-11-07,Decent for the price
REV03261,P0080,C01192,3,2025-06-13,Okay product
REV03262,P0008,C03436,1,2025-05-28,Very disappointing
REV03263,P0019,C02010,3,2025-12-31,Decent for the price
REV03264,P0121,C04921,5,2025-01-17,Really impressed
REV03265,P0155,C01095,3,2025-06-16,Decent for the price
REV03266,P0169,C01666,3,2025-11-16,Okay product
REV03267,P0191,C02293,2,2025-09-18,Could be better
REV03268,P0186,C03355,4,2025-03-01,Works as expected
REV03269,P0044,C00237,5,2026-01-15,Excellent product
REV03270,P0138,C00638,5,2025-09-11,Great quality and value
REV03271,P0071,C04119,5,2026-01-25,Excellent product
REV03272,P0085,C01705,1,2025-04-11,Very disappointing
REV03273,P0178,C03701,3,2025-01-30,Decent for the price
REV03274,P0030,C04920,4,2025-07-09,Happy with the purchase
REV03275,P0007,C02803,5,2025-12-28,
REV03276,P0174,C04143,4,2025-05-29,Happy with the purchase
REV03277,P0150,C00344,3,2025-03-30,Average experience
REV03278,P0040,C03831,3,2025-08-24,Okay product
REV03279,P0137,C00764,4,2025-04-19,Good product
REV03280,P0069,C02547,5,2025-04-14,Really impressed
REV03281,P0132,C01182,5,2025-02-09,Great quality and value
REV03282,P0044,C04229,4,2025-12-07,Good product
REV03283,P0197,C02049,5,2025-04-06,Excellent product
REV03284,P0044,C03143,5,2026-01-25,Great quality and value
REV03285,P0008,C04577,4,2025-06-19,Happy with the purchase
REV03286,P0177,C03996,5,2025-09-13,Great quality and value
REV03287,P0092,C01156,4,2025-11-02,Works as expected
REV03288,P0029,C03667,4,2025-05-01,Happy with the purchase
REV03289,P0054,C04844,4,2025-01-19,Works as expected
REV03290,P0158,C04859,5,2025-02-26,Excellent product
REV03291,P0065,C03796,3,2025-08-03,Average experience
REV03292,P0106,C02139,4,2025-06-24,Good product
REV03293,P0034,C01369,2,2025-08-03,Average quality
REV03294,P0162,C02947,4,2025-12-08,Happy with the purchase
REV03295,P0049,C02522,,2025-06-02,Decent for the price
REV03296,P0076,C02428,5,2025-08-22,Really impressed
REV03297,P0068,C03925,4,2025-09-11,Happy with the purchase
REV03298,P0053,C00195,2,2025-02-17,Could be better
REV03299,P0082,C01660,5,2025-12-08,Really impressed
REV03300,P0146,C03835,5,2025-11-25,Excellent product
REV03301,P0158,C04702,4,2025-06-29,Works as expected
REV03302,P0198,C04807,5,2025-03-21,Excellent product
REV03303,P0134,C04337,1,2025-02-21,Very disappointing
REV03304,P0083,C02631,1,2025-11-27,Poor quality
REV03305,P0158,C01063,4,2025-06-13,Happy with the purchase
REV03306,P0012,C02563,4,2025-05-26,Works as expected
REV03307,P0009,C00234,2,2025-08-08,Average quality
REV03308,P0197,C04331,4,2025-08-05,Happy with the purchase
REV03309,P0197,C04609,1,2025-11-22,
REV03310,P0114,C01606,4,2025-05-10,Happy with the purchase
REV03311,P0089,C03199,1,2025-05-13,Poor quality
REV03312,P0114,C03912,3,2025-11-06,Average experience
REV03313,P0141,C04209,5,2025-03-05,Really impressed
REV03314,P0116,C00142,2,2025-05-19,Could be better
REV03315,P0192,C03384,3,2025-05-25,Average experience
REV03316,P0102,C03280,4,2025-01-25,Happy with the purchase
REV03317,P0197,C00414,4,2025-05-20,Works as expected
REV03318,P0153,C03520,5,2025-05-15,Great quality and value
REV03319,P0064,C00288,3,2025-05-27,Decent for the price
REV03320,P0013,C03395,4,2025-06-04,Happy with the purchase
REV03321,P0099,C00597,3,2025-11-29,Decent for the price
REV03322,P0116,C00841,5,2025-11-13,Great quality and value
REV03323,P0020,C03054,4,2025-04-24,Good product
REV03324,P0030,C04307,1,2025-07-10,Very disappointing
REV03325,P0105,C02699,4,2025-05-14,Good product
REV03326,P0065,C01086,4,2025-11-18,Works as expected
REV03327,P0038,C01288,1,2025-06-13,Very disappointing
REV03328,P0100,C02421,5,2025-12-25,Excellent product
REV03329,P0175,C00015,4,2025-07-18,Good product
REV03330,P0137,C03411,5,2025-03-07,Great quality and value
REV03331,P0197,C02372,4,2025-07-21,Happy with the purchase
REV03332,P0035,C04734,4,2025-02-05,Works as expected
REV03333,P0115,C01617,3,2025-09-25,Average experience
REV03334,P0057,C00667,4,2025-11-01,Happy with the purchase
REV03335,P0029,C02091,4,2025-02-07,Good product
REV03336,P0033,C04782,5,2025-04-12,Really impressed
REV03337,P0137,C04207,4,2025-04-25,Works as expected
REV03338,P0024,C03778,5,2025-05-27,Great quality and value
REV03339,P0178,C02729,5,2025-08-29,Really impressed
REV03340,P0154,C01504,2,2025-11-13,Not fully satisfied
REV03341,P0175,C01147,4,2025-11-27,Good product
REV03342,P0064,C02480,4,2025-01-26,Works as expected
REV03343,P0137,C00813,5,2025-01-20,Excellent product
REV03344,P0025,C02080,5,2025-11-20,Great quality and value
REV03345,P0012,C03355,1,2025-07-18,Poor quality
REV03346,P0174,C03136,3,2025-08-19,Okay product
REV03347,P0152,C00298,4,2025-02-14,Happy with the purchase
REV03348,P0196,C01395,3,2025-08-02,
REV03349,P0019,C01254,4,2025-04-22,Good product
REV03350,P0170,C02760,5,2026-01-11,Great quality and value
REV03351,P0107,C01947,5,2025-03-25,Great quality and value
REV03352,P0011,C03776,5,2025-09-06,Great quality and value
REV03353,P0021,C04521,3,2025-08-29,Okay product
REV03354,P0182,C00090,5,2025-03-17,Really impressed
REV03355,P0178,C03150,4,2025-10-21,Happy with the purchase
REV03356,P0080,C00255,4,2025-05-05,Good product
REV03357,P0109,C00639,4,2025-08-02,Happy with the purchase
REV03358,P0093,C04635,5,2025-06-11,Excellent product
REV03359,P0146,C03214,4,2025-05-19,Happy with the purchase
REV03360,P0044,C01824,1,2025-08-10,Poor quality
REV03361,P0018,C02199,5,2025-06-25,Great quality and value
REV03362,P0015,C02197,4,2025-03-26,Happy with the purchase
REV03363,P0102,C01265,4,2026-01-25,Happy with the purchase
REV03364,P0077,C02488,4,2025-03-05,Happy with the purchase
REV03365,P0113,C03276,2,2025-03-07,Not fully satisfied
REV03366,P0056,C00169,3,2025-05-27,Okay product
REV03367,P0154,C00838,4,2025-11-24,Good product
REV03368,P0157,C02365,5,2025-06-11,Really impressed
REV03369,P0078,C03721,5,2025-12-29,Really impressed
REV03370,P0173,C04869,5,2025-08-15,Great quality and value
REV03371,P0002,C02053,1,2025-08-12,Very disappointing
REV03372,P0175,C02469,2,2025-10-24,Could be better
REV03373,P0111,C02103,4,2025-11-02,Works as expected
REV03374,P0146,C02254,4,2025-08-26,Happy with the purchase
REV03375,P0124,C03982,5,2025-06-30,Excellent product
REV03376,P0178,C03551,4,2025-07-30,Happy with the purchase
REV03377,P0019,C01980,5,2025-01-09,Great quality and value
REV03378,P0037,C00560,5,2025-06-28,Great quality and value
REV03379,P0105,C00701,4,2025-08-28,Happy with the purchase
REV03380,P0195,C04235,4,2025-10-01,Good product
REV03381,P0193,C02184,3,2025-05-05,Decent for the price
REV03382,P0046,C04902,5,2025-02-13,Excellent product
REV03383,P0126,C03275,5,2025-04-27,Really impressed
REV03384,P0099,C02997,4,2025-06-28,Works as expected
REV03385,P0120,C04755,2,2025-11-24,Could be better
REV03386,P0165,C00663,4,2025-07-03,Happy with the purchase
REV03387,P0188,C03216,1,2025-10-27,Poor quality
REV03388,P0167,C01288,5,2025-04-28,Excellent product
REV03389,P0198,C00854,5,2025-06-17,Excellent product
REV03390,P0095,C03810,2,2025-06-12,Could be better
REV03391,P0177,C04831,4,2025-12-01,Good product
REV03392,P0011,C01100,5,2025-11-09,Great quality and value
REV03393,P0066,C01624,4,2025-11-07,Happy with the purchase
REV03394,P0177,C01588,5,2025-11-10,Great quality and value
REV03395,P0057,C04205,5,2026-01-06,Great quality and value
REV03396,P0025,C03112,2,2025-05-14,Could be better
REV03397,P0108,C02315,5,2025-02-10,Excellent product
REV03398,P0177,C00782,4,2025-04-20,Good product
REV03399,P0188,C03864,5,2025-06-01,Great quality and value
REV03400,P0095,C03096,5,2025-07-11,Excellent product
REV03401,P0071,C03316,2,2025-12-17,Not fully satisfied
REV03402,P0098,C01435,5,2025-08-16,Great quality and value
REV03403,P0001,C04104,4,2025-05-05,Good product
REV03404,P0012,C01492,3,2026-01-07,Average experience
REV03405,P0112,C01484,5,2025-05-01,Excellent product
REV03406,P0125,C04918,4,2025-11-09,Good product
REV03407,P0160,C03075,4,2025-10-19,Happy with the purchase
REV03408,P0111,C03345,3,2025-12-12,Decent for the price
REV03409,P0137,C02573,3,2025-04-12,Decent for the price
REV03410,P0192,C03521,3,2025-11-20,Okay product
REV03411,P0023,C03034,4,2025-10-03,Happy with the purchase
REV03412,P0180,C03754,5,2025-09-02,Great quality and value
REV03413,P0117,C01209,5,2025-08-17,Really impressed
REV03414,P0171,C02845,3,2025-06-20,Average experience
REV03415,P0069,C04032,4,2025-09-13,Good product
REV03416,P0036,C04572,4,2025-04-18,Good product
REV03417,P0112,C00436,5,2025-09-25,Really impressed
REV03418,P0023,C03269,4,2025-06-01,Works as expected
REV03419,P0063,C02066,4,2025-02-10,Works as expected
REV03420,P0153,C01500,5,2025-07-28,Great quality and value
REV03421,P0070,C02469,4,2025-03-31,Works as expected
REV03422,P0076,C04824,4,2025-06-18,Good product
REV03423,P0036,C00737,5,2025-07-04,Really impressed
REV03424,P0002,C04214,4,2025-12-16,Good product
REV03425,P0059,C03479,3,2025-03-23,Okay product
REV03426,P0098,C00342,5,2025-08-05,Great quality and value
REV03427,P0015,C02571,5,2025-07-02,Great quality and value
REV03428,P0149,C00700,3,2025-08-12,Decent for the price
REV03429,P0164,C04299,3,2025-10-07,Average experience
REV03430,P0156,C03014,3,2025-01-14,Okay product
REV03431,P0142,C01587,2,2025-08-23,Not fully satisfied
REV03432,P0191,C03341,5,2025-03-31,Excellent product
REV03433,P0078,C01554,5,2025-03-20,Great quality and value
REV03434,P0021,C01074,4,2025-08-13,Happy with the purchase
REV03435,P0135,C03686,5,2025-02-09,Excellent product
REV03436,P0105,C02503,5,2025-03-13,Excellent product
REV03437,P0131,C01574,3,2025-08-18,Decent for the price
REV03438,P0102,C00530,4,2025-06-05,Works as expected
REV03439,P0140,C03849,5,2025-05-25,Great quality and value
REV03440,P0156,C00817,5,2025-09-03,Great quality and value
REV03441,P0200,C01973,1,2025-06-12,Very disappointing
REV03442,P0092,C00692,5,2025-03-08,Great quality and value
REV03443,P0136,C03420,3,2025-08-03,Decent for the price
REV03444,P0118,C00149,1,2025-07-20,
REV03445,P0142,C03010,5,2025-12-05,Excellent product
REV03446,P0032,C03412,4,2025-06-10,Good product
REV03447,P0157,C01624,5,2025-04-03,Excellent product
REV03448,P0072,C02938,5,2025-07-19,Really impressed
REV03449,P0006,C04819,5,2025-06-20,Really impressed
REV03450,P0050,C02906,4,2025-05-27,Good product
REV03451,P0127,C03928,5,2025-10-20,Excellent product
REV03452,P0002,C04481,5,2025-07-21,Really impressed
REV03453,P0149,C01293,3,2025-10-13,Decent for the price
REV03454,P0100,C01978,1,2025-05-19,Poor quality
REV03455,P0183,C03568,4,2025-06-14,Happy with the purchase
REV03456,P0011,C00418,3,2025-07-31,Okay product
REV03457,P0005,C00564,4,2025-09-29,Happy with the purchase
REV03458,P0167,C04024,4,2025-05-13,Happy with the purchase
REV03459,P0028,C04229,2,2025-07-04,Average quality
REV03460,P0127,C03249,3,2025-04-29,Average experience
REV03461,P0029,C01845,3,2025-12-25,Average experience
REV03462,P0048,C03843,5,2025-10-05,Really impressed
REV03463,P0122,C01227,5,2025-04-16,Great quality and value
REV03464,P0040,C01853,3,2025-06-07,Okay product
REV03465,P0122,C00497,4,2025-10-25,Happy with the purchase
REV03466,P0153,C04601,5,2025-04-01,Great quality and value
REV03467,P0191,C01329,1,2025-09-01,Not worth the price
REV03468,P0168,C01806,4,2025-04-29,Happy with the purchase
REV03469,P0081,C00942,5,2025-10-27,Great quality and value
REV03470,P0158,C04316,5,2025-10-06,Really impressed
REV03471,P0178,C01709,5,2025-09-12,Really impressed
REV03472,P0174,C00119,4,2025-07-23,Works as expected
REV03473,P0074,C01904,4,2025-03-26,Happy with the purchase
REV03474,P0199,C01593,3,2025-11-11,Okay product
REV03475,P0169,C00548,4,2025-06-17,Happy with the purchase
REV03476,P0165,C01300,4,2025-05-28,Works as expected
REV03477,P0047,C04061,2,2025-08-30,Could be better
REV03478,P0126,C03963,5,2025-11-03,Great quality and value
REV03479,P0125,C02811,4,2025-03-08,Works as expected
REV03480,P0054,C01502,3,2025-08-22,Average experience
REV03481,P0033,C04180,4,2025-12-15,Happy with the purchase
REV03482,P0091,C02937,3,2025-11-27,Average experience
REV03483,P0022,C01786,5,2025-03-25,Really impressed
REV03484,P0093,C01147,5,2025-07-31,Excellent product
REV03485,P0142,C04262,3,2025-08-01,Average experience
REV03486,P0055,C04490,5,2025-06-14,Excellent product
REV03487,P0037,C03823,4,2026-01-23,Good product
REV03488,P0027,C04758,5,2025-06-10,Great quality and value
REV03489,P0126,C01688,1,2025-06-19,Not worth the price
REV03490,P0168,C03666,5,2025-11-07,Really impressed
REV03491,P0066,C03599,5,2025-12-07,Great quality and value
REV03492,P0130,C02607,2,2025-01-27,Average quality
REV03493,P0127,C02262,4,2026-01-07,Happy with the purchase
REV03494,P0047,C04090,4,2026-01-02,Good product
REV03495,P0174,C02587,3,2025-09-15,Okay product
REV03496,P0157,C03898,5,2025-06-27,Really impressed
REV03497,P0139,C02422,4,2025-10-15,Good product
REV03498,P0108,C03489,4,2025-06-14,Works as expected
REV03499,P0178,C01534,4,2025-05-03,Good product
REV03500,P0170,C02897,3,2026-01-07,Okay product
REV03501,P0029,C01260,5,2025-05-14,Excellent product
REV03502,P0156,C00470,4,2025-09-28,Works as expected
REV03503,P0017,C00944,5,2025-11-10,Really impressed
REV03504,P0064,C01218,3,2025-02-14,Decent for the price
REV03505,P0116,C03917,5,2025-10-08,Great quality and value
REV03506,P0186,C01447,4,2026-01-15,Happy with the purchase
REV03507,P0034,C03899,3,2025-09-07,Decent for the price
REV03508,P0046,C01070,2,2025-01-30,Could be better
REV03509,P0033,C04685,3,2025-10-23,Okay product
REV03510,P0195,C00401,5,2025-05-24,Excellent product
REV03511,P0093,C04902,2,2025-12-29,Not fully satisfied
REV03512,P0132,C03871,4,2025-10-09,Good product
REV03513,P0091,C04306,4,2025-02-19,Happy with the purchase
REV03514,P0147,C02253,3,2025-05-01,Decent for the price
REV03515,P0090,C03528,4,2025-04-18,Good product
REV03516,P0031,C00372,5,2025-02-02,Great quality and value
REV03517,P0076,C01006,5,2026-01-09,Excellent product
REV03518,P0174,C02791,3,2025-10-21,Okay product
REV03519,P0185,C00325,1,2025-05-13,Not worth the price
REV03520,P0058,C03699,4,2025-10-24,Happy with the purchase
REV03521,P0002,C01094,4,2025-08-21,Happy with the purchase
REV03522,P0071,C04548,2,2025-09-30,Not fully satisfied
REV03523,P0096,C00714,2,2026-01-05,Average quality
REV03524,P0077,C03977,5,2025-02-04,Great quality and value
REV03525,P0167,C03295,5,2025-05-23,Really impressed
REV03526,P0047,C02939,4,2025-11-01,Works as expected
REV03527,P0093,C04086,3,2025-03-19,Okay product
REV03528,P0143,C03172,4,2025-05-24,Happy with the purchase
REV03529,P0003,C01646,5,2025-07-17,Excellent product
REV03530,P0172,C04973,4,2025-09-17,
REV03531,P0061,C04992,1,2026-01-12,Very disappointing
REV03532,P0187,C00714,4,2025-09-20,Works as expected
REV03533,P0129,C04225,4,2025-04-22,Good product
REV03534,P0200,C00547,4,2025-12-24,Works as expected
REV03535,P0004,C01578,4,2025-10-29,Happy with the purchase
REV03536,P0123,C04731,4,2025-05-10,Happy with the purchase
REV03537,P0028,C01572,4,2025-04-14,Happy with the purchase
REV03538,P0067,C03395,4,2025-10-07,Good product
REV03539,P0178,C03495,5,2025-07-22,Great quality and value
REV03540,P0041,C01530,4,2025-09-12,Good product
REV03541,P0168,C02834,3,2025-05-12,Okay product
REV03542,P0053,C03665,4,2025-12-10,Happy with the purchase
REV03543,P0100,C02052,4,2025-09-08,Works as expected
REV03544,P0023,C01402,5,2026-01-23,Excellent product
REV03545,P0131,C03493,3,2025-07-04,Average experience
REV03546,P0037,C01883,4,2025-04-05,Works as expected
REV03547,P0113,C01306,5,2025-04-24,Excellent product
REV03548,P0150,C01412,5,2025-10-22,Excellent product
REV03549,P0103,C03431,4,2025-12-21,Works as expected
REV03550,P0055,C01881,3,2025-02-17,Decent for the price
REV03551,P0104,C02041,2,2025-12-14,Average quality
REV03552,P0087,C01102,5,2025-08-26,Really impressed
REV03553,P0005,C00449,5,2025-08-27,Great quality and value
REV03554,P0171,C02190,2,2025-08-28,Could be better
REV03555,P0111,C04871,5,2025-02-22,Great quality and value
REV03556,P0067,C04520,5,2025-06-22,Great quality and value
REV03557,P0086,C02357,4,2025-08-06,Works as expected
REV03558,P0126,C03442,4,2025-10-28,Happy with the purchase
REV03559,P0135,C00922,4,2025-06-29,Happy with the purchase
REV03560,P0049,C02716,5,2025-05-31,Great quality and value
REV03561,P0180,C00218,4,2025-10-18,Good product
REV03562,P0113,C04256,5,2025-06-22,Really impressed
REV03563,P0164,C03415,4,2025-11-14,Happy with the purchase
REV03564,P0138,C02226,3,2025-05-02,Average experience
REV03565,P0030,C01538,5,2026-01-25,Really impressed
REV03566,P0087,C01908,5,2025-08-21,Really impressed
REV03567,P0173,C03827,4,2025-04-25,Works as expected
REV03568,P0028,C02668,1,2025-04-05,Poor quality
REV03569,P0088,C00955,5,2025-04-12,Excellent product
REV03570,P0068,C00506,4,2025-11-05,Works as expected
REV03571,P0052,C04453,3,2025-12-01,Okay product
REV03572,P0086,C00743,4,2025-02-16,Works as expected
REV03573,P0139,C03491,5,2025-09-27,Great quality and value
REV03574,P0123,C01219,4,2025-10-31,Works as expected
REV03575,P0058,C02406,4,2025-07-04,Happy with the purchase
REV03576,P0141,C04435,5,2025-05-07,Great quality and value
REV03577,P0059,C04358,1,2026-01-24,Poor quality
REV03578,P0190,C00672,2,2025-10-02,Average quality
REV03579,P0102,C02007,4,2026-01-07,Works as expected
REV03580,P0133,C03372,3,2025-02-17,Decent for the price
REV03581,P0065,C02578,5,2025-04-07,Excellent product
REV03582,P0125,C00647,5,2025-12-04,Excellent product
REV03583,P0185,C00959,4,2026-01-12,Happy with the purchase
REV03584,P0068,C04697,2,2025-02-15,Average quality
REV03585,P0090,C03113,4,2025-09-17,Good product
REV03586,P0196,C04988,4,2025-09-10,Works as expected
REV03587,P0131,C02133,3,2025-03-10,Average experience
REV03588,P0109,C00900,3,2025-07-20,Decent for the price
REV03589,P0176,C02451,4,2025-12-03,Happy with the purchase
REV03590,P0104,C03439,4,2025-12-14,Happy with the purchase
REV03591,P0096,C00278,1,2025-12-16,Not worth the price
REV03592,P0007,C02509,5,2025-11-13,Really impressed
REV03593,P0136,C00142,3,2026-01-06,Okay product
REV03594,P0159,C01241,4,2025-09-17,Good product
REV03595,P0077,C03330,1,2025-04-12,Not worth the price
REV03596,P0056,C00142,4,2025-12-12,Happy with the purchase
REV03597,P0050,C00416,5,2025-09-11,Great quality and value
REV03598,P0007,C02973,5,2025-10-26,Really impressed
REV03599,P0079,C01020,4,2025-06-08,Happy with the purchase
REV03600,P0021,C02392,4,2025-06-15,Works as expected
REV03601,P0006,C00382,3,2025-09-17,Okay product
REV03602,P0003,C01802,4,2025-07-26,Works as expected
REV03603,P0090,C02427,4,2025-05-10,Good product
REV03604,P0048,C03474,3,2025-03-13,Average experience
REV03605,P0133,C03308,2,2026-01-22,Could be better
REV03606,P0104,C04999,4,2025-12-08,Happy with the purchase
REV03607,P0194,C00359,5,2025-06-24,Great quality and value
REV03608,P0098,C00531,3,2025-08-18,Average experience
REV03609,P0141,C01055,5,2025-07-06,Excellent product
REV03610,P0083,C03320,4,2026-01-24,Works as expected
REV03611,P0191,C04993,4,2025-02-03,Happy with the purchase
REV03612,P0164,C04513,4,2025-10-24,Happy with the purchase
REV03613,P0169,C04674,3,2025-08-14,Okay product
REV03614,P0187,C00885,1,2025-08-29,Very disappointing
REV03615,P0138,C03483,5,2025-04-25,Great quality and value
REV03616,P0137,C02216,4,2025-03-09,Happy with the purchase
REV03617,P0143,C04242,4,2025-05-30,Happy with the purchase
REV03618,P0053,C01263,3,2025-02-17,Decent for the price
REV03619,P0035,C01419,4,2025-03-03,Works as expected
REV03620,P0030,C00777,1,2025-11-06,Not worth the price
REV03621,P0189,C01602,2,2025-03-22,Could be better
REV03622,P0165,C00126,4,2025-11-24,Works as expected
REV03623,P0193,C01253,5,2025-05-16,Really impressed
REV03624,P0092,C03998,4,2025-12-20,Happy with the purchase
REV03625,P0095,C03587,5,2025-12-18,Excellent product
REV03626,P0086,C03221,5,2025-05-10,Really impressed
REV03627,P0108,C03746,4,2025-09-17,Works as expected
REV03628,P0187,C02882,5,2025-08-22,Excellent product
REV03629,P0182,C00878,5,2025-05-06,Really impressed
REV03630,P0011,C00343,4,2025-02-14,Good product
REV03631,P0131,C00691,4,2025-04-03,Happy with the purchase
REV03632,P0047,C02168,1,2025-03-20,Not worth the price
REV03633,P0129,C03330,4,2025-06-03,Works as expected
REV03634,P0063,C03449,3,2025-06-25,Average experience
REV03635,P0002,C00240,3,2025-06-20,Average experience
REV03636,P0133,C04797,5,2025-05-07,Great quality and value
REV03637,P0190,C02293,4,2025-03-11,Happy with the purchase
REV03638,P0024,C03432,4,2025-12-10,Happy with the purchase
REV03639,P0085,C04304,2,2025-05-22,Not fully satisfied
REV03640,P0181,C03300,4,2025-09-14,Works as expected
REV03641,P0194,C02820,4,2025-04-01,Happy with the purchase
REV03642,P0016,C02078,4,2025-09-15,Happy with the purchase
REV03643,P0197,C01465,3,2025-08-14,Okay product
REV03644,P0186,C04978,1,2025-08-31,Not worth the price
REV03645,P0174,C03601,4,2025-12-27,Good product
REV03646,P0075,C02303,3,2025-02-18,Decent for the price
REV03647,P0066,C04969,5,2025-05-20,Excellent product
REV03648,P0097,C01453,1,2025-06-15,Very disappointing
REV03649,P0103,C02648,4,2025-05-23,Works as expected
REV03650,P0039,C02032,3,2025-08-12,Decent for the price
REV03651,P0162,C00894,3,2025-08-05,Decent for the price
REV03652,P0176,C02636,2,2025-08-30,Average quality
REV03653,P0156,C00398,5,2025-06-07,Excellent product
REV03654,P0136,C00064,3,2025-03-08,Okay product
REV03655,P0137,C01678,5,2025-12-09,Great quality and value
REV03656,P0064,C01890,4,2025-11-27,Happy with the purchase
REV03657,P0196,C00564,3,2025-06-17,Average experience
REV03658,P0133,C04109,4,2025-11-03,Works as expected
REV03659,P0097,C02892,5,2025-07-16,Really impressed
REV03660,P0072,C03060,4,2026-01-28,Works as expected
REV03661,P0160,C00985,4,2025-12-28,Happy with the purchase
REV03662,P0153,C00978,4,2025-01-25,Happy with the purchase
REV03663,P0149,C00193,5,2025-04-28,Really impressed
REV03664,P0143,C00175,3,2025-02-21,Average experience
REV03665,P0066,C01383,1,2025-11-08,Not worth the price
REV03666,P0181,C04023,4,2025-08-25,Good product
REV03667,P0166,C04573,3,2026-01-08,Average experience
REV03668,P0109,C00808,2,2025-05-05,Not fully satisfied
REV03669,P0041,C00796,4,2025-03-09,Good product
REV03670,P0013,C04147,5,2025-11-01,Excellent product
REV03671,P0165,C03871,5,2025-10-16,Really impressed
REV03672,P0085,C01704,5,2025-12-08,Really impressed
REV03673,P0159,C03753,5,2025-10-07,Really impressed
REV03674,P0014,C03763,4,2025-02-22,Works as expected
REV03675,P0176,C01817,4,2025-08-02,Happy with the purchase
REV03676,P0017,C02110,4,2025-03-18,Happy with the purchase
REV03677,P0192,C04556,5,2025-12-24,Great quality and value
REV03678,P0124,C01390,4,2025-10-22,Works as expected
REV03679,P0134,C03773,4,2025-07-13,Happy with the purchase
REV03680,P0180,C00491,1,2025-09-12,Poor quality
REV03681,P0151,C04888,5,2025-03-29,Really impressed
REV03682,P0188,C04632,4,2025-03-22,Works as expected
REV03683,P0001,C00587,3,2025-05-02,Decent for the price
REV03684,P0200,C00107,5,2025-10-04,Really impressed
REV03685,P0126,C03000,2,2025-02-15,Not fully satisfied
REV03686,P0118,C04774,1,2025-10-01,Not worth the price
REV03687,P0131,C02389,2,2025-02-03,Could be better
REV03688,P0098,C00849,4,2026-01-03,Works as expected
REV03689,P0053,C01385,4,2025-12-31,Works as expected
REV03690,P0170,C03296,5,2025-05-02,Excellent product
REV03691,P0046,C00354,3,2025-11-20,Average experience
REV03692,P0063,C01726,4,2025-11-03,Works as expected
REV03693,P0179,C04995,4,2025-03-06,Good product
REV03694,P0133,C04595,4,2025-03-12,Works as expected
REV03695,P0061,C00348,5,2025-03-09,Great quality and value
REV03696,P0111,C02360,3,2025-05-21,Okay product
REV03697,P0146,C02926,5,2025-09-28,Excellent product
REV03698,P0177,C01922,2,2025-02-27,Not fully satisfied
REV03699,P0131,C02763,1,2025-07-04,Poor quality
REV03700,P0163,C00273,5,2025-04-12,Excellent product
REV03701,P0004,C00070,5,2025-10-17,Really impressed
REV03702,P0022,C01407,5,2025-12-04,Really impressed
REV03703,P0173,C01852,1,2025-11-15,Poor quality
REV03704,P0177,C03154,4,2025-11-08,Works as expected
REV03705,P0025,C04679,2,2025-05-07,Average quality
REV03706,P0072,C04253,2,2025-08-02,Could be better
REV03707,P0125,C04534,1,2025-05-22,Very disappointing
REV03708,P0107,C03485,4,2025-03-13,Good product
REV03709,P0197,C00720,4,2025-10-23,Happy with the purchase
REV03710,P0115,C03537,5,2025-08-21,Excellent product
REV03711,P0187,C02148,4,2025-11-09,Good product
REV03712,P0097,C01980,4,2025-11-08,Happy with the purchase
REV03713,P0094,C00692,2,2025-08-19,Average quality
REV03714,P0006,C02683,3,2025-04-30,Average experience
REV03715,P0029,C02411,5,2025-07-09,Excellent product
REV03716,P0067,C02314,5,2025-08-27,Excellent product
REV03717,P0100,C03741,5,2025-08-27,Great quality and value
REV03718,P0136,C00172,3,2025-02-11,Decent for the price
REV03719,P0130,C00331,5,2025-11-30,Great quality and value
REV03720,P0099,C03494,5,2025-09-27,Really impressed
REV03721,P0104,C01117,5,2025-07-27,Really impressed
REV03722,P0152,C04490,4,2025-04-22,Good product
REV03723,P0151,C03714,2,2025-07-15,Not fully satisfied
REV03724,P0167,C01775,3,2025-03-29,Decent for the price
REV03725,P0098,C00594,4,2025-11-12,Works as expected
REV03726,P0181,C00947,3,2025-10-13,Okay product
REV03727,P0006,C03756,5,2025-03-22,Really impressed
REV03728,P0142,C03413,4,2025-12-25,Happy with the purchase
REV03729,P0096,C03331,5,2025-07-16,Really impressed
REV03730,P0035,C00465,2,2025-11-21,Average quality
REV03731,P0023,C04922,5,2025-09-21,Excellent product
REV03732,P0069,C04008,5,2025-10-25,Excellent product
REV03733,P0141,C00419,4,2025-10-10,Works as expected
REV03734,P0183,C00009,4,2025-11-05,Works as expected
REV03735,P0023,C00587,5,2025-07-17,Really impressed
REV03736,P0091,C03436,2,2025-07-04,Not fully satisfied
REV03737,P0033,C01787,5,2025-03-08,Great quality and value
REV03738,P0172,C03475,3,2025-04-03,Okay product
REV03739,P0082,C04815,3,2025-09-27,Average experience
REV03740,P0090,C02982,2,2025-07-29,Average quality
REV03741,P0104,C03653,5,2025-02-18,Great quality and value
REV03742,P0123,C04267,2,2025-07-17,Not fully satisfied
REV03743,P0089,C04491,5,2025-11-24,Excellent product
REV03744,P0071,C01796,2,2025-03-31,Could be better
REV03745,P0092,C02781,4,2025-02-19,Good product
REV03746,P0033,C04544,5,2025-12-18,Great quality and value
REV03747,P0165,C03421,4,2025-02-16,Happy with the purchase
REV03748,P0139,C03367,5,2025-09-24,Excellent product
REV03749,P0143,C00014,5,2025-03-15,Excellent product
REV03750,P0032,C00981,1,2025-07-17,Very disappointing
REV03751,P0020,C04184,5,2025-09-22,Excellent product
REV03752,P0059,C01721,5,2025-06-01,Great quality and value
REV03753,P0186,C02833,4,2025-02-27,Good product
REV03754,P0081,C02476,5,2025-06-25,Excellent product
REV03755,P0086,C02123,2,2025-08-22,Not fully satisfied
REV03756,P0057,C04565,5,2025-06-11,Great quality and value
REV03757,P0139,C04397,4,2025-02-17,Happy with the purchase
REV03758,P0185,C03126,4,2025-08-15,Good product
REV03759,P0149,C04507,5,2025-08-18,Excellent product
REV03760,P0074,C03183,3,2025-07-12,Okay product
REV03761,P0114,C03519,1,2025-03-30,Not worth the price
REV03762,P0117,C04286,4,2025-03-16,Works as expected
REV03763,P0080,C02210,4,2025-01-10,Good product
REV03764,P0198,C01161,4,2025-11-10,Happy with the purchase
REV03765,P0073,C00714,2,2025-07-01,Average quality
REV03766,P0029,C04075,2,2025-02-18,Could be better
REV03767,P0075,C00412,4,2025-07-21,Good product
REV03768,P0119,C04628,4,2025-12-06,Happy with the purchase
REV03769,P0095,C00364,5,2025-12-22,Excellent product
REV03770,P0169,C04345,4,2026-01-28,Works as expected
REV03771,P0140,C02294,6,2025-09-11,Average experience
REV03772,P0055,C04007,1,2025-11-10,Not worth the price
REV03773,P0150,C04269,4,2025-12-15,Happy with the purchase
REV03774,P0015,C03958,5,2025-07-14,Excellent product
REV03775,P0177,C04818,5,2025-06-28,Really impressed
REV03776,P0126,C00762,3,2025-05-03,Average experience
REV03777,P0060,C01621,5,2025-12-03,Excellent product
REV03778,P0095,C04667,5,2025-04-17,Excellent product
REV03779,P0011,C04669,5,2025-09-27,Great quality and value
REV03780,P0097,C00475,3,2025-09-16,Average experience
REV03781,P0050,C00415,4,2025-06-26,Works as expected
REV03782,P0030,C00159,5,2025-11-15,Great quality and value
REV03783,P0164,C01654,2,2025-02-18,Not fully satisfied
REV03784,P0058,C00219,5,2025-03-26,Great quality and value
REV03785,P0189,C02128,1,2025-08-19,Poor quality
REV03786,P0041,C03148,4,2025-11-25,Good product
REV03787,P0101,C00209,5,2025-10-02,Excellent product
REV03788,P0095,C01261,5,2025-10-27,Great quality and value
REV03789,P0149,C04650,5,2025-04-18,Great quality and value
REV03790,P0064,C00156,3,2025-09-14,Average experience
REV03791,P0192,C03611,4,2025-02-27,Works as expected
REV03792,P0022,C01214,5,2025-09-19,Great quality and value
REV03793,P0069,C01281,3,2025-03-22,Decent for the price
REV03794,P0119,C02387,4,2025-09-18,Good product
REV03795,P0131,C02984,4,2025-08-06,Good product
REV03796,P0020,C02743,4,2025-07-01,Happy with the purchase
REV03797,P0045,C04006,4,2025-12-27,Happy with the purchase
REV03798,P0011,C02084,5,2025-09-16,Great quality and value
REV03799,P0143,C04513,4,2025-12-05,Good product
REV03800,P0165,C00864,3,2025-02-17,Okay product
REV03801,P0160,C00387,1,2025-09-13,Very disappointing
REV03802,P0083,C03075,5,2025-05-14,Really impressed
REV03803,P0083,C02287,4,2025-11-14,Works as expected
REV03804,P0102,C01877,4,2025-12-02,Good product
REV03805,P0117,C03032,6,2025-10-04,Great quality and value
REV03806,P0193,C00016,5,2025-03-28,Excellent product
REV03807,P0104,C03661,2,2025-09-25,Not fully satisfied
REV03808,P0068,C01485,4,2026-02-01,Works as expected
REV03809,P0036,C04415,3,2025-04-29,Decent for the price
REV03810,P0083,C00258,5,2025-06-27,Really impressed
REV03811,P0037,C04519,4,2025-10-12,Good product
REV03812,P0004,C02414,3,2025-01-29,Okay product
REV03813,P0107,C04551,4,2025-11-21,Works as expected
REV03814,P0091,C04724,4,2025-05-07,Works as expected
REV03815,P0102,C01597,4,2025-12-07,Happy with the purchase
REV03816,P0094,C04217,1,2025-10-03,Not worth the price
REV03817,P0161,C01203,3,2025-11-03,Average experience
REV03818,P0137,C01942,3,2025-03-04,Average experience
REV03819,P0010,C01993,5,2025-02-12,Really impressed
REV03820,P0051,C04910,5,2025-04-19,Great quality and value
REV03821,P0146,C03903,4,2025-05-28,Works as expected
REV03822,P0057,C02482,4,2026-01-13,Works as expected
REV03823,P0136,C03447,3,2026-02-13,Okay product
REV03824,P0086,C02232,4,2026-01-04,Works as expected
REV03825,P0027,C00168,5,2025-02-20,Excellent product
REV03826,P0053,C04550,5,2025-08-05,Really impressed
REV03827,P0158,C04213,2,2025-02-28,Not fully satisfied
REV03828,P0153,C04503,4,2025-05-12,Happy with the purchase
REV03829,P0036,C00494,4,2025-07-03,Good product
REV03830,P0117,C02676,2,2025-06-15,Not fully satisfied
REV03831,P0146,C00828,5,2025-03-19,Great quality and value
REV03832,P0097,C03225,1,2025-09-24,Not worth the price
REV03833,P0057,C03962,4,2025-06-09,Happy with the purchase
REV03834,P0110,C02517,5,2025-05-24,Really impressed
REV03835,P0047,C01267,4,2025-06-13,Happy with the purchase
REV03836,P0158,C04209,4,2026-02-01,Works as expected
REV03837,P0137,C00903,5,2025-01-30,
REV03838,P0043,C02633,2,2025-07-03,Average quality
REV03839,P0009,C03391,3,2025-04-06,Average experience
REV03840,P0175,C04281,3,2025-08-24,Decent for the price
REV03841,P0187,C01381,4,2025-07-29,Happy with the purchase
REV03842,P0161,C02909,5,2025-02-16,Really impressed
REV03843,P0175,C03547,5,2025-11-24,Great quality and value
REV03844,P0010,C01654,4,2025-12-10,Happy with the purchase
REV03845,P0108,C03490,4,2025-06-03,Happy with the purchase
REV03846,P0115,C02752,5,2025-10-08,Great quality and value
REV03847,P0022,C02525,4,2025-05-20,Good product
REV03848,P0110,C04035,5,2025-01-31,Great quality and value
REV03849,P0121,C03122,3,2025-03-12,Decent for the price
REV03850,P0023,C02758,5,2025-09-06,Great quality and value
REV03851,P0005,C04636,5,2025-09-11,Great quality and value
REV03852,P0106,C04402,4,2025-05-15,Happy with the purchase
REV03853,P0130,C03959,3,2025-03-12,Okay product
REV03854,P0131,C02871,2,2026-01-07,Not fully satisfied
REV03855,P0049,C03572,4,2025-07-02,Good product
REV03856,P0124,C01777,2,2025-12-02,Not fully satisfied
REV03857,P0105,C02895,4,2025-04-30,Happy with the purchase
REV03858,P0027,C00198,5,2025-05-18,Great quality and value
REV03859,P0090,C02312,4,2025-10-15,Good product
REV03860,P0177,C02533,4,2025-02-01,Works as expected
REV03861,P0014,C00227,2,2025-05-09,Average quality
REV03862,P0001,C02448,3,2025-08-08,Decent for the price
REV03863,P0118,C00343,5,2025-08-26,Really impressed
REV03864,P0181,C04369,3,2025-11-28,Okay product
REV03865,P0118,C04078,5,2025-08-07,Really impressed
REV03866,P0030,C03501,5,2025-02-11,Excellent product
REV03867,P0113,C01162,3,2025-08-16,Okay product
REV03868,P0071,C03139,4,2025-04-16,Happy with the purchase
REV03869,P0029,C01071,5,2026-01-08,Excellent product
REV03870,P0118,C02658,5,2025-02-02,Excellent product
REV03871,P0123,C00780,5,2025-06-05,Excellent product
REV03872,P0106,C03054,4,2025-02-26,Happy with the purchase
REV03873,P0017,C00930,4,2025-11-20,Happy with the purchase
REV03874,P0103,C00520,5,2025-02-10,Great quality and value
REV03875,P0025,C03319,5,2025-06-13,Great quality and value
REV03876,P0112,C00900,4,2025-02-18,Works as expected
REV03877,P0006,C02366,3,2025-09-14,Okay product
REV03878,P0054,C03386,5,2025-09-20,Really impressed
REV03879,P0091,C00630,4,2025-08-06,Happy with the purchase
REV03880,P0151,C03665,4,2025-05-08,Works as expected
REV03881,P0138,C00684,3,2025-01-16,Decent for the price
REV03882,P0023,C00840,5,2025-11-28,Great quality and value
REV03883,P0083,C01261,5,2025-05-20,Excellent product
REV03884,P0050,C04561,4,2025-04-28,Good product
REV03885,P0167,C00013,5,2025-05-06,Really impressed
REV03886,P0016,C03190,4,2026-01-03,Works as expected
REV03887,P0016,C02238,5,2025-09-26,Great quality and value
REV03888,P0010,C00441,4,2025-01-28,Happy with the purchase
REV03889,P0114,C00431,3,2025-04-23,Okay product
REV03890,P0117,C00396,4,2025-05-19,Works as expected
REV03891,P0163,C02283,4,2025-11-03,Good product
REV03892,P0061,C04958,4,2025-11-06,Works as expected
REV03893,P0147,C00591,4,2025-05-28,Good product
REV03894,P0177,C02390,4,2025-04-01,Works as expected
REV03895,P0003,C02177,5,2025-04-25,Really impressed
REV03896,P0164,C03191,3,2026-01-08,Decent for the price
REV03897,P0012,C01964,5,2025-06-04,Great quality and value
REV03898,P0154,C02687,4,2025-08-28,Works as expected
REV03899,P0180,C01290,3,2025-07-09,Average experience
REV03900,P0181,C03420,4,2025-11-30,Works as expected
REV03901,P0056,C00217,5,2025-06-11,Excellent product
REV03902,P0023,C02780,3,2025-05-27,Average experience
REV03903,P0077,C04828,5,2026-01-02,Excellent product
REV03904,P0195,C04800,5,2025-11-05,Excellent product
REV03905,P0160,C01381,5,2025-10-18,Excellent product
REV03906,P0155,C04215,4,2025-12-31,Happy with the purchase
REV03907,P9999,C04766,3,2025-04-28,Okay product
REV03908,P0094,C00455,3,2025-04-11,Decent for the price
REV03909,P0001,C01172,4,2025-03-17,Works as expected
REV03910,P0018,C02219,3,2025-08-12,Average experience
REV03911,P0028,C02463,5,2025-09-11,Really impressed
REV03912,P0162,C04652,4,2025-03-18,Good product
REV03913,P0004,C03734,2,2025-03-31,Not fully satisfied
REV03914,P0017,C04215,3,2025-07-12,Decent for the price
REV03915,P0187,C02756,5,2025-06-16,Really impressed
REV03916,P0058,C04821,2,2025-03-21,Average quality
REV03917,P0065,C04155,5,2025-11-12,Great quality and value
REV03918,P0134,C01856,5,2025-08-22,Really impressed
REV03919,P0083,C03240,1,2025-03-12,Very disappointing
REV03920,P0178,C02136,4,2025-05-02,Works as expected
REV03921,P0143,C04717,4,2025-02-27,Happy with the purchase
REV03922,P0119,C00267,4,2025-11-23,Works as expected
REV03923,P0136,C00466,4,2025-04-27,Works as expected
REV03924,P0034,C04034,3,2026-01-08,Average experience
REV03925,P0138,C03636,5,2025-10-27,Great quality and value
REV03926,P0130,C03333,3,2025-05-31,Average experience
REV03927,P0169,C03357,4,2025-05-27,Works as expected
REV03928,P0048,C02039,5,2025-04-15,Great quality and value
REV03929,P0096,C04743,1,2025-10-06,Very disappointing
REV03930,P0056,C01708,4,2025-06-10,Works as expected
REV03931,P0046,C02787,5,2025-12-31,Excellent product
REV03932,P0031,C02607,5,2025-07-15,Excellent product
REV03933,P0142,C04659,2,2026-01-21,Average quality
REV03934,P0037,C02017,4,2025-04-21,Happy with the purchase
REV03935,P0176,C04943,4,2025-12-24,Works as expected
REV03936,P0014,C04492,4,2025-04-12,Works as expected
REV03937,P0084,C00541,4,2025-08-22,Good product
REV03938,P0021,C01955,2,2025-11-22,Not fully satisfied
REV03939,P0180,C03924,4,2025-06-04,Works as expected
REV03940,P0170,C02548,4,2025-09-29,Happy with the purchase
REV03941,P0142,C03362,5,2025-10-22,Really impressed
REV03942,P0054,C00326,4,2025-11-25,Happy with the purchase
REV03943,P0141,C04493,5,2025-03-12,Really impressed
REV03944,P0020,C00884,5,2025-06-20,Really impressed
REV03945,P0141,C03845,4,2025-11-08,Happy with the purchase
REV03946,P0141,C02036,4,2025-08-20,Happy with the purchase
REV03947,P0140,C00757,4,2025-11-09,Happy with the purchase
REV03948,P0166,C01544,4,2025-09-27,Good product
REV03949,P0063,C01581,4,2026-01-24,Works as expected
REV03950,P0030,C03237,2,2025-08-07,Average quality
REV03951,P0042,C00134,5,2025-07-12,Great quality and value
REV03952,P0144,C03076,4,2026-01-15,Works as expected
REV03953,P0085,C01144,2,2025-07-03,Could be better
REV03954,P0188,C02294,4,2025-01-16,Works as expected
REV03955,P0016,C02969,5,2025-07-02,Excellent product
REV03956,P0129,C02786,4,2025-07-15,Works as expected
REV03957,P0046,C00282,2,2025-10-20,Average quality
REV03958,P0044,C02461,4,2026-01-11,Good product
REV03959,P0011,C01155,2,2025-02-28,Average quality
REV03960,P0013,C00855,5,2025-02-17,Great quality and value
REV03961,P0101,C02650,4,2025-12-21,Works as expected
REV03962,P0058,C00520,4,2025-05-11,Happy with the purchase
REV03963,P0127,C02923,3,2025-12-26,Average experience
REV03964,P0045,C03727,3,2025-07-22,Average experience
REV03965,P0052,C04256,4,2025-05-02,Happy with the purchase
REV03966,P0152,C03797,4,2025-08-15,Works as expected
REV03967,P0184,C03658,5,2026-01-03,Really impressed
REV03968,P0130,C03211,4,2025-03-07,Works as expected
REV03969,P0077,C00002,5,2025-07-31,Really impressed
REV03970,P0086,C00416,4,2025-06-20,Good product
REV03971,P0051,C00913,3,2025-05-16,Okay product
REV03972,P0071,C02383,4,2025-07-09,Good product
REV03973,P0083,C00882,1,2025-11-04,Very disappointing
REV03974,P0140,C04292,5,2025-08-09,Really impressed
REV03975,P0022,C04943,4,2025-04-01,Happy with the purchase
REV03976,P0191,C01794,4,2025-05-01,Works as expected
REV03977,P0171,C01122,4,2025-08-20,Good product
REV03978,P0032,C04096,3,2025-08-30,Okay product
REV03979,P0126,C01317,5,2025-07-17,Great quality and value
REV03980,P0062,C00879,4,2025-11-03,Good product
REV03981,P0130,C02972,4,2025-12-10,Happy with the purchase
REV03982,P0106,C04635,4,2025-06-07,Works as expected
REV03983,P0199,C02807,2,2025-01-18,Not fully satisfied
REV03984,P0192,C00342,5,2025-08-13,Great quality and value
REV03985,P0042,C02709,4,2025-08-31,Good product
REV03986,P0154,C00756,5,2025-09-06,Really impressed
REV03987,P0196,C02017,3,2025-05-02,Average experience
REV03988,P0083,C03084,4,2025-04-16,Good product
REV03989,P0046,C04868,5,2025-06-22,Really impressed
REV03990,P0158,C00911,4,2025-01-19,Happy with the purchase
REV03991,P0077,C01682,3,2025-07-07,Average experience
REV03992,P0060,C02349,3,2025-05-12,Average experience
REV03993,P0018,C04944,1,2025-04-05,Very disappointing
REV03994,P0047,C01044,4,2025-04-29,Works as expected
REV03995,P0071,C00858,4,2025-10-17,Happy with the purchase
REV03996,P0106,C01125,4,2025-12-27,Happy with the purchase
REV03997,P0137,C01709,3,2025-03-13,Average experience
REV03998,P0093,C02846,4,2025-11-26,Happy with the purchase
REV03999,P0051,C02178,5,2025-12-17,Really impressed
REV04000,P0105,C02810,4,2025-05-14,Happy with the purchase
REV04001,P0181,C03144,4,2025-02-13,Good product
REV04002,P0097,C01373,3,2025-08-19,Average experience
REV04003,P0058,C01421,4,2025-06-05,Happy with the purchase
REV04004,P0185,C02978,5,2025-08-26,Excellent product
REV04005,P0031,C01089,2,2026-01-11,Could be better
REV04006,P0151,C01980,4,2025-07-13,Works as expected
REV04007,P0163,C00715,3,2025-04-05,Decent for the price
REV04008,P0188,C01970,2,2025-06-11,Not fully satisfied
REV04009,P0125,C02309,4,2025-06-18,Happy with the purchase
REV04010,P0135,C04098,5,2025-01-18,Great quality and value
REV04011,P0020,C01102,5,2025-08-12,Really impressed
REV04012,P0109,C00543,3,2025-03-21,Decent for the price
REV04013,P0011,C01213,4,2025-12-22,Happy with the purchase
REV04014,P0078,C01804,5,2025-04-04,Really impressed
REV04015,P0014,C04897,5,2025-10-15,Great quality and value
REV04016,P0042,C04906,4,2025-10-12,Good product
REV04017,P0012,C00910,4,2026-01-03,Good product
REV04018,P0075,C02153,4,2025-04-29,Good product
REV04019,P0020,C03704,5,2025-09-06,Really impressed
REV04020,P0044,C00872,5,2025-04-05,Excellent product
REV04021,P9999,C02286,5,2025-08-20,Great quality and value
REV04022,P0052,C01273,3,2025-09-03,Decent for the price
REV04023,P0109,C03464,4,2025-03-28,Good product
REV04024,P0170,C04851,3,2025-10-16,Decent for the price
REV04025,P0036,C02648,5,2025-04-07,Really impressed
REV04026,P0001,C01752,5,2025-10-31,Great quality and value
REV04027,P0079,C04806,3,2025-08-22,Decent for the price
REV04028,P0188,C03910,4,2025-06-16,Works as expected
REV04029,P0002,C00236,5,2025-05-25,Really impressed
REV04030,P0069,C02612,2,2025-09-29,Not fully satisfied
REV04031,P0132,C02696,4,2025-10-06,Good product
REV04032,P0058,C03255,4,2025-08-05,Good product
REV04033,P0168,C00946,4,2025-04-24,Good product
REV04034,P0183,C04194,4,2025-10-17,Works as expected
REV04035,P0175,C01700,1,2025-06-08,Not worth the price
REV04036,P0145,C00051,4,2025-02-25,Happy with the purchase
REV04037,P0156,C04698,2,2025-05-10,Not fully satisfied
REV04038,P0176,C03574,2,2025-04-07,Average quality
REV04039,P0006,C00421,2,2025-12-23,Average quality
REV04040,P0089,C04080,3,2025-04-07,Okay product
REV04041,P0053,C04463,4,2025-03-05,Works as expected
REV04042,P0090,C01155,4,2025-07-04,Good product
REV04043,P0034,C03754,3,2025-06-08,Okay product
REV04044,P0072,C03110,4,2025-03-25,Works as expected
REV04045,P0034,C03375,1,2025-02-27,Not worth the price
REV04046,P0006,C04470,4,2025-02-28,Happy with the purchase
REV04047,P0127,C00774,3,2026-01-01,Average experience
REV04048,P0174,C03951,3,2025-12-04,Average experience
REV04049,P0188,C01229,4,2025-09-17,Good product
REV04050,P0084,C01229,4,2025-06-04,Good product
REV04051,P0185,C01032,4,2025-08-02,Happy with the purchase
REV04052,P0145,C03041,5,2025-04-26,Excellent product
REV04053,P0135,C00408,4,2025-04-04,Good product
REV04054,P0167,C04380,4,2025-10-08,Works as expected
REV04055,P0094,C01840,3,2025-12-10,Decent for the price
REV04056,P0046,C02173,1,2025-03-13,Poor quality
REV04057,P0168,C00637,4,2025-02-14,Happy with the purchase
REV04058,P0080,C01975,4,2025-09-20,Works as expected
REV04059,P0060,C02375,4,2025-11-12,Happy with the purchase
REV04060,P9999,C02345,3,2025-07-23,Decent for the price
REV04061,P0011,C00061,5,2025-08-25,Really impressed
REV04062,P0086,C02115,4,2025-02-17,Good product
REV04063,P0159,C00181,3,2025-04-26,Average experience
REV04064,P0115,C00449,4,2025-04-11,
REV04065,P0106,C01429,4,2025-02-02,Happy with the purchase
REV04066,P0076,C04525,4,2025-09-26,Good product
REV04067,P0197,C02528,1,2025-05-18,Not worth the price
REV04068,P0065,C02404,5,2025-11-01,Great quality and value
REV04069,P0127,C04377,5,2025-11-21,Excellent product
REV04070,P0168,C04125,4,2025-02-11,Works as expected
REV04071,P0178,C04477,4,2025-05-31,Works as expected
REV04072,P0077,C03674,2,2025-12-19,Average quality
REV04073,P0041,C00029,4,2025-11-04,Good product
REV04074,P0145,C00549,4,2025-09-04,Happy with the purchase
REV04075,P0075,C00032,4,2025-09-22,Good product
REV04076,P0150,C01006,3,2025-03-20,
REV04077,P0174,C04080,5,2025-06-07,Really impressed
REV04078,P0082,C04917,2,2025-03-24,Average quality
REV04079,P0120,C01143,1,2025-02-08,Not worth the price
REV04080,P0092,C01443,5,2025-10-09,Excellent product
REV04081,P0197,C00029,4,2025-05-22,Happy with the purchase
REV04082,P0189,C01880,5,2025-08-18,Really impressed
REV04083,P0120,C01966,2,2025-09-03,Could be better
REV04084,P0032,C01757,2,2025-03-12,Could be better
REV04085,P0192,C00271,5,2025-05-30,Excellent product
REV04086,P0015,C03332,2,2025-07-16,Could be better
REV04087,P0189,C04929,5,2025-11-08,Really impressed
REV04088,P0104,C04926,4,2025-01-31,Works as expected
REV04089,P0132,C03928,5,2025-06-10,Really impressed
REV04090,P0114,C02996,4,2025-08-18,Works as expected
REV04091,P0078,C01465,5,2025-03-26,Excellent product
REV04092,P0052,C04856,3,2025-05-23,Average experience
REV04093,P0155,C01002,4,2025-03-12,Happy with the purchase
REV04094,P0194,C00315,4,2025-03-20,Good product
REV04095,P0127,C04067,3,2025-11-06,Average experience
REV04096,P0156,C03015,3,2025-12-09,
REV04097,P0152,C03314,5,2025-12-24,Really impressed
REV04098,P0034,C04114,5,2025-07-28,Really impressed
REV04099,P0107,C04233,3,2025-01-30,Average experience
REV04100,P0178,C02589,6,2025-04-27,Decent for the price
REV04101,P0179,C00575,4,2026-01-01,Works as expected
REV04102,P0037,C01806,2,2025-04-28,Average quality
REV04103,P0101,C03263,4,2025-04-01,Good product
REV04104,P0106,C04332,4,2025-03-26,Happy with the purchase
REV04105,P0006,C02554,5,2025-11-24,Great quality and value
REV04106,P0147,C03025,3,2025-05-06,Decent for the price
REV04107,P0180,C00489,2,2025-01-14,Could be better
REV04108,P0068,C02499,2,2025-02-18,Could be better
REV04109,P0177,C03813,4,2025-02-05,Happy with the purchase
REV04110,P0006,C00037,4,2025-09-03,Works as expected
REV04111,P0129,C00052,5,2025-12-29,Great quality and value
REV04112,P0061,C03179,3,2025-10-10,Decent for the price
REV04113,P0186,C02094,5,2025-12-20,Great quality and value
REV04114,P0025,C04958,4,2025-03-09,Happy with the purchase
REV04115,P0084,C04440,2,2025-02-08,Not fully satisfied
REV04116,P0056,C03198,4,2025-10-06,Good product
REV04117,P0086,C03959,4,2025-12-16,Happy with the purchase
REV04118,P0078,C04267,4,2025-09-11,Good product
REV04119,P0150,C03809,5,2025-10-11,Really impressed
REV04120,P0041,C00602,1,2025-07-29,Very disappointing
REV04121,P0184,C01146,4,2025-06-29,Happy with the purchase
REV04122,P0151,C02518,5,2025-04-07,Excellent product
REV04123,P0032,C02047,4,2025-05-21,Good product
REV04124,P0062,C01845,4,2025-09-15,Good product
REV04125,P0146,C00506,6,2025-05-07,Happy with the purchase
REV04126,P0077,C03520,3,2025-11-14,Decent for the price
REV04127,P0056,C03793,5,2025-04-02,Excellent product
REV04128,P0047,C01858,3,2025-12-21,Okay product
REV04129,P0045,C03861,4,2025-01-20,Works as expected
REV04130,P0117,C04590,1,2025-11-04,Poor quality
REV04131,P0162,C00711,4,2025-12-27,Good product
REV04132,P0158,C04084,5,2025-01-27,Great quality and value
REV04133,P0090,C01298,4,2025-03-31,Good product
REV04134,P0025,C01786,5,2025-04-26,Excellent product
REV04135,P0152,C04234,3,2025-12-14,Okay product
REV04136,P0033,C04091,1,2025-05-27,Poor quality
REV04137,P0043,C00755,5,2025-01-23,Great quality and value
REV04138,P0048,C00785,5,2025-06-15,Great quality and value
REV04139,P0036,C04998,4,2025-06-06,Happy with the purchase
REV04140,P0113,C03125,5,2025-06-03,Great quality and value
REV04141,P0003,C04324,3,2026-01-05,Okay product
REV04142,P0154,C02754,4,2025-04-16,Good product
REV04143,P0039,C00431,3,2025-04-02,Okay product
REV04144,P0115,C00532,5,2025-11-29,Really impressed
REV04145,P0090,C03209,3,2025-07-07,Okay product
REV04146,P0041,C04768,5,2025-10-05,Really impressed
REV04147,P0162,C04101,3,2025-10-27,Okay product
REV04148,P0178,C00051,3,2025-04-21,Average experience
REV04149,P0154,C01320,5,2025-12-18,Excellent product
REV04150,P0080,C04613,3,2025-11-28,Okay product
REV04151,P0111,C04971,5,2025-09-27,Great quality and value
REV04152,P0147,C04818,5,2025-03-17,Really impressed
REV04153,P0146,C01811,4,2026-01-04,Works as expected
REV04154,P0024,C03125,4,2025-09-23,Works as expected
REV04155,P0053,C02620,3,2025-03-10,Average experience
REV04156,P0057,C00956,3,2025-04-16,Okay product
REV04157,P0148,C03498,4,2025-01-29,Good product
REV04158,P0194,C00659,4,2025-02-08,Works as expected
REV04159,P0036,C00323,2,2025-02-20,Could be better
REV04160,P0170,C01873,4,2025-06-14,Works as expected
REV04161,P0138,C00989,2,2025-03-14,Not fully satisfied
REV04162,P0077,C02033,3,2025-06-22,Decent for the price
REV04163,P0041,C04194,2,2026-01-01,Could be better
REV04164,P0100,C02222,4,2025-06-14,Works as expected
REV04165,P0168,C02803,5,2025-08-15,Great quality and value
REV04166,P0011,C04568,4,2025-12-18,Good product
REV04167,P0120,C03918,4,2025-09-22,Happy with the purchase
REV04168,P0099,C04521,5,2025-03-01,Excellent product
REV04169,P0176,C03505,5,2025-08-09,Great quality and value
REV04170,P0111,C03379,4,2025-12-18,Good product
REV04171,P0034,C00359,4,2025-03-26,Happy with the purchase
REV04172,P0105,C00965,4,2025-05-20,Works as expected
REV04173,P0194,C02512,5,2025-12-29,Really impressed
REV04174,P0092,C02071,5,2025-03-13,Excellent product
REV04175,P0018,C00365,3,2025-10-12,Okay product
REV04176,P0051,C03921,5,2025-07-20,Great quality and value
REV04177,P0067,C01292,5,2025-05-16,Great quality and value
REV04178,P0101,C04718,5,2025-06-05,Really impressed
REV04179,P0167,C01367,2,2025-05-27,Average quality
REV04180,P0156,C00820,5,2025-11-11,Great quality and value
REV04181,P0143,C02507,3,2026-01-31,Average experience
REV04182,P0112,C03350,4,2025-09-19,Works as expected
REV04183,P0093,C03135,1,2025-10-13,Not worth the price
REV04184,P0133,C00356,4,2025-03-04,Happy with the purchase
REV04185,P0195,C04411,5,2025-08-07,
REV04186,P0103,C03242,4,2025-05-04,Works as expected
REV04187,P0139,C00975,4,2025-05-11,Good product
REV04188,P0183,C01215,2,2025-09-01,Average quality
REV04189,P0110,C00790,4,2025-06-28,Works as expected
REV04190,P0072,C04956,4,2025-03-08,Works as expected
REV04191,P0053,C00475,3,2025-12-17,Okay product
REV04192,P0098,C04213,3,2025-06-01,Okay product
REV04193,P0114,C01899,2,2026-01-12,Average quality
REV04194,P0189,C04676,4,2025-10-20,Works as expected
REV04195,P0111,C04190,5,2025-07-07,Great quality and value
REV04196,P0099,C01843,4,2025-12-09,Good product
REV04197,P0175,C01755,4,2025-10-10,Good product
REV04198,P0146,C00551,3,2025-08-08,Decent for the price
REV04199,P0188,C03851,4,2025-04-05,Good product
REV04200,P0005,C04323,5,2025-05-02,Really impressed
REV04201,P0057,C03894,5,2025-07-02,Really impressed
REV04202,P0052,C03404,5,2025-09-27,Really impressed
REV04203,P0177,C03931,2,2025-04-07,Average quality
REV04204,P0091,C03593,4,2025-01-28,Good product
REV04205,P0182,C02153,4,2025-12-01,Happy with the purchase
REV04206,P0040,C00178,5,2025-06-05,Excellent product
REV04207,P0061,C04759,5,2025-10-03,Really impressed
REV04208,P0006,C02913,4,2025-12-31,Happy with the purchase
REV04209,P0072,C04056,5,2025-07-21,Excellent product
REV04210,P0053,C03172,4,2025-07-11,Happy with the purchase
REV04211,P0029,C02043,5,2025-05-09,Excellent product
REV04212,P0082,C01112,4,2025-02-27,Works as expected
REV04213,P0094,C04142,4,2025-11-22,Good product
REV04214,P0076,C00145,4,2025-02-24,Happy with the purchase
REV04215,P0053,C04874,2,2025-08-14,Not fully satisfied
REV04216,P0187,C03698,3,2025-03-23,Decent for the price
REV04217,P0058,C02468,5,2025-11-01,Excellent product
REV04218,P0031,C04249,3,2025-03-03,Okay product
REV04219,P0019,C02833,3,2025-07-18,Decent for the price
REV04220,P0167,C00762,4,2026-01-10,Good product
REV04221,P0175,C03565,4,2025-09-17,Good product
REV04222,P0068,C02165,4,2025-07-22,Happy with the purchase
REV04223,P0073,C02251,5,2025-02-06,Really impressed
REV04224,P0190,C04595,4,2025-08-19,Good product
REV04225,P0082,C01191,5,2025-10-26,Excellent product
REV04226,P0071,C03259,3,2025-02-23,Decent for the price
REV04227,P0048,C04475,2,2025-05-23,Not fully satisfied
REV04228,P0171,C00150,3,2025-05-13,Average experience
REV04229,P0020,C03227,4,2025-06-11,Happy with the purchase
REV04230,P0172,C02449,5,2025-10-22,Excellent product
REV04231,P0016,C04462,4,2025-08-11,Good product
REV04232,P0068,C02185,4,2025-08-29,Works as expected
REV04233,P0180,C00804,5,2025-12-20,Really impressed
REV04234,P0142,C04188,2,2025-05-21,Not fully satisfied
REV04235,P0077,C00603,4,2025-06-02,Happy with the purchase
REV04236,P0169,C01365,5,2025-10-22,Really impressed
REV04237,P0120,C03896,2,2025-07-05,Average quality
REV04238,P0061,C03380,5,2025-12-03,Really impressed
REV04239,P0198,C01458,4,2025-04-07,Happy with the purchase
REV04240,P0074,C00625,4,2025-04-11,
REV04241,P0096,C01817,2,2025-04-12,
REV04242,P0164,C02649,4,2025-07-26,Happy with the purchase
REV04243,P0127,C00194,2,2025-06-05,Average quality
REV04244,P0083,C01548,5,2025-02-18,Great quality and value
REV04245,P0008,C04589,4,2025-04-02,Works as expected
REV04246,P0074,C01157,5,2025-07-10,Great quality and value
REV04247,P0080,C03999,4,2025-03-12,Good product
REV04248,P0181,C04243,4,2025-10-03,Good product
REV04249,P0148,C04536,4,2025-05-25,Happy with the purchase
REV04250,P0154,C04236,3,2025-07-25,Okay product
REV04251,P0157,C00003,4,2025-07-10,Happy with the purchase
REV04252,P0092,C02171,5,2025-03-01,Really impressed
REV04253,P0085,C01047,3,2025-03-30,Okay product
REV04254,P0156,C00189,4,2025-08-27,Good product
REV04255,P0170,C04613,5,2025-08-22,Really impressed
REV04256,P0159,C02828,5,2025-06-05,Excellent product
REV04257,P0008,C03506,3,2025-11-04,Okay product
REV04258,P0153,C02485,5,2025-05-25,
REV04259,P0027,C01411,4,2026-01-03,Works as expected
REV04260,P0035,C02759,3,2025-02-02,Average experience
REV04261,P0002,C04117,5,2025-12-14,Really impressed
REV04262,P0046,C01816,4,2025-02-10,Good product
REV04263,P0123,C01392,2,2025-02-22,Not fully satisfied
REV04264,P0009,C02042,4,2025-10-03,Happy with the purchase
REV04265,P0174,C00692,4,2025-02-22,Happy with the purchase
REV04266,P0036,C01586,4,2025-04-15,Good product
REV04267,P0199,C00397,5,2026-01-25,Great quality and value
REV04268,P0146,C02721,4,2025-05-27,Good product
REV04269,P0046,C04366,4,2025-07-02,Good product
REV04270,P0082,C02468,5,2025-08-02,Great quality and value
REV04271,P0063,C01044,3,2025-03-20,Decent for the price
REV04272,P0098,C04985,3,2025-11-03,Decent for the price
REV04273,P0102,C03812,4,2025-10-24,Happy with the purchase
REV04274,P0099,C01319,5,2025-06-01,Great quality and value
REV04275,P0034,C00408,5,2025-06-26,Great quality and value
REV04276,P0179,C01344,3,2025-05-24,Decent for the price
REV04277,P0010,C00888,4,2025-12-21,Good product
REV04278,P0091,C04357,5,2025-10-07,Excellent product
REV04279,P0020,C04296,3,2025-12-25,Average experience
REV04280,P0138,C00828,3,2025-11-28,Average experience
REV04281,P0156,C02840,4,2025-06-30,Works as expected
REV04282,P0015,C00725,1,2025-06-16,Not worth the price
REV04283,P0116,C03514,2,2025-02-03,Could be better
REV04284,P0010,C04003,4,2025-10-10,Happy with the purchase
REV04285,P0104,C03314,5,2025-07-16,Excellent product
REV04286,P0040,C01235,5,2026-01-07,Great quality and value
REV04287,P0151,C00871,5,2025-11-24,Really impressed
REV04288,P0048,C02648,3,2025-11-24,Okay product
REV04289,P0078,C02708,4,2025-12-12,Happy with the purchase
REV04290,P0035,C00011,5,2025-07-28,Really impressed
REV04291,P0145,C00734,4,2026-01-07,Works as expected
REV04292,P0195,C04242,3,2025-06-18,Decent for the price
REV04293,P0121,C03734,4,2025-08-22,Good product
REV04294,P0172,C01236,5,2025-06-05,Really impressed
REV04295,P0109,C01539,5,2025-04-29,Really impressed
REV04296,P0161,C00461,4,2025-10-29,Good product
REV04297,P0012,C04046,5,2025-08-22,Great quality and value
REV04298,P0173,C02692,3,2025-10-05,Okay product
REV04299,P0082,C03686,3,2025-07-24,Okay product
REV04300,P0046,C03645,3,2025-05-28,Okay product
REV04301,P0150,C04588,5,2025-05-29,Great quality and value
REV04302,P0139,C03337,4,2025-11-17,Good product
REV04303,P0149,C04441,4,2025-07-15,Good product
REV04304,P0144,C02495,5,2025-10-27,Great quality and value
REV04305,P0053,C03905,5,2025-04-01,Great quality and value
REV04306,P0097,C00680,5,2025-06-22,Really impressed
REV04307,P0147,C01956,3,2025-07-23,Okay product
REV04308,P0176,C02218,5,2025-12-01,Great quality and value
REV04309,P0048,C00477,3,2025-04-02,Average experience
REV04310,P0165,C01852,4,2025-02-14,Good product
REV04311,P0048,C01393,5,2025-12-04,Excellent product
REV04312,P0068,C04748,5,2025-05-01,Excellent product
REV04313,P0192,C00930,4,2025-09-20,Happy with the purchase
REV04314,P0024,C00140,5,2025-11-21,Great quality and value
REV04315,P0048,C00412,5,2025-03-07,Really impressed
REV04316,P0007,C04981,4,2026-01-02,Happy with the purchase
REV04317,P0042,C03166,5,2025-12-06,Really impressed
REV04318,P0016,C03612,4,2025-12-25,Works as expected
REV04319,P0183,C03107,4,2025-07-16,Happy with the purchase
REV04320,P0170,C02339,2,2025-09-18,Not fully satisfied
REV04321,P0183,C00384,3,2025-12-03,Decent for the price
REV04322,P0100,C04309,5,2026-01-27,Really impressed
REV04323,P0192,C02374,1,2025-11-21,Poor quality
REV04324,P0111,C04159,2,2025-02-02,Not fully satisfied
REV04325,P0029,C02678,5,2025-09-16,Really impressed
REV04326,P0097,C02468,2,2025-09-08,Could be better
REV04327,P0001,C00031,4,2025-08-24,Happy with the purchase
REV04328,P0018,C00193,5,2025-07-14,Excellent product
REV04329,P0118,C04760,4,2025-09-28,Happy with the purchase
REV04330,P0120,C04879,5,2025-10-14,Excellent product
REV04331,P0089,C01102,4,2025-11-21,Happy with the purchase
REV04332,P0159,C00758,2,2025-11-25,Not fully satisfied
REV04333,P0135,C01715,4,2025-03-10,Works as expected
REV04334,P0026,C03669,4,2025-05-20,Works as expected
REV04335,P0005,C02850,4,2025-06-28,Happy with the purchase
REV04336,P0104,C00585,5,2026-02-06,Great quality and value
REV04337,P0047,C03440,3,2025-12-02,Average experience
REV04338,P0014,C01496,4,2025-05-08,Happy with the purchase
REV04339,P0133,C03459,5,2025-06-06,Really impressed
REV04340,P0043,C03161,5,2025-12-08,Excellent product
REV04341,P0111,C04142,5,2025-11-09,Great quality and value
REV04342,P0132,C03972,5,2025-02-13,Excellent product
REV04343,P0022,C00937,4,2025-08-11,Works as expected
REV04344,P0190,C01252,5,2026-01-19,Really impressed
REV04345,P0023,C02380,4,2025-07-16,Happy with the purchase
REV04346,P0015,C04399,4,2025-08-29,Good product
REV04347,P0111,C01868,5,2025-10-04,Really impressed
REV04348,P0037,C01067,5,2025-05-15,Great quality and value
REV04349,P0041,C03832,4,2025-04-19,Works as expected
REV04350,P0062,C01779,5,2025-08-16,Really impressed
REV04351,P0072,C00253,3,2025-03-16,Decent for the price
REV04352,P0183,C04741,4,2025-05-26,Happy with the purchase
REV04353,P0027,C01159,4,2025-12-13,Good product
REV04354,P0021,C03305,5,2025-02-16,Excellent product
REV04355,P0091,C02612,4,2025-08-14,Good product
REV04356,P0077,C00554,4,2025-09-24,Works as expected
REV04357,P0115,C01710,5,2025-02-14,Excellent product
REV04358,P0109,C00460,4,2025-04-16,Happy with the purchase
REV04359,P0059,C02468,5,2025-02-03,Excellent product
REV04360,P0048,C02006,5,2025-08-25,
REV04361,P0172,C00245,4,2025-10-31,Good product
REV04362,P0086,C03142,4,2025-01-22,Good product
REV04363,P0065,C01985,4,2025-02-27,Works as expected
REV04364,P0062,C03928,5,2025-05-22,Great quality and value
REV04365,P0098,C00933,4,2025-09-10,Good product
REV04366,P0197,C03633,1,2025-04-01,Poor quality
REV04367,P0170,C00359,4,2025-12-17,Happy with the purchase
REV04368,P0180,C00356,4,2025-04-21,Happy with the purchase
REV04369,P0162,C01830,4,2025-07-05,Works as expected
REV04370,P0123,C03486,2,2025-11-09,Could be better
REV04371,P0140,C04268,4,2025-10-05,Good product
REV04372,P0001,C03183,2,2025-12-15,Could be better
REV04373,P0145,C03202,2,2025-10-04,Not fully satisfied
REV04374,P0076,C03016,3,2025-10-07,
REV04375,P0010,C01400,5,2025-01-23,Great quality and value
REV04376,P0131,C02831,5,2025-10-29,Excellent product
REV04377,P0130,C01329,5,2025-11-06,Great quality and value
REV04378,P0184,C01410,5,2025-10-13,Really impressed
REV04379,P0064,C02354,3,2025-11-21,Okay product
REV04380,P0167,C03926,5,2025-07-09,Great quality and value
REV04381,P0043,C03503,3,2026-01-25,Average experience
REV04382,P0192,C03438,4,2025-11-25,Happy with the purchase
REV04383,P0047,C01690,5,2025-08-03,Great quality and value
REV04384,P0071,C01746,5,2025-04-29,Excellent product
REV04385,P0117,C03860,3,2025-05-09,Decent for the price
REV04386,P0053,C02836,4,2025-04-10,Happy with the purchase
REV04387,P0017,C00687,4,2025-05-21,Happy with the purchase
REV04388,P0018,C03200,4,2026-01-07,Works as expected
REV04389,P0013,C01313,1,2025-05-27,Not worth the price
REV04390,P0187,C04054,4,2025-10-22,Good product
REV04391,P0088,C01139,4,2025-08-20,Good product
REV04392,P0102,C00879,4,2025-04-05,Works as expected
REV04393,P0153,C00387,5,2025-11-20,Great quality and value
REV04394,P0183,C02329,4,2025-10-11,Happy with the purchase
REV04395,P0074,C03033,4,2025-07-12,Happy with the purchase
REV04396,P0039,C04755,2,2025-10-20,Could be better
REV04397,P0018,C01471,5,2025-04-16,Great quality and value
REV04398,P0126,C01475,4,2025-04-07,Good product
REV04399,P0067,C01380,3,2025-12-02,Decent for the price
REV04400,P0015,C03661,3,2025-09-18,Okay product
REV04401,P0037,C04026,4,2025-09-11,Works as expected
REV04402,P0110,C01759,3,2025-05-15,Okay product
REV04403,P0167,C01864,1,2025-11-01,Poor quality
REV04404,P0059,C00225,3,2025-11-07,Average experience
REV04405,P0012,C04752,4,2025-01-11,Happy with the purchase
REV04406,P0058,C03902,4,2025-11-13,Happy with the purchase
REV04407,P0141,C00461,4,2025-07-26,Good product
REV04408,P0019,C04394,4,2025-09-14,Works as expected
REV04409,P0181,C01403,4,2025-07-07,Happy with the purchase
REV04410,P0172,C01228,4,2025-02-20,Works as expected
REV04411,P0164,C02316,4,2025-05-27,Happy with the purchase
REV04412,P0143,C03850,5,2025-08-14,Really impressed
REV04413,P0024,C02397,4,2025-07-30,Happy with the purchase
REV04414,P0110,C03084,4,2025-11-25,Good product
REV04415,P0080,C00582,4,2025-10-23,Happy with the purchase
REV04416,P0044,C00561,4,2025-05-26,Works as expected
REV04417,P0114,C03839,4,2025-07-12,Happy with the purchase
REV04418,P0023,C01351,1,2025-12-05,Poor quality
REV04419,P0177,C00324,5,2025-04-16,Great quality and value
REV04420,P0198,C02219,4,2025-05-21,Happy with the purchase
REV04421,P0043,C02048,5,2025-12-09,Great quality and value
REV04422,P0102,C02586,5,2025-08-21,Excellent product
REV04423,P0001,C02179,4,2026-01-28,Good product
REV04424,P0171,C00810,4,2025-12-25,Happy with the purchase
REV04425,P0032,C01466,2,2025-08-31,Could be better
REV04426,P0174,C02014,5,2025-02-04,Really impressed
REV04427,P0158,C04924,4,2025-02-27,Good product
REV04428,P0197,C02366,5,2025-03-26,Excellent product
REV04429,P0137,C00076,5,2025-03-03,Excellent product
REV04430,P0130,C03335,1,2025-11-29,Not worth the price
REV04431,P0176,C00659,4,2025-01-29,Works as expected
REV04432,P0137,C04585,3,2025-06-11,Average experience
REV04433,P0082,C03411,5,2025-02-12,Really impressed
REV04434,P0046,C00999,3,2025-09-25,Average experience
REV04435,P0127,C01949,4,2025-12-21,Works as expected
REV04436,P0071,C02433,5,2025-06-30,Excellent product
REV04437,P0189,C03222,3,2025-09-28,Okay product
REV04438,P0170,C01835,5,2025-04-08,Excellent product
REV04439,P0187,C02343,3,2025-08-13,Decent for the price
REV04440,P0087,C01600,3,2025-04-13,Okay product
REV04441,P0093,C03618,2,2025-09-24,Could be better
REV04442,P0028,C02138,4,2025-06-14,Good product
REV04443,P0128,C00320,5,2025-09-27,Really impressed
REV04444,P0011,C04062,3,2025-02-14,Decent for the price
REV04445,P0167,C04709,5,2025-01-16,Really impressed
REV04446,P0057,C01622,5,2025-07-16,Great quality and value
REV04447,P0011,C01834,5,2025-01-26,Really impressed
REV04448,P0135,C04961,4,2025-05-13,Happy with the purchase
REV04449,P0190,C00477,4,2025-08-06,Good product
REV04450,P0194,C01879,4,2025-05-06,Works as expected
REV04451,P0060,C01363,3,2025-10-12,
REV04452,P0069,C04232,3,2025-08-18,Decent for the price
REV04453,P0112,C00282,5,2025-08-29,Really impressed
REV04454,P0039,C03612,5,2025-02-03,Excellent product
REV04455,P0006,C02428,4,2025-03-15,Good product
REV04456,P0185,C00052,4,2026-01-17,Works as expected
REV04457,P0027,C04360,1,2025-11-19,Not worth the price
REV04458,P0157,C01227,4,2025-06-15,Happy with the purchase
REV04459,P0024,C01486,3,2025-07-06,Decent for the price
REV04460,P0182,C00144,5,2025-09-20,Excellent product
REV04461,P0035,C04217,5,2025-07-15,Really impressed
REV04462,P0188,C01581,4,2025-10-22,Works as expected
REV04463,P0017,C03814,4,2025-11-29,Works as expected
REV04464,P0062,C02944,4,2026-01-20,Good product
REV04465,P0134,C01125,4,2025-05-06,Good product
REV04466,P0062,C01370,1,2025-02-08,Very disappointing
REV04467,P0117,C04537,4,2025-08-18,Happy with the purchase
REV04468,P0017,C02768,1,2025-06-22,Poor quality
REV04469,P0010,C04816,3,2025-01-07,Decent for the price
REV04470,P0023,C03980,4,2025-02-20,Happy with the purchase
REV04471,P0179,C00692,4,2025-02-22,Happy with the purchase
REV04472,P0117,C04052,5,2025-02-15,Great quality and value
REV04473,P0152,C00499,5,2025-09-12,Excellent product
REV04474,P0081,C01857,5,2025-12-27,Really impressed
REV04475,P0036,C00105,5,2025-11-14,Excellent product
REV04476,P0075,C02753,4,2025-03-15,Happy with the purchase
REV04477,P0094,C04113,4,2025-04-15,
REV04478,P0034,C02588,2,2025-09-09,Could be better
REV04479,P0088,C04882,4,2025-10-01,Good product
REV04480,P0122,C02305,5,2025-10-01,Excellent product
REV04481,P0196,C02347,2,2025-09-11,Average quality
REV04482,P0018,C01478,4,2025-10-29,Good product
REV04483,P0157,C02596,4,2025-07-31,Happy with the purchase
REV04484,P0152,C00862,2,2025-06-30,Could be better
REV04485,P0113,C03075,5,2025-06-01,Excellent product
REV04486,P0125,C00789,5,2025-04-12,Excellent product
REV04487,P0136,C04768,5,2025-05-04,Excellent product
REV04488,P0037,C03427,3,2025-11-01,Decent for the price
REV04489,P0196,C02458,5,2025-11-02,Excellent product
REV04490,P0079,C02088,4,2025-08-03,Good product
REV04491,P0073,C03036,3,2025-04-01,Average experience
REV04492,P0061,C01852,5,2025-01-16,Really impressed
REV04493,P0127,C04933,5,2025-08-19,Great quality and value
REV04494,P0033,C01687,2,2025-09-20,Could be better
REV04495,P0030,C04025,3,2025-06-01,Decent for the price
REV04496,P0061,C01662,4,2025-07-21,Good product
REV04497,P0112,C01152,3,2025-05-09,Average experience
REV04498,P0104,C00646,1,2025-08-20,Not worth the price
REV04499,P0133,C03473,5,2025-08-07,Really impressed
REV04500,P0096,C04846,5,2025-11-13,Excellent product
REV04501,P0032,C01948,4,2025-11-29,Works as expected
REV04502,P0063,C04627,5,2025-12-28,Really impressed
REV04503,P0199,C04992,2,2025-03-17,Average quality
REV04504,P0008,C00747,2,2025-01-26,Not fully satisfied
REV04505,P0091,C01176,4,2025-05-06,Happy with the purchase
REV04506,P0064,C04742,4,2025-12-06,Works as expected
REV04507,P0162,C04523,5,2025-07-10,Excellent product
REV04508,P0141,C02349,1,2025-09-04,Very disappointing
REV04509,P0044,C01346,3,2025-06-23,
REV04510,P0135,C03107,4,2025-09-08,Works as expected
REV04511,P0100,C01058,4,2025-04-14,Works as expected
REV04512,P0034,C03364,5,2025-07-09,Great quality and value
REV04513,P0124,C01017,4,2025-05-01,Good product
REV04514,P0105,C02239,4,2025-12-12,
REV04515,P0136,C00241,5,2025-07-16,Excellent product
REV04516,P0150,C03827,4,2026-01-31,Works as expected
REV04517,P0071,C03685,3,2025-03-14,Average experience
REV04518,P0106,C00852,3,2025-11-27,Average experience
REV04519,P0098,C02657,5,2025-05-31,Excellent product
REV04520,P0113,C02406,4,2025-04-08,Happy with the purchase
REV04521,P0150,C02268,4,2025-02-17,Good product
REV04522,P0029,C04381,5,2025-08-11,Great quality and value
REV04523,P0058,C00944,5,2025-07-08,Excellent product
REV04524,P0021,C02107,5,2025-06-27,Great quality and value
REV04525,P0095,C02219,4,2025-07-30,Works as expected
REV04526,P0026,C01404,3,2025-05-03,Average experience
REV04527,P0175,C04915,4,2025-12-01,Happy with the purchase
REV04528,P0099,C02851,4,2025-12-16,Good product
REV04529,P0200,C01530,4,2025-08-12,Happy with the purchase
REV04530,P0041,C01229,5,2025-07-13,Excellent product
REV04531,P0007,C02842,4,2025-06-25,Good product
REV04532,P0141,C02345,4,2025-08-15,Happy with the purchase
REV04533,P0115,C03492,4,2025-09-18,Good product
REV04534,P0118,C02861,2,2025-11-29,Average quality
REV04535,P0003,C03582,4,2025-12-13,Works as expected
REV04536,P0019,C00048,3,2025-06-30,Okay product
REV04537,P0051,C02714,3,2025-12-16,Average experience
REV04538,P0186,C01262,4,2025-04-08,Good product
REV04539,P0168,C03363,4,2026-01-04,Works as expected
REV04540,P0014,C02286,2,2025-11-07,Average quality
REV04541,P0002,C02678,4,2025-05-06,Works as expected
REV04542,P0137,C02170,3,2025-07-12,Average experience
REV04543,P0174,C03807,4,2025-12-11,Good product
REV04544,P0167,C04716,4,2025-08-04,Works as expected
REV04545,P0026,C00616,5,2025-04-29,Excellent product
REV04546,P0075,C04480,4,2025-12-05,Good product
REV04547,P0090,C01440,4,2025-08-28,Good product
REV04548,P0162,C01281,4,2025-02-02,Works as expected
REV04549,P0016,C02018,5,2025-03-22,Excellent product
REV04550,P0141,C03479,3,2025-05-25,Okay product
REV04551,P0186,C02516,4,2025-11-22,Works as expected
REV04552,P0016,C00776,4,2025-04-13,Happy with the purchase
REV04553,P0019,C01700,5,2025-08-27,Really impressed
REV04554,P0195,C04993,5,2025-12-23,Great quality and value
REV04555,P0086,C02752,4,2025-07-01,Good product
REV04556,P0119,C03944,1,2025-12-25,Very disappointing
REV04557,P0014,C04350,1,2025-11-11,Poor quality
REV04558,P0155,C00706,3,2025-03-29,Average experience
REV04559,P0032,C03818,4,2025-02-27,Happy with the purchase
REV04560,P0145,C04920,5,2025-07-26,Excellent product
REV04561,P0061,C03848,4,2025-04-16,Happy with the purchase
REV04562,P0072,C00570,2,2025-12-05,Average quality
REV04563,P0109,C03995,5,2025-08-01,Excellent product
REV04564,P0045,C04151,3,2026-01-08,Okay product
REV04565,P0011,C04275,1,2025-04-18,Poor quality
REV04566,P0191,C01327,5,2025-02-24,Great quality and value
REV04567,P0071,C03370,3,2025-11-29,Okay product
REV04568,P0138,C04507,5,2025-01-07,Really impressed
REV04569,P0053,C02036,4,2025-06-01,Works as expected
REV04570,P0016,C01038,3,2025-03-01,Okay product
REV04571,P0103,C03620,5,2025-04-11,Great quality and value
REV04572,P0184,C00139,5,2025-08-02,Excellent product
REV04573,P0107,C04151,4,2025-12-06,Good product
REV04574,P0103,C03823,1,2025-11-25,Poor quality
REV04575,P0194,C00217,5,2025-02-04,Excellent product
REV04576,P0045,C04295,5,2025-11-18,Really impressed
REV04577,P0175,C01034,4,2025-01-25,Works as expected
REV04578,P0148,C00620,4,2025-09-29,Happy with the purchase
REV04579,P0163,C04549,4,2025-03-19,Works as expected
REV04580,P0105,C00964,4,2025-07-18,Happy with the purchase
REV04581,P0182,C04615,5,2025-09-20,Great quality and value
REV04582,P0136,C01105,5,2025-06-08,Really impressed
REV04583,P0076,C03963,4,2025-06-13,Works as expected
REV04584,P0059,C00616,4,2025-08-23,Good product
REV04585,P0100,C00582,2,2025-03-13,Could be better
REV04586,P0200,C04428,4,2025-12-11,Happy with the purchase
REV04587,P0089,C04674,5,2025-08-05,Excellent product
REV04588,P0070,C00156,2,2026-01-01,Not fully satisfied
REV04589,P0118,C02418,4,2025-07-18,Works as expected
REV04590,P0002,C04865,5,2025-09-21,Excellent product
REV04591,P0153,C02408,5,2025-03-24,Great quality and value
REV04592,P0076,C04908,5,2025-06-25,Great quality and value
REV04593,P0189,C02668,1,2025-09-07,Not worth the price
REV04594,P0057,C00240,4,2025-11-28,Good product
REV04595,P0137,C03119,4,2025-04-23,Works as expected
REV04596,P0158,C00257,4,2025-03-15,Works as expected
REV04597,P0046,C02689,5,2025-08-28,Excellent product
REV04598,P0171,C00539,1,2025-02-27,Poor quality
REV04599,P0056,C03592,6,2025-08-27,Good product
REV04600,P0159,C03409,5,2025-03-09,Excellent product
REV04601,P0101,C03620,3,2025-05-29,Decent for the price
REV04602,P0155,C01684,5,2025-04-16,Excellent product
REV04603,P0021,C04765,4,2025-10-10,Works as expected
REV04604,P0030,C00950,4,2025-10-21,Good product
REV04605,P0025,C01160,5,2025-05-02,Excellent product
REV04606,P0141,C04899,4,2025-04-17,Happy with the purchase
REV04607,P0050,C03310,4,2025-07-24,Works as expected
REV04608,P0178,C04049,3,2025-06-02,Decent for the price
REV04609,P0166,C02271,5,2025-06-06,Excellent product
REV04610,P0031,C04028,4,2025-01-28,Happy with the purchase
REV04611,P0021,C02235,5,2025-07-24,Excellent product
REV04612,P0139,C04736,1,2025-03-21,Poor quality
REV04613,P0025,C02107,3,2025-05-06,Average experience
REV04614,P0124,C02271,3,2025-03-10,Average experience
REV04615,P0042,C03807,5,2025-09-14,Really impressed
REV04616,P0153,C02104,3,2025-08-28,Average experience
REV04617,P0199,C00073,3,2026-01-14,Average experience
REV04618,P0027,C03933,5,2025-07-20,Really impressed
REV04619,P0111,C03427,4,2025-05-16,Happy with the purchase
REV04620,P0017,C01625,4,2025-10-29,Works as expected
REV04621,P0028,C02819,3,2025-04-08,Average experience
REV04622,P0049,C00405,4,2025-07-23,Good product
REV04623,P0064,C00115,5,2025-06-07,Excellent product
REV04624,P0093,C03760,3,2025-01-20,Decent for the price
REV04625,P0003,C03253,2,2025-02-24,
REV04626,P0066,C03078,2,2025-10-05,Average quality
REV04627,P0095,C02044,4,2025-05-22,Happy with the purchase
REV04628,P0155,C03116,4,2025-12-22,Good product
REV04629,P0130,C03628,5,2025-12-15,Excellent product
REV04630,P0065,C00467,5,2025-02-14,Excellent product
REV04631,P0183,C01220,1,2025-05-16,Poor quality
REV04632,P0121,C03957,2,2026-01-03,Average quality
REV04633,P0120,C01982,4,2025-06-14,Works as expected
REV04634,P0196,C02116,1,2026-01-12,Very disappointing
REV04635,P0157,C00845,4,2025-11-09,Good product
REV04636,P0017,C03533,4,2025-04-06,Works as expected
REV04637,P0103,C01579,5,2025-12-03,Great quality and value
REV04638,P0128,C04198,3,2025-05-24,Average experience
REV04639,P0119,C01247,5,2025-12-29,Excellent product
REV04640,P0168,C00893,3,2025-03-12,Decent for the price
REV04641,P0033,C04263,1,2025-11-10,Not worth the price
REV04642,P0176,C04010,2,2025-12-14,Average quality
REV04643,P0043,C04416,4,2025-07-18,Works as expected
REV04644,P0137,C04453,5,2025-02-16,Great quality and value
REV04645,P0178,C02281,4,2025-03-01,Happy with the purchase
REV04646,P0055,C01866,4,2025-08-08,Good product
REV04647,P0077,C01907,2,2025-09-16,Could be better
REV04648,P0123,C02628,5,2025-12-01,Great quality and value
REV04649,P0047,C02934,5,2025-07-08,Great quality and value
REV04650,P0160,C03314,5,2025-08-27,Great quality and value
REV04651,P0114,C00264,4,2025-04-05,Works as expected
REV04652,P0147,C02348,5,2026-01-15,Excellent product
REV04653,P0068,C01035,4,2026-02-07,Happy with the purchase
REV04654,P0141,C00976,5,2025-04-23,Really impressed
REV04655,P0100,C02114,5,2025-11-17,Excellent product
REV04656,P0021,C01430,3,2025-09-25,Okay product
REV04657,P0188,C02783,2,2026-01-01,Could be better
REV04658,P0183,C00653,4,2025-09-22,Good product
REV04659,P0191,C02168,5,2026-01-02,Great quality and value
REV04660,P0047,C00467,2,2025-05-16,Could be better
REV04661,P0099,C00638,5,2025-05-08,Great quality and value
REV04662,P0183,C03580,5,2025-08-29,Great quality and value
REV04663,P0092,C00154,4,2025-02-01,Good product
REV04664,P0012,C02491,4,2025-12-04,Works as expected
REV04665,P0178,C04420,4,2025-03-06,Works as expected
REV04666,P0024,C04602,4,2025-06-09,Happy with the purchase
REV04667,P0159,C01239,2,2025-12-08,Not fully satisfied
REV04668,P0125,C03120,3,2025-07-30,Decent for the price
REV04669,P0184,C03877,3,2025-08-20,Okay product
REV04670,P0136,C01941,4,2025-12-13,Happy with the purchase
REV04671,P0183,C02570,5,2025-02-10,Great quality and value
REV04672,P0167,C04399,4,2025-11-12,Good product
REV04673,P0102,C00815,3,2025-03-27,Average experience
REV04674,P0124,C00080,5,2025-06-23,Really impressed
REV04675,P0029,C00439,4,2025-07-29,Happy with the purchase
REV04676,P0014,C04171,3,2025-12-21,Decent for the price
REV04677,P0092,C01010,4,2025-03-08,Works as expected
REV04678,P0055,C01767,5,2025-01-14,Great quality and value
REV04679,P0001,C01241,4,2025-08-27,Good product
REV04680,P0165,C03871,4,2025-12-30,Works as expected
REV04681,P0140,C00397,5,2025-07-06,Really impressed
REV04682,P0072,C01312,2,2025-02-14,Not fully satisfied
REV04683,P0145,C00124,4,2025-11-28,Works as expected
REV04684,P0118,C03645,3,2025-04-01,
REV04685,P0056,C02091,4,2025-06-20,Good product
REV04686,P0038,C02112,4,2025-06-07,Good product
REV04687,P0082,C04165,4,2025-07-27,Works as expected
REV04688,P0048,C03292,5,2025-11-22,Excellent product
REV04689,P0156,C02116,2,2025-01-11,Average quality
REV04690,P0148,C04261,4,2025-03-28,Good product
REV04691,P0166,C02980,4,2025-01-31,Works as expected
REV04692,P0196,C02903,1,2025-12-01,Poor quality
REV04693,P0074,C03204,4,2025-10-30,Good product
REV04694,P0199,C00588,5,2025-03-19,Great quality and value
REV04695,P0143,C00834,4,2025-09-06,Happy with the purchase
REV04696,P0043,C01974,4,2025-11-25,
REV04697,P0149,C02687,4,2025-12-14,Happy with the purchase
REV04698,P0011,C02451,3,2025-03-06,Decent for the price
REV04699,P0114,C02056,5,2025-07-11,Really impressed
REV04700,P0085,C00538,1,2025-10-11,Not worth the price
REV04701,P0174,C04116,3,2025-09-05,Average experience
REV04702,P0168,C04218,5,2025-09-08,Great quality and value
REV04703,P0098,C03280,2,2025-07-24,Not fully satisfied
REV04704,P0193,C04437,4,2025-03-09,Works as expected
REV04705,P0159,C00958,3,2025-05-28,Decent for the price
REV04706,P0018,C04347,5,2025-10-22,Great quality and value
REV04707,P0162,C04534,3,2025-12-18,Decent for the price
REV04708,P0027,C03670,5,2025-03-05,Really impressed
REV04709,P0091,C01821,5,2025-10-16,Great quality and value
REV04710,P0022,C01867,4,2025-09-13,Good product
REV04711,P0154,C03779,1,2025-11-03,Poor quality
REV04712,P0186,C00331,4,2026-01-02,Good product
REV04713,P0200,C03290,4,2025-03-28,Works as expected
REV04714,P0146,C00868,4,2025-08-14,Happy with the purchase
REV04715,P0189,C04892,4,2025-02-12,Happy with the purchase
REV04716,P0036,C04257,1,2025-10-09,Poor quality
REV04717,P0190,C01272,5,2025-11-17,Great quality and value
REV04718,P0107,C02636,3,2025-06-19,Decent for the price
REV04719,P0097,C00911,5,2025-05-16,Really impressed
REV04720,P0059,C03714,4,2025-10-07,Good product
REV04721,P0117,C00750,4,2025-06-22,Happy with the purchase
REV04722,P0124,C00143,3,2025-03-07,Okay product
REV04723,P0094,C00618,3,2025-06-20,Okay product
REV04724,P0145,C04310,4,2025-08-31,Happy with the purchase
REV04725,P0160,C03658,4,2026-01-15,Good product
REV04726,P0005,C04492,5,2025-03-16,Excellent product
REV04727,P0166,C04883,4,2025-07-18,Works as expected
REV04728,P0077,C02286,4,2025-09-18,Works as expected
REV04729,P0025,C01831,5,2025-02-09,Great quality and value
REV04730,P0077,C00039,5,2025-05-05,Excellent product
REV04731,P0198,C02886,4,2025-08-05,Works as expected
REV04732,P0105,C04679,2,2025-05-20,Not fully satisfied
REV04733,P0122,C01897,4,2026-01-14,Happy with the purchase
REV04734,P0175,C02126,3,2025-11-25,Decent for the price
REV04735,P0107,C02159,5,2025-12-30,Really impressed
REV04736,P0190,C02430,4,2025-09-01,Good product
REV04737,P0177,C02612,4,2025-07-18,Happy with the purchase
REV04738,P0130,C00020,3,2025-06-30,Average experience
REV04739,P0125,C02670,4,2025-04-03,Works as expected
REV04740,P0168,C03900,3,2025-03-27,Average experience
REV04741,P0094,C01711,4,2025-11-26,Happy with the purchase
REV04742,P0071,C04226,5,2025-05-19,Really impressed
REV04743,P0088,C04618,4,2025-05-18,Works as expected
REV04744,P0186,C04311,5,2025-03-23,Really impressed
REV04745,P0027,C04583,5,2025-04-23,Really impressed
REV04746,P0181,C02398,3,2025-10-18,Decent for the price
REV04747,P0032,C04176,4,2026-01-18,Works as expected
REV04748,P0077,C01987,4,2025-05-24,Happy with the purchase
REV04749,P0073,C02248,3,2025-11-09,Okay product
REV04750,P0017,C00173,5,2025-12-12,
REV04751,P0007,C03340,3,2026-01-03,Okay product
REV04752,P0016,C03114,5,2025-10-08,Great quality and value
REV04753,P0138,C01440,3,2025-06-09,Decent for the price
REV04754,P0097,C02735,4,2025-11-17,Good product
REV04755,P0171,C02746,4,2025-01-30,Good product
REV04756,P0053,C03570,5,2026-01-05,Great quality and value
REV04757,P0174,C04538,5,2025-08-17,Excellent product
REV04758,P0059,C04309,4,2025-03-07,Good product
REV04759,P0064,C03521,4,2025-06-26,Happy with the purchase
REV04760,P0058,C04509,3,2025-09-13,Average experience
REV04761,P0153,C00863,5,2025-07-30,Really impressed
REV04762,P0028,C03469,5,2025-11-10,Really impressed
REV04763,P0097,C03731,4,2025-04-15,Happy with the purchase
REV04764,P0181,C00903,4,2025-10-09,Works as expected
REV04765,P0050,C02485,3,2025-09-18,Average experience
REV04766,P0065,C03099,3,2025-05-09,Okay product
REV04767,P0087,C02092,2,2025-01-17,Could be better
REV04768,P0103,C03500,3,2025-02-18,Okay product
REV04769,P0003,C04007,5,2025-09-30,Great quality and value
REV04770,P0111,C00248,5,2025-07-13,Great quality and value
REV04771,P0099,C03952,5,2025-03-27,Excellent product
REV04772,P0105,C02055,3,2025-09-08,Okay product
REV04773,P0044,C04601,5,2025-08-25,Really impressed
REV04774,P0135,C01156,4,2025-11-28,Happy with the purchase
REV04775,P0124,C03701,5,2026-01-06,Excellent product
REV04776,P0076,C03129,4,2025-10-04,Works as expected
REV04777,P0164,C00144,5,2025-09-10,Excellent product
REV04778,P0070,C02101,5,2025-11-18,Really impressed
REV04779,P0192,C01622,5,2025-05-12,Great quality and value
REV04780,P0007,C02795,3,2025-03-22,Decent for the price
REV04781,P0118,C04324,4,2025-08-05,Good product
REV04782,P0101,C02273,1,2025-05-12,Very disappointing
REV04783,P0192,C01463,3,2025-09-26,Average experience
REV04784,P0163,C01524,4,2025-01-31,Works as expected
REV04785,P0030,C03798,5,2025-09-12,Great quality and value
REV04786,P0039,C01168,1,2025-09-10,Poor quality
REV04787,P0153,C00835,4,2026-01-15,Good product
REV04788,P0131,C01483,2,2025-12-15,Could be better
REV04789,P0086,C03470,1,2025-04-16,Poor quality
REV04790,P0015,C01343,4,2025-05-17,Good product
REV04791,P0001,C04466,3,2025-05-27,Decent for the price
REV04792,P0140,C00752,3,2026-01-06,Decent for the price
REV04793,P0031,C00214,5,2025-07-16,Really impressed
REV04794,P0097,C02012,5,2025-10-09,Great quality and value
REV04795,P0081,C03842,3,2025-05-21,Average experience
REV04796,P0154,C01047,4,2025-09-30,Happy with the purchase
REV04797,P0157,C02242,3,2025-05-15,Okay product
REV04798,P0125,C02987,5,2025-06-08,Really impressed
REV04799,P0030,C00258,4,2025-12-18,Happy with the purchase
REV04800,P0160,C01627,3,2025-04-29,Average experience
REV04801,P0135,C04183,5,2025-04-11,Excellent product
REV04802,P0142,C04288,4,2025-02-02,Happy with the purchase
REV04803,P0173,C01379,3,2025-07-08,Decent for the price
REV04804,P0179,C00060,3,2025-06-11,Decent for the price
REV04805,P0078,C03048,5,2025-05-29,Great quality and value
REV04806,P0127,C03519,5,2025-12-02,Excellent product
REV04807,P0040,C04970,4,2025-03-12,Good product
REV04808,P0109,C03696,4,2025-06-14,Happy with the purchase
REV04809,P0101,C00253,5,2025-12-03,Great quality and value
REV04810,P0065,C01841,5,2025-08-15,Great quality and value
REV04811,P0004,C01148,3,2025-10-01,Decent for the price
REV04812,P0088,C02319,2,2025-12-11,Average quality
REV04813,P0113,C02067,2,2025-01-27,Not fully satisfied
REV04814,P0049,C02045,4,2025-12-07,Happy with the purchase
REV04815,P0033,C03451,3,2025-05-11,Decent for the price
REV04816,P0176,C02578,4,2025-01-17,Good product
REV04817,P0137,C00736,5,2025-04-17,Great quality and value
REV04818,P0096,C03244,4,2025-03-02,Works as expected
REV04819,P0031,C03410,4,2025-07-23,Happy with the purchase
REV04820,P0199,C04724,5,2025-03-28,Great quality and value
REV04821,P0165,C03821,3,2025-06-16,Average experience
REV04822,P0015,C01361,4,2025-09-03,Happy with the purchase
REV04823,P0022,C01424,5,2025-02-18,Great quality and value
REV04824,P0133,C01173,4,2025-08-17,Works as expected
REV04825,P0108,C02449,3,2025-04-30,Okay product
REV04826,P0082,C03641,5,2025-12-12,Really impressed
REV04827,P0039,C03358,5,2025-11-09,Really impressed
REV04828,P0011,C03495,4,2025-10-04,Works as expected
REV04829,P0060,C01366,3,2025-06-04,Decent for the price
REV04830,P0065,C00194,2,2025-04-20,Could be better
REV04831,P0009,C02754,5,2025-12-28,Great quality and value
REV04832,P0193,C01623,4,2026-01-02,Happy with the purchase
REV04833,P0054,C00010,5,2025-02-06,Really impressed
REV04834,P0142,C04278,4,2025-08-22,Works as expected
REV04835,P0036,C00877,4,2025-09-13,Good product
REV04836,P0178,C01741,3,2025-02-20,Okay product
REV04837,P0045,C00306,4,2025-02-06,Good product
REV04838,P0152,C00519,2,2025-10-22,Average quality
REV04839,P0120,C03563,4,2025-03-01,Good product
REV04840,P0072,C02237,3,2025-06-15,Decent for the price
REV04841,P0091,C02229,3,2025-11-10,Decent for the price
REV04842,P0075,C02493,3,2025-10-21,Decent for the price
REV04843,P0057,C02309,5,2025-03-07,Great quality and value
REV04844,P0133,C03657,5,2025-05-23,Great quality and value
REV04845,P0062,C03442,3,2025-10-26,Decent for the price
REV04846,P0136,C00997,5,2025-12-03,Great quality and value
REV04847,P0150,C04568,4,2025-09-25,Good product
REV04848,P0196,C04422,3,2025-05-18,Decent for the price
REV04849,P0114,C00079,5,2025-02-10,Really impressed
REV04850,P0097,C02498,4,2025-10-02,Happy with the purchase
REV04851,P0122,C03662,2,2025-07-29,Could be better
REV04852,P0029,C04561,4,2025-02-13,Happy with the purchase
REV04853,P0002,C02807,5,2025-12-22,Great quality and value
REV04854,P0127,C02433,2,2025-02-01,Average quality
REV04855,P0110,C01690,5,2025-05-11,Great quality and value
REV04856,P0191,C01315,2,2025-02-03,Average quality
REV04857,P0176,C02945,2,2025-06-03,Average quality
REV04858,P0095,C03055,4,2025-12-11,Happy with the purchase
REV04859,P0067,C01970,4,2025-09-02,Good product
REV04860,P0150,C01455,5,2025-07-28,Excellent product
REV04861,P0067,C00853,4,2026-02-02,Works as expected
REV04862,P0074,C00280,3,2025-05-30,Average experience
REV04863,P0083,C01056,5,2025-03-09,Excellent product
REV04864,P0178,C00957,4,2025-02-11,Works as expected
REV04865,P0066,C03299,4,2025-09-26,Works as expected
REV04866,P0161,C04046,4,2026-01-21,Good product
REV04867,P0071,C02430,4,2025-03-09,Good product
REV04868,P0192,C00132,3,2025-06-07,Average experience
REV04869,P0032,C00138,,2025-11-04,Happy with the purchase
REV04870,P0067,C01842,2,2025-09-23,Not fully satisfied
REV04871,P0176,C01032,5,2025-01-17,Excellent product
REV04872,P0126,C00596,4,2025-08-16,Works as expected
REV04873,P0114,C02623,1,2025-07-03,Not worth the price
REV04874,P0056,C02046,5,2025-05-28,Excellent product
REV04875,P0041,C04510,3,2025-06-16,Okay product
REV04876,P0014,C01822,4,2025-03-25,Good product
REV04877,P0003,C03260,3,2025-05-03,Decent for the price
REV04878,P0182,C04301,5,2025-11-04,Excellent product
REV04879,P0168,C01302,3,2025-01-16,Decent for the price
REV04880,P0043,C01114,4,2025-05-12,Works as expected
REV04881,P0035,C02467,4,2025-08-29,Happy with the purchase
REV04882,P0190,C02282,4,2025-03-17,Good product
REV04883,P0168,C04752,5,2025-07-29,Great quality and value
REV04884,P0172,C04770,4,2025-07-01,Happy with the purchase
REV04885,P0127,C03128,2,2025-10-13,Average quality
REV04886,P0147,C01567,4,2025-08-09,Good product
REV04887,P0075,C00501,5,2025-05-26,Really impressed
REV04888,P0109,C04178,5,2025-01-25,Excellent product
REV04889,P0088,C02187,4,2025-08-13,Happy with the purchase
REV04890,P0125,C02361,5,2025-09-22,Really impressed
REV04891,P0058,C02199,1,2025-06-08,Poor quality
REV04892,P0019,C00344,4,2025-12-14,Works as expected
REV04893,P0075,C02762,4,2025-09-15,Happy with the purchase
REV04894,P0152,C03898,3,2025-06-25,Okay product
REV04895,P0150,C02378,3,2025-07-23,Okay product
REV04896,P0136,C02439,1,2025-02-03,Very disappointing
REV04897,P0128,C03083,5,2025-12-10,Great quality and value
REV04898,P0142,C03002,4,2025-03-16,Works as expected
REV04899,P0093,C03799,5,2025-10-02,Really impressed
REV04900,P0009,C02799,4,2025-08-21,Good product
REV04901,P0086,C03317,3,2025-08-10,Okay product
REV04902,P0064,C01134,4,2025-04-23,Good product
REV04903,P0064,C02203,4,2025-10-15,Happy with the purchase
REV04904,P0170,C00990,5,2025-08-04,Excellent product
REV04905,P0131,C00216,4,2025-02-14,Works as expected
REV04906,P0077,C02002,5,2025-01-25,Really impressed
REV04907,P0130,C00715,4,2025-09-28,Works as expected
REV04908,P0143,C01957,4,2025-02-06,Good product
REV04909,P0046,C03738,2,2025-02-26,Not fully satisfied
REV04910,P0025,C02716,3,2025-12-30,Average experience
REV04911,P0110,C03778,5,2025-05-06,Great quality and value
REV04912,P0147,C01664,4,2025-01-27,Works as expected
REV04913,P0072,C01190,5,2025-04-28,Excellent product
REV04914,P0199,C04635,3,2025-06-25,Okay product
REV04915,P0168,C04388,4,2025-04-02,Happy with the purchase
REV04916,P0157,C00069,3,2025-05-19,Decent for the price
REV04917,P0044,C04196,2,2025-04-11,Not fully satisfied
REV04918,P0067,C04400,3,2025-10-11,Average experience
REV04919,P0080,C04367,3,2025-08-23,Decent for the price
REV04920,P0117,C04054,3,2025-06-28,Average experience
REV04921,P0030,C01641,3,2025-12-24,Okay product
REV04922,P0199,C01577,1,2025-05-16,Poor quality
REV04923,P0066,C03910,3,2025-07-31,Okay product
REV04924,P0125,C01753,5,2026-01-18,Great quality and value
REV04925,P0006,C04228,4,2025-10-04,Works as expected
REV04926,P0090,C03296,2,2025-05-26,Average quality
REV04927,P0099,C02294,4,2025-11-26,
REV04928,P0047,C01545,5,2025-03-07,Excellent product
REV04929,P0062,C02482,4,2025-07-15,Happy with the purchase
REV04930,P0030,C04848,5,2025-12-01,Excellent product
REV04931,P0143,C00117,5,2025-08-15,Excellent product
REV04932,P0058,C03644,3,2026-01-12,Average experience
REV04933,P0126,C02141,4,2025-11-28,Good product
REV04934,P0153,C00787,4,2025-03-26,Happy with the purchase
REV04935,P0008,C03598,5,2025-11-14,Excellent product
REV04936,P0087,C02927,3,2025-06-24,Average experience
REV04937,P0167,C02944,4,2025-03-03,Happy with the purchase
REV04938,P0107,C03614,4,2025-06-08,Works as expected
REV04939,P0148,C00972,4,2025-04-02,Works as expected
REV04940,P0064,C00112,5,2025-08-22,Really impressed
REV04941,P0091,C03695,3,2025-11-04,Average experience
REV04942,P0165,C02275,4,2025-12-27,Good product
REV04943,P0190,C00337,5,2025-06-22,Excellent product
REV04944,P0053,C04062,3,2025-09-01,Okay product
REV04945,P0121,C00852,2,2025-08-21,Average quality
REV04946,P0060,C00373,5,2025-03-13,Really impressed
REV04947,P0059,C04216,5,2025-10-16,Great quality and value
REV04948,P0127,C02657,4,2025-05-20,Works as expected
REV04949,P0073,C03084,5,2026-01-02,Great quality and value
REV04950,P0107,C03198,5,2025-06-20,Great quality and value
REV04951,P0162,C01464,5,2026-01-31,Excellent product
REV04952,P0024,C02993,3,2025-09-12,Decent for the price
REV04953,P0116,C03050,3,2025-12-23,Decent for the price
REV04954,P0094,C02177,3,2025-11-27,Okay product
REV04955,P0039,C04064,5,2025-10-02,Excellent product
REV04956,P0009,C03086,4,2025-03-23,Works as expected
REV04957,P0156,C00926,4,2025-11-20,Happy with the purchase
REV04958,P0191,C04852,4,2025-08-15,Happy with the purchase
REV04959,P0108,C04662,4,2025-11-05,Works as expected
REV04960,P0053,C02257,5,2025-08-14,Great quality and value
REV04961,P0163,C00761,3,2025-03-19,Average experience
REV04962,P0013,C03170,5,2025-07-18,Really impressed
REV04963,P0065,C03203,4,2025-06-11,Good product
REV04964,P0098,C03977,5,2025-02-04,Excellent product
REV04965,P0076,C01068,4,2025-06-14,Good product
REV04966,P0106,C01057,5,2025-04-28,Great quality and value
REV04967,P0160,C01845,2,2025-01-20,Not fully satisfied
REV04968,P0112,C04089,4,2025-08-19,Works as expected
REV04969,P0019,C03872,2,2025-05-02,Average quality
REV04970,P0060,C01118,4,2025-11-28,Good product
REV04971,P0190,C01899,3,2025-11-09,Okay product
REV04972,P0171,C03157,4,2025-09-17,Good product
REV04973,P0083,C01663,2,2025-07-14,Not fully satisfied
REV04974,P0012,C01731,5,2025-04-13,Great quality and value
REV04975,P0022,C01707,5,2025-08-24,Great quality and value
REV04976,P0026,C03816,4,2025-12-14,Works as expected
REV04977,P0195,C04622,3,2026-01-20,Okay product
REV04978,P0073,C04272,5,2025-03-24,Really impressed
REV04979,P0157,C04114,4,2025-12-15,Good product
REV04980,P0062,C01794,4,2025-10-08,Good product
REV04981,P0198,C02368,5,2025-12-10,Excellent product
REV04982,P0011,C03402,3,2025-07-20,Decent for the price
REV04983,P0007,C00902,4,2025-04-08,Good product
REV04984,P0091,C04501,3,2025-02-15,Okay product
REV04985,P0150,C01890,4,2025-08-04,Works as expected
REV04986,P0097,C00130,2,2025-10-19,Not fully satisfied
REV04987,P0172,C01426,3,2025-05-23,Average experience
REV04988,P0109,C03296,4,2025-03-14,Good product
REV04989,P0084,C03017,4,2025-06-01,Happy with the purchase
REV04990,P0156,C01660,4,2025-05-23,Good product
REV04991,P0113,C02075,2,2025-10-21,Not fully satisfied
REV04992,P0060,C02814,2,2025-12-29,Not fully satisfied
REV04993,P0198,C02368,3,2025-07-13,Okay product
REV04994,P0155,C03283,5,2025-05-04,Really impressed
REV04995,P0125,C01617,5,2025-12-26,Great quality and value
REV04996,P0030,C00154,4,2025-08-07,Works as expected
REV04997,P0094,C00340,5,2025-09-08,Great quality and value
REV04998,P0156,C04070,5,2025-12-19,Really impressed
REV04999,P0161,C01352,4,2025-11-12,Happy with the purchase
REV05000,P0096,C01061,5,2025-01-30,Great quality and value
REV05001,P0139,C02314,3,2025-05-07,Okay product
REV05002,P0180,C01466,2,2025-08-21,Not fully satisfied
REV05003,P0048,C00674,2,2025-03-06,Not fully satisfied
REV05004,P0099,C04258,3,2025-10-29,Average experience
REV05005,P0037,C02780,4,2026-02-04,Works as expected
REV05006,P0034,C04259,5,2025-06-28,Excellent product
REV05007,P0176,C00580,4,2025-05-07,Works as expected
REV05008,P0179,C04087,4,2025-03-26,Works as expected
REV05009,P0160,C01712,5,2026-01-19,Great quality and value
REV05010,P0117,C01585,5,2025-08-01,Really impressed
REV05011,P0091,C04647,4,2025-03-21,Works as expected
REV05012,P0183,C04249,3,2026-02-09,Okay product
REV05013,P0035,C00501,4,2025-11-26,Works as expected
REV05014,P0116,C00747,3,2025-01-22,Okay product
REV05015,P0051,C03538,3,2025-12-11,Decent for the price
REV05016,P0003,C01270,5,2025-09-15,Excellent product
REV05017,P0122,C01133,2,2025-07-27,Could be better
REV05018,P0053,C03101,4,2025-11-27,Works as expected
REV05019,P0056,C02357,4,2025-10-27,Good product
REV05020,P0009,C00906,3,2025-10-27,Okay product
REV05021,P0007,C00845,1,2025-03-05,Poor quality
REV05022,P0033,C04724,5,2025-06-12,Great quality and value
REV05023,P0048,C04463,3,2026-02-05,Decent for the price
REV05024,P0081,C00711,1,2025-12-22,Not worth the price
REV05025,P0129,C04294,4,2025-03-31,Happy with the purchase
REV05026,P0195,C04953,5,2025-04-06,Great quality and value
REV05027,P0135,C02364,4,2025-12-08,Happy with the purchase
REV05028,P0023,C04705,5,2025-03-27,Excellent product
REV05029,P0021,C01169,5,2025-10-29,Really impressed
REV05030,P0061,C02805,4,2025-12-05,Works as expected
REV05031,P0053,C04842,4,2025-06-04,Good product
REV05032,P0146,C00201,3,2025-04-03,Okay product
REV05033,P0119,C03433,3,2025-09-14,Decent for the price
REV05034,P0148,C00046,5,2025-10-18,Great quality and value
REV05035,P0184,C02354,3,2025-10-30,Okay product
REV05036,P0099,C04084,4,2026-01-13,
REV05037,P0009,C03675,4,2025-11-04,Good product
REV05038,P0064,C02504,1,2025-08-10,Not worth the price
REV05039,P0186,C04221,4,2025-07-18,Good product
REV05040,P0095,C03111,2,2025-02-13,Average quality
REV05041,P0055,C00747,4,2026-01-05,Happy with the purchase
REV05042,P0188,C02134,4,2025-07-13,Happy with the purchase
REV05043,P0083,C01611,5,2025-04-27,Great quality and value
REV05044,P0118,C01558,4,2025-11-16,Good product
REV05045,P0051,C04692,3,2025-12-10,Decent for the price
REV05046,P0155,C01420,4,2025-01-12,Happy with the purchase
REV05047,P0163,C01031,3,2025-04-25,Okay product
REV05048,P0070,C04479,5,2025-09-02,Really impressed
REV05049,P0035,C02298,1,2025-09-30,Very disappointing
REV05050,P0152,C03558,3,2025-07-25,
REV05051,P0036,C01945,5,2025-09-20,Great quality and value
REV05052,P0116,C03907,3,2025-08-11,Average experience
REV05053,P0187,C03517,5,2025-05-23,Great quality and value
REV05054,P0097,C00594,4,2026-01-22,Works as expected
REV05055,P0021,C01189,5,2026-01-09,Excellent product
REV05056,P0041,C00882,4,2025-04-28,Happy with the purchase
REV05057,P0113,C02098,3,2025-07-20,Okay product
REV05058,P0148,C01621,4,2025-06-01,Good product
REV05059,P0052,C04930,3,2025-08-26,
REV05060,P0163,C01079,5,2025-04-25,Excellent product
REV05061,P0080,C00480,2,2025-11-28,Average quality
REV05062,P0141,C01612,5,2025-09-19,Really impressed
REV05063,P0150,C02263,4,2026-01-13,Happy with the purchase
REV05064,P0065,C03482,2,2025-04-02,Could be better
REV05065,P0180,C01381,5,2025-09-20,Great quality and value
REV05066,P0063,C04098,5,2025-11-19,Really impressed
REV05067,P0027,C04731,3,2025-09-02,Decent for the price
REV05068,P0113,C03083,5,2025-05-19,Excellent product
REV05069,P0075,C01933,4,2025-04-21,Happy with the purchase
REV05070,P0184,C03988,5,2025-11-04,Great quality and value
REV05071,P0133,C00148,4,2026-02-02,Works as expected
REV05072,P0056,C01661,5,2025-09-11,Really impressed
REV05073,P0186,C02057,1,2026-02-08,Very disappointing
REV05074,P0064,C03714,4,2025-08-21,Good product
REV05075,P0029,C04984,3,2025-10-11,Decent for the price
REV05076,P0037,C03438,4,2025-08-05,Good product
REV05077,P0118,C02045,3,2025-06-05,Average experience
REV05078,P0173,C02367,4,2025-03-21,Works as expected
REV05079,P0186,C02614,5,2025-08-31,Really impressed
REV05080,P0091,C02905,4,2025-11-14,Works as expected
REV05081,P0001,C02695,4,2025-10-06,Works as expected
REV05082,P0133,C02817,4,2025-08-12,Works as expected
REV05083,P0045,C00160,4,2025-06-24,Works as expected
REV05084,P0160,C01123,5,2025-01-17,Really impressed
REV05085,P0082,C01545,4,2025-05-14,Good product
REV05086,P0052,C03432,1,2026-01-28,Very disappointing
REV05087,P0138,C00359,1,2025-04-23,Not worth the price
REV05088,P0014,C01948,4,2025-10-13,Works as expected
REV05089,P0148,C00761,5,2025-10-30,Great quality and value
REV05090,P0194,C00122,2,2025-07-19,Average quality
REV05091,P0183,C02323,4,2025-03-25,Happy with the purchase
REV05092,P0111,C04535,5,2025-03-16,Really impressed
REV05093,P0143,C01225,4,2025-03-11,Good product
REV05094,P0127,C02047,5,2025-12-05,Great quality and value
REV05095,P0186,C01865,5,2025-08-11,Really impressed
REV05096,P0013,C03884,2,2025-12-11,Could be better
REV05097,P0122,C03606,2,2025-06-02,Could be better
REV05098,P0119,C03209,4,2025-02-13,Good product
REV05099,P0158,C04720,5,2025-03-25,Great quality and value
REV05100,P0001,C02275,2,2025-09-06,Average quality
REV05101,P0002,C02084,5,2025-08-06,Excellent product
REV05102,P0101,C00296,4,2025-09-12,Works as expected
REV05103,P0047,C01528,4,2025-07-09,Works as expected
REV05104,P0188,C02838,4,2025-02-04,Good product
REV05105,P0041,C04063,5,2025-11-01,Excellent product
REV05106,P0069,C00157,5,2025-05-14,Excellent product
REV05107,P0045,C01237,4,2025-09-30,Happy with the purchase
REV05108,P0043,C02398,3,2025-06-27,Decent for the price
REV05109,P0167,C01435,2,2025-08-21,Average quality
REV05110,P0042,C03298,4,2025-09-25,Happy with the purchase
REV05111,P0112,C00243,4,2025-09-01,Works as expected
REV05112,P0017,C04401,5,2025-09-02,Excellent product
REV05113,P0019,C04254,4,2025-05-17,Good product
REV05114,P0099,C03005,3,2025-03-05,Decent for the price
REV05115,P0083,C00794,2,2025-11-21,Average quality
REV05116,P0099,C04878,5,2025-10-08,Excellent product
REV05117,P0126,C03010,3,2025-10-05,Average experience
REV05118,P0022,C00316,4,2025-09-01,Good product
REV05119,P0096,C03072,2,2025-03-26,Average quality
REV05120,P0007,C00844,5,2025-10-06,Really impressed
REV05121,P0036,C04156,4,2025-08-09,Happy with the purchase
REV05122,P0168,C01796,4,2026-01-03,Happy with the purchase
REV05123,P0146,C00002,5,2025-11-26,Excellent product
REV05124,P0004,C03297,2,2025-11-03,Could be better
REV05125,P0103,C03944,5,2025-09-27,Really impressed
REV05126,P0019,C00154,5,2026-01-21,Excellent product
REV05127,P0081,C00623,2,2025-02-21,Could be better
REV05128,P0063,C04681,5,2025-06-29,Great quality and value
REV05129,P0031,C04530,4,2025-05-30,Happy with the purchase
REV05130,P0039,C02585,4,2025-07-04,Works as expected
REV05131,P0099,C04310,4,2025-12-28,Good product
REV05132,P0075,C00660,5,2025-12-14,Really impressed
REV05133,P0189,C01065,5,2025-08-27,Great quality and value
REV05134,P0053,C04873,3,2025-04-18,Decent for the price
REV05135,P0198,C03712,5,2025-05-05,Excellent product
REV05136,P0107,C03739,4,2025-06-10,Happy with the purchase
REV05137,P0095,C01414,4,2025-12-27,Good product
REV05138,P0189,C02855,4,2025-03-12,Works as expected
REV05139,P0159,C03479,4,2025-12-10,Happy with the purchase
REV05140,P0127,C02924,5,2025-07-08,Great quality and value
REV05141,P0067,C02395,4,2025-03-24,Happy with the purchase
REV05142,P0018,C04596,1,2025-10-30,Poor quality
REV05143,P0082,C02669,5,2025-09-19,Great quality and value
REV05144,P0152,C00135,4,2025-02-08,Good product
REV05145,P0119,C00734,2,2025-10-30,Not fully satisfied
REV05146,P0136,C04233,1,2025-11-24,Very disappointing
REV05147,P0146,C00908,5,2025-10-03,Excellent product
REV05148,P0163,C04588,4,2025-10-08,Good product
REV05149,P0055,C03291,4,2025-10-13,
REV05150,P0160,C01340,3,2025-10-17,Decent for the price
REV05151,P0139,C00692,3,2025-07-21,Okay product
REV05152,P0044,C00376,4,2025-02-07,Good product
REV05153,P0184,C02895,4,2026-01-15,Happy with the purchase
REV05154,P0099,C02942,4,2025-10-26,Good product
REV05155,P0048,C00591,3,2025-06-09,Average experience
REV05156,P0082,C02458,4,2025-08-20,Good product
REV05157,P0014,C04504,2,2025-03-29,Not fully satisfied
REV05158,P0191,C00203,4,2025-05-09,Good product
REV05159,P0142,C02038,2,2025-09-27,Not fully satisfied
REV05160,P0190,C04876,5,2025-06-02,Excellent product
REV05161,P0199,C02748,4,2025-12-30,Happy with the purchase
REV05162,P0156,C02632,4,2025-11-04,Good product
REV05163,P0096,C00532,4,2025-03-12,Happy with the purchase
REV05164,P0108,C04524,4,2025-09-03,Good product
REV05165,P0104,C03115,4,2026-01-24,Good product
REV05166,P0161,C00482,5,2025-09-12,Great quality and value
REV05167,P0102,C01640,5,2025-01-31,Excellent product
REV05168,P0015,C03267,4,2025-03-24,Good product
REV05169,P0020,C04503,3,2025-11-02,Okay product
REV05170,P0056,C03490,4,2025-01-10,Happy with the purchase
REV05171,P0111,C03799,1,2025-02-12,
REV05172,P0081,C02187,5,2025-02-22,Great quality and value
REV05173,P0104,C04724,4,2025-09-29,Works as expected
REV05174,P0052,C03252,4,2025-09-26,Good product
REV05175,P0047,C02958,2,2025-08-14,Not fully satisfied
REV05176,P0018,C03756,2,2025-03-25,Average quality
REV05177,P0086,C01126,1,2025-10-20,Not worth the price
REV05178,P0115,C02553,4,2025-09-15,Happy with the purchase
REV05179,P0096,C01681,4,2025-09-18,Happy with the purchase
REV05180,P0160,C02114,4,2025-07-23,Good product
REV05181,P0088,C01851,4,2025-06-18,Good product
REV05182,P0113,C00360,5,2025-01-26,Excellent product
REV05183,P0186,C02093,4,2025-09-04,Works as expected
REV05184,P0010,C04005,4,2025-04-25,Good product
REV05185,P0081,C02036,5,2025-05-01,Really impressed
REV05186,P0009,C01126,4,2025-03-25,Good product
REV05187,P0086,C02239,4,2025-02-26,Happy with the purchase
REV05188,P0046,C04735,4,2025-07-17,Good product
REV05189,P0043,C02170,4,2025-11-02,Good product
REV05190,P0106,C02069,5,2025-03-19,Great quality and value
REV05191,P0112,C01044,4,2025-04-17,Works as expected
REV05192,P0024,C04623,5,2025-07-19,Really impressed
REV05193,P0045,C02979,4,2025-07-22,Good product
REV05194,P0038,C03516,3,2025-04-30,Okay product
REV05195,P0147,C04732,5,2025-05-01,Excellent product
REV05196,P0080,C04447,5,2025-07-03,Really impressed
REV05197,P0008,C00202,5,2025-03-07,Really impressed
REV05198,P0035,C03696,4,2025-12-14,Good product
REV05199,P0165,C04395,3,2025-07-12,Average experience
REV05200,P0043,C03509,4,2025-04-09,Works as expected
REV05201,P0044,C02999,3,2025-09-29,Average experience
REV05202,P0049,C04947,4,2025-12-18,Happy with the purchase
REV05203,P0150,C03265,4,2025-06-24,Works as expected
REV05204,P0081,C02505,4,2025-12-31,Good product
REV05205,P0182,C04096,4,2025-09-23,Good product
REV05206,P0148,C04308,3,2025-06-30,Decent for the price
REV05207,P0068,C01259,3,2025-06-14,Decent for the price
REV05208,P0074,C01131,4,2025-12-03,Good product
REV05209,P0138,C03141,4,2025-05-18,Works as expected
REV05210,P0145,C02583,4,2025-02-28,Happy with the purchase
REV05211,P0147,C00071,5,2026-01-13,Great quality and value
REV05212,P0100,C03148,4,2025-01-16,Good product
REV05213,P0044,C02305,3,2025-12-25,Okay product
REV05214,P0102,C04320,5,2025-09-06,Great quality and value
REV05215,P0053,C03785,4,2025-08-27,Works as expected
REV05216,P0036,C01965,4,2025-07-21,Works as expected
REV05217,P0042,C03312,2,2025-08-08,Average quality
REV05218,P0194,C03829,1,2025-11-05,Very disappointing
REV05219,P0179,C01780,4,2025-12-26,Good product
REV05220,P0024,C02574,1,2025-06-04,Poor quality
REV05221,P0082,C03032,3,2025-09-14,Okay product
REV05222,P0024,C04467,2,2025-04-12,Could be better
REV05223,P0059,C02979,1,2025-06-27,Not worth the price
REV05224,P0061,C03855,5,2025-03-15,Great quality and value
REV05225,P0124,C02728,4,2025-12-27,Works as expected
REV05226,P0014,C04303,5,2025-03-25,Excellent product
REV05227,P0125,C00620,4,2025-06-27,Works as expected
REV05228,P0199,C01727,5,2025-12-22,Great quality and value
REV05229,P0173,C03697,4,2025-05-06,Good product
REV05230,P0108,C04494,4,2025-10-01,Happy with the purchase
REV05231,P0144,C00585,4,2025-07-10,Good product
REV05232,P0170,C00258,3,2025-10-10,Average experience
REV05233,P0102,C03885,3,2025-02-13,Average experience
REV05234,P0047,C02962,4,2025-08-25,Works as expected
REV05235,P0105,C01780,4,2025-11-08,Works as expected
REV05236,P0159,C03417,5,2025-05-16,
REV05237,P0038,C00766,5,2025-12-23,Really impressed
REV05238,P0150,C04160,5,2025-10-01,Excellent product
REV05239,P0076,C04875,3,2025-12-06,Okay product
REV05240,P0195,C03661,3,2025-06-15,Okay product
REV05241,P0006,C01500,3,2025-09-18,Average experience
REV05242,P0132,C04941,4,2025-10-21,Good product
REV05243,P0067,C02603,1,2025-10-19,Not worth the price
REV05244,P0104,C01421,2,2026-01-13,Not fully satisfied
REV05245,P0180,C01317,5,2025-07-21,Really impressed
REV05246,P0138,C04133,2,2025-06-04,Average quality
REV05247,P0145,C04822,4,2025-10-24,Works as expected
REV05248,P0195,C03640,4,2025-07-12,Works as expected
REV05249,P0118,C01628,4,2025-08-04,Happy with the purchase
REV05250,P0059,C04586,5,2025-01-15,Great quality and value
REV05251,P0113,C02706,2,2025-04-30,Average quality
REV05252,P0106,C02541,4,2025-03-11,Happy with the purchase
REV05253,P0029,C04508,3,2025-06-30,Decent for the price
REV05254,P0047,C02003,5,2025-11-15,Great quality and value
REV05255,P0142,C01551,4,2025-07-04,Happy with the purchase
REV05256,P0127,C02847,5,2025-03-26,Really impressed
REV05257,P0024,C03569,4,2025-02-24,Good product
REV05258,P0128,C02139,5,2025-10-19,Really impressed
REV05259,P0096,C00007,4,2025-04-27,Works as expected
REV05260,P0131,C02271,4,2026-01-06,Happy with the purchase
REV05261,P0049,C04237,3,2025-12-11,Average experience
REV05262,P0112,C04323,3,2025-04-18,Average experience
REV05263,P0055,C01252,5,2025-09-29,Excellent product
REV05264,P0199,C00426,5,2025-01-26,Really impressed
REV05265,P0142,C03144,1,2025-03-13,Poor quality
REV05266,P0068,C02152,5,2025-07-27,Excellent product
REV05267,P0082,C04800,5,2025-02-28,
REV05268,P0082,C03493,5,2025-02-20,Really impressed
REV05269,P0059,C01837,5,2025-12-16,Excellent product
REV05270,P0196,C02290,4,2025-11-21,Works as expected
REV05271,P0058,C01153,4,2025-08-15,Happy with the purchase
REV05272,P0170,C02940,2,2025-05-26,Could be better
REV05273,P0014,C02754,4,2025-06-24,Works as expected
REV05274,P0106,C02746,4,2025-12-02,Happy with the purchase
REV05275,P0197,C04704,4,2025-06-13,Good product
REV05276,P0165,C00120,4,2025-04-10,Works as expected
REV05277,P0074,C02582,3,2025-09-01,Decent for the price
REV05278,P0068,C02279,4,2025-07-04,Good product
REV05279,P0062,C02681,1,2026-02-03,Very disappointing
REV05280,P0103,C02576,4,2025-02-22,Good product
REV05281,P0120,C00340,3,2025-07-20,Average experience
REV05282,P0091,C00544,4,2025-09-27,Works as expected
REV05283,P0049,C00317,3,2025-11-05,Decent for the price
REV05284,P0077,C01671,4,2025-04-25,Works as expected
REV05285,P0179,C02434,5,2025-05-23,Really impressed
REV05286,P0013,C00904,4,2025-09-11,Happy with the purchase
REV05287,P0007,C01664,3,2025-05-26,Average experience
REV05288,P0096,C03469,3,2025-12-13,Decent for the price
REV05289,P0178,C03494,3,2025-11-15,Decent for the price
REV05290,P0096,C01879,4,2025-10-26,Good product
REV05291,P0063,C03860,3,2025-04-26,Average experience
REV05292,P0075,C02875,5,2025-03-31,Really impressed
REV05293,P0085,C03608,5,2026-01-06,Really impressed
REV05294,P0010,C04042,4,2025-05-15,Good product
REV05295,P0067,C02026,4,2025-07-07,Works as expected
REV05296,P0163,C03337,4,2025-03-30,Good product
REV05297,P0006,C01050,4,2026-01-28,Happy with the purchase
REV05298,P0166,C01276,5,2025-08-01,Excellent product
REV05299,P0138,C04814,2,2025-03-30,Average quality
REV05300,P0171,C02825,3,2025-07-25,Average experience
REV05301,P0052,C02144,5,2026-02-05,Great quality and value
REV05302,P0155,C03437,5,2025-10-28,Excellent product
REV05303,P0064,C02736,5,2025-01-26,Excellent product
REV05304,P0064,C03598,5,2025-03-03,Excellent product
REV05305,P0019,C03284,4,2025-06-02,Good product
REV05306,P0036,C02965,4,2025-06-19,Happy with the purchase
REV05307,P0133,C03305,4,2026-01-20,Works as expected
REV05308,P0068,C00058,3,2025-04-14,Decent for the price
REV05309,P0181,C00771,3,2025-07-27,Decent for the price
REV05310,P0143,C03688,1,2025-07-15,Very disappointing
REV05311,P0104,C03316,2,2026-01-18,Average quality
REV05312,P0168,C04187,4,2025-03-19,Happy with the purchase
REV05313,P0158,C03732,5,2025-10-28,Excellent product
REV05314,P0094,C02277,4,2025-07-28,Happy with the purchase
REV05315,P0009,C02005,4,2025-05-30,Happy with the purchase
REV05316,P0162,C02512,3,2025-06-02,Okay product
REV05317,P0164,C03296,5,2025-09-12,Really impressed
REV05318,P0138,C00155,4,2025-03-23,Good product
REV05319,P0105,C03000,4,2025-11-27,Good product
REV05320,P0122,C03880,5,2025-10-15,Great quality and value
REV05321,P0184,C00184,5,2025-04-29,Excellent product
REV05322,P0106,C01283,4,2025-02-22,Good product
REV05323,P0162,C04435,4,2025-04-07,Happy with the purchase
REV05324,P0132,C03570,3,2025-06-19,Okay product
REV05325,P0086,C02610,2,2025-06-12,Average quality
REV05326,P0069,C02307,4,2025-02-07,Good product
REV05327,P0197,C00022,4,2025-11-27,Good product
REV05328,P0197,C00280,4,2025-04-14,Happy with the purchase
REV05329,P0038,C00844,5,2025-05-03,Great quality and value
REV05330,P0014,C00686,2,2025-04-08,Average quality
REV05331,P0165,C01151,3,2025-05-12,Okay product
REV05332,P0102,C01503,4,2025-02-25,Happy with the purchase
REV05333,P0097,C04359,3,2025-09-05,Decent for the price
REV05334,P0001,C04947,5,2025-09-12,Really impressed
REV05335,P0057,C04343,5,2025-11-10,Great quality and value
REV05336,P0018,C00483,4,2025-06-21,Happy with the purchase
REV05337,P0020,C04509,4,2025-09-21,Good product
REV05338,P0193,C00505,3,2025-01-30,Decent for the price
REV05339,P0148,C02099,4,2025-07-16,Good product
REV05340,P0013,C02110,5,2025-12-01,Really impressed
REV05341,P0163,C04597,4,2025-04-10,Works as expected
REV05342,P0024,C01772,2,2025-07-03,Not fully satisfied
REV05343,P0012,C04143,5,2025-03-26,Great quality and value
REV05344,P0115,C03028,4,2025-09-17,Good product
REV05345,P0165,C03648,3,2026-01-20,Okay product
REV05346,P0081,C01564,1,2025-07-26,Very disappointing
REV05347,P0041,C01859,4,2025-03-01,Happy with the purchase
REV05348,P0036,C02943,4,2025-05-04,Works as expected
REV05349,P0153,C01329,4,2025-05-24,Works as expected
REV05350,P0107,C02648,4,2025-11-10,Works as expected
REV05351,P0118,C01028,5,2025-03-13,
REV05352,P0034,C01194,4,2025-03-10,Happy with the purchase
REV05353,P0074,C03679,4,2026-01-01,Works as expected
REV05354,P0157,C04664,4,2025-03-25,Happy with the purchase
REV05355,P0151,C02311,2,2025-02-13,Not fully satisfied
REV05356,P0110,C00207,5,2025-08-24,Excellent product
REV05357,P0140,C04750,1,2025-11-02,Not worth the price
REV05358,P0077,C01063,5,2025-02-28,Excellent product
REV05359,P0078,C04638,3,2025-06-05,Decent for the price
REV05360,P0162,C03190,5,2025-09-16,Really impressed
REV05361,P0014,C03085,3,2025-06-09,Okay product
REV05362,P0197,C01913,2,2025-09-29,Not fully satisfied
REV05363,P0011,C02320,4,2025-07-01,Good product
REV05364,P0178,C02305,3,2025-12-18,Average experience
REV05365,P0081,C02302,3,2025-09-20,Average experience
REV05366,P0112,C00778,4,2025-09-16,
REV05367,P0099,C02277,4,2026-01-27,Good product
REV05368,P0099,C01753,1,2025-07-09,Poor quality
REV05369,P0179,C02939,4,2025-04-03,Works as expected
REV05370,P0114,C01130,3,2025-02-18,Decent for the price
REV05371,P0131,C01058,5,2025-05-28,Excellent product
REV05372,P0169,C01035,4,2025-08-26,Happy with the purchase
REV05373,P0093,C00588,3,2025-05-30,
REV05374,P0044,C00283,4,2025-10-28,Happy with the purchase
REV05375,P0063,C04000,5,2025-08-16,Great quality and value
REV05376,P0191,C02837,1,2025-08-17,Not worth the price
REV05377,P0035,C04796,5,2025-05-10,Great quality and value
REV05378,P0142,C00842,1,2025-02-06,Very disappointing
REV05379,P0113,C01234,3,2025-07-27,Average experience
REV05380,P0197,C00223,3,2025-04-28,Decent for the price
REV05381,P0134,C01102,4,2025-11-06,Happy with the purchase
REV05382,P0090,C03178,5,2025-02-12,Really impressed
REV05383,P0027,C03560,5,2025-01-23,Really impressed
REV05384,P0052,C01698,4,2025-03-16,Works as expected
REV05385,P0123,C03835,2,2025-07-30,Average quality
REV05386,P0083,C04455,5,2025-07-27,Really impressed
REV05387,P0123,C04161,1,2025-02-23,Not worth the price
REV05388,P0053,C00990,4,2025-05-16,Happy with the purchase
REV05389,P0185,C01076,4,2025-12-04,Good product
REV05390,P0173,C02231,5,2025-06-08,Great quality and value
REV05391,P0043,C02895,5,2025-10-06,Excellent product
REV05392,P0013,C04878,5,2025-02-28,Really impressed
REV05393,P0020,C03256,4,2025-03-26,Happy with the purchase
REV05394,P0004,C01838,5,2025-07-31,Really impressed
REV05395,P0061,C00790,2,2025-09-06,Average quality
REV05396,P0152,C01101,4,2025-10-14,Good product
REV05397,P0022,C00017,5,2025-09-08,Great quality and value
REV05398,P0120,C03075,5,2025-10-13,Excellent product
REV05399,P0056,C04459,2,2025-06-24,Not fully satisfied
REV05400,P0156,C04801,5,2025-06-27,Excellent product
REV05401,P0027,C03538,3,2025-05-02,Average experience
REV05402,P0167,C01134,4,2025-07-04,Good product
REV05403,P0151,C00709,5,2025-10-08,Excellent product
REV05404,P0170,C03166,4,2025-05-01,Good product
REV05405,P0198,C03125,5,2025-11-14,Really impressed
REV05406,P0026,C01886,5,2025-09-28,Really impressed
REV05407,P0048,C04311,2,2025-04-28,Could be better
REV05408,P0134,C00442,4,2025-03-29,Good product
REV05409,P0128,C03958,3,2025-06-02,Decent for the price
REV05410,P0053,C04125,4,2025-11-01,Happy with the purchase
REV05411,P0012,C02552,3,2025-06-01,Okay product
REV05412,P0161,C04574,4,2025-10-24,Good product
REV05413,P0119,C02047,4,2025-01-24,Good product
REV05414,P0092,C01822,4,2025-07-05,
REV05415,P0157,C02412,4,2025-06-17,Works as expected
REV05416,P0039,C01161,3,2025-05-23,Average experience
REV05417,P0086,C00343,5,2025-05-20,Really impressed
REV05418,P0055,C00759,3,2026-02-04,Okay product
REV05419,P0078,C04341,4,2025-07-03,Happy with the purchase
REV05420,P0196,C02580,4,2025-04-18,Good product
REV05421,P0117,C00787,4,2025-06-22,Works as expected
REV05422,P0155,C03155,5,2026-02-02,Really impressed
REV05423,P0135,C00970,4,2025-12-07,Good product
REV05424,P0152,C04833,5,2025-01-25,Really impressed
REV05425,P0197,C03956,3,2025-01-27,Decent for the price
REV05426,P0048,C01143,4,2025-11-30,Good product
REV05427,P0148,C03905,5,2025-11-27,Really impressed
REV05428,P0143,C04569,2,2025-05-10,Not fully satisfied
REV05429,P0034,C03466,4,2025-01-17,Happy with the purchase
REV05430,P0051,C02048,2,2025-08-08,Not fully satisfied
REV05431,P0009,C00143,2,2025-06-21,Could be better
REV05432,P0003,C00708,4,2025-08-04,Good product
REV05433,P0146,C02825,5,2025-08-19,Excellent product
REV05434,P0063,C04236,4,2025-06-15,
REV05435,P0155,C03641,5,2025-08-29,Really impressed
REV05436,P0111,C01331,4,2025-10-08,Happy with the purchase
REV05437,P0105,C04437,5,2025-03-14,Really impressed
REV05438,P0026,C00329,4,2025-01-11,Works as expected
REV05439,P0098,C02813,2,2025-12-14,Could be better
REV05440,P0001,C04259,4,2025-04-17,Happy with the purchase
REV05441,P0012,C02360,4,2025-04-19,Good product
REV05442,P0007,C00842,5,2025-03-25,Great quality and value
REV05443,P0042,C04830,5,2025-12-26,Great quality and value
REV05444,P0071,C01682,5,2025-02-27,Excellent product
REV05445,P0054,C00942,3,2025-10-01,Decent for the price
REV05446,P0077,C02245,3,2025-03-24,Average experience
REV05447,P0200,C00899,2,2025-11-26,Average quality
REV05448,P0072,C00996,3,2025-03-06,Average experience
REV05449,P0161,C02527,4,2026-02-05,Good product
REV05450,P0196,C02402,4,2025-10-08,Happy with the purchase
REV05451,P0011,C00028,5,2025-03-31,Excellent product
REV05452,P0059,C01510,4,2026-01-23,Happy with the purchase
REV05453,P0142,C00301,5,2025-06-02,Great quality and value
REV05454,P0101,C04168,5,2025-04-29,Really impressed
REV05455,P0012,C04331,1,2025-09-11,Not worth the price
REV05456,P0173,C02869,4,2025-08-23,Good product
REV05457,P0030,C01763,5,2025-08-16,Really impressed
REV05458,P0024,C04404,4,2025-06-04,Happy with the purchase
REV05459,P0028,C02583,4,2025-01-11,Happy with the purchase
REV05460,P0016,C00296,4,2025-08-15,Good product
REV05461,P0014,C01127,5,2025-04-16,Great quality and value
REV05462,P0036,C04007,5,2025-12-22,Great quality and value
REV05463,P0106,C00678,5,2025-11-05,Excellent product
REV05464,P0131,C03911,2,2025-06-03,Average quality
REV05465,P0176,C01824,3,2025-05-26,Average experience
REV05466,P0018,C00015,3,2025-12-16,Average experience
REV05467,P0029,C03721,1,2026-01-09,Not worth the price
REV05468,P0064,C03601,2,2025-08-30,Could be better
REV05469,P0199,C03310,3,2025-12-12,Okay product
REV05470,P0001,C00682,5,2025-03-09,Excellent product
REV05471,P0104,C04022,2,2025-01-06,Could be better
REV05472,P0013,C01072,4,2025-06-13,Happy with the purchase
REV05473,P0066,C04903,4,2025-04-30,Good product
REV05474,P0071,C03294,5,2025-03-05,Excellent product
REV05475,P0145,C04915,1,2025-06-30,Poor quality
REV05476,P0055,C01421,1,2025-03-12,Not worth the price
REV05477,P0066,C02728,4,2025-05-14,Works as expected
REV05478,P0140,C04314,1,2025-06-12,Not worth the price
REV05479,P0172,C02684,4,2025-05-11,Good product
REV05480,P0117,C00802,4,2025-06-22,Happy with the purchase
REV05481,P0100,C01712,4,2025-10-29,Happy with the purchase
REV05482,P0134,C02289,5,2025-03-31,Excellent product
REV05483,P0061,C00955,5,2025-11-22,Great quality and value
REV05484,P0031,C04419,5,2025-03-22,Really impressed
REV05485,P0035,C00666,5,2025-06-03,Great quality and value
REV05486,P0048,C00890,5,2025-03-10,Excellent product
REV05487,P0094,C04126,5,2025-04-01,Great quality and value
REV05488,P0021,C03389,3,2025-12-25,Okay product
REV05489,P0037,C04108,5,2025-06-22,Really impressed
REV05490,P0043,C02062,5,2025-12-27,Really impressed
REV05491,P0088,C04426,4,2025-07-27,Happy with the purchase
REV05492,P0102,C03558,4,2025-07-20,Good product
REV05493,P0034,C03087,3,2025-03-23,Decent for the price
REV05494,P0084,C01559,2,2025-11-07,Not fully satisfied
REV05495,P0023,C00989,4,2025-10-26,Good product
REV05496,P0146,C03392,5,2025-05-06,Really impressed
REV05497,P0025,C02917,4,2025-05-23,Good product
REV05498,P0009,C02674,4,2025-03-20,Works as expected
REV05499,P0029,C04081,5,2025-11-12,Excellent product
REV05500,P0198,C04192,1,2025-11-21,Poor quality
REV05501,P0172,C01423,3,2025-08-03,Average experience
REV05502,P0190,C02580,4,2025-10-13,Happy with the purchase
REV05503,P0162,C01946,3,2025-04-13,Okay product
REV05504,P0084,C04192,5,2025-12-17,Great quality and value
REV05505,P0068,C04130,4,2025-03-14,Works as expected
REV05506,P0122,C02719,3,2025-10-01,Okay product
REV05507,P0079,C00820,4,2025-09-27,Good product
REV05508,P0181,C01289,5,2025-08-28,Really impressed
REV05509,P0015,C00798,5,2025-10-28,Great quality and value
REV05510,P0198,C03221,3,2025-04-22,Average experience
REV05511,P0181,C00336,5,2025-02-16,Really impressed
REV05512,P0051,C01958,5,2025-06-13,Great quality and value
REV05513,P0083,C04187,5,2025-04-03,Excellent product
REV05514,P0125,C00890,4,2025-08-15,Works as expected
REV05515,P0176,C03023,5,2025-03-11,Excellent product
REV05516,P0192,C03816,2,2025-09-20,Average quality
REV05517,P0046,C04419,4,2025-06-12,Happy with the purchase
REV05518,P0152,C02346,5,2025-11-27,Excellent product
REV05519,P0109,C02067,4,2025-10-18,Happy with the purchase
REV05520,P0122,C02731,4,2025-03-15,Happy with the purchase
REV05521,P0194,C04510,3,2025-11-12,Decent for the price
REV05522,P0161,C02439,1,2025-11-15,Not worth the price
REV05523,P0129,C00183,5,2025-07-25,Great quality and value
REV05524,P0053,C00663,4,2025-11-20,Works as expected
REV05525,P0041,C02538,4,2025-06-11,Happy with the purchase
REV05526,P0186,C01843,4,2025-05-20,Good product
REV05527,P0014,C01649,5,2025-11-20,Excellent product
REV05528,P0100,C04859,4,2025-06-14,Good product
REV05529,P0022,C01397,5,2025-04-04,Excellent product
REV05530,P0191,C04541,1,2025-10-17,Very disappointing
REV05531,P0163,C01997,3,2025-05-09,Decent for the price
REV05532,P0136,C04859,5,2026-01-15,Excellent product
REV05533,P0063,C02212,5,2025-10-04,Excellent product
REV05534,P0051,C00558,3,2025-11-30,Average experience
REV05535,P0178,C03027,4,2025-10-11,Good product
REV05536,P0015,C03868,4,2025-05-25,Happy with the purchase
REV05537,P0081,C01073,5,2025-11-20,Excellent product
REV05538,P0121,C03204,3,2025-07-10,Okay product
REV05539,P0051,C00100,5,2025-03-16,Excellent product
REV05540,P0084,C00165,5,2025-08-25,Great quality and value
REV05541,P0195,C00226,4,2025-07-25,Happy with the purchase
REV05542,P0139,C02841,3,2025-11-13,Average experience
REV05543,P0038,C03045,3,2025-12-19,Okay product
REV05544,P0097,C02241,4,2025-08-06,Good product
REV05545,P0071,C02442,5,2025-09-13,Great quality and value
REV05546,P0073,C03582,4,2026-01-20,Works as expected
REV05547,P0200,C01489,5,2025-12-11,Excellent product
REV05548,P0154,C02255,1,2025-07-14,Poor quality
REV05549,P0152,C04619,4,2025-11-25,Happy with the purchase
REV05550,P0190,C03311,5,2025-11-28,Excellent product
REV05551,P0093,C02784,5,2025-04-13,Great quality and value
REV05552,P0147,C03194,3,2025-11-18,Decent for the price
REV05553,P0100,C04807,3,2025-05-07,Average experience
REV05554,P0016,C01817,4,2025-06-24,Happy with the purchase
REV05555,P0077,C01168,3,2025-04-16,Okay product
REV05556,P0150,C01643,3,2025-12-31,Okay product
REV05557,P0054,C02097,4,2025-09-04,Good product
REV05558,P0173,C03617,2,2025-06-16,Could be better
REV05559,P0030,C00956,1,2025-05-18,Poor quality
REV05560,P0147,C03261,5,2025-10-01,Really impressed
REV05561,P0102,C04089,5,2025-11-29,Great quality and value
REV05562,P0014,C04844,5,2025-08-20,Excellent product
REV05563,P0181,C03312,3,2025-12-13,Average experience
REV05564,P0172,C01307,4,2025-01-29,Happy with the purchase
REV05565,P0177,C04533,4,2025-06-03,Good product
REV05566,P0139,C02095,4,2025-05-02,Works as expected
REV05567,P0027,C02861,3,2025-09-20,Decent for the price
REV05568,P0032,C00115,5,2025-08-16,Great quality and value
REV05569,P0107,C01974,4,2025-04-07,Good product
REV05570,P0035,C03511,5,2025-07-28,Excellent product
REV05571,P0010,C04479,4,2025-08-05,Happy with the purchase
REV05572,P0166,C00999,3,2025-11-17,Average experience
REV05573,P0182,C04042,4,2025-02-15,Good product
REV05574,P0136,C04606,4,2025-05-30,Good product
REV05575,P0077,C04171,4,2025-03-19,Works as expected
REV05576,P0181,C04109,4,2025-09-11,Happy with the purchase
REV05577,P0080,C03660,5,2025-10-19,Great quality and value
REV05578,P0099,C03749,1,2025-08-22,Very disappointing
REV05579,P0159,C03814,5,2025-04-03,Excellent product
REV05580,P0103,C03563,5,2025-09-05,Really impressed
REV05581,P0199,C02884,4,2025-04-10,Good product
REV05582,P0132,C04176,5,2025-02-07,Really impressed
REV05583,P0117,C03400,5,2025-03-15,Excellent product
REV05584,P0134,C00138,4,2025-06-30,Happy with the purchase
REV05585,P0001,C04828,2,2025-08-14,Could be better
REV05586,P0192,C04178,5,2025-12-16,Excellent product
REV05587,P0135,C04169,4,2025-03-20,
REV05588,P0130,C02799,4,2025-05-11,Works as expected
REV05589,P0069,C04094,5,2025-07-16,Excellent product
REV05590,P0089,C03422,1,2025-03-06,Very disappointing
REV05591,P0186,C00022,5,2025-08-29,Excellent product
REV05592,P0156,C03168,5,2025-05-22,Excellent product
REV05593,P0001,C04472,5,2025-07-11,Really impressed
REV05594,P0033,C04102,4,2025-05-24,Good product
REV05595,P0109,C03031,1,2025-09-02,Very disappointing
REV05596,P0150,C02407,3,2025-03-30,Decent for the price
REV05597,P0047,C04424,3,2025-05-27,Average experience
REV05598,P0018,C02564,3,2025-09-23,Average experience
REV05599,P0167,C03437,4,2025-12-18,Good product
REV05600,P0171,C03418,4,2026-01-08,Happy with the purchase
REV05601,P0102,C02050,5,2025-11-20,Great quality and value
REV05602,P0003,C01025,5,2025-08-16,Really impressed
REV05603,P0134,C02868,4,2025-07-30,Good product
REV05604,P0051,C01795,4,2025-09-17,Happy with the purchase
REV05605,P0132,C04251,1,2025-12-25,Not worth the price
REV05606,P0087,C01287,4,2025-04-22,Happy with the purchase
REV05607,P0015,C03193,2,2025-04-22,Could be better
REV05608,P0061,C03726,4,2025-10-29,Good product
REV05609,P0178,C04764,5,2025-08-10,Excellent product
REV05610,P0182,C04586,4,2025-07-31,Works as expected
REV05611,P0194,C04725,5,2025-07-16,Great quality and value
REV05612,P0155,C04304,4,2025-10-30,Happy with the purchase
REV05613,P0014,C03678,4,2025-02-16,Happy with the purchase
REV05614,P0038,C01007,2,2025-01-21,Could be better
REV05615,P9999,C04426,4,2026-02-11,Good product
REV05616,P0014,C01886,4,2026-01-07,Works as expected
REV05617,P0176,C01903,1,2025-04-16,Poor quality
REV05618,P0053,C03914,3,2025-03-13,Average experience
REV05619,P0087,C04129,4,2025-08-15,Happy with the purchase
REV05620,P0080,C00986,5,2025-12-23,Really impressed
REV05621,P0001,C02644,3,2025-11-26,Okay product
REV05622,P0099,C01967,5,2025-05-11,Really impressed
REV05623,P0036,C01398,4,2025-10-23,Good product
REV05624,P0127,C04490,4,2025-11-23,Happy with the purchase
REV05625,P0106,C04526,4,2025-01-24,Works as expected
REV05626,P0101,C01702,2,2026-01-23,Could be better
REV05627,P0043,C01071,4,2025-03-30,Good product
REV05628,P0132,C03028,2,2025-07-12,Not fully satisfied
REV05629,P0179,C03611,1,2026-01-14,Not worth the price
REV05630,P0044,C01668,1,2025-03-24,Not worth the price
REV05631,P0148,C01625,4,2025-03-14,Works as expected
REV05632,P0106,C00107,5,2025-06-24,Really impressed
REV05633,P0160,C02218,1,2025-10-05,Not worth the price
REV05634,P0024,C02043,3,2025-03-03,Okay product
REV05635,P0102,C01150,3,2025-04-25,Decent for the price
REV05636,P0172,C02340,4,2026-01-04,Works as expected
REV05637,P0129,C00521,3,2025-03-17,Average experience
REV05638,P0048,C01087,1,2025-10-04,Not worth the price
REV05639,P0100,C02531,3,2025-08-08,Okay product
REV05640,P0064,C00339,1,2025-08-05,Very disappointing
REV05641,P0099,C02377,5,2025-12-13,Really impressed
REV05642,P0007,C04751,2,2025-10-10,Not fully satisfied
REV05643,P0123,C01077,5,2026-01-17,Great quality and value
REV05644,P0009,C03019,4,2025-08-10,Good product
REV05645,P0071,C03168,5,2025-04-21,Excellent product
REV05646,P0157,C00634,5,2025-12-24,Excellent product
REV05647,P0171,C03804,1,2025-08-11,Very disappointing
REV05648,P0109,C04237,4,2025-12-10,Works as expected
REV05649,P0197,C03826,2,2025-07-04,Could be better
REV05650,P0161,C00827,4,2025-11-16,Good product
REV05651,P0086,C02807,5,2025-01-27,Excellent product
REV05652,P0061,C01269,2,2025-07-12,Average quality
REV05653,P0146,C04284,4,2025-09-01,Happy with the purchase
REV05654,P0073,C04529,5,2025-03-30,Great quality and value
REV05655,P0112,C04791,5,2025-06-02,Great quality and value
REV05656,P0036,C04000,3,2025-08-03,Average experience
REV05657,P0115,C02808,4,2025-02-22,Works as expected
REV05658,P0067,C04716,5,2025-02-08,Excellent product
REV05659,P0074,C00315,5,2026-01-07,Excellent product
REV05660,P0021,C04585,2,2025-06-23,Could be better
REV05661,P0120,C02661,5,2025-09-04,Really impressed
REV05662,P0001,C03061,4,2025-08-24,Works as expected
REV05663,P0174,C01096,4,2025-06-22,Happy with the purchase
REV05664,P0001,C03348,4,2025-10-18,Works as expected
REV05665,P0013,C03938,3,2025-06-23,Okay product
REV05666,P0101,C02874,4,2025-04-30,Good product
REV05667,P0007,C02460,4,2025-07-12,Works as expected
REV05668,P0153,C02247,2,2025-10-04,Average quality
REV05669,P0130,C00731,5,2025-05-20,Really impressed
REV05670,P0033,C04565,4,2025-01-23,Happy with the purchase
REV05671,P0173,C00231,5,2025-07-04,Great quality and value
REV05672,P0129,C01238,4,2025-12-01,Happy with the purchase
REV05673,P0154,C03540,5,2025-04-18,Really impressed
REV05674,P0040,C04779,3,2025-08-21,Decent for the price
REV05675,P0112,C01876,4,2025-08-11,Works as expected
REV05676,P0185,C03817,4,2025-10-19,Works as expected
REV05677,P0184,C04140,4,2025-05-19,Happy with the purchase
REV05678,P0179,C00538,4,2025-08-26,Works as expected
REV05679,P0117,C04177,4,2025-04-20,Happy with the purchase
REV05680,P0168,C02582,4,2025-02-12,Happy with the purchase
REV05681,P0001,C02717,5,2025-03-17,Really impressed
REV05682,P0036,C02943,5,2025-11-09,Excellent product
REV05683,P0031,C00766,4,2025-06-27,Works as expected
REV05684,P0174,C01696,4,2025-10-15,Works as expected
REV05685,P0050,C00180,4,2025-10-06,Works as expected
REV05686,P0091,C04650,5,2025-03-01,Really impressed
REV05687,P0118,C01670,5,2025-07-19,Excellent product
REV05688,P0129,C01854,2,2025-09-18,Average quality
REV05689,P0032,C00576,4,2025-11-07,Works as expected
REV05690,P0033,C03408,3,2025-07-06,Okay product
REV05691,P0066,C03619,4,2025-11-02,Good product
REV05692,P0169,C02538,1,2025-09-26,Poor quality
REV05693,P0088,C02772,5,2025-03-31,
REV05694,P0163,C00979,4,2025-05-03,Happy with the purchase
REV05695,P0066,C04395,3,2025-07-09,Decent for the price
REV05696,P0017,C03211,3,2025-05-23,Okay product
REV05697,P0185,C00912,3,2025-02-16,Average experience
REV05698,P0097,C03182,5,2026-01-30,Really impressed
REV05699,P0051,C02224,4,2025-04-22,Good product
REV05700,P0140,C03168,3,2025-05-28,Okay product
REV05701,P0076,C00766,5,2026-01-30,Excellent product
REV05702,P0037,C01333,1,2025-09-13,Very disappointing
REV05703,P0165,C01852,4,2025-05-22,Good product
REV05704,P0196,C03157,2,2025-10-22,Could be better
REV05705,P0033,C00570,4,2025-10-13,Happy with the purchase
REV05706,P0155,C00874,4,2025-02-28,Works as expected
REV05707,P0099,C00078,5,2025-05-03,Great quality and value
REV05708,P0106,C02868,4,2025-04-13,Good product
REV05709,P0040,C03400,4,2025-06-16,Works as expected
REV05710,P0115,C01964,4,2025-10-26,Happy with the purchase
REV05711,P0159,C03931,3,2025-12-18,Average experience
REV05712,P0005,C01155,4,2026-01-16,Happy with the purchase
REV05713,P0055,C04154,3,2025-06-13,Decent for the price
REV05714,P0117,C03131,4,2025-02-22,Happy with the purchase
REV05715,P0039,C00399,2,2025-02-24,Average quality
REV05716,P0132,C02335,5,2025-05-10,Really impressed
REV05717,P0087,C03905,2,2025-09-28,Not fully satisfied
REV05718,P0018,C03592,4,2025-03-15,
REV05719,P0145,C04064,3,2026-01-02,Average experience
REV05720,P0049,C02206,4,2025-10-06,Good product
REV05721,P0171,C01498,3,2025-05-30,Decent for the price
REV05722,P0075,C03656,5,2025-08-05,Really impressed
REV05723,P0049,C02008,3,2025-10-10,Okay product
REV05724,P0109,C03942,3,2025-06-26,Average experience
REV05725,P0156,C00913,3,2025-09-20,Decent for the price
REV05726,P0037,C00985,4,2025-04-19,Happy with the purchase
REV05727,P0151,C02563,5,2025-09-23,Really impressed
REV05728,P0163,C02628,5,2025-04-25,Really impressed
REV05729,P0197,C03406,4,2025-10-29,Happy with the purchase
REV05730,P0082,C04162,5,2025-02-15,Great quality and value
REV05731,P0112,C03445,3,2025-06-28,Average experience
REV05732,P0151,C00002,3,2025-07-20,Average experience
REV05733,P0078,C03006,3,2025-10-08,Average experience
REV05734,P0126,C02004,3,2025-02-18,Okay product
REV05735,P0065,C04603,5,2025-12-19,Really impressed
REV05736,P0048,C01672,4,2025-08-04,Works as expected
REV05737,P0036,C01098,4,2025-08-10,Happy with the purchase
REV05738,P0132,C02302,5,2025-05-09,Great quality and value
REV05739,P0015,C02053,5,2026-01-26,
REV05740,P0026,C04254,5,2026-02-04,Great quality and value
REV05741,P0025,C02820,4,2025-02-22,Works as expected
REV05742,P0038,C00479,5,2025-12-05,Great quality and value
REV05743,P0015,C00029,5,2025-12-22,Excellent product
REV05744,P0182,C00200,4,2025-07-18,Good product
REV05745,P0141,C01270,2,2025-07-15,Average quality
REV05746,P0012,C00359,4,2026-01-08,Happy with the purchase
REV05747,P0026,C04338,4,2025-06-05,Happy with the purchase
REV05748,P0007,C03442,2,2026-01-22,Not fully satisfied
REV05749,P0116,C04340,4,2026-01-12,Works as expected
REV05750,P0105,C00247,2,2026-01-17,Not fully satisfied
REV05751,P0034,C04677,3,2025-06-09,Decent for the price
REV05752,P0011,C01552,5,2025-07-10,Excellent product
REV05753,P0151,C02106,4,2025-03-08,Good product
REV05754,P0110,C00821,4,2025-07-20,Works as expected
REV05755,P0172,C03364,5,2025-03-31,Great quality and value
REV05756,P0010,C00137,5,2025-07-23,Great quality and value
REV05757,P0063,C03751,5,2026-01-02,Great quality and value
REV05758,P0197,C04960,3,2025-07-08,Average experience
REV05759,P0050,C01327,3,2025-11-23,Decent for the price
REV05760,P0178,C02750,1,2025-12-10,Very disappointing
REV05761,P0079,C04711,3,2025-09-04,Average experience
REV05762,P0163,C01456,4,2025-12-03,Works as expected
REV05763,P0142,C02730,4,2025-06-20,Happy with the purchase
REV05764,P0062,C00556,4,2025-02-25,Good product
REV05765,P0090,C03295,2,2025-09-19,Could be better
REV05766,P0195,C04023,4,2025-04-10,Happy with the purchase
REV05767,P0183,C03002,5,2025-05-04,Really impressed
REV05768,P0128,C03568,5,2025-11-21,Excellent product
REV05769,P0078,C02596,3,2025-04-19,Okay product
REV05770,P0181,C03465,4,2025-12-03,Happy with the purchase
REV05771,P0002,C01010,4,2025-02-03,Good product
REV05772,P0110,C03139,5,2025-09-06,Really impressed
REV05773,P0116,C00150,3,2025-11-09,Okay product
REV05774,P0137,C01541,1,2025-04-05,Poor quality
REV05775,P0089,C01317,5,2025-05-01,Great quality and value
REV05776,P0026,C00436,5,2025-11-29,Really impressed
REV05777,P0145,C04724,4,2025-02-19,Works as expected
REV05778,P0092,C03804,5,2025-08-30,Really impressed
REV05779,P0167,C00719,1,2025-12-10,Poor quality
REV05780,P0070,C00530,4,2025-03-07,Happy with the purchase
REV05781,P0026,C02517,4,2025-07-23,Good product
REV05782,P0122,C03765,3,2025-01-24,Okay product
REV05783,P0031,C01863,4,2025-05-16,Happy with the purchase
REV05784,P0030,C02197,5,2025-08-08,Really impressed
REV05785,P0103,C02889,5,2025-07-26,Really impressed
REV05786,P0190,C03867,3,2025-09-08,Decent for the price
REV05787,P0131,C00336,3,2025-05-08,Okay product
REV05788,P0039,C01980,4,2025-10-25,Happy with the purchase
REV05789,P0118,C03755,4,2025-08-01,Happy with the purchase
REV05790,P0143,C01974,4,2025-09-01,Happy with the purchase
REV05791,P0004,C00856,3,2025-05-30,Okay product
REV05792,P0129,C02146,4,2025-09-09,Works as expected
REV05793,P0115,C03565,5,2025-10-22,Excellent product
REV05794,P0074,C02038,4,2025-07-20,Works as expected
REV05795,P0051,C04696,2,2025-12-18,Average quality
REV05796,P0105,C04448,4,2025-05-20,Works as expected
REV05797,P0042,C02389,3,2025-10-09,Decent for the price
REV05798,P0078,C02705,2,2025-04-23,Not fully satisfied
REV05799,P0114,C03516,2,2025-12-10,Average quality
REV05800,P0026,C00578,4,2025-02-07,Happy with the purchase
REV05801,P0010,C01383,4,2025-12-16,Good product
REV05802,P0030,C00605,2,2025-12-19,Could be better
REV05803,P0083,C00492,4,2025-11-23,Works as expected
REV05804,P0038,C00155,4,2025-12-05,Happy with the purchase
REV05805,P0001,C04191,5,2025-05-22,Excellent product
REV05806,P0191,C03249,3,2025-03-07,Decent for the price
REV05807,P0129,C03178,3,2025-02-16,Decent for the price
REV05808,P0089,C04636,3,2025-10-16,Average experience
REV05809,P0162,C01076,5,2025-10-19,Really impressed
REV05810,P0048,C04215,4,2025-04-15,Good product
REV05811,P0029,C02455,3,2025-12-23,Average experience
REV05812,P0103,C04039,4,2025-07-11,Good product
REV05813,P0116,C04865,3,2025-08-24,Average experience
REV05814,P0164,C04654,3,2026-01-01,Average experience
REV05815,P0128,C02339,4,2025-12-25,Happy with the purchase
REV05816,P0165,C03030,3,2025-08-08,Decent for the price
REV05817,P0045,C04980,4,2025-09-17,
REV05818,P0040,C02367,5,2025-08-09,Excellent product
REV05819,P0189,C04173,5,2025-02-09,Great quality and value
REV05820,P0117,C00466,1,2025-09-21,Poor quality
REV05821,P0022,C01942,3,2026-01-06,Okay product
REV05822,P0159,C04993,5,2025-09-02,Excellent product
REV05823,P0034,C02917,2,2025-03-12,Could be better
REV05824,P0175,C02646,3,2025-06-21,Decent for the price
REV05825,P0045,C03352,3,2025-04-11,Okay product
REV05826,P0082,C02797,4,2025-09-27,Good product
REV05827,P0136,C00517,3,2025-11-13,Okay product
REV05828,P0035,C04700,4,2025-06-22,Happy with the purchase
REV05829,P0014,C00829,4,2025-07-16,Good product
REV05830,P0198,C00753,5,2025-09-28,Excellent product
REV05831,P0200,C04590,5,2025-03-06,Excellent product
REV05832,P0177,C01867,4,2025-12-12,Happy with the purchase
REV05833,P0015,C04366,4,2026-01-17,Happy with the purchase
REV05834,P0199,C00287,2,2025-03-06,Could be better
REV05835,P0127,C02154,5,2025-10-28,Really impressed
REV05836,P0134,C03352,5,2025-12-07,Excellent product
REV05837,P0076,C03074,2,2025-12-17,Could be better
REV05838,P0102,C03435,4,2025-10-04,Good product
REV05839,P0038,C00781,4,2025-08-27,Works as expected
REV05840,P0003,C01801,4,2025-06-07,Works as expected
REV05841,P0108,C03467,4,2025-06-19,Good product
REV05842,P0085,C02361,4,2025-10-28,Good product
REV05843,P0101,C01225,3,2025-10-01,Average experience
REV05844,P0027,C02275,3,2025-11-10,Average experience
REV05845,P0084,C01960,5,2025-07-29,Really impressed
REV05846,P0091,C00336,4,2025-12-28,Happy with the purchase
REV05847,P0160,C02361,5,2025-10-20,Great quality and value
REV05848,P0088,C00400,4,2025-02-16,Happy with the purchase
REV05849,P0154,C03867,4,2025-04-14,Works as expected
REV05850,P0001,C04281,4,2026-01-05,Happy with the purchase
REV05851,P0150,C03547,4,2025-02-20,Works as expected
REV05852,P0136,C02131,5,2025-07-13,Excellent product
REV05853,P0140,C02634,4,2025-03-12,Works as expected
REV05854,P0180,C00620,3,2026-01-05,Okay product
REV05855,P0018,C01446,4,2025-12-11,Works as expected
REV05856,P0186,C02641,5,2025-09-09,Great quality and value
REV05857,P0077,C00122,5,2025-07-07,
REV05858,P0118,C01705,4,2025-12-02,Happy with the purchase
REV05859,P0139,C04421,2,2025-10-22,Could be better
REV05860,P0067,C00207,5,2025-08-04,Great quality and value
REV05861,P0106,C02928,5,2025-11-21,Great quality and value
REV05862,P0016,C01142,4,2025-11-03,Good product
REV05863,P0016,C00298,4,2026-02-07,Works as expected
REV05864,P0172,C02569,4,2025-06-25,Good product
REV05865,P0100,C01673,3,2025-09-19,Okay product
REV05866,P0062,C02821,4,2025-07-16,Happy with the purchase
REV05867,P0035,C04003,3,2025-02-05,Okay product
REV05868,P0152,C03424,5,2025-03-10,Excellent product
REV05869,P0183,C00871,4,2025-11-23,Happy with the purchase
REV05870,P0188,C00095,4,2026-01-11,Good product
REV05871,P0147,C01260,4,2025-07-26,Happy with the purchase
REV05872,P0142,C02787,5,2025-06-02,Really impressed
REV05873,P0117,C02212,4,2025-04-09,Good product
REV05874,P0020,C04215,4,2025-08-05,Good product
REV05875,P0062,C02953,5,2025-02-26,Great quality and value
REV05876,P0149,C01946,3,2025-05-25,Decent for the price
REV05877,P0007,C01004,4,2025-03-29,Good product
REV05878,P0105,C01706,3,2025-06-15,Okay product
REV05879,P0178,C03207,4,2025-11-26,Happy with the purchase
REV05880,P0009,C04156,4,2025-03-10,Works as expected
REV05881,P0041,C04986,3,2025-06-18,Decent for the price
REV05882,P0032,C00516,3,2025-08-03,Average experience
REV05883,P0102,C01422,5,2025-02-18,Excellent product
REV05884,P0191,C02070,4,2025-11-25,Good product
REV05885,P0104,C01174,5,2025-01-20,Really impressed
REV05886,P0035,C01630,5,2025-04-17,Really impressed
REV05887,P0127,C02293,4,2026-01-30,Good product
REV05888,P0091,C00015,5,2025-04-01,Great quality and value
REV05889,P0146,C01072,5,2025-01-19,Excellent product
REV05890,P0131,C04302,5,2025-12-28,Great quality and value
REV05891,P0130,C01786,2,2026-01-13,Average quality
REV05892,P0134,C03540,1,2025-05-23,Very disappointing
REV05893,P0146,C03449,3,2025-06-21,Decent for the price
REV05894,P0160,C04871,4,2025-06-27,Works as expected
REV05895,P0177,C00899,5,2025-12-16,Great quality and value
REV05896,P0134,C04344,2,2025-08-29,Average quality
REV05897,P0001,C01553,3,2025-12-18,Okay product
REV05898,P0171,C03556,5,2025-04-14,Great quality and value
REV05899,P0185,C03831,4,2025-12-20,Good product
REV05900,P0096,C03759,5,2025-05-05,Great quality and value
REV05901,P0114,C03784,3,2025-11-17,Decent for the price
REV05902,P0043,C04572,4,2025-08-17,Happy with the purchase
REV05903,P0120,C03942,1,2025-05-13,Not worth the price
REV05904,P0114,C03737,5,2025-05-03,Great quality and value
REV05905,P0194,C01082,3,2025-06-21,Okay product
REV05906,P0075,C04975,4,2025-02-13,Works as expected
REV05907,P0031,C02091,4,2025-12-16,Works as expected
REV05908,P0113,C02439,4,2025-11-11,Happy with the purchase
REV05909,P0184,C01962,4,2025-10-10,Works as expected
REV05910,P0067,C01564,4,2025-07-20,Happy with the purchase
REV05911,P0050,C02415,3,2025-09-27,Average experience
REV05912,P0076,C02092,4,2025-09-18,Happy with the purchase
REV05913,P0139,C02398,3,2025-11-20,Average experience
REV05914,P0020,C01052,5,2025-07-18,Excellent product
REV05915,P0107,C03575,4,2025-07-07,Good product
REV05916,P0180,C02529,2,2025-08-27,Average quality
REV05917,P0158,C00564,4,2025-05-15,Good product
REV05918,P0067,C00556,3,2025-09-29,Decent for the price
REV05919,P0022,C00515,4,2026-01-08,Good product
REV05920,P0026,C03847,5,2025-02-15,Really impressed
REV05921,P0161,C04594,4,2025-06-20,Works as expected
REV05922,P0036,C03775,5,2025-01-14,Excellent product
REV05923,P0195,C01155,5,2025-10-08,Excellent product
REV05924,P0126,C03674,5,2025-11-26,Great quality and value
REV05925,P0019,C03288,3,2025-05-29,Average experience
REV05926,P0173,C00806,4,2025-07-28,Works as expected
REV05927,P0104,C04963,4,2025-06-14,Works as expected
REV05928,P0085,C04435,3,2025-09-24,Okay product
REV05929,P0094,C02038,3,2025-11-23,Average experience
REV05930,P0045,C03155,5,2025-02-08,Great quality and value
REV05931,P0021,C04486,4,2025-02-10,Happy with the purchase
REV05932,P0111,C00194,4,2025-06-09,Good product
REV05933,P0188,C01596,5,2025-07-19,Really impressed
REV05934,P0107,C04190,4,2025-09-07,Works as expected
REV05935,P0156,C02983,5,2025-06-28,Great quality and value
REV05936,P0144,C02117,2,2025-04-06,Could be better
REV05937,P0014,C02712,5,2025-02-05,Great quality and value
REV05938,P0012,C00199,3,2025-08-22,Decent for the price
REV05939,P0194,C03343,4,2025-03-10,Good product
REV05940,P0059,C01854,3,2025-06-11,Average experience
REV05941,P0186,C01022,3,2025-03-13,Average experience
REV05942,P0069,C01425,4,2025-05-02,Works as expected
REV05943,P0199,C02095,5,2025-06-08,Really impressed
REV05944,P0171,C00680,4,2025-06-04,Works as expected
REV05945,P0143,C00128,4,2025-03-08,Happy with the purchase
REV05946,P0106,C04822,5,2025-08-04,Really impressed
REV05947,P0066,C01967,5,2025-04-18,Great quality and value
REV05948,P0127,C03898,4,2025-03-05,Happy with the purchase
REV05949,P0117,C03687,5,2026-01-23,Excellent product
REV05950,P0019,C01116,3,2025-02-23,Decent for the price
REV05951,P0001,C02778,5,2026-01-14,Great quality and value
REV05952,P0110,C03137,3,2025-04-05,Average experience
REV05953,P0063,C00300,4,2025-09-18,Works as expected
REV05954,P0009,C00939,5,2025-08-16,Excellent product
REV05955,P0194,C04116,3,2025-12-14,
REV05956,P0094,C04700,5,2025-12-02,Excellent product
REV05957,P0164,C03502,3,2025-06-02,Decent for the price
REV05958,P0086,C03489,4,2025-12-06,Good product
REV05959,P0053,C03431,5,2026-01-16,Great quality and value
REV05960,P0027,C04158,4,2025-08-02,Happy with the purchase
REV05961,P0023,C01359,4,2025-02-16,Good product
REV05962,P0048,C00573,4,2025-12-26,Good product
REV05963,P0103,C02140,4,2025-04-11,Happy with the purchase
REV05964,P0023,C01155,4,2025-08-29,Good product
REV05965,P0065,C01702,5,2025-06-05,Great quality and value
REV05966,P0153,C00330,4,2026-01-15,Works as expected
REV05967,P0187,C02837,4,2025-03-06,Happy with the purchase
REV05968,P0178,C01961,4,2025-03-28,Happy with the purchase
REV05969,P0033,C02618,1,2025-05-08,Poor quality
REV05970,P0179,C04003,3,2025-12-02,Average experience
REV05971,P0131,C00356,4,2025-05-29,Good product
REV05972,P0053,C02292,3,2025-09-09,Decent for the price
REV05973,P0071,C01256,3,2026-01-17,Okay product
REV05974,P0186,C00700,4,2025-09-14,Good product
REV05975,P0134,C02525,3,2025-06-27,Okay product
REV05976,P0179,C00732,4,2025-09-07,Happy with the purchase
REV05977,P0107,C04292,4,2025-02-12,Good product
REV05978,P0045,C04479,5,2025-12-08,Excellent product
REV05979,P0197,C03540,5,2025-10-18,Really impressed
REV05980,P0104,C00005,4,2025-05-09,Good product
REV05981,P0158,C02204,4,2025-05-19,Works as expected
REV05982,P0085,C01842,2,2025-04-26,Average quality
REV05983,P0168,C04035,5,2025-07-16,Great quality and value
REV05984,P0050,C01852,4,2025-04-17,Good product
REV05985,P0024,C03207,5,2025-11-20,Great quality and value
REV05986,P0075,C02722,2,2025-11-19,Not fully satisfied
REV05987,P0132,C04685,4,2025-02-19,Works as expected
REV05988,P0049,C03872,5,2025-10-25,Excellent product
REV05989,P0100,C01306,5,2025-04-14,Really impressed
REV05990,P0189,C01414,4,2025-11-05,Works as expected
REV05991,P0096,C02927,3,2025-09-09,Average experience
REV05992,P0024,C01870,3,2025-11-11,Average experience
REV05993,P0024,C04327,4,2026-01-03,Works as expected
REV05994,P0032,C02802,5,2025-08-17,Great quality and value
REV05995,P0173,C00078,3,2025-02-27,Average experience
REV05996,P0081,C04886,5,2025-02-19,Really impressed
REV05997,P0029,C03838,5,2025-09-22,Great quality and value
REV05998,P0089,C02421,2,2025-03-25,Average quality
REV05999,P0034,C00884,3,2025-05-12,Okay product
REV06000,P0064,C00084,2,2025-12-20,Could be better
REV06001,P0054,C02097,5,2025-09-13,Excellent product
REV06002,P0060,C00026,4,2026-01-20,Happy with the purchase
REV06003,P0192,C02715,5,2025-07-23,Really impressed
REV06004,P0018,C02029,4,2025-03-25,Happy with the purchase
REV06005,P0004,C03498,5,2025-06-29,Great quality and value
REV06006,P0100,C02545,3,2025-12-28,Average experience
REV06007,P0023,C03930,5,2025-03-20,Great quality and value
REV06008,P0193,C04492,3,2025-12-02,Okay product
REV06009,P0099,C04435,5,2025-05-19,Really impressed
REV06010,P0059,C03292,2,2025-02-13,Average quality
REV06011,P0056,C02419,4,2025-02-19,Happy with the purchase
REV06012,P0046,C02965,5,2025-03-26,Excellent product
REV06013,P0192,C02835,4,2025-02-25,Happy with the purchase
REV06014,P0054,C03154,3,2025-11-29,Average experience
REV06015,P0086,C02158,5,2025-07-03,Really impressed
REV06016,P0152,C01039,4,2025-05-15,Works as expected
REV06017,P0037,C03904,2,2025-11-04,Average quality
REV06018,P0099,C03376,5,2025-06-02,Excellent product
REV06019,P0081,C03907,5,2025-06-12,Excellent product
REV06020,P0179,C02216,3,2025-03-21,Decent for the price
REV06021,P0114,C02227,5,2025-02-27,Really impressed
REV06022,P0087,C00989,4,2025-09-17,Happy with the purchase
REV06023,P0018,C04472,4,2025-10-13,Good product
REV06024,P0152,C03601,3,2025-09-06,Okay product
REV06025,P0118,C01763,4,2025-01-13,Works as expected
REV06026,P0050,C03983,1,2026-01-28,Not worth the price
REV06027,P0150,C02679,5,2025-09-16,Great quality and value
REV06028,P0176,C01875,5,2025-12-16,Really impressed
REV06029,P0091,C02689,4,2025-05-14,Works as expected
REV06030,P0020,C03647,2,2025-12-15,Average quality
REV06031,P0192,C03070,5,2025-05-05,Excellent product
REV06032,P0055,C04748,3,2025-10-19,Decent for the price
REV06033,P0075,C04881,2,2025-03-20,Average quality
REV06034,P0030,C03569,4,2025-09-08,Good product
REV06035,P0066,C00996,4,2025-03-07,Works as expected
REV06036,P0103,C02326,3,2025-09-25,Decent for the price
REV06037,P0110,C03831,4,2025-09-30,Happy with the purchase
REV06038,P0024,C01820,5,2025-03-10,Really impressed
REV06039,P0183,C01647,5,2025-04-30,Excellent product
REV06040,P0123,C02493,3,2025-08-01,Average experience
REV06041,P0142,C02606,5,2025-03-09,Excellent product
REV06042,P0093,C01872,4,2025-04-09,Happy with the purchase
REV06043,P0007,C00835,4,2025-04-14,Works as expected
REV06044,P0102,C04664,4,2025-12-30,Good product
REV06045,P0003,C01163,5,2025-08-21,Really impressed
REV06046,P0189,C00237,5,2025-09-02,Really impressed
REV06047,P0075,C00873,4,2025-04-13,Good product
REV06048,P0007,C01929,2,2025-07-22,Average quality
REV06049,P0082,C00040,5,2025-10-18,Great quality and value
REV06050,P0062,C04566,3,2025-04-08,Decent for the price
REV06051,P0005,C00641,4,2025-03-06,Good product
REV06052,P0128,C03078,4,2025-04-19,Works as expected
REV06053,P0025,C01447,4,2026-01-25,Good product
REV06054,P0052,C04566,5,2025-07-15,Excellent product
REV06055,P0188,C02031,3,2025-05-12,Average experience
REV06056,P0180,C04280,4,2025-02-13,Happy with the purchase
REV06057,P0124,C04338,4,2025-07-16,Works as expected
REV06058,P0192,C01342,4,2025-11-27,Works as expected
REV06059,P0130,C02475,5,2025-11-26,Excellent product
REV06060,P0129,C00548,4,2025-07-02,Good product
REV06061,P0079,C04837,2,2025-03-21,Average quality
REV06062,P0001,C03606,4,2025-12-08,Happy with the purchase
REV06063,P0063,C01214,6,2025-08-13,Good product
REV06064,P0151,C04591,4,2025-08-06,Good product
REV06065,P0041,C02979,4,2025-07-22,Good product
REV06066,P0009,C00043,4,2025-05-07,Happy with the purchase
REV06067,P0142,C04141,5,2025-03-14,Really impressed
REV06068,P0135,C00119,4,2025-04-11,Good product
REV06069,P0071,C01219,4,2025-06-12,Happy with the purchase
REV06070,P0010,C00960,4,2025-11-11,Happy with the purchase
REV06071,P0064,C01940,5,2025-07-27,Great quality and value
REV06072,P0072,C02645,4,2025-09-08,
REV06073,P0006,C04943,2,2025-05-17,Could be better
REV06074,P0027,C02248,3,2025-11-23,Decent for the price
REV06075,P0048,C01868,3,2025-07-11,Average experience
REV06076,P0153,C00554,2,2026-01-14,Not fully satisfied
REV06077,P0074,C01922,4,2025-04-26,Good product
REV06078,P0152,C02096,1,2025-10-16,Poor quality
REV06079,P0051,C04701,4,2025-11-12,Works as expected
REV06080,P0121,C01869,4,2025-10-04,Works as expected
REV06081,P0116,C00874,3,2025-08-19,Decent for the price
REV06082,P0061,C03138,5,2025-01-15,Excellent product
REV06083,P0097,C03163,3,2026-02-03,Average experience
REV06084,P0161,C03656,4,2025-10-07,Happy with the purchase
REV06085,P0104,C04505,1,2025-10-29,Not worth the price
REV06086,P0050,C04079,3,2025-07-03,Average experience
REV06087,P0184,C02754,4,2025-12-31,Good product
REV06088,P0036,C00428,3,2025-08-02,Average experience
REV06089,P0141,C03666,4,2025-06-26,Works as expected
REV06090,P0023,C03435,5,2025-10-07,Great quality and value
REV06091,P0047,C01436,2,2025-09-28,Not fully satisfied
REV06092,P0143,C03721,5,2025-06-27,Great quality and value
REV06093,P0066,C00063,4,2025-02-18,Good product
REV06094,P0085,C02212,5,2025-12-11,Excellent product
REV06095,P0137,C03218,4,2025-07-30,Happy with the purchase
REV06096,P0151,C04415,5,2025-01-31,Really impressed
REV06097,P0198,C00506,2,2025-09-30,Could be better
REV06098,P0062,C02921,4,2025-05-07,Good product
REV06099,P0049,C04224,4,2025-07-16,Works as expected
REV06100,P0017,C01859,5,2025-10-22,Really impressed
REV06101,P0067,C01568,4,2025-12-26,Happy with the purchase
REV06102,P0010,C03193,4,2025-09-14,Good product
REV06103,P0105,C01604,2,2025-08-04,
REV06104,P0001,C03332,5,2025-03-01,Really impressed
REV06105,P0110,C04263,4,2025-03-29,Good product
REV06106,P0032,C01165,3,2025-11-06,Decent for the price
REV06107,P0134,C02418,2,2025-08-01,Could be better
REV06108,P0030,C04079,3,2025-06-27,Decent for the price
REV06109,P0161,C00023,5,2025-05-19,Excellent product
REV06110,P0089,C00767,5,2025-08-21,Really impressed
REV06111,P0156,C01006,5,2025-05-14,Excellent product
REV06112,P0024,C00461,5,2025-06-13,Excellent product
REV06113,P0162,C03388,5,2025-03-17,Excellent product
REV06114,P0082,C00288,5,2025-08-28,Excellent product
REV06115,P0165,C03489,3,2025-03-28,Average experience
REV06116,P0095,C00696,5,2025-01-16,Excellent product
REV06117,P0011,C03680,4,2025-11-04,Works as expected
REV06118,P0127,C00789,4,2025-09-16,Happy with the purchase
REV06119,P0082,C01135,5,2026-01-03,Great quality and value
REV06120,P0011,C01631,2,2025-05-10,Average quality
REV06121,P0171,C02567,4,2025-08-21,Good product
REV06122,P0024,C04220,4,2025-11-19,Good product
REV06123,P0094,C03278,5,2025-02-13,Great quality and value
REV06124,P0029,C04039,4,2025-12-16,Happy with the purchase
REV06125,P0122,C00876,3,2026-01-24,Okay product
REV06126,P0128,C01223,2,2025-09-14,Average quality
REV06127,P0189,C04904,5,2025-07-24,Great quality and value
REV06128,P0180,C02082,4,2025-05-28,Happy with the purchase
REV06129,P0142,C04538,5,2025-03-28,Excellent product
REV06130,P0010,C02630,3,2025-09-21,Average experience
REV06131,P0045,C03267,5,2025-10-10,Really impressed
REV06132,P0189,C01036,3,2025-08-14,Okay product
REV06133,P0060,C02419,5,2025-11-28,Great quality and value
REV06134,P0061,C04805,2,2025-02-25,Average quality
REV06135,P0159,C01476,4,2025-05-01,Happy with the purchase
REV06136,P0059,C03521,5,2026-01-03,Excellent product
REV06137,P0164,C03062,3,2025-12-13,Decent for the price
REV06138,P0130,C01259,5,2025-06-02,Great quality and value
REV06139,P0108,C00965,5,2026-01-19,Great quality and value
REV06140,P0183,C04329,1,2025-03-17,Not worth the price
REV06141,P0090,C00184,3,2025-10-11,Okay product
REV06142,P0044,C00602,5,2025-11-09,Really impressed
REV06143,P0163,C02155,3,2025-12-07,Okay product
REV06144,P0013,C02609,5,2025-05-24,Really impressed
REV06145,P0074,C03942,4,2025-11-01,Good product
REV06146,P0182,C02928,3,2025-09-25,Average experience
REV06147,P0025,C03107,2,2025-10-23,Not fully satisfied
REV06148,P0056,C01676,3,2026-01-07,Decent for the price
REV06149,P0128,C01776,5,2025-07-26,Excellent product
REV06150,P0151,C02963,5,2026-01-07,Excellent product
REV06151,P0085,C00764,4,2025-08-04,Works as expected
REV06152,P0022,C01714,5,2025-08-18,Excellent product
REV06153,P0040,C01816,4,2025-02-22,Good product
REV06154,P0092,C00129,4,2025-12-18,Happy with the purchase
REV06155,P0196,C01118,3,2025-05-06,Decent for the price
REV06156,P0057,C03988,5,2025-11-26,Really impressed
REV06157,P0088,C00118,5,2025-05-10,Really impressed
REV06158,P0019,C00516,4,2025-04-12,Good product
REV06159,P0200,C03194,5,2025-12-25,Really impressed
REV06160,P0057,C04065,3,2026-01-03,Average experience
REV06161,P0099,C04329,2,2025-03-24,Average quality
REV06162,P0160,C02946,2,2025-03-24,Not fully satisfied
REV06163,P0190,C00458,3,2025-12-27,Okay product
REV06164,P0079,C02595,2,2025-09-25,Not fully satisfied
REV06165,P0144,C01599,5,2026-01-03,Great quality and value
REV06166,P0159,C01211,3,2025-12-30,Okay product
REV06167,P0175,C00994,4,2025-10-15,Good product
REV06168,P0025,C04623,4,2025-08-02,Works as expected
REV06169,P0026,C00552,3,2025-09-10,Average experience
REV06170,P0052,C04475,4,2025-05-08,Works as expected
REV06171,P0055,C03323,4,2025-10-07,Works as expected
REV06172,P0094,C02905,5,2025-10-20,Really impressed
REV06173,P0132,C01391,5,2025-09-26,Excellent product
REV06174,P0113,C02945,5,2025-11-30,Great quality and value
REV06175,P0049,C01092,1,2025-06-28,Very disappointing
REV06176,P0037,C02363,4,2025-08-08,Good product
REV06177,P0137,C03089,5,2025-04-19,Great quality and value
REV06178,P0136,C03261,4,2025-04-27,Works as expected
REV06179,P0012,C03793,1,2025-12-30,Not worth the price
REV06180,P0008,C03405,3,2025-09-24,Okay product
REV06181,P0195,C04974,3,2025-03-09,Okay product
REV06182,P0011,C02103,2,2025-08-23,Average quality
REV06183,P0019,C03237,5,2025-08-28,Really impressed
REV06184,P0184,C00571,5,2025-07-07,Excellent product
REV06185,P0079,C04002,4,2025-02-11,Works as expected
REV06186,P0100,C02192,5,2025-03-01,Really impressed
REV06187,P0026,C00173,4,2025-03-04,Works as expected
REV06188,P0161,C01912,4,2025-05-23,Good product
REV06189,P0019,C03990,4,2025-10-25,Works as expected
REV06190,P0058,C00098,5,2025-11-02,Really impressed
REV06191,P0013,C00659,3,2025-03-16,Decent for the price
REV06192,P0012,C01170,4,2025-08-21,Works as expected
REV06193,P0030,C02266,5,2025-11-26,Excellent product
REV06194,P0063,C03872,3,2025-09-11,Average experience
REV06195,P0007,C04999,1,2025-07-21,Very disappointing
REV06196,P0160,C03148,3,2025-06-04,Decent for the price
REV06197,P0122,C03684,4,2025-03-12,Works as expected
REV06198,P0061,C02313,3,2025-08-31,Okay product
REV06199,P0122,C00173,5,2025-09-14,Really impressed
REV06200,P0188,C01297,4,2025-11-27,Works as expected
REV06201,P0103,C04944,3,2025-09-22,Decent for the price
REV06202,P0129,C01373,3,2025-08-13,Okay product
REV06203,P0188,C03531,4,2025-02-15,Happy with the purchase
REV06204,P0170,C03702,5,2025-05-20,Really impressed
REV06205,P0051,C00576,4,2025-06-04,Good product
REV06206,P0052,C00588,4,2025-08-22,Works as expected
REV06207,P0125,C02258,4,2025-10-18,Good product
REV06208,P0140,C03541,4,2025-12-26,Works as expected
REV06209,P0151,C01319,3,2025-06-16,Average experience
REV06210,P0064,C00666,4,2025-03-30,Good product
REV06211,P0020,C00027,2,2025-12-20,Average quality
REV06212,P0188,C00139,4,2025-02-26,Happy with the purchase
REV06213,P0193,C02448,5,2025-10-14,Excellent product
REV06214,P0101,C04341,5,2025-12-23,Really impressed
REV06215,P0042,C03993,5,2025-02-02,Great quality and value
REV06216,P0115,C02843,3,2025-07-28,Decent for the price
REV06217,P0138,C03024,5,2025-12-29,Great quality and value
REV06218,P0079,C02891,4,2025-11-11,Works as expected
REV06219,P0003,C01044,5,2025-02-03,Excellent product
REV06220,P0005,C03187,3,2025-08-20,Decent for the price
REV06221,P0071,C03204,4,2025-05-09,Good product
REV06222,P0032,C00625,4,2025-04-01,Happy with the purchase
REV06223,P0048,C00403,1,2025-04-16,Very disappointing
REV06224,P0055,C01442,3,2025-10-13,Okay product
REV06225,P0067,C04568,1,2025-08-14,Poor quality
REV06226,P0050,C04090,5,2025-05-01,Excellent product
REV06227,P0138,C04732,5,2025-11-21,Great quality and value
REV06228,P0036,C00096,4,2026-01-02,Works as expected
REV06229,P0173,C03638,5,2025-04-26,Great quality and value
REV06230,P0189,C00744,2,2025-09-13,Could be better
REV06231,P0098,C01796,4,2025-08-06,Good product
REV06232,P0138,C02986,5,2025-10-29,Great quality and value
REV06233,P0179,C01583,1,2025-05-18,Not worth the price
REV06234,P0127,C03352,5,2025-04-23,Excellent product
REV06235,P0050,C02266,4,2026-01-23,Happy with the purchase
REV06236,P0110,C01945,4,2025-10-09,
REV06237,P0127,C01543,4,2025-04-01,Happy with the purchase
REV06238,P0157,C00186,5,2025-06-18,Excellent product
REV06239,P0157,C01175,5,2025-05-25,Really impressed
REV06240,P0072,C03882,5,2026-01-29,Excellent product
REV06241,P0012,C04108,3,2025-01-31,Average experience
REV06242,P0039,C04838,4,2025-06-10,Works as expected
REV06243,P0014,C02296,3,2025-08-27,Decent for the price
REV06244,P0099,C03124,3,2025-12-08,Decent for the price
REV06245,P0096,C04851,5,2025-11-25,Excellent product
REV06246,P0018,C01028,4,2025-02-07,Happy with the purchase
REV06247,P0048,C03669,3,2025-11-22,Decent for the price
REV06248,P0033,C01866,4,2025-12-04,Happy with the purchase
REV06249,P0185,C01068,2,2025-10-30,Could be better
REV06250,P0160,C00352,4,2025-07-17,Works as expected
REV06251,P0059,C01439,3,2025-02-17,Decent for the price
REV06252,P0175,C01090,5,2025-09-20,Really impressed
REV06253,P0131,C00282,5,2025-11-30,Really impressed
REV06254,P0016,C02176,4,2025-07-22,Happy with the purchase
REV06255,P0102,C01471,5,2025-05-03,Excellent product
REV06256,P0048,C01156,3,2025-02-13,Okay product
REV06257,P0155,C02972,1,2025-12-23,Very disappointing
REV06258,P0119,C02750,4,2025-10-08,Works as expected
REV06259,P0018,C03683,4,2026-01-17,Works as expected
REV06260,P0075,C02640,1,2026-01-03,Not worth the price
REV06261,P0126,C03197,5,2025-03-10,Excellent product
REV06262,P0198,C00359,1,2025-06-28,Very disappointing
REV06263,P0185,C01940,5,2025-09-18,Great quality and value
REV06264,P0064,C01571,3,2026-01-04,Average experience
REV06265,P0003,C01529,4,2025-09-07,Happy with the purchase
REV06266,P0124,C02462,4,2025-12-25,Works as expected
REV06267,P0056,C04446,4,2025-10-10,Happy with the purchase
REV06268,P0050,C00322,4,2025-05-24,
REV06269,P0090,C01524,4,2025-06-07,Works as expected
REV06270,P0042,C00432,4,2025-10-08,Happy with the purchase
REV06271,P0054,C01881,5,2025-03-31,Great quality and value
REV06272,P0088,C04777,5,2025-12-27,Really impressed
REV06273,P0134,C00601,5,2025-08-03,Really impressed
REV06274,P0131,C04292,5,2025-05-21,Really impressed
REV06275,P0151,C01139,1,2025-10-13,Very disappointing
REV06276,P0087,C03434,4,2026-01-05,Happy with the purchase
REV06277,P0144,C02675,4,2025-09-09,Works as expected
REV06278,P0057,C02096,4,2025-06-25,Good product
REV06279,P0160,C01313,5,2025-06-16,Great quality and value
REV06280,P0076,C04378,4,2025-04-12,Good product
REV06281,P0119,C03633,4,2025-02-20,Good product
REV06282,P0093,C02492,4,2025-10-24,Happy with the purchase
REV06283,P0122,C01984,4,2025-09-02,Works as expected
REV06284,P0191,C03856,3,2025-06-05,Decent for the price
REV06285,P0137,C03430,3,2025-11-21,Decent for the price
REV06286,P0177,C04865,4,2025-06-13,Good product
REV06287,P0050,C00715,5,2025-09-05,Excellent product
REV06288,P0054,C04125,5,2025-09-21,Really impressed
REV06289,P0120,C02266,4,2025-05-29,Good product
REV06290,P0025,C00375,5,2025-11-10,Great quality and value
REV06291,P0073,C04563,4,2025-05-03,Works as expected
REV06292,P0198,C03361,5,2025-12-01,Really impressed
REV06293,P0083,C02693,1,2025-06-02,Not worth the price
REV06294,P0079,C00357,2,2025-09-24,Average quality
REV06295,P0025,C02934,5,2025-07-22,Really impressed
REV06296,P0170,C00143,5,2025-05-30,Really impressed
REV06297,P0049,C02088,3,2026-01-22,Okay product
REV06298,P0168,C03179,4,2025-08-09,Works as expected
REV06299,P0106,C01318,3,2025-08-15,Decent for the price
REV06300,P0141,C02125,5,2025-05-26,Excellent product
REV06301,P0012,C04516,5,2025-06-20,Excellent product
REV06302,P0146,C04189,5,2025-11-18,Really impressed
REV06303,P0066,C01865,5,2026-01-05,Excellent product
REV06304,P0173,C03332,4,2025-11-08,Works as expected
REV06305,P0140,C03872,5,2025-04-20,Great quality and value
REV06306,P0126,C00160,2,2025-06-12,Not fully satisfied
REV06307,P0083,C02980,4,2025-08-24,Good product
REV06308,P0042,C01378,4,2025-02-14,Good product
REV06309,P0005,C02456,4,2025-10-03,Good product
REV06310,P0100,C01554,4,2025-04-18,Happy with the purchase
REV06311,P0165,C01431,4,2025-07-29,Good product
REV06312,P0053,C04350,5,2025-02-17,Really impressed
REV06313,P0067,C03675,2,2025-01-24,Could be better
REV06314,P0130,C04801,4,2025-01-10,Happy with the purchase
REV06315,P0160,C02887,4,2025-03-23,Good product
REV06316,P0086,C00366,2,2026-02-07,Could be better
REV06317,P0146,C03518,4,2025-08-05,Good product
REV06318,P0200,C01808,3,2025-01-30,Decent for the price
REV06319,P0090,C02308,4,2025-05-18,Good product
REV06320,P0041,C02637,3,2025-09-11,Okay product
REV06321,P0101,C04859,5,2025-08-24,Excellent product
REV06322,P0099,C02214,3,2025-06-24,Decent for the price
REV06323,P0027,C03768,5,2025-10-14,Really impressed
REV06324,P0033,C00406,4,2025-07-03,Happy with the purchase
REV06325,P0174,C00679,4,2025-10-01,Happy with the purchase
REV06326,P0003,C03125,5,2025-05-07,Excellent product
REV06327,P0002,C02772,5,2025-05-10,Excellent product
REV06328,P0168,C03263,2,2025-02-14,Could be better
REV06329,P0023,C01284,3,2025-07-27,Average experience
REV06330,P0010,C04501,3,2025-02-23,Decent for the price
REV06331,P0050,C00576,4,2025-05-31,Good product
REV06332,P0160,C01972,5,2025-07-09,Great quality and value
REV06333,P0194,C04596,5,2026-01-09,Excellent product
REV06334,P0121,C03244,2,2025-04-24,Average quality
REV06335,P0070,C03122,4,2025-03-03,Works as expected
REV06336,P0002,C04329,3,2026-01-01,Okay product
REV06337,P0178,C01464,5,2025-06-30,Really impressed
REV06338,P0170,C03065,1,2025-02-12,Not worth the price
REV06339,P0194,C00213,4,2025-05-02,Good product
REV06340,P0185,C04294,4,2025-12-11,Works as expected
REV06341,P0150,C01786,1,2025-08-11,Not worth the price
REV06342,P0091,C01358,4,2025-04-28,Happy with the purchase
REV06343,P0164,C04325,3,2025-07-15,Average experience
REV06344,P0010,C03677,5,2026-01-02,Excellent product
REV06345,P0072,C01502,4,2026-01-15,Works as expected
REV06346,P0192,C02608,4,2025-08-30,Happy with the purchase
REV06347,P0094,C00053,4,2025-06-16,Good product
REV06348,P0007,C01523,5,2025-06-21,Excellent product
REV06349,P0128,C01223,4,2025-07-19,Good product
REV06350,P0197,C00863,4,2025-03-08,Happy with the purchase
REV06351,P0104,C02936,1,2025-09-14,Very disappointing
REV06352,P0133,C03121,2,2025-03-13,Could be better
REV06353,P0154,C03236,3,2025-11-13,Average experience
REV06354,P0123,C02542,4,2025-03-19,Works as expected
REV06355,P0003,C03546,4,2026-01-03,Works as expected
REV06356,P0093,C01298,4,2025-11-17,Works as expected
REV06357,P0197,C00005,4,2025-02-22,Works as expected
REV06358,P0102,C01927,5,2025-10-30,Great quality and value
REV06359,P0089,C01078,4,2025-12-09,Happy with the purchase
REV06360,P0187,C03416,4,2025-11-26,Works as expected
REV06361,P0155,C00098,1,2025-07-07,Very disappointing
REV06362,P0046,C02555,4,2025-05-31,Good product
REV06363,P0034,C04269,5,2025-05-25,
REV06364,P0174,C03588,5,2025-11-05,Really impressed
REV06365,P0177,C04094,2,2025-06-24,Not fully satisfied
REV06366,P0116,C00755,3,2025-06-16,Okay product
REV06367,P0028,C01458,5,2025-02-07,Really impressed
REV06368,P0167,C02073,4,2025-02-26,Happy with the purchase
REV06369,P0058,C04536,5,2025-05-08,Excellent product
REV06370,P0080,C01419,3,2025-03-30,Average experience
REV06371,P0082,C04848,2,2025-08-10,Not fully satisfied
REV06372,P0010,C04055,5,2025-08-08,Great quality and value
REV06373,P0094,C00801,4,2025-09-30,Good product
REV06374,P0148,C03356,1,2025-03-06,Poor quality
REV06375,P0109,C02781,4,2025-03-30,Happy with the purchase
REV06376,P0172,C01716,3,2025-08-22,Average experience
REV06377,P0183,C00035,4,2025-12-09,Works as expected
REV06378,P0055,C00405,5,2026-01-10,Really impressed
REV06379,P0151,C04274,5,2025-04-13,Really impressed
REV06380,P0009,C00757,5,2025-11-02,Great quality and value
REV06381,P0142,C03979,5,2025-07-31,Really impressed
REV06382,P0086,C00655,4,2025-10-10,Works as expected
REV06383,P0194,C02112,5,2025-09-10,Excellent product
REV06384,P0066,C04939,4,2025-04-30,Works as expected
REV06385,P0160,C01099,4,2025-11-28,Good product
REV06386,P0073,C02688,4,2025-02-25,Good product
REV06387,P0117,C04991,5,2025-10-01,Great quality and value
REV06388,P0020,C04147,5,2025-08-05,Excellent product
REV06389,P0136,C03451,5,2025-06-08,Excellent product
REV06390,P0074,C01070,5,2025-12-31,Great quality and value
REV06391,P0066,C01341,1,2025-02-25,Not worth the price
REV06392,P0049,C00558,4,2025-03-13,Happy with the purchase
REV06393,P0135,C04007,4,2025-07-30,Good product
REV06394,P0036,C04588,4,2025-02-28,Works as expected
REV06395,P0125,C04087,5,2025-09-26,Really impressed
REV06396,P0122,C01020,5,2025-04-02,Great quality and value
REV06397,P0078,C04116,4,2025-07-25,Good product
REV06398,P0162,C03887,4,2025-03-24,Happy with the purchase
REV06399,P0147,C00173,4,2025-12-29,Good product
REV06400,P0005,C03460,5,2025-11-28,Really impressed
REV06401,P0019,C03493,5,2025-05-13,Excellent product
REV06402,P0097,C02323,4,2025-02-20,Good product
REV06403,P0021,C04647,5,2025-05-28,Really impressed
REV06404,P0130,C01425,4,2025-11-07,Good product
REV06405,P0012,C03032,2,2025-03-09,Could be better
REV06406,P0161,C04007,5,2025-10-08,Great quality and value
REV06407,P0070,C03306,3,2025-04-08,Decent for the price
REV06408,P0149,C00072,5,2025-07-25,Really impressed
REV06409,P0070,C04452,4,2025-11-01,Happy with the purchase
REV06410,P0180,C03940,4,2025-06-01,Works as expected
REV06411,P0044,C02391,4,2025-05-25,Happy with the purchase
REV06412,P0002,C01699,4,2025-04-21,Good product
REV06413,P0080,C02920,4,2025-11-09,Good product
REV06414,P0056,C01406,5,2025-10-29,Really impressed
REV06415,P0110,C04148,3,2025-12-13,Okay product
REV06416,P0157,C01187,4,2025-10-24,Happy with the purchase
REV06417,P0197,C04632,3,2025-12-30,Average experience
REV06418,P0155,C00112,4,2025-08-10,Works as expected
REV06419,P0036,C04678,5,2025-03-25,Excellent product
REV06420,P0163,C01795,5,2025-12-28,Great quality and value
REV06421,P0044,C03104,4,2025-12-10,Works as expected
REV06422,P0010,C01138,1,2025-04-26,Not worth the price
REV06423,P0183,C02026,4,2025-05-15,Good product
REV06424,P0076,C04205,4,2025-06-11,Good product
REV06425,P0190,C04493,3,2025-05-08,Okay product
REV06426,P0091,C01076,3,2025-09-29,Decent for the price
REV06427,P0177,C00359,4,2026-01-19,Works as expected
REV06428,P0142,C02558,3,2025-04-05,Okay product
REV06429,P0052,C03471,5,2026-01-13,Really impressed
REV06430,P0014,C01296,5,2025-08-23,Great quality and value
REV06431,P0025,C01787,5,2025-10-07,Excellent product
REV06432,P0103,C04671,1,2025-05-22,Poor quality
REV06433,P0122,C04892,2,2025-12-29,Could be better
REV06434,P0174,C02041,5,2025-05-02,Great quality and value
REV06435,P0078,C02774,5,2025-02-02,Excellent product
REV06436,P0019,C01479,5,2025-06-07,Really impressed
REV06437,P0077,C02436,4,2025-04-26,Happy with the purchase
REV06438,P0047,C01674,6,2025-07-27,Good product
REV06439,P0121,C04126,5,2025-11-25,Really impressed
REV06440,P0003,C00675,5,2025-04-19,Really impressed
REV06441,P0069,C01889,4,2026-02-01,Happy with the purchase
REV06442,P0073,C02289,5,2025-10-24,Really impressed
REV06443,P0157,C01318,2,2025-10-02,Average quality
REV06444,P0122,C02439,4,2025-05-10,Works as expected
REV06445,P0065,C02450,5,2025-11-20,Really impressed
REV06446,P0119,C00527,2,2025-06-18,Not fully satisfied
REV06447,P0086,C02515,5,2025-10-12,Excellent product
REV06448,P0133,C02784,5,2025-12-13,Really impressed
REV06449,P0090,C04551,3,2025-04-03,Average experience
REV06450,P0082,C04691,4,2025-04-29,Works as expected
REV06451,P0077,C02152,4,2025-02-23,Good product
REV06452,P0181,C00732,1,2025-09-20,Not worth the price
REV06453,P0078,C00011,3,2025-06-20,Decent for the price
REV06454,P0152,C02802,3,2026-01-14,Average experience
REV06455,P0060,C03626,4,2025-08-27,Works as expected
REV06456,P0059,C01699,5,2025-02-21,Excellent product
REV06457,P0093,C02927,5,2025-05-03,Really impressed
REV06458,P0087,C03167,4,2025-07-09,Good product
REV06459,P0084,C00578,4,2025-03-16,Happy with the purchase
REV06460,P0048,C00037,4,2025-05-16,Good product
REV06461,P0072,C01153,3,2025-03-31,Average experience
REV06462,P0045,C02921,5,2026-01-27,Really impressed
REV06463,P0175,C01962,1,2025-05-23,Poor quality
REV06464,P0061,C01963,4,2025-10-06,Good product
REV06465,P0060,C02565,4,2025-08-18,Happy with the purchase
REV06466,P0188,C03170,4,2025-11-29,Good product
REV06467,P0105,C03898,5,2025-02-01,Great quality and value
REV06468,P0046,C04083,3,2025-07-11,Okay product
REV06469,P0122,C03183,2,2025-09-29,Average quality
REV06470,P0182,C03425,4,2025-07-10,Good product
REV06471,P0158,C02647,5,2025-09-20,Great quality and value
REV06472,P0021,C02671,1,2025-02-08,
REV06473,P0183,C02000,4,2025-05-08,Good product
REV06474,P0010,C02421,5,2025-10-10,Excellent product
REV06475,P0041,C01577,5,2025-11-24,Great quality and value
REV06476,P0130,C03278,2,2025-03-10,Average quality
REV06477,P0103,C02333,5,2025-11-19,Really impressed
REV06478,P0066,C04759,5,2025-12-20,Really impressed
REV06479,P0047,C04720,5,2025-07-02,Excellent product
REV06480,P0184,C01307,5,2025-03-04,
REV06481,P0038,C03940,4,2025-06-01,Good product
REV06482,P0073,C03000,5,2025-09-23,Great quality and value
REV06483,P0029,C01617,4,2025-04-06,Works as expected
REV06484,P0159,C01548,5,2025-03-04,Excellent product
REV06485,P0091,C01553,5,2025-06-20,Really impressed
REV06486,P0188,C00209,4,2025-04-30,Works as expected
REV06487,P0078,C01909,3,2025-10-18,Okay product
REV06488,P0155,C01426,4,2025-12-07,Good product
REV06489,P0039,C01224,5,2025-07-20,Really impressed
REV06490,P0082,C01910,5,2025-04-22,Great quality and value
REV06491,P0172,C01657,5,2025-07-06,Excellent product
REV06492,P0171,C04481,2,2025-12-13,Could be better
REV06493,P0087,C00576,4,2025-05-11,Good product
REV06494,P0013,C02978,4,2026-01-13,Works as expected
REV06495,P0147,C02408,2,2025-11-03,Average quality
REV06496,P0075,C00891,4,2025-08-03,Good product
REV06497,P0152,C01607,4,2025-02-25,Good product
REV06498,P0019,C03440,5,2025-11-12,Really impressed
REV06499,P0014,C00392,5,2025-07-16,Great quality and value
REV06500,P0035,C02442,5,2025-05-30,Really impressed
REV06501,P0161,C03986,4,2025-08-04,Good product
REV06502,P0036,C03721,3,2025-03-07,Average experience
REV06503,P0125,C02960,5,2025-06-15,Really impressed
REV06504,P0062,C00168,4,2025-05-18,Happy with the purchase
REV06505,P0088,C00337,4,2025-05-07,Works as expected
REV06506,P0020,C02292,4,2025-07-15,Works as expected
REV06507,P0054,C00273,4,2026-01-05,Happy with the purchase
REV06508,P0105,C02230,4,2025-08-16,Works as expected
REV06509,P0200,C04005,4,2025-07-31,Good product
REV06510,P0001,C01647,4,2025-07-03,Works as expected
REV06511,P0162,C04925,5,2025-09-06,Great quality and value
REV06512,P0028,C00472,1,2025-02-17,Poor quality
REV06513,P0021,C04128,4,2025-12-06,Works as expected
REV06514,P0004,C00004,5,2025-09-15,Really impressed
REV06515,P0175,C03584,5,2025-10-21,Excellent product
REV06516,P0106,C03777,6,2025-05-06,Not fully satisfied
REV06517,P0147,C00843,4,2025-04-09,Works as expected
REV06518,P0131,C01190,4,2025-05-02,Good product
REV06519,P0129,C02805,5,2025-11-02,Great quality and value
REV06520,P0014,C02157,5,2025-09-11,Really impressed
REV06521,P0021,C02005,,2025-12-04,Excellent product
REV06522,P0101,C04105,3,2025-07-01,Average experience
REV06523,P0156,C01765,3,2025-04-11,Average experience
REV06524,P0054,C00719,3,2025-07-31,Decent for the price
REV06525,P0106,C01185,5,2025-06-22,Great quality and value
REV06526,P0027,C02343,4,2025-05-08,Works as expected
REV06527,P0169,C04751,3,2025-04-26,Decent for the price
REV06528,P0166,C03408,5,2025-06-13,Great quality and value
REV06529,P0132,C04779,5,2025-03-09,Really impressed
REV06530,P0060,C04192,5,2025-03-24,Excellent product
REV06531,P0104,C04344,4,2025-06-12,Good product
REV06532,P0035,C03637,4,2025-10-22,Happy with the purchase
REV06533,P0148,C02140,3,2025-10-02,Average experience
REV06534,P0138,C00388,3,2025-05-28,Decent for the price
REV06535,P0187,C02926,5,2025-06-07,Excellent product
REV06536,P0080,C01517,2,2025-06-19,Could be better
REV06537,P0050,C00203,4,2025-05-05,Happy with the purchase
REV06538,P0153,C02612,4,2025-04-23,Works as expected
REV06539,P0054,C00325,4,2025-07-24,Happy with the purchase
REV06540,P0195,C03235,5,2025-05-24,Really impressed
REV06541,P0056,C03784,4,2025-03-20,Good product
REV06542,P0117,C02298,4,2025-04-15,Good product
REV06543,P0010,C03563,5,2025-04-25,Excellent product
REV06544,P0164,C02811,2,2025-08-25,Not fully satisfied
REV06545,P0059,C02367,4,2025-04-14,Works as expected
REV06546,P0028,C04436,5,2025-07-10,Great quality and value
REV06547,P0045,C04542,4,2025-07-04,Works as expected
REV06548,P0171,C01673,5,2025-05-20,Great quality and value
REV06549,P0061,C02930,2,2025-06-16,Average quality
REV06550,P0160,C00015,5,2025-06-01,Great quality and value
REV06551,P0117,C04683,2,2025-10-07,Not fully satisfied
REV06552,P0110,C02695,4,2025-09-01,Good product
REV06553,P0149,C00920,5,2025-10-27,Excellent product
REV06554,P0016,C00939,5,2025-05-03,Excellent product
REV06555,P0198,C04095,5,2025-02-28,Excellent product
REV06556,P0109,C01391,4,2025-02-20,Works as expected
REV06557,P0118,C04811,3,2025-07-13,Okay product
REV06558,P0010,C04641,1,2025-02-13,Not worth the price
REV06559,P0058,C02456,5,2025-02-11,Excellent product
REV06560,P0010,C01300,4,2025-10-06,Good product
REV06561,P0087,C02195,4,2025-08-31,Good product
REV06562,P0109,C04746,5,2025-03-06,Really impressed
REV06563,P0156,C01159,2,2025-06-03,Not fully satisfied
REV06564,P0108,C00768,3,2025-10-08,Average experience
REV06565,P0026,C00247,3,2025-11-11,Average experience
REV06566,P0053,C00580,5,2025-11-24,Great quality and value
REV06567,P0007,C01865,5,2025-07-23,Great quality and value
REV06568,P0070,C03472,3,2026-01-01,Average experience
REV06569,P0172,C04719,4,2025-05-22,Good product
REV06570,P0194,C04078,4,2025-09-22,Good product
REV06571,P0100,C03340,3,2025-05-31,Average experience
REV06572,P0182,C03543,3,2025-01-14,Average experience
REV06573,P0048,C02257,4,2025-12-08,
REV06574,P0151,C03720,5,2025-11-30,Really impressed
REV06575,P0188,C02382,5,2025-10-15,Great quality and value
REV06576,P0131,C03270,3,2025-12-06,Decent for the price
REV06577,P0122,C00959,1,2025-03-31,Not worth the price
REV06578,P0020,C00140,2,2025-12-05,Could be better
REV06579,P0155,C03624,3,2025-06-13,Average experience
REV06580,P0032,C00824,5,2025-07-12,Great quality and value
REV06581,P0067,C02079,5,2025-05-20,Excellent product
REV06582,P0079,C04407,3,2025-06-06,Decent for the price
REV06583,P0097,C00443,4,2025-11-24,Good product
REV06584,P0058,C02790,2,2025-06-08,Average quality
REV06585,P0058,C03395,5,2025-09-01,Great quality and value
REV06586,P0147,C03865,2,2025-06-09,Not fully satisfied
REV06587,P0047,C03314,4,2025-02-11,Works as expected
REV06588,P0165,C02189,,2025-09-19,Decent for the price
REV06589,P0145,C03722,5,2025-09-08,Great quality and value
REV06590,P0102,C02813,2,2025-12-07,Average quality
REV06591,P0197,C00617,3,2025-08-31,Decent for the price
REV06592,P0020,C02531,3,2025-06-24,Decent for the price
REV06593,P0181,C01557,5,2025-04-01,Great quality and value
REV06594,P0197,C03011,2,2025-10-28,Not fully satisfied
REV06595,P0085,C04027,5,2025-07-10,Really impressed
REV06596,P0116,C01244,5,2025-04-15,Great quality and value
REV06597,P0084,C01731,3,2025-04-28,Average experience
REV06598,P0001,C03604,3,2025-09-30,Decent for the price
REV06599,P0194,C02863,4,2025-12-04,Good product
REV06600,P0021,C03593,5,2025-06-10,Really impressed
REV06601,P0166,C04774,5,2026-01-18,Really impressed
REV06602,P0017,C04679,5,2025-05-09,Excellent product
REV06603,P0033,C03807,5,2025-05-08,Excellent product
REV06604,P0044,C00409,5,2025-04-13,Excellent product
REV06605,P0006,C04571,4,2025-02-18,Good product
REV06606,P0077,C02748,4,2025-07-21,Works as expected
REV06607,P0169,C01237,3,2025-05-30,Average experience
REV06608,P0087,C04955,4,2025-08-22,Works as expected
REV06609,P0038,C02099,4,2025-03-01,Happy with the purchase
REV06610,P0063,C03602,2,2025-09-22,Not fully satisfied
REV06611,P0192,C02868,5,2025-04-18,Great quality and value
REV06612,P0130,C02744,2,2025-04-29,Average quality
REV06613,P0027,C00788,4,2025-03-17,Works as expected
REV06614,P0189,C04651,4,2025-06-03,Works as expected
REV06615,P0039,C02472,5,2025-08-25,Excellent product
REV06616,P0076,C04251,4,2025-11-26,
REV06617,P0190,C03713,3,2026-01-01,Average experience
REV06618,P0020,C03940,1,2025-11-12,Not worth the price
REV06619,P0130,C04033,4,2025-11-04,Works as expected
REV06620,P0020,C02905,3,2025-09-20,Okay product
REV06621,P0034,C03132,1,2025-02-16,Very disappointing
REV06622,P0014,C04840,5,2025-06-01,Great quality and value
REV06623,P0047,C03041,4,2025-11-10,Works as expected
REV06624,P0031,C04775,2,2025-04-02,Average quality
REV06625,P0004,C04044,4,2025-05-27,Happy with the purchase
REV06626,P0167,C04526,4,2025-06-26,Good product
REV06627,P0044,C00926,3,2025-08-10,Decent for the price
REV06628,P0136,C03342,5,2025-03-10,Great quality and value
REV06629,P0130,C03587,5,2025-03-30,Great quality and value
REV06630,P0198,C03522,4,2025-05-19,Happy with the purchase
REV06631,P0187,C04084,5,2025-12-23,Really impressed
REV06632,P0052,C00280,5,2025-01-20,Excellent product
REV06633,P0090,C04864,3,2025-05-05,Okay product
REV06634,P0021,C01342,4,2025-03-21,Happy with the purchase
REV06635,P0059,C02245,3,2025-02-07,Okay product
REV06636,P0136,C01450,2,2025-03-15,Not fully satisfied
REV06637,P0194,C00215,5,2025-08-08,Really impressed
REV06638,P0073,C02604,4,2026-01-10,Works as expected
REV06639,P0019,C02831,3,2025-08-16,Okay product
REV06640,P0162,C01053,3,2025-12-29,Decent for the price
REV06641,P0096,C03372,2,2025-05-23,Not fully satisfied
REV06642,P0164,C03375,4,2025-10-11,Happy with the purchase
REV06643,P0156,C03555,4,2025-09-01,Good product
REV06644,P0131,C01232,5,2025-10-10,Great quality and value
REV06645,P0186,C01994,4,2026-01-05,Good product
REV06646,P0173,C01608,3,2025-11-29,Decent for the price
REV06647,P0112,C01258,3,2025-02-13,Okay product
REV06648,P0184,C04490,4,2025-10-25,Happy with the purchase
REV06649,P0168,C03773,3,2025-10-31,Decent for the price
REV06650,P0145,C01996,5,2025-12-13,Excellent product
REV06651,P0091,C04944,2,2026-01-02,Could be better
REV06652,P0023,C01481,3,2025-04-17,Decent for the price
REV06653,P0166,C03917,1,2025-07-17,Very disappointing
REV06654,P0136,C00926,3,2025-03-26,Okay product
REV06655,P0013,C02078,2,2025-05-30,Could be better
REV06656,P0111,C03798,2,2025-04-08,Could be better
REV06657,P0199,C00244,5,2025-09-13,Great quality and value
REV06658,P0188,C00054,5,2025-11-02,Really impressed
REV06659,P0115,C00322,4,2025-06-25,Good product
REV06660,P0044,C04262,4,2025-03-04,Happy with the purchase
REV06661,P0108,C03531,4,2025-11-26,Happy with the purchase
REV06662,P0123,C00300,5,2025-03-13,Excellent product
REV06663,P0021,C03711,4,2025-08-09,Good product
REV06664,P0157,C00123,3,2025-07-21,Decent for the price
REV06665,P0108,C04767,4,2026-01-12,Works as expected
REV06666,P0074,C04305,3,2025-03-26,
REV06667,P0002,C00242,4,2025-12-05,Good product
REV06668,P0152,C04015,5,2025-02-06,Great quality and value
REV06669,P0144,C03336,5,2025-11-15,Excellent product
REV06670,P0174,C04742,3,2025-03-25,Average experience
REV06671,P0102,C02689,5,2025-03-27,Excellent product
REV06672,P0114,C01068,4,2025-12-05,Happy with the purchase
REV06673,P0070,C01413,5,2026-01-11,Great quality and value
REV06674,P0096,C04627,4,2025-05-16,Good product
REV06675,P0015,C00899,3,2025-10-03,Average experience
REV06676,P0027,C00090,4,2025-04-16,Good product
REV06677,P0135,C03353,4,2025-11-13,Works as expected
REV06678,P0102,C03365,4,2025-12-15,Good product
REV06679,P0176,C00051,4,2026-02-02,Happy with the purchase
REV06680,P0002,C00269,4,2025-08-24,Happy with the purchase
REV06681,P0199,C04582,5,2025-07-25,Great quality and value
REV06682,P0129,C00084,3,2025-01-26,Okay product
REV06683,P0200,C01099,2,2025-03-23,Not fully satisfied
REV06684,P0143,C04267,4,2025-12-20,Happy with the purchase
REV06685,P0195,C00485,2,2025-02-23,Average quality
REV06686,P0190,C01857,3,2025-05-03,Decent for the price
REV06687,P0011,C03247,3,2025-04-15,Average experience
REV06688,P0168,C00643,2,2025-08-12,Not fully satisfied
REV06689,P0163,C00514,4,2025-07-15,Good product
REV06690,P0122,C03124,5,2025-08-19,Great quality and value
REV06691,P0140,C03354,5,2026-01-23,Really impressed
REV06692,P0059,C01496,5,2025-07-25,Great quality and value
REV06693,P0078,C00904,4,2025-11-03,Good product
REV06694,P0119,C01529,4,2025-06-06,Good product
REV06695,P0164,C02940,5,2025-02-21,Excellent product
REV06696,P0106,C04597,2,2026-01-08,Not fully satisfied
REV06697,P0131,C01070,4,2026-01-01,Good product
REV06698,P0161,C00873,4,2025-01-22,Works as expected
REV06699,P0143,C04515,4,2025-02-24,Works as expected
REV06700,P0174,C04667,2,2025-02-23,Average quality
REV06701,P0162,C04738,4,2025-10-13,Works as expected
REV06702,P0097,C03668,3,2026-01-01,Decent for the price
REV06703,P0043,C04504,3,2025-08-23,Okay product
REV06704,P0002,C00348,4,2025-04-15,Works as expected
REV06705,P0153,C04541,6,2025-08-15,Great quality and value
REV06706,P0049,C00114,5,2025-05-23,Great quality and value
REV06707,P0052,C03072,4,2025-09-30,Happy with the purchase
REV06708,P0094,C04273,1,2025-12-11,Very disappointing
REV06709,P0194,C03794,5,2025-07-05,Really impressed
REV06710,P0074,C02787,3,2025-10-11,Average experience
REV06711,P0162,C01079,3,2025-04-20,Okay product
REV06712,P0024,C03780,4,2025-07-02,Good product
REV06713,P0088,C01202,5,2026-01-05,Excellent product
REV06714,P0049,C04626,5,2025-08-21,
REV06715,P0123,C00870,4,2025-06-05,Happy with the purchase
REV06716,P0009,C03108,4,2025-10-09,Good product
REV06717,P0093,C02451,3,2025-11-07,Average experience
REV06718,P0159,C02342,4,2025-09-01,Works as expected
REV06719,P0030,C00132,4,2025-02-21,Good product
REV06720,P0058,C02945,5,2025-10-17,Excellent product
REV06721,P0085,C00463,5,2025-07-01,Great quality and value
REV06722,P0177,C02570,4,2025-03-23,Happy with the purchase
REV06723,P0165,C01374,4,2025-03-09,Good product
REV06724,P0073,C00884,4,2025-11-23,Works as expected
REV06725,P0173,C04328,4,2025-12-16,Good product
REV06726,P0179,C02433,4,2026-01-25,Happy with the purchase
REV06727,P0036,C03533,5,2025-03-05,Really impressed
REV06728,P0084,C01550,4,2026-01-07,Works as expected
REV06729,P0136,C04025,3,2025-04-02,Average experience
REV06730,P0159,C03138,5,2025-06-09,Really impressed
REV06731,P0157,C00481,5,2025-05-03,Really impressed
REV06732,P0036,C04649,5,2025-04-18,Great quality and value
REV06733,P0166,C02083,4,2025-07-02,Works as expected
REV06734,P0166,C01828,5,2025-11-22,Excellent product
REV06735,P0100,C03805,5,2025-05-07,Great quality and value
REV06736,P0128,C04185,3,2025-05-27,Average experience
REV06737,P0065,C03243,5,2025-11-19,Great quality and value
REV06738,P0081,C04533,5,2025-11-01,Great quality and value
REV06739,P0176,C03227,5,2025-02-01,Great quality and value
REV06740,P0119,C00705,5,2025-02-15,Great quality and value
REV06741,P0042,C01904,5,2025-12-10,Really impressed
REV06742,P0039,C03315,4,2025-11-08,Happy with the purchase
REV06743,P0027,C04540,5,2025-02-24,Great quality and value
REV06744,P0187,C00617,5,2025-03-17,Great quality and value
REV06745,P0145,C01038,5,2025-08-09,Really impressed
REV06746,P0045,C00266,4,2025-04-02,Good product
REV06747,P0185,C02157,4,2025-07-23,Good product
REV06748,P0131,C01804,2,2025-04-05,Not fully satisfied
REV06749,P0022,C00677,2,2025-08-14,Could be better
REV06750,P0024,C01825,4,2026-01-08,Happy with the purchase
REV06751,P0021,C01699,5,2025-12-27,Excellent product
REV06752,P0184,C00881,4,2025-02-12,Happy with the purchase
REV06753,P0049,C01290,4,2025-08-09,Good product
REV06754,P0154,C02385,5,2025-04-20,Really impressed
REV06755,P0011,C01460,1,2025-06-12,Poor quality
REV06756,P0121,C00007,5,2025-11-08,Really impressed
REV06757,P0043,C00172,1,2025-06-22,Poor quality
REV06758,P0064,C02202,4,2025-07-11,Works as expected
REV06759,P0007,C00778,5,2025-10-28,Great quality and value
REV06760,P0085,C02057,4,2025-08-14,Works as expected
REV06761,P0125,C01259,4,2025-04-03,Good product
REV06762,P0097,C01971,4,2025-08-24,Works as expected
REV06763,P0079,C00104,5,2025-12-14,Great quality and value
REV06764,P0166,C03789,3,2025-03-22,Okay product
REV06765,P0034,C04239,5,2025-06-03,Great quality and value
REV06766,P0008,C00702,2,2025-03-14,Not fully satisfied
REV06767,P0143,C02603,4,2025-04-06,Works as expected
REV06768,P0022,C03204,3,2025-05-13,Decent for the price
REV06769,P0131,C02681,5,2026-01-23,Really impressed
REV06770,P0200,C03245,4,2025-05-23,Good product
REV06771,P0145,C00813,4,2025-07-27,Happy with the purchase
REV06772,P0167,C02052,4,2025-07-15,Good product
REV06773,P0102,C00808,5,2025-03-19,Great quality and value
REV06774,P0055,C01976,3,2025-02-14,Decent for the price
REV06775,P0126,C02567,5,2025-04-10,Really impressed
REV06776,P0059,C01031,4,2025-10-02,Happy with the purchase
REV06777,P0049,C01875,2,2025-06-07,Average quality
REV06778,P0074,C02537,5,2025-05-20,Great quality and value
REV06779,P0144,C00144,4,2025-04-17,Happy with the purchase
REV06780,P0144,C01868,5,2025-09-10,Excellent product
REV06781,P0135,C04513,4,2025-02-09,Good product
REV06782,P0180,C00834,5,2025-09-10,Great quality and value
REV06783,P0139,C03893,5,2025-05-24,Really impressed
REV06784,P0198,C01779,5,2025-03-07,Great quality and value
REV06785,P0067,C04141,4,2025-11-13,Happy with the purchase
REV06786,P0023,C03706,4,2025-08-16,Happy with the purchase
REV06787,P0058,C03592,3,2025-06-03,Decent for the price
REV06788,P0034,C00501,4,2025-11-07,Good product
REV06789,P0154,C03773,5,2025-12-18,Really impressed
REV06790,P0178,C00196,4,2025-09-23,Works as expected
REV06791,P0013,C02600,4,2026-01-11,Happy with the purchase
REV06792,P0046,C03995,3,2025-09-13,Decent for the price
REV06793,P0060,C00934,2,2025-04-28,Average quality
REV06794,P0011,C00519,5,2025-12-17,Great quality and value
REV06795,P0123,C02297,4,2025-04-05,Good product
REV06796,P0153,C01525,5,2025-06-13,Excellent product
REV06797,P0094,C01885,4,2025-06-12,Works as expected
REV06798,P0171,C00852,5,2025-04-16,Excellent product
REV06799,P0164,C04968,1,2025-05-17,Very disappointing
REV06800,P0095,C00493,1,2025-02-24,Poor quality
REV06801,P0067,C02306,4,2025-02-11,Happy with the purchase
REV06802,P0188,C02381,4,2025-06-12,Good product
REV06803,P0130,C03879,5,2025-10-28,Great quality and value
REV06804,P0185,C03587,4,2025-03-07,Works as expected
REV06805,P0064,C04915,4,2025-05-17,Works as expected
REV06806,P0153,C01597,5,2025-03-01,Really impressed
REV06807,P0055,C03097,4,2025-09-17,Works as expected
REV06808,P0115,C04447,5,2025-05-05,Really impressed
REV06809,P0034,C04299,5,2025-03-26,Really impressed
REV06810,P0126,C04087,4,2025-07-25,Works as expected
REV06811,P0131,C03406,5,2025-11-16,Excellent product
REV06812,P0012,C03270,4,2025-10-16,Good product
REV06813,P0017,C01670,3,2025-05-16,Decent for the price
REV06814,P0060,C03160,5,2025-12-09,Great quality and value
REV06815,P0020,C03376,4,2025-07-08,Good product
REV06816,P0027,C03870,1,2025-11-11,Not worth the price
REV06817,P0098,C04735,4,2025-08-03,Happy with the purchase
REV06818,P0056,C02136,5,2025-01-20,Excellent product
REV06819,P0190,C02330,4,2025-08-10,Works as expected
REV06820,P0084,C04791,3,2025-06-23,Average experience
REV06821,P0086,C03964,5,2025-03-27,Great quality and value
REV06822,P0070,C01850,1,2025-09-17,Very disappointing
REV06823,P0083,C04505,5,2025-09-11,Excellent product
REV06824,P0117,C03771,5,2025-08-17,Excellent product
REV06825,P0156,C04740,4,2025-03-27,Happy with the purchase
REV06826,P0053,C04082,5,2025-01-31,Really impressed
REV06827,P0035,C02436,1,2026-01-30,Not worth the price
REV06828,P0198,C02990,5,2025-11-05,Really impressed
REV06829,P0118,C00287,2,2025-05-03,Could be better
REV06830,P0188,C01298,5,2025-12-27,Great quality and value
REV06831,P0200,C02776,5,2025-06-15,Excellent product
REV06832,P0144,C02504,4,2025-08-02,Happy with the purchase
REV06833,P0063,C02479,3,2025-03-31,Average experience
REV06834,P0169,C04557,5,2025-01-31,Really impressed
REV06835,P0194,C02097,4,2025-07-09,Happy with the purchase
REV06836,P0096,C00503,4,2025-12-02,Works as expected
REV06837,P0005,C01605,3,2025-06-30,Decent for the price
REV06838,P0112,C01670,2,2025-08-22,Could be better
REV06839,P0008,C00040,5,2025-03-21,Really impressed
REV06840,P0100,C01892,4,2025-04-20,Works as expected
REV06841,P0196,C00972,4,2025-03-30,Works as expected
REV06842,P0101,C03302,4,2025-07-24,Works as expected
REV06843,P0085,C02775,2,2025-01-15,
REV06844,P0061,C00128,5,2025-03-07,Excellent product
REV06845,P0002,C00474,4,2025-12-26,Good product
REV06846,P0072,C00797,5,2025-11-12,Great quality and value
REV06847,P0156,C00598,2,2025-05-28,Average quality
REV06848,P0125,C01279,3,2025-04-24,Decent for the price
REV06849,P0159,C01121,3,2025-05-20,Decent for the price
REV06850,P0027,C01553,4,2025-12-30,Good product
REV06851,P0164,C04274,5,2025-10-03,Great quality and value
REV06852,P0098,C00411,5,2025-08-17,Really impressed
REV06853,P0139,C04963,2,2025-04-16,Could be better
REV06854,P0054,C00267,4,2025-02-15,Works as expected
REV06855,P0084,C03898,4,2025-06-03,Happy with the purchase
REV06856,P0123,C00857,2,2025-08-07,Average quality
REV06857,P0150,C03667,2,2025-02-23,Could be better
REV06858,P0151,C03980,4,2025-05-02,Works as expected
REV06859,P0057,C02990,5,2025-11-02,Great quality and value
REV06860,P0055,C03438,5,2025-02-19,Great quality and value
REV06861,P0125,C03728,5,2025-04-16,Excellent product
REV06862,P0103,C00444,4,2025-02-10,Happy with the purchase
REV06863,P0162,C02557,1,2025-09-26,Poor quality
REV06864,P0044,C01358,4,2025-09-12,Works as expected
REV06865,P0131,C03895,3,2025-11-16,Decent for the price
REV06866,P0106,C00007,3,2025-03-18,Decent for the price
REV06867,P0124,C03835,3,2026-01-12,Okay product
REV06868,P0052,C04871,4,2025-09-20,Good product
REV06869,P0055,C04389,5,2025-11-28,Really impressed
REV06870,P0074,C04927,4,2025-12-26,Works as expected
REV06871,P0156,C02306,5,2025-07-09,Great quality and value
REV06872,P0148,C00597,3,2025-10-27,Decent for the price
REV06873,P0136,C03188,4,2025-03-15,Works as expected
REV06874,P0041,C04772,4,2025-12-25,Good product
REV06875,P0113,C03240,4,2025-11-19,Good product
REV06876,P0135,C00714,5,2025-02-25,Excellent product
REV06877,P0063,C04485,4,2025-03-03,Works as expected
REV06878,P0198,C03459,2,2025-07-25,Not fully satisfied
REV06879,P0113,C04474,2,2025-02-13,Could be better
REV06880,P0149,C04447,4,2025-11-24,Happy with the purchase
REV06881,P0153,C02258,4,2025-04-20,Happy with the purchase
REV06882,P0015,C03317,1,2025-02-14,Not worth the price
REV06883,P0166,C01345,5,2025-12-09,Great quality and value
REV06884,P0134,C04072,3,2025-01-14,Okay product
REV06885,P0076,C02838,4,2025-04-29,Works as expected
REV06886,P0197,C01391,4,2025-11-21,Works as expected
REV06887,P0017,C02942,5,2025-03-24,Excellent product
REV06888,P0062,C02411,3,2025-09-24,Decent for the price
REV06889,P0079,C02933,5,2025-05-28,Excellent product
REV06890,P0104,C02302,5,2025-10-21,Really impressed
REV06891,P0184,C03128,3,2025-12-05,Average experience
REV06892,P0178,C01433,4,2025-03-09,Works as expected
REV06893,P0115,C00196,1,2025-08-11,Very disappointing
REV06894,P0004,C00578,4,2025-08-28,Good product
REV06895,P0150,C02229,5,2026-01-01,Really impressed
REV06896,P0101,C04343,4,2025-11-20,Good product
REV06897,P0104,C00638,3,2025-10-30,Average experience
REV06898,P0135,C02647,3,2025-03-11,Average experience
REV06899,P0134,C00919,3,2025-09-20,Decent for the price
REV06900,P0079,C02068,4,2025-12-05,Happy with the purchase
REV06901,P0087,C01907,4,2025-06-28,Good product
REV06902,P0169,C01302,3,2025-04-06,Decent for the price
REV06903,P0195,C04719,4,2025-07-14,Good product
REV06904,P0106,C00795,2,2025-07-07,Not fully satisfied
REV06905,P0143,C00266,1,2025-04-02,Poor quality
REV06906,P0075,C03198,5,2025-01-28,Excellent product
REV06907,P0171,C00422,4,2025-10-08,Works as expected
REV06908,P0135,C03625,4,2025-10-27,Happy with the purchase
REV06909,P0161,C01756,3,2025-02-14,Okay product
REV06910,P0106,C02400,3,2025-04-29,Okay product
REV06911,P0010,C03673,4,2025-03-11,Good product
REV06912,P0139,C03430,5,2025-11-27,Great quality and value
REV06913,P0176,C01855,5,2025-09-05,Great quality and value
REV06914,P0105,C02084,6,2025-08-15,Average experience
REV06915,P0025,C01346,4,2025-07-02,Happy with the purchase
REV06916,P0132,C01854,5,2025-04-11,Excellent product
REV06917,P0147,C01644,5,2026-01-04,Excellent product
REV06918,P0076,C03766,4,2025-09-23,Works as expected
REV06919,P0074,C02948,5,2025-09-10,Excellent product
REV06920,P0010,C03084,1,2026-01-07,Very disappointing
REV06921,P0178,C01892,2,2025-11-13,Could be better
REV06922,P0071,C02711,5,2025-11-13,Great quality and value
REV06923,P0113,C00924,5,2026-01-25,Really impressed
REV06924,P0022,C01754,4,2025-03-14,Works as expected
REV06925,P0186,C02635,4,2025-03-04,Works as expected
REV06926,P0068,C00448,5,2025-08-01,Excellent product
REV06927,P0115,C03470,4,2025-07-01,
REV06928,P0012,C03052,4,2025-08-12,Works as expected
REV06929,P0133,C00858,4,2025-08-28,Happy with the purchase
REV06930,P0107,C03210,2,2026-01-12,Not fully satisfied
REV06931,P0170,C04884,5,2025-05-04,Great quality and value
REV06932,P0109,C01239,1,2025-03-08,Very disappointing
REV06933,P0152,C02575,5,2026-01-05,Excellent product
REV06934,P0006,C00686,2,2025-10-19,Could be better
REV06935,P0105,C02241,4,2025-01-17,Good product
REV06936,P0032,C02373,3,2025-07-05,Average experience
REV06937,P0182,C02148,4,2025-07-14,Happy with the purchase
REV06938,P0079,C00978,1,2025-07-25,Not worth the price
REV06939,P0026,C01371,5,2025-06-14,Really impressed
REV06940,P0147,C02533,1,2025-11-11,Not worth the price
REV06941,P0092,C02851,5,2025-04-24,Really impressed
REV06942,P0089,C00220,5,2025-07-08,Really impressed
REV06943,P0072,C01183,5,2026-01-11,Great quality and value
REV06944,P0163,C02659,5,2025-11-20,Excellent product
REV06945,P0114,C02707,4,2025-10-26,Happy with the purchase
REV06946,P0183,C00501,4,2025-08-31,Happy with the purchase
REV06947,P0136,C01623,4,2025-09-27,Good product
REV06948,P0008,C04406,5,2025-06-20,Really impressed
REV06949,P0091,C02025,5,2025-08-04,Great quality and value
REV06950,P0019,C00253,1,2025-08-16,Very disappointing
REV06951,P0069,C02314,5,2025-04-28,Really impressed
REV06952,P0167,C00116,5,2025-07-02,Excellent product
REV06953,P0134,C03797,4,2025-04-08,Works as expected
REV06954,P0097,C01367,5,2025-08-22,Really impressed
REV06955,P0027,C02312,1,2025-03-19,Poor quality
REV06956,P0081,C01107,4,2026-01-25,Works as expected
REV06957,P0003,C00780,5,2025-07-10,Great quality and value
REV06958,P0020,C04369,4,2025-06-16,Works as expected
REV06959,P0180,C02636,4,2025-07-04,Good product
REV06960,P0069,C00825,4,2025-05-03,Good product
REV06961,P0196,C04454,5,2025-03-01,Really impressed
REV06962,P0165,C04692,5,2025-05-30,Really impressed
REV06963,P0024,C04976,4,2026-01-13,Works as expected
REV06964,P0185,C04730,5,2025-10-08,Excellent product
REV06965,P0017,C01745,4,2025-12-20,Good product
REV06966,P0034,C03035,5,2025-09-29,Great quality and value
REV06967,P0031,C01471,1,2025-08-30,Poor quality
REV06968,P0042,C01110,3,2025-04-23,Average experience
REV06969,P0193,C03852,4,2025-10-13,Happy with the purchase
REV06970,P0044,C02282,5,2025-09-12,Great quality and value
REV06971,P0045,C01847,3,2025-08-01,Okay product
REV06972,P0102,C04539,5,2025-03-12,Great quality and value
REV06973,P0030,C04648,3,2025-04-10,Okay product
REV06974,P0015,C02320,3,2025-02-13,Average experience
REV06975,P0067,C01088,4,2025-11-15,Good product
REV06976,P0060,C00547,5,2025-11-18,Excellent product
REV06977,P0025,C01643,1,2025-09-24,Not worth the price
REV06978,P0093,C01945,5,2026-01-03,Great quality and value
REV06979,P0077,C01137,3,2025-03-17,Average experience
REV06980,P0129,C04841,3,2026-01-18,Average experience
REV06981,P0139,C03658,4,2025-07-24,Happy with the purchase
REV06982,P0092,C00593,5,2025-08-19,Excellent product
REV06983,P0154,C03704,2,2025-02-18,Average quality
REV06984,P0078,C04008,3,2025-05-13,Average experience
REV06985,P0120,C00694,4,2025-05-08,Happy with the purchase
REV06986,P0050,C01345,3,2025-07-17,Average experience
REV06987,P0095,C00409,5,2025-03-08,Great quality and value
REV06988,P0091,C03887,4,2025-04-11,Good product
REV06989,P0072,C04210,5,2025-09-28,
REV06990,P0027,C04785,5,2025-09-04,Great quality and value
REV06991,P0073,C03842,4,2025-07-31,Works as expected
REV06992,P0053,C01296,5,2025-11-13,Excellent product
REV06993,P0008,C04741,1,2025-05-02,Very disappointing
REV06994,P0113,C02732,3,2025-10-01,Okay product
REV06995,P0003,C02635,3,2025-07-01,Okay product
REV06996,P0072,C02755,4,2025-02-09,Works as expected
REV06997,P0072,C04308,5,2025-09-25,Excellent product
REV06998,P0002,C04360,4,2025-06-20,Works as expected
REV06999,P0074,C01827,5,2025-03-21,Great quality and value
REV07000,P0199,C02424,3,2025-07-30,Average experience
